image,split,tree,pred_B1,gt_B1,pred_B2,gt_B2,pred_B3,gt_B3,pred_B4,gt_B4
LONSUM_A21A_0099_1.jpg,test,LONSUM_A21A_0099,0,0,1,0,1,2,0,1
LONSUM_A21A_0099_2.jpg,test,LONSUM_A21A_0099,0,0,0,0,1,4,0,0
LONSUM_A21A_0099_3.jpg,test,LONSUM_A21A_0099,0,0,0,0,1,4,0,0
LONSUM_A21A_0099_4.jpg,test,LONSUM_A21A_0099,0,0,0,0,2,4,0,0
LONSUM_A21A_0098_1.jpg,train,LONSUM_A21A_0098,0,0,0,1,1,0,0,0
LONSUM_A21A_0098_2.jpg,train,LONSUM_A21A_0098,0,0,0,2,1,1,0,0
LONSUM_A21A_0098_3.jpg,train,LONSUM_A21A_0098,0,0,0,1,1,1,0,1
LONSUM_A21A_0098_4.jpg,train,LONSUM_A21A_0098,0,0,0,0,0,1,0,1
LONSUM_A21A_0097_1.jpg,val,LONSUM_A21A_0097,0,0,0,0,0,1,0,0
LONSUM_A21A_0097_2.jpg,val,LONSUM_A21A_0097,0,0,0,0,1,1,0,0
LONSUM_A21A_0097_3.jpg,val,LONSUM_A21A_0097,0,0,0,0,0,0,0,2
LONSUM_A21A_0097_4.jpg,val,LONSUM_A21A_0097,0,0,0,0,1,0,0,1
LONSUM_A21A_0096_1.jpg,train,LONSUM_A21A_0096,0,0,0,0,0,0,0,0
LONSUM_A21A_0096_2.jpg,train,LONSUM_A21A_0096,0,0,0,0,1,3,0,0
LONSUM_A21A_0096_3.jpg,train,LONSUM_A21A_0096,0,0,0,0,2,2,0,0
LONSUM_A21A_0096_4.jpg,train,LONSUM_A21A_0096,0,0,0,0,2,3,0,0
LONSUM_A21A_0095_1.jpg,train,LONSUM_A21A_0095,0,0,0,0,0,3,0,0
LONSUM_A21A_0095_2.jpg,train,LONSUM_A21A_0095,0,0,0,0,1,3,0,1
LONSUM_A21A_0095_3.jpg,train,LONSUM_A21A_0095,0,0,0,0,2,2,0,0
LONSUM_A21A_0095_4.jpg,train,LONSUM_A21A_0095,0,0,0,0,0,2,0,1
LONSUM_A21A_0094_1.jpg,test,LONSUM_A21A_0094,0,0,0,0,1,1,0,1
LONSUM_A21A_0094_2.jpg,test,LONSUM_A21A_0094,0,0,0,1,0,2,0,0
LONSUM_A21A_0094_3.jpg,test,LONSUM_A21A_0094,0,1,0,0,0,3,0,0
LONSUM_A21A_0094_4.jpg,test,LONSUM_A21A_0094,0,1,0,0,0,2,0,0
LONSUM_A21A_0093_1.jpg,val,LONSUM_A21A_0093,0,0,0,0,0,1,0,0
LONSUM_A21A_0093_2.jpg,val,LONSUM_A21A_0093,0,0,0,0,4,2,0,0
LONSUM_A21A_0093_3.jpg,val,LONSUM_A21A_0093,0,0,0,0,3,3,0,0
LONSUM_A21A_0093_4.jpg,val,LONSUM_A21A_0093,0,0,0,0,0,1,0,0
LONSUM_A21A_0092_1.jpg,train,LONSUM_A21A_0092,0,0,0,0,2,3,0,0
LONSUM_A21A_0092_2.jpg,train,LONSUM_A21A_0092,0,0,0,0,0,2,0,0
LONSUM_A21A_0092_3.jpg,train,LONSUM_A21A_0092,0,0,0,0,1,4,0,0
LONSUM_A21A_0092_4.jpg,train,LONSUM_A21A_0092,0,0,0,0,1,3,0,0
LONSUM_A21A_0091_1.jpg,val,LONSUM_A21A_0091,0,0,0,0,1,4,0,1
LONSUM_A21A_0091_2.jpg,val,LONSUM_A21A_0091,0,0,0,0,0,4,0,0
LONSUM_A21A_0091_3.jpg,val,LONSUM_A21A_0091,0,0,0,0,0,4,0,0
LONSUM_A21A_0091_4.jpg,val,LONSUM_A21A_0091,0,0,0,0,2,3,0,0
LONSUM_A21A_0090_1.jpg,train,LONSUM_A21A_0090,0,0,0,0,1,2,0,0
LONSUM_A21A_0090_2.jpg,train,LONSUM_A21A_0090,0,0,0,0,0,2,0,1
LONSUM_A21A_0090_3.jpg,train,LONSUM_A21A_0090,0,0,0,0,3,2,0,2
LONSUM_A21A_0090_4.jpg,train,LONSUM_A21A_0090,0,0,0,0,0,1,0,0
LONSUM_A21A_0089_1.jpg,test,LONSUM_A21A_0089,0,0,0,0,0,0,0,0
LONSUM_A21A_0089_2.jpg,test,LONSUM_A21A_0089,0,0,0,0,0,0,0,0
LONSUM_A21A_0089_3.jpg,test,LONSUM_A21A_0089,0,0,0,0,1,0,0,0
LONSUM_A21A_0089_4.jpg,test,LONSUM_A21A_0089,0,0,0,0,0,0,0,0
LONSUM_A21A_0088_1.jpg,train,LONSUM_A21A_0088,0,0,0,2,1,2,0,0
LONSUM_A21A_0088_2.jpg,train,LONSUM_A21A_0088,0,0,0,1,0,3,0,0
LONSUM_A21A_0088_3.jpg,train,LONSUM_A21A_0088,0,0,0,2,0,4,0,0
LONSUM_A21A_0088_4.jpg,train,LONSUM_A21A_0088,0,0,1,2,1,2,0,0
LONSUM_A21A_0087_1.jpg,test,LONSUM_A21A_0087,0,0,0,0,1,1,0,0
LONSUM_A21A_0087_2.jpg,test,LONSUM_A21A_0087,0,0,0,0,1,2,0,0
LONSUM_A21A_0087_3.jpg,test,LONSUM_A21A_0087,0,0,0,0,1,3,1,0
LONSUM_A21A_0087_4.jpg,test,LONSUM_A21A_0087,0,0,0,0,1,2,0,0
LONSUM_A21A_0086_1.jpg,test,LONSUM_A21A_0086,0,0,0,0,1,3,0,0
LONSUM_A21A_0086_2.jpg,test,LONSUM_A21A_0086,0,0,0,0,1,1,0,0
LONSUM_A21A_0086_3.jpg,test,LONSUM_A21A_0086,0,0,0,0,1,2,0,2
LONSUM_A21A_0086_4.jpg,test,LONSUM_A21A_0086,0,0,0,1,1,1,0,0
LONSUM_A21A_0085_1.jpg,train,LONSUM_A21A_0085,0,0,0,0,0,0,0,0
LONSUM_A21A_0085_2.jpg,train,LONSUM_A21A_0085,0,0,0,0,0,1,0,0
LONSUM_A21A_0085_3.jpg,train,LONSUM_A21A_0085,0,0,0,0,1,0,0,1
LONSUM_A21A_0085_4.jpg,train,LONSUM_A21A_0085,0,0,0,0,0,0,0,0
LONSUM_A21A_0084_1.jpg,test,LONSUM_A21A_0084,0,0,0,0,0,0,0,0
LONSUM_A21A_0084_2.jpg,test,LONSUM_A21A_0084,0,0,0,0,0,1,0,0
LONSUM_A21A_0084_3.jpg,test,LONSUM_A21A_0084,0,0,0,0,0,1,0,0
LONSUM_A21A_0084_4.jpg,test,LONSUM_A21A_0084,0,0,0,0,0,2,0,0
LONSUM_A21A_0083_1.jpg,train,LONSUM_A21A_0083,0,0,0,0,1,3,0,0
LONSUM_A21A_0083_2.jpg,train,LONSUM_A21A_0083,0,0,0,0,1,4,0,0
LONSUM_A21A_0083_3.jpg,train,LONSUM_A21A_0083,0,0,0,0,3,5,0,0
LONSUM_A21A_0083_4.jpg,train,LONSUM_A21A_0083,0,0,0,0,3,4,0,0
LONSUM_A21A_0082_1.jpg,train,LONSUM_A21A_0082,0,0,0,0,0,1,0,0
LONSUM_A21A_0082_2.jpg,train,LONSUM_A21A_0082,0,0,0,0,1,1,0,0
LONSUM_A21A_0082_3.jpg,train,LONSUM_A21A_0082,0,0,0,0,2,2,0,0
LONSUM_A21A_0082_4.jpg,train,LONSUM_A21A_0082,0,0,0,0,2,1,0,1
LONSUM_A21A_0081_1.jpg,train,LONSUM_A21A_0081,0,0,0,0,1,2,0,0
LONSUM_A21A_0081_2.jpg,train,LONSUM_A21A_0081,0,0,0,0,1,1,0,1
LONSUM_A21A_0081_3.jpg,train,LONSUM_A21A_0081,0,0,0,0,2,1,0,0
LONSUM_A21A_0081_4.jpg,train,LONSUM_A21A_0081,0,0,0,0,2,1,0,1
LONSUM_A21A_0080_1.jpg,train,LONSUM_A21A_0080,0,0,0,0,4,2,0,0
LONSUM_A21A_0080_2.jpg,train,LONSUM_A21A_0080,0,0,0,0,1,1,0,0
LONSUM_A21A_0080_3.jpg,train,LONSUM_A21A_0080,0,0,0,0,0,0,0,0
LONSUM_A21A_0080_4.jpg,train,LONSUM_A21A_0080,0,0,0,0,2,2,0,0
LONSUM_A21A_0079_1.jpg,train,LONSUM_A21A_0079,0,0,0,0,3,3,0,0
LONSUM_A21A_0079_2.jpg,train,LONSUM_A21A_0079,0,0,0,0,0,2,0,0
LONSUM_A21A_0079_3.jpg,train,LONSUM_A21A_0079,0,0,0,0,1,2,0,0
LONSUM_A21A_0079_4.jpg,train,LONSUM_A21A_0079,0,0,0,0,0,1,0,0
LONSUM_A21A_0078_1.jpg,val,LONSUM_A21A_0078,0,0,0,1,3,1,0,2
LONSUM_A21A_0078_2.jpg,val,LONSUM_A21A_0078,0,0,1,1,3,2,0,1
LONSUM_A21A_0078_3.jpg,val,LONSUM_A21A_0078,0,0,0,1,1,3,0,0
LONSUM_A21A_0078_4.jpg,val,LONSUM_A21A_0078,0,0,1,2,3,1,1,1
LONSUM_A21A_0077_1.jpg,train,LONSUM_A21A_0077,0,0,0,0,3,1,0,1
LONSUM_A21A_0077_2.jpg,train,LONSUM_A21A_0077,0,0,0,0,3,1,0,1
LONSUM_A21A_0077_3.jpg,train,LONSUM_A21A_0077,0,0,0,0,3,1,0,1
LONSUM_A21A_0077_4.jpg,train,LONSUM_A21A_0077,0,0,0,0,1,0,0,1
LONSUM_A21A_0076_1.jpg,val,LONSUM_A21A_0076,0,0,0,0,2,2,0,0
LONSUM_A21A_0076_2.jpg,val,LONSUM_A21A_0076,0,0,0,0,3,2,0,0
LONSUM_A21A_0076_3.jpg,val,LONSUM_A21A_0076,0,0,0,0,2,3,1,0
LONSUM_A21A_0076_4.jpg,val,LONSUM_A21A_0076,0,0,2,1,1,3,0,0
LONSUM_A21A_0075_1.jpg,train,LONSUM_A21A_0075,0,0,0,0,3,2,0,0
LONSUM_A21A_0075_2.jpg,train,LONSUM_A21A_0075,0,0,0,0,0,2,0,1
LONSUM_A21A_0075_3.jpg,train,LONSUM_A21A_0075,0,0,0,0,1,3,0,0
LONSUM_A21A_0075_4.jpg,train,LONSUM_A21A_0075,0,0,0,0,1,3,0,0
LONSUM_A21A_0074_1.jpg,train,LONSUM_A21A_0074,0,0,0,0,0,2,0,1
LONSUM_A21A_0074_2.jpg,train,LONSUM_A21A_0074,0,0,0,0,1,2,0,1
LONSUM_A21A_0074_3.jpg,train,LONSUM_A21A_0074,0,0,0,0,1,2,0,0
LONSUM_A21A_0074_4.jpg,train,LONSUM_A21A_0074,0,0,0,0,0,1,0,0
LONSUM_A21A_0073_1.jpg,train,LONSUM_A21A_0073,0,0,0,0,0,0,0,0
LONSUM_A21A_0073_2.jpg,train,LONSUM_A21A_0073,0,0,0,0,0,0,0,0
LONSUM_A21A_0073_3.jpg,train,LONSUM_A21A_0073,0,0,0,0,1,1,0,1
LONSUM_A21A_0073_4.jpg,train,LONSUM_A21A_0073,0,0,0,0,0,0,0,0
LONSUM_A21A_0072_1.jpg,train,LONSUM_A21A_0072,0,0,0,0,0,0,0,0
LONSUM_A21A_0072_2.jpg,train,LONSUM_A21A_0072,0,0,0,0,1,0,0,0
LONSUM_A21A_0072_3.jpg,train,LONSUM_A21A_0072,0,0,0,0,0,0,0,0
LONSUM_A21A_0072_4.jpg,train,LONSUM_A21A_0072,0,0,0,0,1,1,0,0
LONSUM_A21A_0071_1.jpg,train,LONSUM_A21A_0071,0,0,1,0,2,2,0,0
LONSUM_A21A_0071_2.jpg,train,LONSUM_A21A_0071,0,0,0,0,0,1,0,0
LONSUM_A21A_0071_3.jpg,train,LONSUM_A21A_0071,0,0,0,1,0,2,0,0
LONSUM_A21A_0071_4.jpg,train,LONSUM_A21A_0071,0,0,0,0,2,2,0,0
LONSUM_A21A_0070_1.jpg,train,LONSUM_A21A_0070,0,0,0,1,0,1,0,0
LONSUM_A21A_0070_2.jpg,train,LONSUM_A21A_0070,0,0,0,3,2,1,0,0
LONSUM_A21A_0070_3.jpg,train,LONSUM_A21A_0070,0,0,0,1,2,1,1,1
LONSUM_A21A_0070_4.jpg,train,LONSUM_A21A_0070,0,0,0,0,2,2,0,1
LONSUM_A21A_0069_1.jpg,train,LONSUM_A21A_0069,0,0,0,0,1,0,0,0
LONSUM_A21A_0069_2.jpg,train,LONSUM_A21A_0069,0,0,0,0,1,1,0,1
LONSUM_A21A_0069_3.jpg,train,LONSUM_A21A_0069,0,0,0,0,1,0,0,1
LONSUM_A21A_0069_4.jpg,train,LONSUM_A21A_0069,0,0,0,0,1,0,0,2
LONSUM_A21A_0068_1.jpg,train,LONSUM_A21A_0068,0,0,1,2,3,2,0,0
LONSUM_A21A_0068_2.jpg,train,LONSUM_A21A_0068,0,0,0,1,1,3,0,0
LONSUM_A21A_0068_3.jpg,train,LONSUM_A21A_0068,0,0,1,0,0,5,0,0
LONSUM_A21A_0068_4.jpg,train,LONSUM_A21A_0068,0,0,0,1,1,3,0,0
LONSUM_A21A_0067_1.jpg,test,LONSUM_A21A_0067,0,0,0,0,1,3,0,0
LONSUM_A21A_0067_2.jpg,test,LONSUM_A21A_0067,0,0,0,0,1,3,0,1
LONSUM_A21A_0067_3.jpg,test,LONSUM_A21A_0067,0,0,1,2,3,2,0,1
LONSUM_A21A_0067_4.jpg,test,LONSUM_A21A_0067,0,0,0,3,1,3,0,0
LONSUM_A21A_0066_1.jpg,train,LONSUM_A21A_0066,0,0,0,1,1,2,0,1
LONSUM_A21A_0066_2.jpg,train,LONSUM_A21A_0066,0,0,0,0,2,2,0,1
LONSUM_A21A_0066_3.jpg,train,LONSUM_A21A_0066,0,0,1,1,1,1,0,1
LONSUM_A21A_0066_4.jpg,train,LONSUM_A21A_0066,0,0,0,0,1,2,0,1
LONSUM_A21A_0065_1.jpg,train,LONSUM_A21A_0065,0,0,1,0,3,3,0,0
LONSUM_A21A_0065_2.jpg,train,LONSUM_A21A_0065,0,0,0,0,4,3,0,1
LONSUM_A21A_0065_3.jpg,train,LONSUM_A21A_0065,0,0,0,0,2,2,0,0
LONSUM_A21A_0065_4.jpg,train,LONSUM_A21A_0065,0,0,0,0,2,2,0,2
LONSUM_A21A_0064_1.jpg,train,LONSUM_A21A_0064,0,0,0,0,2,2,0,0
LONSUM_A21A_0064_2.jpg,train,LONSUM_A21A_0064,0,0,0,0,2,2,0,0
LONSUM_A21A_0064_3.jpg,train,LONSUM_A21A_0064,0,1,0,0,1,1,0,0
LONSUM_A21A_0064_4.jpg,train,LONSUM_A21A_0064,1,1,0,0,0,0,0,0
LONSUM_A21A_0063_1.jpg,train,LONSUM_A21A_0063,0,0,0,0,5,5,0,1
LONSUM_A21A_0063_2.jpg,train,LONSUM_A21A_0063,0,0,0,1,2,3,0,1
LONSUM_A21A_0063_3.jpg,train,LONSUM_A21A_0063,0,0,0,1,1,1,1,3
LONSUM_A21A_0063_4.jpg,train,LONSUM_A21A_0063,0,0,0,0,3,4,0,0
LONSUM_A21A_0062_1.jpg,val,LONSUM_A21A_0062,0,0,2,2,6,2,0,0
LONSUM_A21A_0062_2.jpg,val,LONSUM_A21A_0062,0,0,0,2,1,1,0,1
LONSUM_A21A_0062_3.jpg,val,LONSUM_A21A_0062,0,0,0,1,2,1,0,1
LONSUM_A21A_0062_4.jpg,val,LONSUM_A21A_0062,0,0,0,1,2,2,0,0
LONSUM_A21A_0061_1.jpg,val,LONSUM_A21A_0061,0,0,0,0,3,3,0,0
LONSUM_A21A_0061_2.jpg,val,LONSUM_A21A_0061,0,1,1,0,1,2,0,0
LONSUM_A21A_0061_3.jpg,val,LONSUM_A21A_0061,1,1,0,0,1,1,0,0
LONSUM_A21A_0061_4.jpg,val,LONSUM_A21A_0061,1,1,0,0,2,2,0,0
LONSUM_A21A_0060_1.jpg,train,LONSUM_A21A_0060,0,0,0,1,3,2,0,0
LONSUM_A21A_0060_2.jpg,train,LONSUM_A21A_0060,0,0,0,1,3,2,0,0
LONSUM_A21A_0060_3.jpg,train,LONSUM_A21A_0060,0,0,2,1,2,2,0,0
LONSUM_A21A_0060_4.jpg,train,LONSUM_A21A_0060,0,0,0,0,3,3,0,0
LONSUM_A21A_0059_1.jpg,train,LONSUM_A21A_0059,0,0,0,0,4,5,0,1
LONSUM_A21A_0059_2.jpg,train,LONSUM_A21A_0059,0,0,0,0,3,3,0,2
LONSUM_A21A_0059_3.jpg,train,LONSUM_A21A_0059,0,0,0,0,2,3,0,1
LONSUM_A21A_0059_4.jpg,train,LONSUM_A21A_0059,0,0,0,0,3,3,0,0
LONSUM_A21A_0058_1.jpg,train,LONSUM_A21A_0058,0,0,2,3,4,1,0,1
LONSUM_A21A_0058_2.jpg,train,LONSUM_A21A_0058,0,0,0,1,3,2,0,1
LONSUM_A21A_0058_3.jpg,train,LONSUM_A21A_0058,0,0,0,1,1,1,0,2
LONSUM_A21A_0058_4.jpg,train,LONSUM_A21A_0058,0,0,0,1,2,3,0,1
LONSUM_A21A_0057_1.jpg,train,LONSUM_A21A_0057,0,0,0,0,1,1,0,0
LONSUM_A21A_0057_2.jpg,train,LONSUM_A21A_0057,0,0,0,0,2,1,0,1
LONSUM_A21A_0057_3.jpg,train,LONSUM_A21A_0057,0,0,0,0,1,0,0,0
LONSUM_A21A_0057_4.jpg,train,LONSUM_A21A_0057,0,0,0,0,0,0,0,0
LONSUM_A21A_0056_1.jpg,train,LONSUM_A21A_0056,0,0,0,0,2,4,0,0
LONSUM_A21A_0056_2.jpg,train,LONSUM_A21A_0056,0,0,0,0,3,3,0,0
LONSUM_A21A_0056_3.jpg,train,LONSUM_A21A_0056,0,0,0,0,3,3,0,0
LONSUM_A21A_0056_4.jpg,train,LONSUM_A21A_0056,0,0,0,0,2,3,0,0
LONSUM_A21A_0055_1.jpg,test,LONSUM_A21A_0055,0,0,0,0,0,3,0,0
LONSUM_A21A_0055_2.jpg,test,LONSUM_A21A_0055,0,0,0,0,1,3,0,1
LONSUM_A21A_0055_3.jpg,test,LONSUM_A21A_0055,0,0,0,0,0,2,0,0
LONSUM_A21A_0055_4.jpg,test,LONSUM_A21A_0055,0,0,0,0,0,2,0,0
LONSUM_A21A_0054_1.jpg,val,LONSUM_A21A_0054,0,0,0,0,2,3,0,0
LONSUM_A21A_0054_2.jpg,val,LONSUM_A21A_0054,0,0,0,2,2,3,0,1
LONSUM_A21A_0054_3.jpg,val,LONSUM_A21A_0054,0,0,1,3,1,0,0,0
LONSUM_A21A_0054_4.jpg,val,LONSUM_A21A_0054,0,0,1,2,0,1,0,0
LONSUM_A21A_0053_1.jpg,test,LONSUM_A21A_0053,0,1,0,0,1,1,0,1
LONSUM_A21A_0053_2.jpg,test,LONSUM_A21A_0053,0,0,0,0,2,2,0,1
LONSUM_A21A_0053_3.jpg,test,LONSUM_A21A_0053,0,0,0,0,2,2,0,0
LONSUM_A21A_0053_4.jpg,test,LONSUM_A21A_0053,0,1,1,1,0,2,0,0
LONSUM_A21A_0052_1.jpg,train,LONSUM_A21A_0052,0,0,0,0,1,3,0,0
LONSUM_A21A_0052_2.jpg,train,LONSUM_A21A_0052,0,0,0,0,2,2,0,0
LONSUM_A21A_0052_3.jpg,train,LONSUM_A21A_0052,0,0,0,0,1,2,0,0
LONSUM_A21A_0052_4.jpg,train,LONSUM_A21A_0052,0,0,0,0,0,1,0,0
LONSUM_A21A_0051_1.jpg,test,LONSUM_A21A_0051,0,0,0,0,0,4,0,0
LONSUM_A21A_0051_2.jpg,test,LONSUM_A21A_0051,0,0,0,0,1,4,0,0
LONSUM_A21A_0051_3.jpg,test,LONSUM_A21A_0051,0,0,0,0,0,3,0,0
LONSUM_A21A_0051_4.jpg,test,LONSUM_A21A_0051,0,0,0,0,1,3,0,0
LONSUM_A21A_0050_1.jpg,train,LONSUM_A21A_0050,0,0,0,2,1,1,0,2
LONSUM_A21A_0050_2.jpg,train,LONSUM_A21A_0050,0,0,0,1,1,1,0,1
LONSUM_A21A_0050_3.jpg,train,LONSUM_A21A_0050,0,0,0,2,2,2,0,1
LONSUM_A21A_0050_4.jpg,train,LONSUM_A21A_0050,0,0,0,3,1,3,0,0
LONSUM_A21A_0049_1.jpg,test,LONSUM_A21A_0049,0,0,0,0,1,1,0,0
LONSUM_A21A_0049_2.jpg,test,LONSUM_A21A_0049,0,0,0,0,0,1,0,1
LONSUM_A21A_0049_3.jpg,test,LONSUM_A21A_0049,0,0,0,0,3,1,0,1
LONSUM_A21A_0049_4.jpg,test,LONSUM_A21A_0049,0,0,0,0,2,1,0,1
LONSUM_A21A_0048_1.jpg,train,LONSUM_A21A_0048,0,0,0,1,1,2,0,0
LONSUM_A21A_0048_2.jpg,train,LONSUM_A21A_0048,0,0,0,1,2,4,0,0
LONSUM_A21A_0048_3.jpg,train,LONSUM_A21A_0048,0,0,0,2,2,2,0,0
LONSUM_A21A_0048_4.jpg,train,LONSUM_A21A_0048,0,0,0,2,2,1,0,0
LONSUM_A21A_0047_1.jpg,train,LONSUM_A21A_0047,0,0,0,0,1,2,0,2
LONSUM_A21A_0047_2.jpg,train,LONSUM_A21A_0047,0,0,0,0,2,3,0,0
LONSUM_A21A_0047_3.jpg,train,LONSUM_A21A_0047,0,0,0,0,0,2,0,0
LONSUM_A21A_0047_4.jpg,train,LONSUM_A21A_0047,0,0,0,0,0,3,0,2
LONSUM_A21A_0046_1.jpg,val,LONSUM_A21A_0046,0,0,0,0,1,0,0,0
LONSUM_A21A_0046_2.jpg,val,LONSUM_A21A_0046,0,0,0,0,2,1,0,1
LONSUM_A21A_0046_3.jpg,val,LONSUM_A21A_0046,0,0,0,0,0,1,0,0
LONSUM_A21A_0046_4.jpg,val,LONSUM_A21A_0046,0,0,0,0,0,1,0,0
LONSUM_A21A_0045_1.jpg,train,LONSUM_A21A_0045,0,0,1,1,2,2,0,0
LONSUM_A21A_0045_2.jpg,train,LONSUM_A21A_0045,0,1,0,0,2,3,0,0
LONSUM_A21A_0045_3.jpg,train,LONSUM_A21A_0045,1,1,0,1,1,1,0,0
LONSUM_A21A_0045_4.jpg,train,LONSUM_A21A_0045,1,1,0,1,0,0,0,0
LONSUM_A21A_0044_1.jpg,train,LONSUM_A21A_0044,0,0,0,0,1,4,1,0
LONSUM_A21A_0044_2.jpg,train,LONSUM_A21A_0044,0,0,0,0,3,5,0,0
LONSUM_A21A_0044_3.jpg,train,LONSUM_A21A_0044,0,0,0,1,1,3,0,0
LONSUM_A21A_0044_4.jpg,train,LONSUM_A21A_0044,0,0,0,1,2,2,0,0
LONSUM_A21A_0043_1.jpg,train,LONSUM_A21A_0043,0,0,0,0,2,1,0,0
LONSUM_A21A_0043_2.jpg,train,LONSUM_A21A_0043,0,0,0,0,3,2,0,1
LONSUM_A21A_0043_3.jpg,train,LONSUM_A21A_0043,0,0,0,0,2,2,0,1
LONSUM_A21A_0043_4.jpg,train,LONSUM_A21A_0043,0,0,0,0,2,2,0,0
LONSUM_A21A_0042_1.jpg,train,LONSUM_A21A_0042,0,0,0,0,0,0,0,0
LONSUM_A21A_0042_2.jpg,train,LONSUM_A21A_0042,0,0,0,0,0,1,0,0
LONSUM_A21A_0042_3.jpg,train,LONSUM_A21A_0042,0,0,0,0,0,1,0,1
LONSUM_A21A_0042_4.jpg,train,LONSUM_A21A_0042,0,0,0,0,2,1,0,1
LONSUM_A21A_0041_1.jpg,train,LONSUM_A21A_0041,0,0,0,0,1,2,0,0
LONSUM_A21A_0041_2.jpg,train,LONSUM_A21A_0041,0,0,0,0,0,2,0,0
LONSUM_A21A_0041_3.jpg,train,LONSUM_A21A_0041,0,0,0,0,0,1,0,0
LONSUM_A21A_0041_4.jpg,train,LONSUM_A21A_0041,0,0,0,0,0,1,0,0
LONSUM_A21A_0040_1.jpg,train,LONSUM_A21A_0040,0,0,0,0,4,3,0,0
LONSUM_A21A_0040_2.jpg,train,LONSUM_A21A_0040,0,0,0,0,2,2,0,0
LONSUM_A21A_0040_3.jpg,train,LONSUM_A21A_0040,0,0,0,0,2,2,0,0
LONSUM_A21A_0040_4.jpg,train,LONSUM_A21A_0040,0,0,0,0,1,3,0,0
LONSUM_A21A_0039_1.jpg,train,LONSUM_A21A_0039,0,0,1,0,3,3,0,0
LONSUM_A21A_0039_2.jpg,train,LONSUM_A21A_0039,0,0,1,0,3,2,0,0
LONSUM_A21A_0039_3.jpg,train,LONSUM_A21A_0039,0,0,2,0,3,4,1,0
LONSUM_A21A_0039_4.jpg,train,LONSUM_A21A_0039,0,0,0,0,5,3,0,0
LONSUM_A21A_0038_1.jpg,val,LONSUM_A21A_0038,0,0,0,0,3,1,0,2
LONSUM_A21A_0038_2.jpg,val,LONSUM_A21A_0038,0,0,0,1,3,1,1,3
LONSUM_A21A_0038_3.jpg,val,LONSUM_A21A_0038,0,0,1,2,2,0,0,2
LONSUM_A21A_0038_4.jpg,val,LONSUM_A21A_0038,0,0,0,1,3,1,0,2
LONSUM_A21A_0037_1.jpg,train,LONSUM_A21A_0037,0,0,0,0,0,0,0,1
LONSUM_A21A_0037_2.jpg,train,LONSUM_A21A_0037,0,0,0,0,1,0,0,2
LONSUM_A21A_0037_3.jpg,train,LONSUM_A21A_0037,0,0,0,0,0,0,0,1
LONSUM_A21A_0037_4.jpg,train,LONSUM_A21A_0037,0,0,0,0,1,0,0,1
LONSUM_A21A_0036_1.jpg,train,LONSUM_A21A_0036,0,0,0,1,2,2,0,0
LONSUM_A21A_0036_2.jpg,train,LONSUM_A21A_0036,0,0,0,1,2,2,0,0
LONSUM_A21A_0036_3.jpg,train,LONSUM_A21A_0036,0,0,0,1,2,4,0,0
LONSUM_A21A_0036_4.jpg,train,LONSUM_A21A_0036,0,0,0,0,2,4,0,0
LONSUM_A21A_0035_1.jpg,train,LONSUM_A21A_0035,0,0,0,0,2,4,0,0
LONSUM_A21A_0035_2.jpg,train,LONSUM_A21A_0035,0,0,0,0,2,4,0,0
LONSUM_A21A_0035_3.jpg,train,LONSUM_A21A_0035,0,0,0,0,1,3,0,1
LONSUM_A21A_0035_4.jpg,train,LONSUM_A21A_0035,0,0,0,0,1,3,0,1
LONSUM_A21A_0034_1.jpg,train,LONSUM_A21A_0034,0,1,0,1,3,3,0,0
LONSUM_A21A_0034_2.jpg,train,LONSUM_A21A_0034,0,0,0,1,3,3,0,1
LONSUM_A21A_0034_3.jpg,train,LONSUM_A21A_0034,0,0,0,0,1,2,0,2
LONSUM_A21A_0034_4.jpg,train,LONSUM_A21A_0034,0,0,0,0,2,2,0,1
LONSUM_A21A_0033_1.jpg,train,LONSUM_A21A_0033,0,0,0,0,1,1,0,1
LONSUM_A21A_0033_2.jpg,train,LONSUM_A21A_0033,0,0,0,0,2,2,0,1
LONSUM_A21A_0033_3.jpg,train,LONSUM_A21A_0033,0,0,0,0,1,3,0,0
LONSUM_A21A_0033_4.jpg,train,LONSUM_A21A_0033,0,0,0,0,2,2,0,0
LONSUM_A21A_0032_1.jpg,train,LONSUM_A21A_0032,0,0,0,0,0,0,0,0
LONSUM_A21A_0032_2.jpg,train,LONSUM_A21A_0032,0,0,0,0,1,0,0,0
LONSUM_A21A_0032_3.jpg,train,LONSUM_A21A_0032,0,0,0,0,0,1,0,0
LONSUM_A21A_0032_4.jpg,train,LONSUM_A21A_0032,0,0,0,0,1,1,0,0
LONSUM_A21A_0031_1.jpg,train,LONSUM_A21A_0031,0,0,0,1,1,4,0,0
LONSUM_A21A_0031_2.jpg,train,LONSUM_A21A_0031,0,0,0,0,1,3,0,0
LONSUM_A21A_0031_3.jpg,train,LONSUM_A21A_0031,0,0,0,1,4,3,0,0
LONSUM_A21A_0031_4.jpg,train,LONSUM_A21A_0031,0,0,0,1,3,3,0,0
LONSUM_A21A_0030_1.jpg,train,LONSUM_A21A_0030,0,0,0,1,0,0,0,0
LONSUM_A21A_0030_2.jpg,train,LONSUM_A21A_0030,0,0,0,1,0,0,0,0
LONSUM_A21A_0030_3.jpg,train,LONSUM_A21A_0030,0,0,0,0,0,0,0,0
LONSUM_A21A_0030_4.jpg,train,LONSUM_A21A_0030,0,0,0,1,0,0,0,0
LONSUM_A21A_0029_1.jpg,train,LONSUM_A21A_0029,0,0,0,1,2,3,0,1
LONSUM_A21A_0029_2.jpg,train,LONSUM_A21A_0029,0,0,0,1,3,2,0,1
LONSUM_A21A_0029_3.jpg,train,LONSUM_A21A_0029,0,0,0,1,2,2,0,1
LONSUM_A21A_0029_4.jpg,train,LONSUM_A21A_0029,0,0,1,1,1,2,0,0
LONSUM_A21A_0028_1.jpg,test,LONSUM_A21A_0028,0,0,0,1,3,4,0,0
LONSUM_A21A_0028_2.jpg,test,LONSUM_A21A_0028,0,0,0,0,3,4,0,0
LONSUM_A21A_0028_3.jpg,test,LONSUM_A21A_0028,0,0,0,0,2,4,0,1
LONSUM_A21A_0028_4.jpg,test,LONSUM_A21A_0028,0,0,0,0,2,3,0,1
LONSUM_A21A_0027_1.jpg,train,LONSUM_A21A_0027,0,0,0,0,3,2,1,3
LONSUM_A21A_0027_2.jpg,train,LONSUM_A21A_0027,0,0,1,0,5,3,0,3
LONSUM_A21A_0027_3.jpg,train,LONSUM_A21A_0027,0,0,0,0,3,3,0,2
LONSUM_A21A_0027_4.jpg,train,LONSUM_A21A_0027,0,0,0,0,3,3,0,2
LONSUM_A21A_0026_1.jpg,test,LONSUM_A21A_0026,0,0,0,0,1,0,0,0
LONSUM_A21A_0026_2.jpg,test,LONSUM_A21A_0026,0,0,1,1,2,2,0,1
LONSUM_A21A_0026_3.jpg,test,LONSUM_A21A_0026,0,0,0,1,1,0,0,1
LONSUM_A21A_0026_4.jpg,test,LONSUM_A21A_0026,0,0,1,1,2,1,0,1
LONSUM_A21A_0025_1.jpg,train,LONSUM_A21A_0025,0,0,0,0,2,3,0,0
LONSUM_A21A_0025_2.jpg,train,LONSUM_A21A_0025,0,0,0,0,3,2,0,1
LONSUM_A21A_0025_3.jpg,train,LONSUM_A21A_0025,0,0,0,0,2,2,0,1
LONSUM_A21A_0025_4.jpg,train,LONSUM_A21A_0025,0,0,0,0,2,2,0,1
LONSUM_A21A_0024_1.jpg,train,LONSUM_A21A_0024,0,0,0,0,1,1,0,0
LONSUM_A21A_0024_2.jpg,train,LONSUM_A21A_0024,0,0,0,0,0,1,0,0
LONSUM_A21A_0024_3.jpg,train,LONSUM_A21A_0024,0,0,0,0,1,1,0,1
LONSUM_A21A_0024_4.jpg,train,LONSUM_A21A_0024,0,0,0,0,1,1,0,0
LONSUM_A21A_0023_1.jpg,train,LONSUM_A21A_0023,0,0,0,0,1,4,1,0
LONSUM_A21A_0023_2.jpg,train,LONSUM_A21A_0023,0,0,0,0,1,5,0,0
LONSUM_A21A_0023_3.jpg,train,LONSUM_A21A_0023,0,0,0,0,2,4,0,0
LONSUM_A21A_0023_4.jpg,train,LONSUM_A21A_0023,0,0,0,0,1,3,0,0
LONSUM_A21A_0022_1.jpg,train,LONSUM_A21A_0022,0,0,0,2,0,1,0,0
LONSUM_A21A_0022_2.jpg,train,LONSUM_A21A_0022,0,0,0,3,3,1,0,0
LONSUM_A21A_0022_3.jpg,train,LONSUM_A21A_0022,0,0,0,1,0,0,0,0
LONSUM_A21A_0022_4.jpg,train,LONSUM_A21A_0022,0,0,0,0,0,0,0,0
LONSUM_A21A_0021_1.jpg,val,LONSUM_A21A_0021,0,0,0,0,3,3,0,0
LONSUM_A21A_0021_2.jpg,val,LONSUM_A21A_0021,0,0,0,1,3,4,2,1
LONSUM_A21A_0021_3.jpg,val,LONSUM_A21A_0021,0,0,0,1,3,2,0,0
LONSUM_A21A_0021_4.jpg,val,LONSUM_A21A_0021,0,0,0,1,2,1,1,0
LONSUM_A21A_0020_1.jpg,train,LONSUM_A21A_0020,0,0,0,1,2,1,0,0
LONSUM_A21A_0020_2.jpg,train,LONSUM_A21A_0020,0,0,1,1,0,1,0,0
LONSUM_A21A_0020_3.jpg,train,LONSUM_A21A_0020,0,0,0,1,1,2,0,0
LONSUM_A21A_0020_4.jpg,train,LONSUM_A21A_0020,0,0,0,0,1,1,0,0
LONSUM_A21A_0019_1.jpg,train,LONSUM_A21A_0019,0,0,1,1,3,2,1,1
LONSUM_A21A_0019_2.jpg,train,LONSUM_A21A_0019,0,0,0,0,3,3,0,1
LONSUM_A21A_0019_3.jpg,train,LONSUM_A21A_0019,0,0,0,0,4,4,0,0
LONSUM_A21A_0019_4.jpg,train,LONSUM_A21A_0019,0,0,0,1,4,4,0,0
LONSUM_A21A_0018_1.jpg,val,LONSUM_A21A_0018,0,0,0,0,1,1,0,1
LONSUM_A21A_0018_2.jpg,val,LONSUM_A21A_0018,0,0,2,2,4,1,0,0
LONSUM_A21A_0018_3.jpg,val,LONSUM_A21A_0018,0,0,0,2,4,2,0,0
LONSUM_A21A_0018_4.jpg,val,LONSUM_A21A_0018,0,0,0,1,1,2,0,0
LONSUM_A21A_0017_1.jpg,train,LONSUM_A21A_0017,0,0,0,0,1,1,0,0
LONSUM_A21A_0017_2.jpg,train,LONSUM_A21A_0017,0,0,1,0,2,2,0,0
LONSUM_A21A_0017_3.jpg,train,LONSUM_A21A_0017,0,0,0,0,1,1,0,0
LONSUM_A21A_0017_4.jpg,train,LONSUM_A21A_0017,0,0,0,0,1,1,0,0
LONSUM_A21A_0016_1.jpg,val,LONSUM_A21A_0016,0,0,0,0,0,1,0,0
LONSUM_A21A_0016_2.jpg,val,LONSUM_A21A_0016,0,0,0,0,1,1,0,0
LONSUM_A21A_0016_3.jpg,val,LONSUM_A21A_0016,0,0,0,0,1,2,0,0
LONSUM_A21A_0016_4.jpg,val,LONSUM_A21A_0016,0,0,0,0,0,0,0,0
LONSUM_A21A_0015_1.jpg,train,LONSUM_A21A_0015,0,0,0,0,2,3,0,0
LONSUM_A21A_0015_2.jpg,train,LONSUM_A21A_0015,0,0,0,0,1,4,0,1
LONSUM_A21A_0015_3.jpg,train,LONSUM_A21A_0015,0,0,0,0,1,3,0,1
LONSUM_A21A_0015_4.jpg,train,LONSUM_A21A_0015,0,0,0,0,2,3,0,2
LONSUM_A21A_0014_1.jpg,train,LONSUM_A21A_0014,0,0,0,0,1,3,0,0
LONSUM_A21A_0014_2.jpg,train,LONSUM_A21A_0014,0,0,0,0,0,2,0,0
LONSUM_A21A_0014_3.jpg,train,LONSUM_A21A_0014,0,0,0,0,1,1,0,1
LONSUM_A21A_0014_4.jpg,train,LONSUM_A21A_0014,0,0,0,0,2,2,0,0
LONSUM_A21A_0013_1.jpg,train,LONSUM_A21A_0013,0,0,0,0,2,2,0,0
LONSUM_A21A_0013_2.jpg,train,LONSUM_A21A_0013,0,0,0,0,2,1,0,0
LONSUM_A21A_0013_3.jpg,train,LONSUM_A21A_0013,0,0,0,0,3,2,0,0
LONSUM_A21A_0013_4.jpg,train,LONSUM_A21A_0013,0,0,0,0,1,1,0,0
LONSUM_A21A_0012_1.jpg,train,LONSUM_A21A_0012,0,0,0,1,1,0,0,1
LONSUM_A21A_0012_2.jpg,train,LONSUM_A21A_0012,0,0,0,2,2,1,0,0
LONSUM_A21A_0012_3.jpg,train,LONSUM_A21A_0012,1,0,1,1,2,2,0,0
LONSUM_A21A_0012_4.jpg,train,LONSUM_A21A_0012,0,0,0,1,3,1,0,1
LONSUM_A21A_0011_1.jpg,train,LONSUM_A21A_0011,0,0,0,0,4,3,0,1
LONSUM_A21A_0011_2.jpg,train,LONSUM_A21A_0011,0,0,0,1,4,3,0,0
LONSUM_A21A_0011_3.jpg,train,LONSUM_A21A_0011,0,0,0,1,0,5,0,0
LONSUM_A21A_0011_4.jpg,train,LONSUM_A21A_0011,0,0,0,0,2,6,0,0
LONSUM_A21A_0010_1.jpg,train,LONSUM_A21A_0010,0,0,1,3,4,1,0,0
LONSUM_A21A_0010_2.jpg,train,LONSUM_A21A_0010,0,0,0,2,2,1,0,1
LONSUM_A21A_0010_3.jpg,train,LONSUM_A21A_0010,0,0,1,1,4,3,0,1
LONSUM_A21A_0010_4.jpg,train,LONSUM_A21A_0010,0,0,0,1,3,2,0,0
LONSUM_A21A_0009_1.jpg,train,LONSUM_A21A_0009,0,1,0,0,2,1,0,1
LONSUM_A21A_0009_2.jpg,train,LONSUM_A21A_0009,0,0,0,0,1,2,0,1
LONSUM_A21A_0009_3.jpg,train,LONSUM_A21A_0009,0,0,0,1,2,1,0,1
LONSUM_A21A_0009_4.jpg,train,LONSUM_A21A_0009,0,1,1,1,3,1,1,1
LONSUM_A21A_0008_1.jpg,val,LONSUM_A21A_0008,0,0,0,0,1,1,0,0
LONSUM_A21A_0008_2.jpg,val,LONSUM_A21A_0008,0,0,0,0,0,1,0,0
LONSUM_A21A_0008_3.jpg,val,LONSUM_A21A_0008,0,0,0,0,1,1,0,0
LONSUM_A21A_0008_4.jpg,val,LONSUM_A21A_0008,0,0,0,0,1,0,0,0
LONSUM_A21A_0007_1.jpg,test,LONSUM_A21A_0007,0,0,0,0,4,4,0,0
LONSUM_A21A_0007_2.jpg,test,LONSUM_A21A_0007,0,0,0,0,3,4,0,0
LONSUM_A21A_0007_3.jpg,test,LONSUM_A21A_0007,0,0,0,0,2,4,0,0
LONSUM_A21A_0007_4.jpg,test,LONSUM_A21A_0007,0,0,0,0,2,3,0,0
LONSUM_A21A_0006_1.jpg,train,LONSUM_A21A_0006,0,0,0,1,0,0,0,0
LONSUM_A21A_0006_2.jpg,train,LONSUM_A21A_0006,0,1,0,1,3,1,0,0
LONSUM_A21A_0006_3.jpg,train,LONSUM_A21A_0006,0,1,0,1,1,1,1,1
LONSUM_A21A_0006_4.jpg,train,LONSUM_A21A_0006,0,0,0,1,3,1,1,2
LONSUM_A21A_0005_1.jpg,train,LONSUM_A21A_0005,0,0,0,0,0,4,0,0
LONSUM_A21A_0005_2.jpg,train,LONSUM_A21A_0005,0,0,0,0,0,2,0,0
LONSUM_A21A_0005_3.jpg,train,LONSUM_A21A_0005,0,0,0,0,1,1,0,1
LONSUM_A21A_0005_4.jpg,train,LONSUM_A21A_0005,0,0,0,0,3,2,0,1
LONSUM_A21A_0004_1.jpg,train,LONSUM_A21A_0004,0,0,0,3,2,2,0,0
LONSUM_A21A_0004_2.jpg,train,LONSUM_A21A_0004,0,0,0,2,3,3,0,0
LONSUM_A21A_0004_3.jpg,train,LONSUM_A21A_0004,0,0,0,1,2,3,0,0
LONSUM_A21A_0004_4.jpg,train,LONSUM_A21A_0004,0,0,0,2,2,3,0,0
LONSUM_A21A_0003_1.jpg,val,LONSUM_A21A_0003,0,0,0,0,3,1,1,2
LONSUM_A21A_0003_2.jpg,val,LONSUM_A21A_0003,0,0,0,0,2,2,0,0
LONSUM_A21A_0003_3.jpg,val,LONSUM_A21A_0003,0,0,0,0,4,3,0,2
LONSUM_A21A_0003_4.jpg,val,LONSUM_A21A_0003,0,0,0,0,2,1,1,4
LONSUM_A21A_0002_1.jpg,test,LONSUM_A21A_0002,0,0,1,3,4,1,0,0
LONSUM_A21A_0002_2.jpg,test,LONSUM_A21A_0002,0,0,0,3,3,1,0,0
LONSUM_A21A_0002_3.jpg,test,LONSUM_A21A_0002,0,0,1,1,3,1,0,0
LONSUM_A21A_0002_4.jpg,test,LONSUM_A21A_0002,0,0,0,2,5,1,0,0
LONSUM_A21A_0001_1.jpg,train,LONSUM_A21A_0001,0,0,0,0,2,2,0,0
LONSUM_A21A_0001_2.jpg,train,LONSUM_A21A_0001,0,0,0,0,3,3,0,0
LONSUM_A21A_0001_3.jpg,train,LONSUM_A21A_0001,0,0,0,0,1,2,0,0
LONSUM_A21A_0001_4.jpg,train,LONSUM_A21A_0001,0,0,0,0,3,5,0,0
DAMIMAS_A21B_0854_1.jpg,train,DAMIMAS_A21B_0854,1,1,1,1,3,3,1,0
DAMIMAS_A21B_0854_2.jpg,train,DAMIMAS_A21B_0854,1,2,1,1,3,3,0,0
DAMIMAS_A21B_0854_3.jpg,train,DAMIMAS_A21B_0854,1,1,1,1,2,2,0,1
DAMIMAS_A21B_0854_4.jpg,train,DAMIMAS_A21B_0854,2,2,1,1,6,2,1,2
DAMIMAS_A21B_0854_5.jpg,train,DAMIMAS_A21B_0854,1,1,0,1,2,1,0,1
DAMIMAS_A21B_0854_6.jpg,train,DAMIMAS_A21B_0854,1,1,1,2,2,1,0,1
DAMIMAS_A21B_0854_7.jpg,train,DAMIMAS_A21B_0854,1,2,2,1,4,2,1,2
DAMIMAS_A21B_0854_8.jpg,train,DAMIMAS_A21B_0854,2,1,1,2,4,1,0,1
DAMIMAS_A21B_0853_1.jpg,train,DAMIMAS_A21B_0853,1,1,0,0,1,1,0,0
DAMIMAS_A21B_0853_2.jpg,train,DAMIMAS_A21B_0853,1,1,0,0,3,1,0,1
DAMIMAS_A21B_0853_3.jpg,train,DAMIMAS_A21B_0853,1,1,1,1,3,1,0,0
DAMIMAS_A21B_0853_4.jpg,train,DAMIMAS_A21B_0853,1,1,1,1,3,3,0,0
DAMIMAS_A21B_0853_5.jpg,train,DAMIMAS_A21B_0853,1,1,1,1,1,3,0,0
DAMIMAS_A21B_0853_6.jpg,train,DAMIMAS_A21B_0853,1,1,2,1,4,3,0,0
DAMIMAS_A21B_0853_7.jpg,train,DAMIMAS_A21B_0853,1,1,1,1,4,2,0,0
DAMIMAS_A21B_0853_8.jpg,train,DAMIMAS_A21B_0853,0,0,1,1,4,3,0,0
DAMIMAS_A21B_0852_1.jpg,train,DAMIMAS_A21B_0852,0,1,1,1,2,0,0,0
DAMIMAS_A21B_0852_2.jpg,train,DAMIMAS_A21B_0852,0,1,0,1,1,0,0,0
DAMIMAS_A21B_0852_3.jpg,train,DAMIMAS_A21B_0852,0,1,0,2,1,0,0,0
DAMIMAS_A21B_0852_4.jpg,train,DAMIMAS_A21B_0852,0,0,0,2,1,0,0,0
DAMIMAS_A21B_0852_5.jpg,train,DAMIMAS_A21B_0852,0,0,0,1,0,0,0,0
DAMIMAS_A21B_0852_6.jpg,train,DAMIMAS_A21B_0852,0,0,0,2,0,0,0,0
DAMIMAS_A21B_0852_7.jpg,train,DAMIMAS_A21B_0852,0,0,0,1,1,0,0,0
DAMIMAS_A21B_0852_8.jpg,train,DAMIMAS_A21B_0852,0,1,1,0,0,0,0,0
DAMIMAS_A21B_0851_1.jpg,train,DAMIMAS_A21B_0851,0,0,3,2,3,5,1,1
DAMIMAS_A21B_0851_2.jpg,train,DAMIMAS_A21B_0851,0,0,2,2,2,3,0,0
DAMIMAS_A21B_0851_3.jpg,train,DAMIMAS_A21B_0851,1,0,2,2,4,4,0,1
DAMIMAS_A21B_0851_4.jpg,train,DAMIMAS_A21B_0851,0,0,2,2,2,4,0,0
DAMIMAS_A21B_0851_5.jpg,train,DAMIMAS_A21B_0851,0,0,1,3,4,3,2,0
DAMIMAS_A21B_0851_6.jpg,train,DAMIMAS_A21B_0851,0,0,2,3,5,3,1,1
DAMIMAS_A21B_0851_7.jpg,train,DAMIMAS_A21B_0851,0,0,2,2,5,5,2,0
DAMIMAS_A21B_0851_8.jpg,train,DAMIMAS_A21B_0851,0,0,1,1,4,4,1,0
DAMIMAS_A21B_0850_1.jpg,train,DAMIMAS_A21B_0850,0,1,2,2,3,3,1,0
DAMIMAS_A21B_0850_2.jpg,train,DAMIMAS_A21B_0850,1,1,1,2,5,2,1,1
DAMIMAS_A21B_0850_3.jpg,train,DAMIMAS_A21B_0850,0,1,2,1,4,3,0,0
DAMIMAS_A21B_0850_4.jpg,train,DAMIMAS_A21B_0850,0,1,2,0,4,3,1,1
DAMIMAS_A21B_0850_5.jpg,train,DAMIMAS_A21B_0850,0,1,1,0,5,3,0,1
DAMIMAS_A21B_0850_6.jpg,train,DAMIMAS_A21B_0850,0,0,2,1,3,2,1,2
DAMIMAS_A21B_0850_7.jpg,train,DAMIMAS_A21B_0850,0,0,1,1,2,2,1,2
DAMIMAS_A21B_0850_8.jpg,train,DAMIMAS_A21B_0850,0,0,1,2,3,4,1,0
DAMIMAS_A21B_0849_1.jpg,train,DAMIMAS_A21B_0849,0,0,1,1,1,1,0,0
DAMIMAS_A21B_0849_2.jpg,train,DAMIMAS_A21B_0849,1,1,1,0,2,2,0,0
DAMIMAS_A21B_0849_3.jpg,train,DAMIMAS_A21B_0849,0,1,1,0,1,1,0,0
DAMIMAS_A21B_0849_4.jpg,train,DAMIMAS_A21B_0849,0,1,0,0,2,2,0,0
DAMIMAS_A21B_0849_5.jpg,train,DAMIMAS_A21B_0849,1,1,1,0,2,0,0,0
DAMIMAS_A21B_0849_6.jpg,train,DAMIMAS_A21B_0849,0,1,0,1,1,1,0,0
DAMIMAS_A21B_0849_7.jpg,train,DAMIMAS_A21B_0849,0,0,1,1,1,1,0,1
DAMIMAS_A21B_0849_8.jpg,train,DAMIMAS_A21B_0849,0,0,1,1,2,1,0,0
DAMIMAS_A21B_0848_1.jpg,val,DAMIMAS_A21B_0848,0,0,1,0,2,3,1,0
DAMIMAS_A21B_0848_2.jpg,val,DAMIMAS_A21B_0848,0,0,0,1,1,3,0,0
DAMIMAS_A21B_0848_3.jpg,val,DAMIMAS_A21B_0848,0,0,0,1,0,2,0,0
DAMIMAS_A21B_0848_4.jpg,val,DAMIMAS_A21B_0848,0,0,1,1,5,3,1,0
DAMIMAS_A21B_0848_5.jpg,val,DAMIMAS_A21B_0848,0,0,0,1,1,2,1,0
DAMIMAS_A21B_0848_6.jpg,val,DAMIMAS_A21B_0848,0,0,0,1,1,1,1,0
DAMIMAS_A21B_0848_7.jpg,val,DAMIMAS_A21B_0848,0,0,0,1,4,3,1,0
DAMIMAS_A21B_0848_8.jpg,val,DAMIMAS_A21B_0848,0,0,0,0,2,2,1,0
DAMIMAS_A21B_0847_1.jpg,test,DAMIMAS_A21B_0847,0,0,1,1,5,4,1,0
DAMIMAS_A21B_0847_2.jpg,test,DAMIMAS_A21B_0847,1,1,2,1,2,3,0,0
DAMIMAS_A21B_0847_3.jpg,test,DAMIMAS_A21B_0847,1,1,1,1,3,4,2,0
DAMIMAS_A21B_0847_4.jpg,test,DAMIMAS_A21B_0847,1,1,1,1,2,3,1,1
DAMIMAS_A21B_0847_5.jpg,test,DAMIMAS_A21B_0847,1,1,1,1,3,3,0,0
DAMIMAS_A21B_0847_6.jpg,test,DAMIMAS_A21B_0847,0,1,1,1,2,2,0,0
DAMIMAS_A21B_0847_7.jpg,test,DAMIMAS_A21B_0847,0,0,1,1,4,5,0,0
DAMIMAS_A21B_0847_8.jpg,test,DAMIMAS_A21B_0847,0,0,1,2,4,5,1,0
DAMIMAS_A21B_0846_1.jpg,train,DAMIMAS_A21B_0846,0,0,1,2,3,1,0,0
DAMIMAS_A21B_0846_2.jpg,train,DAMIMAS_A21B_0846,0,0,1,2,3,1,0,0
DAMIMAS_A21B_0846_3.jpg,train,DAMIMAS_A21B_0846,0,0,2,3,4,1,0,0
DAMIMAS_A21B_0846_4.jpg,train,DAMIMAS_A21B_0846,0,0,0,2,3,1,0,0
DAMIMAS_A21B_0846_5.jpg,train,DAMIMAS_A21B_0846,0,0,0,1,4,2,0,0
DAMIMAS_A21B_0846_6.jpg,train,DAMIMAS_A21B_0846,0,0,2,2,2,1,0,0
DAMIMAS_A21B_0846_7.jpg,train,DAMIMAS_A21B_0846,0,0,1,1,3,2,0,0
DAMIMAS_A21B_0846_8.jpg,train,DAMIMAS_A21B_0846,0,0,0,2,4,2,0,0
DAMIMAS_A21B_0845_1.jpg,val,DAMIMAS_A21B_0845,0,0,1,0,3,0,0,3
DAMIMAS_A21B_0845_2.jpg,val,DAMIMAS_A21B_0845,0,0,0,0,2,0,0,3
DAMIMAS_A21B_0845_3.jpg,val,DAMIMAS_A21B_0845,0,1,1,0,2,1,0,1
DAMIMAS_A21B_0845_4.jpg,val,DAMIMAS_A21B_0845,1,1,1,0,3,1,1,1
DAMIMAS_A21B_0845_5.jpg,val,DAMIMAS_A21B_0845,0,1,1,0,2,1,0,0
DAMIMAS_A21B_0845_6.jpg,val,DAMIMAS_A21B_0845,0,1,2,0,3,2,0,0
DAMIMAS_A21B_0845_7.jpg,val,DAMIMAS_A21B_0845,0,0,1,0,3,1,0,0
DAMIMAS_A21B_0845_8.jpg,val,DAMIMAS_A21B_0845,0,0,0,0,2,1,0,1
DAMIMAS_A21B_0844_1.jpg,train,DAMIMAS_A21B_0844,0,0,2,2,4,2,0,1
DAMIMAS_A21B_0844_2.jpg,train,DAMIMAS_A21B_0844,0,0,3,2,2,2,0,1
DAMIMAS_A21B_0844_3.jpg,train,DAMIMAS_A21B_0844,0,0,1,2,3,3,1,1
DAMIMAS_A21B_0844_4.jpg,train,DAMIMAS_A21B_0844,1,1,2,2,4,2,0,0
DAMIMAS_A21B_0844_5.jpg,train,DAMIMAS_A21B_0844,1,1,0,1,3,2,2,1
DAMIMAS_A21B_0844_6.jpg,train,DAMIMAS_A21B_0844,1,1,0,2,6,3,0,0
DAMIMAS_A21B_0844_7.jpg,train,DAMIMAS_A21B_0844,1,1,0,1,2,4,1,0
DAMIMAS_A21B_0844_8.jpg,train,DAMIMAS_A21B_0844,0,0,1,2,3,5,1,0
DAMIMAS_A21B_0843_1.jpg,test,DAMIMAS_A21B_0843,0,0,1,1,4,3,0,0
DAMIMAS_A21B_0843_2.jpg,test,DAMIMAS_A21B_0843,0,0,1,1,0,2,0,0
DAMIMAS_A21B_0843_3.jpg,test,DAMIMAS_A21B_0843,0,0,0,1,2,2,0,0
DAMIMAS_A21B_0843_4.jpg,test,DAMIMAS_A21B_0843,0,0,1,1,5,4,0,2
DAMIMAS_A21B_0843_5.jpg,test,DAMIMAS_A21B_0843,0,0,1,1,4,3,0,1
DAMIMAS_A21B_0843_6.jpg,test,DAMIMAS_A21B_0843,0,0,0,0,2,4,0,1
DAMIMAS_A21B_0843_7.jpg,test,DAMIMAS_A21B_0843,0,0,0,0,5,4,0,1
DAMIMAS_A21B_0843_8.jpg,test,DAMIMAS_A21B_0843,0,0,0,0,3,2,0,0
DAMIMAS_A21B_0842_1.jpg,train,DAMIMAS_A21B_0842,0,0,0,2,4,2,2,1
DAMIMAS_A21B_0842_2.jpg,train,DAMIMAS_A21B_0842,1,1,2,1,5,3,0,1
DAMIMAS_A21B_0842_3.jpg,train,DAMIMAS_A21B_0842,1,1,1,1,3,3,0,1
DAMIMAS_A21B_0842_4.jpg,train,DAMIMAS_A21B_0842,1,1,1,0,5,4,1,1
DAMIMAS_A21B_0842_5.jpg,train,DAMIMAS_A21B_0842,1,2,2,0,5,3,1,1
DAMIMAS_A21B_0842_6.jpg,train,DAMIMAS_A21B_0842,1,1,1,1,4,3,1,1
DAMIMAS_A21B_0842_7.jpg,train,DAMIMAS_A21B_0842,0,1,2,1,5,2,0,1
DAMIMAS_A21B_0842_8.jpg,train,DAMIMAS_A21B_0842,0,1,2,2,5,2,0,1
DAMIMAS_A21B_0841_1.jpg,train,DAMIMAS_A21B_0841,0,1,1,0,2,2,0,0
DAMIMAS_A21B_0841_2.jpg,train,DAMIMAS_A21B_0841,0,2,3,0,2,2,0,0
DAMIMAS_A21B_0841_3.jpg,train,DAMIMAS_A21B_0841,0,1,0,0,2,1,1,0
DAMIMAS_A21B_0841_4.jpg,train,DAMIMAS_A21B_0841,1,1,0,0,1,1,1,1
DAMIMAS_A21B_0841_5.jpg,train,DAMIMAS_A21B_0841,1,1,1,0,2,1,0,1
DAMIMAS_A21B_0841_6.jpg,train,DAMIMAS_A21B_0841,0,0,0,0,2,1,0,1
DAMIMAS_A21B_0841_7.jpg,train,DAMIMAS_A21B_0841,0,1,1,0,2,1,0,0
DAMIMAS_A21B_0841_8.jpg,train,DAMIMAS_A21B_0841,0,1,1,0,5,1,0,1
DAMIMAS_A21B_0840_1.jpg,train,DAMIMAS_A21B_0840,0,0,2,2,4,3,1,0
DAMIMAS_A21B_0840_2.jpg,train,DAMIMAS_A21B_0840,0,1,2,2,3,2,0,0
DAMIMAS_A21B_0840_3.jpg,train,DAMIMAS_A21B_0840,0,1,2,3,3,1,0,0
DAMIMAS_A21B_0840_4.jpg,train,DAMIMAS_A21B_0840,0,1,3,3,4,1,0,0
DAMIMAS_A21B_0840_5.jpg,train,DAMIMAS_A21B_0840,1,2,2,3,3,2,0,0
DAMIMAS_A21B_0840_6.jpg,train,DAMIMAS_A21B_0840,1,1,1,3,5,2,1,0
DAMIMAS_A21B_0840_7.jpg,train,DAMIMAS_A21B_0840,0,1,1,3,5,2,1,0
DAMIMAS_A21B_0840_8.jpg,train,DAMIMAS_A21B_0840,0,1,3,3,4,2,0,0
DAMIMAS_A21B_0839_1.jpg,val,DAMIMAS_A21B_0839,1,1,0,1,3,3,1,0
DAMIMAS_A21B_0839_2.jpg,val,DAMIMAS_A21B_0839,0,1,1,1,1,3,2,0
DAMIMAS_A21B_0839_3.jpg,val,DAMIMAS_A21B_0839,0,0,1,1,3,3,1,0
DAMIMAS_A21B_0839_4.jpg,val,DAMIMAS_A21B_0839,0,0,0,1,2,3,1,0
DAMIMAS_A21B_0839_5.jpg,val,DAMIMAS_A21B_0839,0,0,0,0,4,4,0,0
DAMIMAS_A21B_0839_6.jpg,val,DAMIMAS_A21B_0839,1,1,0,0,3,4,0,0
DAMIMAS_A21B_0839_7.jpg,val,DAMIMAS_A21B_0839,1,1,0,1,2,2,0,0
DAMIMAS_A21B_0839_8.jpg,val,DAMIMAS_A21B_0839,1,1,1,1,1,1,0,1
DAMIMAS_A21B_0838_1.jpg,train,DAMIMAS_A21B_0838,0,0,0,0,0,1,0,2
DAMIMAS_A21B_0838_2.jpg,train,DAMIMAS_A21B_0838,0,0,0,0,1,1,1,4
DAMIMAS_A21B_0838_3.jpg,train,DAMIMAS_A21B_0838,0,0,0,0,2,2,3,3
DAMIMAS_A21B_0838_4.jpg,train,DAMIMAS_A21B_0838,0,0,0,1,3,3,1,1
DAMIMAS_A21B_0838_5.jpg,train,DAMIMAS_A21B_0838,0,0,0,1,1,2,0,3
DAMIMAS_A21B_0838_6.jpg,train,DAMIMAS_A21B_0838,0,0,0,1,5,2,2,3
DAMIMAS_A21B_0838_7.jpg,train,DAMIMAS_A21B_0838,0,0,0,0,4,2,1,3
DAMIMAS_A21B_0838_8.jpg,train,DAMIMAS_A21B_0838,0,0,0,0,0,1,1,2
DAMIMAS_A21B_0837_1.jpg,train,DAMIMAS_A21B_0837,2,2,1,1,5,1,0,0
DAMIMAS_A21B_0837_2.jpg,train,DAMIMAS_A21B_0837,1,1,1,1,3,2,1,0
DAMIMAS_A21B_0837_3.jpg,train,DAMIMAS_A21B_0837,1,1,0,0,4,2,1,0
DAMIMAS_A21B_0837_4.jpg,train,DAMIMAS_A21B_0837,1,1,0,0,4,3,0,0
DAMIMAS_A21B_0837_5.jpg,train,DAMIMAS_A21B_0837,0,1,2,0,5,4,0,0
DAMIMAS_A21B_0837_6.jpg,train,DAMIMAS_A21B_0837,1,1,2,0,4,4,0,0
DAMIMAS_A21B_0837_7.jpg,train,DAMIMAS_A21B_0837,1,1,1,0,6,4,1,0
DAMIMAS_A21B_0837_8.jpg,train,DAMIMAS_A21B_0837,1,1,1,0,3,3,1,1
DAMIMAS_A21B_0836_1.jpg,train,DAMIMAS_A21B_0836,2,3,0,1,2,2,0,0
DAMIMAS_A21B_0836_2.jpg,train,DAMIMAS_A21B_0836,2,2,0,1,4,2,0,0
DAMIMAS_A21B_0836_3.jpg,train,DAMIMAS_A21B_0836,1,1,2,2,2,1,0,0
DAMIMAS_A21B_0836_4.jpg,train,DAMIMAS_A21B_0836,1,1,1,1,3,2,0,0
DAMIMAS_A21B_0836_5.jpg,train,DAMIMAS_A21B_0836,0,0,1,1,3,3,0,0
DAMIMAS_A21B_0836_6.jpg,train,DAMIMAS_A21B_0836,0,1,1,1,2,2,0,0
DAMIMAS_A21B_0836_7.jpg,train,DAMIMAS_A21B_0836,1,1,0,1,4,3,0,0
DAMIMAS_A21B_0836_8.jpg,train,DAMIMAS_A21B_0836,1,1,1,1,3,2,1,0
DAMIMAS_A21B_0835_1.jpg,train,DAMIMAS_A21B_0835,0,0,0,0,4,4,0,1
DAMIMAS_A21B_0835_2.jpg,train,DAMIMAS_A21B_0835,0,0,0,0,4,4,0,1
DAMIMAS_A21B_0835_3.jpg,train,DAMIMAS_A21B_0835,0,0,0,0,4,5,0,1
DAMIMAS_A21B_0835_4.jpg,train,DAMIMAS_A21B_0835,0,0,1,0,3,5,1,2
DAMIMAS_A21B_0835_5.jpg,train,DAMIMAS_A21B_0835,0,0,1,0,3,4,0,1
DAMIMAS_A21B_0835_6.jpg,train,DAMIMAS_A21B_0835,0,0,0,0,3,4,0,0
DAMIMAS_A21B_0835_7.jpg,train,DAMIMAS_A21B_0835,0,0,1,0,4,5,0,0
DAMIMAS_A21B_0835_8.jpg,train,DAMIMAS_A21B_0835,0,0,0,0,4,6,0,0
DAMIMAS_A21B_0834_1.jpg,train,DAMIMAS_A21B_0834,0,0,2,3,5,2,1,1
DAMIMAS_A21B_0834_2.jpg,train,DAMIMAS_A21B_0834,0,0,1,2,3,2,0,1
DAMIMAS_A21B_0834_3.jpg,train,DAMIMAS_A21B_0834,0,0,2,3,5,2,0,2
DAMIMAS_A21B_0834_4.jpg,train,DAMIMAS_A21B_0834,1,1,1,2,2,1,1,1
DAMIMAS_A21B_0834_5.jpg,train,DAMIMAS_A21B_0834,0,1,3,3,3,2,1,1
DAMIMAS_A21B_0834_6.jpg,train,DAMIMAS_A21B_0834,0,1,1,2,2,1,1,1
DAMIMAS_A21B_0834_7.jpg,train,DAMIMAS_A21B_0834,1,0,1,2,1,3,0,1
DAMIMAS_A21B_0834_8.jpg,train,DAMIMAS_A21B_0834,0,0,1,2,1,2,1,1
DAMIMAS_A21B_0833_1.jpg,train,DAMIMAS_A21B_0833,0,1,0,1,5,1,0,0
DAMIMAS_A21B_0833_2.jpg,train,DAMIMAS_A21B_0833,2,1,1,1,0,0,0,0
DAMIMAS_A21B_0833_3.jpg,train,DAMIMAS_A21B_0833,1,1,2,0,3,1,0,0
DAMIMAS_A21B_0833_4.jpg,train,DAMIMAS_A21B_0833,2,1,1,0,2,2,0,0
DAMIMAS_A21B_0833_5.jpg,train,DAMIMAS_A21B_0833,2,2,1,0,1,2,0,0
DAMIMAS_A21B_0833_6.jpg,train,DAMIMAS_A21B_0833,1,1,0,0,3,2,1,0
DAMIMAS_A21B_0833_7.jpg,train,DAMIMAS_A21B_0833,1,1,1,0,1,1,0,0
DAMIMAS_A21B_0833_8.jpg,train,DAMIMAS_A21B_0833,0,1,2,0,3,2,0,0
DAMIMAS_A21B_0832_1.jpg,train,DAMIMAS_A21B_0832,0,0,2,1,3,2,0,1
DAMIMAS_A21B_0832_2.jpg,train,DAMIMAS_A21B_0832,0,0,1,1,5,3,0,1
DAMIMAS_A21B_0832_3.jpg,train,DAMIMAS_A21B_0832,0,0,2,2,5,3,0,0
DAMIMAS_A21B_0832_4.jpg,train,DAMIMAS_A21B_0832,0,0,1,2,6,3,0,0
DAMIMAS_A21B_0832_5.jpg,train,DAMIMAS_A21B_0832,0,0,2,3,2,1,0,0
DAMIMAS_A21B_0832_6.jpg,train,DAMIMAS_A21B_0832,0,0,1,3,5,2,1,0
DAMIMAS_A21B_0832_7.jpg,train,DAMIMAS_A21B_0832,0,0,1,2,5,2,0,0
DAMIMAS_A21B_0832_8.jpg,train,DAMIMAS_A21B_0832,0,0,2,2,4,2,0,1
DAMIMAS_A21B_0831_1.jpg,train,DAMIMAS_A21B_0831,2,1,1,1,6,3,0,2
DAMIMAS_A21B_0831_2.jpg,train,DAMIMAS_A21B_0831,1,1,2,1,3,2,0,2
DAMIMAS_A21B_0831_3.jpg,train,DAMIMAS_A21B_0831,1,1,1,1,5,3,0,1
DAMIMAS_A21B_0831_4.jpg,train,DAMIMAS_A21B_0831,1,1,1,1,4,4,0,0
DAMIMAS_A21B_0831_5.jpg,train,DAMIMAS_A21B_0831,0,0,1,1,4,5,0,1
DAMIMAS_A21B_0831_6.jpg,train,DAMIMAS_A21B_0831,1,0,1,2,3,5,0,0
DAMIMAS_A21B_0831_7.jpg,train,DAMIMAS_A21B_0831,1,0,3,1,5,5,0,1
DAMIMAS_A21B_0831_8.jpg,train,DAMIMAS_A21B_0831,0,0,2,1,3,3,0,2
DAMIMAS_A21B_0830_1.jpg,train,DAMIMAS_A21B_0830,2,2,0,0,1,1,0,0
DAMIMAS_A21B_0830_2.jpg,train,DAMIMAS_A21B_0830,1,1,0,1,1,2,0,0
DAMIMAS_A21B_0830_3.jpg,train,DAMIMAS_A21B_0830,2,2,2,1,1,1,0,0
DAMIMAS_A21B_0830_4.jpg,train,DAMIMAS_A21B_0830,2,2,1,1,1,1,1,0
DAMIMAS_A21B_0830_5.jpg,train,DAMIMAS_A21B_0830,1,2,1,1,3,2,0,0
DAMIMAS_A21B_0830_6.jpg,train,DAMIMAS_A21B_0830,2,2,1,1,3,2,0,0
DAMIMAS_A21B_0830_7.jpg,train,DAMIMAS_A21B_0830,1,1,1,1,1,2,0,0
DAMIMAS_A21B_0830_8.jpg,train,DAMIMAS_A21B_0830,1,1,2,1,3,3,0,0
DAMIMAS_A21B_0829_1.jpg,val,DAMIMAS_A21B_0829,1,1,0,1,2,3,0,0
DAMIMAS_A21B_0829_2.jpg,val,DAMIMAS_A21B_0829,1,1,2,1,5,2,0,0
DAMIMAS_A21B_0829_3.jpg,val,DAMIMAS_A21B_0829,1,1,2,1,3,1,0,0
DAMIMAS_A21B_0829_4.jpg,val,DAMIMAS_A21B_0829,0,0,1,1,5,3,1,1
DAMIMAS_A21B_0829_5.jpg,val,DAMIMAS_A21B_0829,0,0,3,1,3,2,0,1
DAMIMAS_A21B_0829_6.jpg,val,DAMIMAS_A21B_0829,1,1,0,0,2,0,0,0
DAMIMAS_A21B_0829_7.jpg,val,DAMIMAS_A21B_0829,1,1,1,0,4,3,0,1
DAMIMAS_A21B_0829_8.jpg,val,DAMIMAS_A21B_0829,1,2,2,0,2,3,1,1
DAMIMAS_A21B_0828_1.jpg,train,DAMIMAS_A21B_0828,1,1,2,3,4,3,0,0
DAMIMAS_A21B_0828_2.jpg,train,DAMIMAS_A21B_0828,0,1,2,2,5,3,0,0
DAMIMAS_A21B_0828_3.jpg,train,DAMIMAS_A21B_0828,1,1,2,2,3,2,0,0
DAMIMAS_A21B_0828_4.jpg,train,DAMIMAS_A21B_0828,1,1,3,2,5,4,0,0
DAMIMAS_A21B_0828_5.jpg,train,DAMIMAS_A21B_0828,0,0,2,2,3,4,0,0
DAMIMAS_A21B_0828_6.jpg,train,DAMIMAS_A21B_0828,1,0,2,4,5,3,0,0
DAMIMAS_A21B_0828_7.jpg,train,DAMIMAS_A21B_0828,0,1,4,3,2,1,0,0
DAMIMAS_A21B_0828_8.jpg,train,DAMIMAS_A21B_0828,0,0,4,4,4,2,0,0
DAMIMAS_A21B_0827_1.jpg,train,DAMIMAS_A21B_0827,0,0,2,1,3,5,0,0
DAMIMAS_A21B_0827_2.jpg,train,DAMIMAS_A21B_0827,0,0,2,1,5,4,0,0
DAMIMAS_A21B_0827_3.jpg,train,DAMIMAS_A21B_0827,0,1,0,0,3,3,0,1
DAMIMAS_A21B_0827_4.jpg,train,DAMIMAS_A21B_0827,1,1,1,0,3,4,0,0
DAMIMAS_A21B_0827_5.jpg,train,DAMIMAS_A21B_0827,1,1,2,0,3,4,0,0
DAMIMAS_A21B_0827_6.jpg,train,DAMIMAS_A21B_0827,1,1,1,0,5,4,0,2
DAMIMAS_A21B_0827_7.jpg,train,DAMIMAS_A21B_0827,1,1,2,1,3,4,0,0
DAMIMAS_A21B_0827_8.jpg,train,DAMIMAS_A21B_0827,0,0,2,1,5,3,0,2
DAMIMAS_A21B_0826_1.jpg,val,DAMIMAS_A21B_0826,0,0,1,1,4,2,0,0
DAMIMAS_A21B_0826_2.jpg,val,DAMIMAS_A21B_0826,0,0,1,1,2,2,0,0
DAMIMAS_A21B_0826_3.jpg,val,DAMIMAS_A21B_0826,0,0,1,0,2,2,0,0
DAMIMAS_A21B_0826_4.jpg,val,DAMIMAS_A21B_0826,0,0,1,1,3,2,0,0
DAMIMAS_A21B_0826_5.jpg,val,DAMIMAS_A21B_0826,0,0,1,1,3,1,0,0
DAMIMAS_A21B_0826_6.jpg,val,DAMIMAS_A21B_0826,0,0,2,2,2,1,0,0
DAMIMAS_A21B_0826_7.jpg,val,DAMIMAS_A21B_0826,0,0,2,2,0,0,0,0
DAMIMAS_A21B_0826_8.jpg,val,DAMIMAS_A21B_0826,0,0,3,3,0,0,0,0
DAMIMAS_A21B_0825_1.jpg,val,DAMIMAS_A21B_0825,2,1,0,0,3,2,0,0
DAMIMAS_A21B_0825_2.jpg,val,DAMIMAS_A21B_0825,0,0,2,0,4,3,0,0
DAMIMAS_A21B_0825_3.jpg,val,DAMIMAS_A21B_0825,0,0,0,0,4,2,1,0
DAMIMAS_A21B_0825_4.jpg,val,DAMIMAS_A21B_0825,1,1,1,0,3,2,2,1
DAMIMAS_A21B_0825_5.jpg,val,DAMIMAS_A21B_0825,1,1,0,0,2,3,0,0
DAMIMAS_A21B_0825_6.jpg,val,DAMIMAS_A21B_0825,2,2,0,0,2,2,0,0
DAMIMAS_A21B_0825_7.jpg,val,DAMIMAS_A21B_0825,1,1,0,0,5,2,0,1
DAMIMAS_A21B_0825_8.jpg,val,DAMIMAS_A21B_0825,1,1,1,0,4,2,0,2
DAMIMAS_A21B_0824_1.jpg,val,DAMIMAS_A21B_0824,0,1,0,1,4,2,0,0
DAMIMAS_A21B_0824_2.jpg,val,DAMIMAS_A21B_0824,0,2,1,2,2,1,0,0
DAMIMAS_A21B_0824_3.jpg,val,DAMIMAS_A21B_0824,0,1,2,2,4,2,0,0
DAMIMAS_A21B_0824_4.jpg,val,DAMIMAS_A21B_0824,0,1,1,3,3,1,0,0
DAMIMAS_A21B_0824_5.jpg,val,DAMIMAS_A21B_0824,0,1,3,3,2,1,0,0
DAMIMAS_A21B_0824_6.jpg,val,DAMIMAS_A21B_0824,0,1,1,4,4,1,1,0
DAMIMAS_A21B_0824_7.jpg,val,DAMIMAS_A21B_0824,0,1,2,3,5,1,0,0
DAMIMAS_A21B_0824_8.jpg,val,DAMIMAS_A21B_0824,0,1,0,4,2,1,0,0
DAMIMAS_A21B_0823_1.jpg,train,DAMIMAS_A21B_0823,0,0,1,1,4,6,0,0
DAMIMAS_A21B_0823_2.jpg,train,DAMIMAS_A21B_0823,0,0,1,1,4,6,1,0
DAMIMAS_A21B_0823_3.jpg,train,DAMIMAS_A21B_0823,1,1,1,1,5,5,0,0
DAMIMAS_A21B_0823_4.jpg,train,DAMIMAS_A21B_0823,1,1,0,0,4,4,1,1
DAMIMAS_A21B_0823_5.jpg,train,DAMIMAS_A21B_0823,1,1,0,0,3,4,1,2
DAMIMAS_A21B_0823_6.jpg,train,DAMIMAS_A21B_0823,3,2,0,0,4,4,1,2
DAMIMAS_A21B_0823_7.jpg,train,DAMIMAS_A21B_0823,1,2,0,1,4,4,1,2
DAMIMAS_A21B_0823_8.jpg,train,DAMIMAS_A21B_0823,1,1,2,1,5,4,0,0
DAMIMAS_A21B_0822_1.jpg,test,DAMIMAS_A21B_0822,0,0,1,0,4,5,0,0
DAMIMAS_A21B_0822_2.jpg,test,DAMIMAS_A21B_0822,0,1,1,0,3,4,0,0
DAMIMAS_A21B_0822_3.jpg,test,DAMIMAS_A21B_0822,1,1,0,0,5,5,0,0
DAMIMAS_A21B_0822_4.jpg,test,DAMIMAS_A21B_0822,1,1,0,0,3,3,0,0
DAMIMAS_A21B_0822_5.jpg,test,DAMIMAS_A21B_0822,1,1,0,0,5,3,0,0
DAMIMAS_A21B_0822_6.jpg,test,DAMIMAS_A21B_0822,1,0,1,1,3,4,0,0
DAMIMAS_A21B_0822_7.jpg,test,DAMIMAS_A21B_0822,1,0,1,1,3,3,0,0
DAMIMAS_A21B_0822_8.jpg,test,DAMIMAS_A21B_0822,0,0,1,1,6,4,0,0
DAMIMAS_A21B_0821_1.jpg,val,DAMIMAS_A21B_0821,1,1,0,0,2,2,0,0
DAMIMAS_A21B_0821_2.jpg,val,DAMIMAS_A21B_0821,1,1,0,0,2,1,0,0
DAMIMAS_A21B_0821_3.jpg,val,DAMIMAS_A21B_0821,1,1,0,0,1,0,0,1
DAMIMAS_A21B_0821_4.jpg,val,DAMIMAS_A21B_0821,1,1,0,1,1,0,0,0
DAMIMAS_A21B_0821_5.jpg,val,DAMIMAS_A21B_0821,2,2,0,2,3,0,0,0
DAMIMAS_A21B_0821_6.jpg,val,DAMIMAS_A21B_0821,2,1,1,1,2,0,0,0
DAMIMAS_A21B_0821_7.jpg,val,DAMIMAS_A21B_0821,1,1,0,1,4,2,0,0
DAMIMAS_A21B_0821_8.jpg,val,DAMIMAS_A21B_0821,1,1,0,0,3,3,0,0
DAMIMAS_A21B_0820_1.jpg,train,DAMIMAS_A21B_0820,0,0,1,2,4,4,0,0
DAMIMAS_A21B_0820_2.jpg,train,DAMIMAS_A21B_0820,0,0,2,2,4,4,0,0
DAMIMAS_A21B_0820_3.jpg,train,DAMIMAS_A21B_0820,0,0,1,1,7,5,1,0
DAMIMAS_A21B_0820_4.jpg,train,DAMIMAS_A21B_0820,0,0,1,1,5,4,0,0
DAMIMAS_A21B_0820_5.jpg,train,DAMIMAS_A21B_0820,0,0,2,2,6,4,0,0
DAMIMAS_A21B_0820_6.jpg,train,DAMIMAS_A21B_0820,0,0,1,2,5,5,0,0
DAMIMAS_A21B_0820_7.jpg,train,DAMIMAS_A21B_0820,0,0,1,1,4,4,0,0
DAMIMAS_A21B_0820_8.jpg,train,DAMIMAS_A21B_0820,0,0,3,1,4,5,1,0
DAMIMAS_A21B_0819_1.jpg,train,DAMIMAS_A21B_0819,0,0,2,1,4,4,0,2
DAMIMAS_A21B_0819_2.jpg,train,DAMIMAS_A21B_0819,0,0,1,1,4,3,0,1
DAMIMAS_A21B_0819_3.jpg,train,DAMIMAS_A21B_0819,0,0,1,2,2,1,0,0
DAMIMAS_A21B_0819_4.jpg,train,DAMIMAS_A21B_0819,0,0,1,2,4,3,0,0
DAMIMAS_A21B_0819_5.jpg,train,DAMIMAS_A21B_0819,1,0,2,1,6,5,0,0
DAMIMAS_A21B_0819_6.jpg,train,DAMIMAS_A21B_0819,1,0,1,1,5,6,0,0
DAMIMAS_A21B_0819_7.jpg,train,DAMIMAS_A21B_0819,1,0,1,1,5,6,0,0
DAMIMAS_A21B_0819_8.jpg,train,DAMIMAS_A21B_0819,0,0,2,0,5,4,0,0
DAMIMAS_A21B_0818_1.jpg,train,DAMIMAS_A21B_0818,1,0,1,2,2,2,0,0
DAMIMAS_A21B_0818_2.jpg,train,DAMIMAS_A21B_0818,0,0,1,2,2,4,0,0
DAMIMAS_A21B_0818_3.jpg,train,DAMIMAS_A21B_0818,0,0,2,2,3,3,0,0
DAMIMAS_A21B_0818_4.jpg,train,DAMIMAS_A21B_0818,0,0,1,1,3,4,0,0
DAMIMAS_A21B_0818_5.jpg,train,DAMIMAS_A21B_0818,0,0,2,2,3,3,1,0
DAMIMAS_A21B_0818_6.jpg,train,DAMIMAS_A21B_0818,1,0,1,3,3,2,0,0
DAMIMAS_A21B_0818_7.jpg,train,DAMIMAS_A21B_0818,1,0,0,3,3,2,0,0
DAMIMAS_A21B_0818_8.jpg,train,DAMIMAS_A21B_0818,1,0,1,3,3,2,0,0
DAMIMAS_A21B_0817_1.jpg,val,DAMIMAS_A21B_0817,1,2,2,1,2,1,0,0
DAMIMAS_A21B_0817_2.jpg,val,DAMIMAS_A21B_0817,2,2,1,1,2,1,0,0
DAMIMAS_A21B_0817_3.jpg,val,DAMIMAS_A21B_0817,1,1,0,1,2,0,0,0
DAMIMAS_A21B_0817_4.jpg,val,DAMIMAS_A21B_0817,1,1,1,1,1,1,0,0
DAMIMAS_A21B_0817_5.jpg,val,DAMIMAS_A21B_0817,2,2,1,1,1,1,0,0
DAMIMAS_A21B_0817_6.jpg,val,DAMIMAS_A21B_0817,2,2,2,1,3,1,0,0
DAMIMAS_A21B_0817_7.jpg,val,DAMIMAS_A21B_0817,2,2,2,1,2,1,0,0
DAMIMAS_A21B_0817_8.jpg,val,DAMIMAS_A21B_0817,2,2,1,0,2,1,0,0
DAMIMAS_A21B_0816_1.jpg,train,DAMIMAS_A21B_0816,0,0,1,2,7,3,0,0
DAMIMAS_A21B_0816_2.jpg,train,DAMIMAS_A21B_0816,0,0,2,3,2,1,2,0
DAMIMAS_A21B_0816_3.jpg,train,DAMIMAS_A21B_0816,0,1,3,3,3,3,0,0
DAMIMAS_A21B_0816_4.jpg,train,DAMIMAS_A21B_0816,1,1,0,2,4,3,0,1
DAMIMAS_A21B_0816_5.jpg,train,DAMIMAS_A21B_0816,1,1,0,2,2,3,0,0
DAMIMAS_A21B_0816_6.jpg,train,DAMIMAS_A21B_0816,1,1,0,0,3,6,1,0
DAMIMAS_A21B_0816_7.jpg,train,DAMIMAS_A21B_0816,0,1,1,0,3,2,0,0
DAMIMAS_A21B_0816_8.jpg,train,DAMIMAS_A21B_0816,0,0,0,1,6,5,0,0
DAMIMAS_A21B_0815_1.jpg,train,DAMIMAS_A21B_0815,0,0,1,2,2,3,0,1
DAMIMAS_A21B_0815_2.jpg,train,DAMIMAS_A21B_0815,0,0,2,1,4,5,0,0
DAMIMAS_A21B_0815_3.jpg,train,DAMIMAS_A21B_0815,0,1,1,1,6,4,0,0
DAMIMAS_A21B_0815_4.jpg,train,DAMIMAS_A21B_0815,0,1,1,0,5,4,0,0
DAMIMAS_A21B_0815_5.jpg,train,DAMIMAS_A21B_0815,0,1,1,1,3,5,1,1
DAMIMAS_A21B_0815_6.jpg,train,DAMIMAS_A21B_0815,1,1,1,1,3,5,0,0
DAMIMAS_A21B_0815_7.jpg,train,DAMIMAS_A21B_0815,1,1,2,1,3,5,1,0
DAMIMAS_A21B_0815_8.jpg,train,DAMIMAS_A21B_0815,0,0,1,2,4,3,1,1
DAMIMAS_A21B_0814_1.jpg,test,DAMIMAS_A21B_0814,0,0,0,0,2,3,0,0
DAMIMAS_A21B_0814_2.jpg,test,DAMIMAS_A21B_0814,0,0,0,0,3,3,0,0
DAMIMAS_A21B_0814_3.jpg,test,DAMIMAS_A21B_0814,0,0,0,0,2,2,0,0
DAMIMAS_A21B_0814_4.jpg,test,DAMIMAS_A21B_0814,0,0,0,0,4,3,0,1
DAMIMAS_A21B_0814_5.jpg,test,DAMIMAS_A21B_0814,0,0,0,0,1,2,0,1
DAMIMAS_A21B_0814_6.jpg,test,DAMIMAS_A21B_0814,0,0,0,0,2,2,0,1
DAMIMAS_A21B_0814_7.jpg,test,DAMIMAS_A21B_0814,0,0,0,0,4,4,0,0
DAMIMAS_A21B_0814_8.jpg,test,DAMIMAS_A21B_0814,0,0,0,0,1,2,0,0
DAMIMAS_A21B_0813_1.jpg,test,DAMIMAS_A21B_0813,0,0,0,0,4,3,0,0
DAMIMAS_A21B_0813_2.jpg,test,DAMIMAS_A21B_0813,0,0,0,0,2,2,0,0
DAMIMAS_A21B_0813_3.jpg,test,DAMIMAS_A21B_0813,0,0,0,0,5,3,0,1
DAMIMAS_A21B_0813_4.jpg,test,DAMIMAS_A21B_0813,0,0,0,0,3,3,0,0
DAMIMAS_A21B_0813_5.jpg,test,DAMIMAS_A21B_0813,0,1,1,0,2,1,0,0
DAMIMAS_A21B_0813_6.jpg,test,DAMIMAS_A21B_0813,0,1,1,0,2,0,0,0
DAMIMAS_A21B_0813_7.jpg,test,DAMIMAS_A21B_0813,0,1,0,0,2,2,1,1
DAMIMAS_A21B_0813_8.jpg,test,DAMIMAS_A21B_0813,0,0,0,0,3,3,0,1
DAMIMAS_A21B_0812_1.jpg,val,DAMIMAS_A21B_0812,1,1,2,1,3,3,0,0
DAMIMAS_A21B_0812_2.jpg,val,DAMIMAS_A21B_0812,1,1,1,2,4,2,0,0
DAMIMAS_A21B_0812_3.jpg,val,DAMIMAS_A21B_0812,1,2,1,1,3,2,0,0
DAMIMAS_A21B_0812_4.jpg,val,DAMIMAS_A21B_0812,2,2,3,2,1,2,0,0
DAMIMAS_A21B_0812_5.jpg,val,DAMIMAS_A21B_0812,1,1,3,2,2,1,0,0
DAMIMAS_A21B_0812_6.jpg,val,DAMIMAS_A21B_0812,1,2,2,2,4,2,0,0
DAMIMAS_A21B_0812_7.jpg,val,DAMIMAS_A21B_0812,0,2,3,1,2,1,0,0
DAMIMAS_A21B_0812_8.jpg,val,DAMIMAS_A21B_0812,0,1,1,1,6,3,0,0
DAMIMAS_A21B_0811_1.jpg,train,DAMIMAS_A21B_0811,1,1,2,1,4,5,0,0
DAMIMAS_A21B_0811_2.jpg,train,DAMIMAS_A21B_0811,0,1,1,1,7,4,0,0
DAMIMAS_A21B_0811_3.jpg,train,DAMIMAS_A21B_0811,1,1,2,1,4,5,0,0
DAMIMAS_A21B_0811_4.jpg,train,DAMIMAS_A21B_0811,0,1,0,0,3,5,0,0
DAMIMAS_A21B_0811_5.jpg,train,DAMIMAS_A21B_0811,0,1,0,0,4,4,0,0
DAMIMAS_A21B_0811_6.jpg,train,DAMIMAS_A21B_0811,0,2,0,0,2,4,0,0
DAMIMAS_A21B_0811_7.jpg,train,DAMIMAS_A21B_0811,1,1,0,0,3,4,0,0
DAMIMAS_A21B_0811_8.jpg,train,DAMIMAS_A21B_0811,0,1,0,0,7,5,0,0
DAMIMAS_A21B_0810_1.jpg,val,DAMIMAS_A21B_0810,1,1,1,0,5,3,2,1
DAMIMAS_A21B_0810_2.jpg,val,DAMIMAS_A21B_0810,0,0,0,0,4,4,2,2
DAMIMAS_A21B_0810_3.jpg,val,DAMIMAS_A21B_0810,0,0,2,1,4,4,0,1
DAMIMAS_A21B_0810_4.jpg,val,DAMIMAS_A21B_0810,0,0,1,1,4,3,0,2
DAMIMAS_A21B_0810_5.jpg,val,DAMIMAS_A21B_0810,0,0,1,1,4,4,0,0
DAMIMAS_A21B_0810_6.jpg,val,DAMIMAS_A21B_0810,0,0,1,1,6,4,1,1
DAMIMAS_A21B_0810_7.jpg,val,DAMIMAS_A21B_0810,1,1,3,1,3,3,0,1
DAMIMAS_A21B_0810_8.jpg,val,DAMIMAS_A21B_0810,1,1,1,0,6,4,2,1
DAMIMAS_A21B_0809_1.jpg,val,DAMIMAS_A21B_0809,1,1,0,0,2,4,0,0
DAMIMAS_A21B_0809_2.jpg,val,DAMIMAS_A21B_0809,0,1,1,1,3,4,0,0
DAMIMAS_A21B_0809_3.jpg,val,DAMIMAS_A21B_0809,1,1,2,2,4,2,0,1
DAMIMAS_A21B_0809_4.jpg,val,DAMIMAS_A21B_0809,2,2,2,1,4,2,0,2
DAMIMAS_A21B_0808_1.jpg,train,DAMIMAS_A21B_0808,2,2,1,0,2,1,0,3
DAMIMAS_A21B_0808_2.jpg,train,DAMIMAS_A21B_0808,2,1,1,1,2,1,0,2
DAMIMAS_A21B_0808_3.jpg,train,DAMIMAS_A21B_0808,1,1,2,1,2,2,0,1
DAMIMAS_A21B_0808_4.jpg,train,DAMIMAS_A21B_0808,1,1,2,1,3,2,0,2
DAMIMAS_A21B_0807_1.jpg,train,DAMIMAS_A21B_0807,0,0,0,0,1,1,0,4
DAMIMAS_A21B_0807_2.jpg,train,DAMIMAS_A21B_0807,0,0,0,0,2,0,1,4
DAMIMAS_A21B_0807_3.jpg,train,DAMIMAS_A21B_0807,0,0,0,1,2,0,2,5
DAMIMAS_A21B_0807_4.jpg,train,DAMIMAS_A21B_0807,0,0,1,1,3,1,0,3
DAMIMAS_A21B_0806_1.jpg,train,DAMIMAS_A21B_0806,1,1,1,0,3,2,0,1
DAMIMAS_A21B_0806_2.jpg,train,DAMIMAS_A21B_0806,0,0,2,0,4,3,0,1
DAMIMAS_A21B_0806_3.jpg,train,DAMIMAS_A21B_0806,0,0,1,0,2,3,0,0
DAMIMAS_A21B_0806_4.jpg,train,DAMIMAS_A21B_0806,1,1,0,0,2,2,0,0
DAMIMAS_A21B_0805_1.jpg,train,DAMIMAS_A21B_0805,1,1,3,2,4,2,1,1
DAMIMAS_A21B_0805_2.jpg,train,DAMIMAS_A21B_0805,1,1,2,2,4,1,0,2
DAMIMAS_A21B_0805_3.jpg,train,DAMIMAS_A21B_0805,1,2,1,1,3,2,0,2
DAMIMAS_A21B_0805_4.jpg,train,DAMIMAS_A21B_0805,1,1,1,2,5,2,0,2
DAMIMAS_A21B_0804_1.jpg,train,DAMIMAS_A21B_0804,1,1,0,1,3,2,0,0
DAMIMAS_A21B_0804_2.jpg,train,DAMIMAS_A21B_0804,1,0,2,2,1,2,0,1
DAMIMAS_A21B_0804_3.jpg,train,DAMIMAS_A21B_0804,0,0,1,1,3,3,0,1
DAMIMAS_A21B_0804_4.jpg,train,DAMIMAS_A21B_0804,2,1,0,0,1,2,0,0
DAMIMAS_A21B_0803_1.jpg,train,DAMIMAS_A21B_0803,1,0,0,1,4,3,0,2
DAMIMAS_A21B_0803_2.jpg,train,DAMIMAS_A21B_0803,0,0,1,0,3,3,1,2
DAMIMAS_A21B_0803_3.jpg,train,DAMIMAS_A21B_0803,1,1,1,0,3,4,1,2
DAMIMAS_A21B_0803_4.jpg,train,DAMIMAS_A21B_0803,1,1,0,1,4,3,1,2
DAMIMAS_A21B_0802_1.jpg,train,DAMIMAS_A21B_0802,0,0,1,2,2,0,0,2
DAMIMAS_A21B_0802_2.jpg,train,DAMIMAS_A21B_0802,1,1,0,0,2,1,0,1
DAMIMAS_A21B_0802_3.jpg,train,DAMIMAS_A21B_0802,0,0,1,0,4,2,0,2
DAMIMAS_A21B_0802_4.jpg,train,DAMIMAS_A21B_0802,0,0,0,1,4,1,0,1
DAMIMAS_A21B_0801_1.jpg,train,DAMIMAS_A21B_0801,1,1,1,2,3,1,1,2
DAMIMAS_A21B_0801_2.jpg,train,DAMIMAS_A21B_0801,1,0,1,3,5,1,0,1
DAMIMAS_A21B_0801_3.jpg,train,DAMIMAS_A21B_0801,0,0,2,2,4,1,0,2
DAMIMAS_A21B_0801_4.jpg,train,DAMIMAS_A21B_0801,1,1,0,1,3,1,1,2
DAMIMAS_A21B_0800_1.jpg,train,DAMIMAS_A21B_0800,0,0,1,1,2,1,0,1
DAMIMAS_A21B_0800_2.jpg,train,DAMIMAS_A21B_0800,1,0,2,2,1,1,0,1
DAMIMAS_A21B_0800_3.jpg,train,DAMIMAS_A21B_0800,0,0,1,1,1,2,0,2
DAMIMAS_A21B_0800_4.jpg,train,DAMIMAS_A21B_0800,0,0,1,1,5,3,0,1
DAMIMAS_A21B_0799_1.jpg,train,DAMIMAS_A21B_0799,0,0,0,0,4,2,0,2
DAMIMAS_A21B_0799_2.jpg,train,DAMIMAS_A21B_0799,0,0,0,0,5,3,0,1
DAMIMAS_A21B_0799_3.jpg,train,DAMIMAS_A21B_0799,0,0,0,0,4,3,0,1
DAMIMAS_A21B_0799_4.jpg,train,DAMIMAS_A21B_0799,0,0,0,0,3,2,1,1
DAMIMAS_A21B_0798_1.jpg,train,DAMIMAS_A21B_0798,2,1,1,1,1,1,0,0
DAMIMAS_A21B_0798_2.jpg,train,DAMIMAS_A21B_0798,1,1,0,1,4,3,0,0
DAMIMAS_A21B_0798_3.jpg,train,DAMIMAS_A21B_0798,1,0,1,1,3,2,0,0
DAMIMAS_A21B_0798_4.jpg,train,DAMIMAS_A21B_0798,1,0,2,2,2,1,0,0
DAMIMAS_A21B_0797_1.jpg,train,DAMIMAS_A21B_0797,0,1,1,1,2,1,0,0
DAMIMAS_A21B_0797_2.jpg,train,DAMIMAS_A21B_0797,0,1,0,2,1,0,0,0
DAMIMAS_A21B_0797_3.jpg,train,DAMIMAS_A21B_0797,0,0,1,3,2,1,0,0
DAMIMAS_A21B_0797_4.jpg,train,DAMIMAS_A21B_0797,0,0,1,1,1,2,0,0
DAMIMAS_A21B_0796_1.jpg,val,DAMIMAS_A21B_0796,0,0,0,0,3,3,0,0
DAMIMAS_A21B_0796_2.jpg,val,DAMIMAS_A21B_0796,0,0,0,0,3,3,0,0
DAMIMAS_A21B_0796_3.jpg,val,DAMIMAS_A21B_0796,0,0,0,0,3,2,1,1
DAMIMAS_A21B_0796_4.jpg,val,DAMIMAS_A21B_0796,0,0,0,0,4,3,1,1
DAMIMAS_A21B_0795_1.jpg,val,DAMIMAS_A21B_0795,0,1,2,1,1,1,0,0
DAMIMAS_A21B_0795_2.jpg,val,DAMIMAS_A21B_0795,0,0,1,1,0,1,0,0
DAMIMAS_A21B_0795_3.jpg,val,DAMIMAS_A21B_0795,0,0,0,0,1,1,0,0
DAMIMAS_A21B_0795_4.jpg,val,DAMIMAS_A21B_0795,0,1,1,0,1,1,0,0
DAMIMAS_A21B_0794_1.jpg,val,DAMIMAS_A21B_0794,1,0,1,1,4,5,0,0
DAMIMAS_A21B_0794_2.jpg,val,DAMIMAS_A21B_0794,1,0,2,1,5,4,0,0
DAMIMAS_A21B_0794_3.jpg,val,DAMIMAS_A21B_0794,0,0,2,1,4,4,2,0
DAMIMAS_A21B_0794_4.jpg,val,DAMIMAS_A21B_0794,0,0,1,1,4,3,0,0
DAMIMAS_A21B_0793_1.jpg,train,DAMIMAS_A21B_0793,0,0,0,0,0,0,0,0
DAMIMAS_A21B_0793_2.jpg,train,DAMIMAS_A21B_0793,0,0,0,0,0,0,0,0
DAMIMAS_A21B_0793_3.jpg,train,DAMIMAS_A21B_0793,0,0,0,0,0,0,0,0
DAMIMAS_A21B_0793_4.jpg,train,DAMIMAS_A21B_0793,0,0,0,0,0,0,0,0
DAMIMAS_A21B_0792_1.jpg,train,DAMIMAS_A21B_0792,0,0,3,2,4,3,0,2
DAMIMAS_A21B_0792_2.jpg,train,DAMIMAS_A21B_0792,1,0,2,1,4,4,0,0
DAMIMAS_A21B_0792_3.jpg,train,DAMIMAS_A21B_0792,1,0,2,1,4,4,0,0
DAMIMAS_A21B_0792_4.jpg,train,DAMIMAS_A21B_0792,1,0,1,2,5,3,0,0
DAMIMAS_A21B_0791_1.jpg,test,DAMIMAS_A21B_0791,1,0,1,1,1,1,0,0
DAMIMAS_A21B_0791_2.jpg,test,DAMIMAS_A21B_0791,0,0,1,1,3,2,0,0
DAMIMAS_A21B_0791_3.jpg,test,DAMIMAS_A21B_0791,0,0,1,0,2,2,0,0
DAMIMAS_A21B_0791_4.jpg,test,DAMIMAS_A21B_0791,0,0,0,0,1,2,0,0
DAMIMAS_A21B_0790_1.jpg,train,DAMIMAS_A21B_0790,1,1,1,0,3,3,0,0
DAMIMAS_A21B_0790_2.jpg,train,DAMIMAS_A21B_0790,1,2,0,0,3,2,0,0
DAMIMAS_A21B_0790_3.jpg,train,DAMIMAS_A21B_0790,0,1,0,0,5,2,0,0
DAMIMAS_A21B_0790_4.jpg,train,DAMIMAS_A21B_0790,0,0,1,0,6,4,1,0
DAMIMAS_A21B_0789_1.jpg,train,DAMIMAS_A21B_0789,2,2,2,1,4,3,0,1
DAMIMAS_A21B_0789_2.jpg,train,DAMIMAS_A21B_0789,1,1,1,1,7,2,0,2
DAMIMAS_A21B_0789_3.jpg,train,DAMIMAS_A21B_0789,1,0,1,3,5,1,0,2
DAMIMAS_A21B_0789_4.jpg,train,DAMIMAS_A21B_0789,1,1,1,3,3,1,0,2
DAMIMAS_A21B_0788_1.jpg,train,DAMIMAS_A21B_0788,1,0,1,1,3,3,0,1
DAMIMAS_A21B_0788_2.jpg,train,DAMIMAS_A21B_0788,0,0,1,1,5,3,1,1
DAMIMAS_A21B_0788_3.jpg,train,DAMIMAS_A21B_0788,0,0,0,0,3,4,2,2
DAMIMAS_A21B_0788_4.jpg,train,DAMIMAS_A21B_0788,0,0,0,0,4,4,0,1
DAMIMAS_A21B_0787_1.jpg,val,DAMIMAS_A21B_0787,0,0,0,1,1,2,0,0
DAMIMAS_A21B_0787_2.jpg,val,DAMIMAS_A21B_0787,1,0,1,1,1,2,0,0
DAMIMAS_A21B_0787_3.jpg,val,DAMIMAS_A21B_0787,0,0,0,2,1,1,0,0
DAMIMAS_A21B_0787_4.jpg,val,DAMIMAS_A21B_0787,0,0,2,1,2,2,0,0
DAMIMAS_A21B_0786_1.jpg,val,DAMIMAS_A21B_0786,0,1,0,0,1,1,0,0
DAMIMAS_A21B_0786_2.jpg,val,DAMIMAS_A21B_0786,1,1,0,1,1,0,0,0
DAMIMAS_A21B_0786_3.jpg,val,DAMIMAS_A21B_0786,0,0,0,1,1,0,0,0
DAMIMAS_A21B_0786_4.jpg,val,DAMIMAS_A21B_0786,0,0,0,0,1,1,0,0
DAMIMAS_A21B_0785_1.jpg,train,DAMIMAS_A21B_0785,0,0,0,2,3,1,0,0
DAMIMAS_A21B_0785_2.jpg,train,DAMIMAS_A21B_0785,0,0,1,0,3,3,0,0
DAMIMAS_A21B_0785_3.jpg,train,DAMIMAS_A21B_0785,0,0,1,1,3,3,0,0
DAMIMAS_A21B_0785_4.jpg,train,DAMIMAS_A21B_0785,0,0,0,1,2,3,0,0
DAMIMAS_A21B_0784_1.jpg,train,DAMIMAS_A21B_0784,0,0,2,2,2,2,0,0
DAMIMAS_A21B_0784_2.jpg,train,DAMIMAS_A21B_0784,0,0,1,1,2,2,0,0
DAMIMAS_A21B_0784_3.jpg,train,DAMIMAS_A21B_0784,0,0,2,1,0,0,0,1
DAMIMAS_A21B_0784_4.jpg,train,DAMIMAS_A21B_0784,0,0,2,2,2,2,0,0
DAMIMAS_A21B_0783_1.jpg,val,DAMIMAS_A21B_0783,0,1,1,1,4,3,0,0
DAMIMAS_A21B_0783_2.jpg,val,DAMIMAS_A21B_0783,0,0,2,1,2,3,0,2
DAMIMAS_A21B_0783_3.jpg,val,DAMIMAS_A21B_0783,0,1,1,0,2,4,0,1
DAMIMAS_A21B_0783_4.jpg,val,DAMIMAS_A21B_0783,1,1,3,1,2,3,0,1
DAMIMAS_A21B_0782_1.jpg,val,DAMIMAS_A21B_0782,0,0,0,0,2,2,0,0
DAMIMAS_A21B_0782_2.jpg,val,DAMIMAS_A21B_0782,0,0,0,0,1,1,0,0
DAMIMAS_A21B_0782_3.jpg,val,DAMIMAS_A21B_0782,0,0,0,0,1,2,1,1
DAMIMAS_A21B_0782_4.jpg,val,DAMIMAS_A21B_0782,0,0,1,0,1,1,0,0
DAMIMAS_A21B_0781_1.jpg,train,DAMIMAS_A21B_0781,1,0,2,2,3,1,0,2
DAMIMAS_A21B_0781_2.jpg,train,DAMIMAS_A21B_0781,0,0,2,2,2,3,0,2
DAMIMAS_A21B_0781_3.jpg,train,DAMIMAS_A21B_0781,0,0,3,2,2,2,0,1
DAMIMAS_A21B_0781_4.jpg,train,DAMIMAS_A21B_0781,1,0,1,1,4,3,0,1
DAMIMAS_A21B_0780_1.jpg,train,DAMIMAS_A21B_0780,0,0,0,0,0,0,0,2
DAMIMAS_A21B_0780_2.jpg,train,DAMIMAS_A21B_0780,0,0,0,0,1,1,0,1
DAMIMAS_A21B_0780_3.jpg,train,DAMIMAS_A21B_0780,0,0,0,0,0,0,0,2
DAMIMAS_A21B_0780_4.jpg,train,DAMIMAS_A21B_0780,0,0,0,0,0,0,0,1
DAMIMAS_A21B_0779_1.jpg,train,DAMIMAS_A21B_0779,1,1,2,1,2,2,0,0
DAMIMAS_A21B_0779_2.jpg,train,DAMIMAS_A21B_0779,1,1,0,0,1,2,0,0
DAMIMAS_A21B_0779_3.jpg,train,DAMIMAS_A21B_0779,0,1,0,1,3,2,0,0
DAMIMAS_A21B_0779_4.jpg,train,DAMIMAS_A21B_0779,0,0,1,1,2,2,0,0
DAMIMAS_A21B_0778_1.jpg,test,DAMIMAS_A21B_0778,0,0,0,0,3,1,0,1
DAMIMAS_A21B_0778_2.jpg,test,DAMIMAS_A21B_0778,0,0,0,0,0,2,0,2
DAMIMAS_A21B_0778_3.jpg,test,DAMIMAS_A21B_0778,0,0,1,0,1,1,0,0
DAMIMAS_A21B_0778_4.jpg,test,DAMIMAS_A21B_0778,0,0,0,0,2,1,0,1
DAMIMAS_A21B_0777_1.jpg,train,DAMIMAS_A21B_0777,1,2,0,0,2,1,0,1
DAMIMAS_A21B_0777_2.jpg,train,DAMIMAS_A21B_0777,1,1,0,0,2,1,0,2
DAMIMAS_A21B_0777_3.jpg,train,DAMIMAS_A21B_0777,1,1,0,0,3,2,0,2
DAMIMAS_A21B_0777_4.jpg,train,DAMIMAS_A21B_0777,1,2,1,0,3,2,0,1
DAMIMAS_A21B_0776_1.jpg,val,DAMIMAS_A21B_0776,1,1,0,0,2,1,0,1
DAMIMAS_A21B_0776_2.jpg,val,DAMIMAS_A21B_0776,0,0,1,1,2,3,2,1
DAMIMAS_A21B_0776_3.jpg,val,DAMIMAS_A21B_0776,0,0,1,1,3,3,0,1
DAMIMAS_A21B_0776_4.jpg,val,DAMIMAS_A21B_0776,1,1,2,1,2,1,0,1
DAMIMAS_A21B_0775_1.jpg,val,DAMIMAS_A21B_0775,0,0,2,2,4,3,0,0
DAMIMAS_A21B_0775_2.jpg,val,DAMIMAS_A21B_0775,0,0,1,1,3,2,0,0
DAMIMAS_A21B_0775_3.jpg,val,DAMIMAS_A21B_0775,0,0,2,1,5,4,0,0
DAMIMAS_A21B_0775_4.jpg,val,DAMIMAS_A21B_0775,0,0,1,1,1,3,1,0
DAMIMAS_A21B_0774_1.jpg,train,DAMIMAS_A21B_0774,0,1,1,0,3,1,0,0
DAMIMAS_A21B_0774_2.jpg,train,DAMIMAS_A21B_0774,0,0,0,0,1,1,0,0
DAMIMAS_A21B_0774_3.jpg,train,DAMIMAS_A21B_0774,0,0,0,0,1,2,0,0
DAMIMAS_A21B_0774_4.jpg,train,DAMIMAS_A21B_0774,0,0,1,1,1,2,0,0
DAMIMAS_A21B_0773_1.jpg,train,DAMIMAS_A21B_0773,0,1,0,1,1,3,1,1
DAMIMAS_A21B_0773_2.jpg,train,DAMIMAS_A21B_0773,0,0,0,1,2,1,0,0
DAMIMAS_A21B_0773_3.jpg,train,DAMIMAS_A21B_0773,0,1,2,0,0,3,0,0
DAMIMAS_A21B_0773_4.jpg,train,DAMIMAS_A21B_0773,1,1,0,0,4,3,0,0
DAMIMAS_A21B_0772_1.jpg,train,DAMIMAS_A21B_0772,0,2,0,0,0,1,0,0
DAMIMAS_A21B_0772_2.jpg,train,DAMIMAS_A21B_0772,0,1,0,0,0,1,0,0
DAMIMAS_A21B_0772_3.jpg,train,DAMIMAS_A21B_0772,1,1,1,0,0,1,1,0
DAMIMAS_A21B_0772_4.jpg,train,DAMIMAS_A21B_0772,1,1,0,0,1,1,0,0
DAMIMAS_A21B_0771_1.jpg,val,DAMIMAS_A21B_0771,0,0,0,1,1,2,1,1
DAMIMAS_A21B_0771_2.jpg,val,DAMIMAS_A21B_0771,0,0,1,2,1,2,0,0
DAMIMAS_A21B_0771_3.jpg,val,DAMIMAS_A21B_0771,0,0,1,2,1,1,0,0
DAMIMAS_A21B_0771_4.jpg,val,DAMIMAS_A21B_0771,0,0,0,2,5,2,0,0
DAMIMAS_A21B_0770_1.jpg,train,DAMIMAS_A21B_0770,0,0,1,1,2,4,0,2
DAMIMAS_A21B_0770_2.jpg,train,DAMIMAS_A21B_0770,0,0,0,1,4,3,0,1
DAMIMAS_A21B_0770_3.jpg,train,DAMIMAS_A21B_0770,0,0,1,1,2,2,1,0
DAMIMAS_A21B_0770_4.jpg,train,DAMIMAS_A21B_0770,0,0,0,0,3,3,0,1
DAMIMAS_A21B_0769_1.jpg,train,DAMIMAS_A21B_0769,0,0,2,1,5,3,1,2
DAMIMAS_A21B_0769_2.jpg,train,DAMIMAS_A21B_0769,0,0,0,1,3,4,0,2
DAMIMAS_A21B_0769_3.jpg,train,DAMIMAS_A21B_0769,0,0,1,0,5,6,0,0
DAMIMAS_A21B_0769_4.jpg,train,DAMIMAS_A21B_0769,0,0,1,0,6,5,1,2
DAMIMAS_A21B_0768_1.jpg,train,DAMIMAS_A21B_0768,1,1,1,1,1,2,0,0
DAMIMAS_A21B_0768_2.jpg,train,DAMIMAS_A21B_0768,1,2,0,0,3,2,0,0
DAMIMAS_A21B_0768_3.jpg,train,DAMIMAS_A21B_0768,1,1,1,0,3,3,0,0
DAMIMAS_A21B_0768_4.jpg,train,DAMIMAS_A21B_0768,1,1,1,1,2,2,0,0
DAMIMAS_A21B_0767_1.jpg,train,DAMIMAS_A21B_0767,0,0,1,1,2,3,0,0
DAMIMAS_A21B_0767_2.jpg,train,DAMIMAS_A21B_0767,1,1,1,1,3,2,0,0
DAMIMAS_A21B_0767_3.jpg,train,DAMIMAS_A21B_0767,0,1,1,1,2,1,0,0
DAMIMAS_A21B_0767_4.jpg,train,DAMIMAS_A21B_0767,1,1,1,1,2,2,1,1
DAMIMAS_A21B_0766_1.jpg,train,DAMIMAS_A21B_0766,0,1,1,0,3,2,3,1
DAMIMAS_A21B_0766_2.jpg,train,DAMIMAS_A21B_0766,0,0,0,0,3,2,0,1
DAMIMAS_A21B_0766_3.jpg,train,DAMIMAS_A21B_0766,0,0,1,1,2,1,0,1
DAMIMAS_A21B_0766_4.jpg,train,DAMIMAS_A21B_0766,0,1,1,1,1,1,1,1
DAMIMAS_A21B_0765_1.jpg,train,DAMIMAS_A21B_0765,1,1,1,0,1,3,0,1
DAMIMAS_A21B_0765_2.jpg,train,DAMIMAS_A21B_0765,1,1,1,0,3,2,0,1
DAMIMAS_A21B_0765_3.jpg,train,DAMIMAS_A21B_0765,3,1,1,1,3,1,0,1
DAMIMAS_A21B_0765_4.jpg,train,DAMIMAS_A21B_0765,0,1,1,1,2,3,0,0
DAMIMAS_A21B_0764_1.jpg,train,DAMIMAS_A21B_0764,0,0,0,0,2,3,0,0
DAMIMAS_A21B_0764_2.jpg,train,DAMIMAS_A21B_0764,0,0,0,0,1,1,0,0
DAMIMAS_A21B_0764_3.jpg,train,DAMIMAS_A21B_0764,0,0,1,1,3,1,0,2
DAMIMAS_A21B_0764_4.jpg,train,DAMIMAS_A21B_0764,1,0,1,1,3,2,0,1
DAMIMAS_A21B_0763_1.jpg,train,DAMIMAS_A21B_0763,0,0,0,0,1,1,0,0
DAMIMAS_A21B_0763_2.jpg,train,DAMIMAS_A21B_0763,0,0,0,0,0,0,0,0
DAMIMAS_A21B_0763_3.jpg,train,DAMIMAS_A21B_0763,0,0,0,0,0,1,0,0
DAMIMAS_A21B_0763_4.jpg,train,DAMIMAS_A21B_0763,0,0,0,0,1,1,0,0
DAMIMAS_A21B_0762_1.jpg,val,DAMIMAS_A21B_0762,0,0,0,1,3,2,0,0
DAMIMAS_A21B_0762_2.jpg,val,DAMIMAS_A21B_0762,0,0,0,0,3,2,0,0
DAMIMAS_A21B_0762_3.jpg,val,DAMIMAS_A21B_0762,0,0,0,0,3,2,0,0
DAMIMAS_A21B_0762_4.jpg,val,DAMIMAS_A21B_0762,0,0,0,1,1,2,0,0
DAMIMAS_A21B_0761_1.jpg,train,DAMIMAS_A21B_0761,0,0,2,2,3,3,0,2
DAMIMAS_A21B_0761_2.jpg,train,DAMIMAS_A21B_0761,0,0,2,1,3,2,0,2
DAMIMAS_A21B_0761_3.jpg,train,DAMIMAS_A21B_0761,1,1,2,0,3,4,0,1
DAMIMAS_A21B_0761_4.jpg,train,DAMIMAS_A21B_0761,2,1,0,1,3,3,0,0
DAMIMAS_A21B_0760_1.jpg,test,DAMIMAS_A21B_0760,0,0,0,0,3,3,1,2
DAMIMAS_A21B_0760_2.jpg,test,DAMIMAS_A21B_0760,0,0,0,0,3,3,0,1
DAMIMAS_A21B_0760_3.jpg,test,DAMIMAS_A21B_0760,0,0,0,0,2,2,0,1
DAMIMAS_A21B_0760_4.jpg,test,DAMIMAS_A21B_0760,0,0,0,0,3,3,0,2
DAMIMAS_A21B_0759_1.jpg,val,DAMIMAS_A21B_0759,0,0,0,0,5,4,1,1
DAMIMAS_A21B_0759_2.jpg,val,DAMIMAS_A21B_0759,0,0,1,0,3,4,0,1
DAMIMAS_A21B_0759_3.jpg,val,DAMIMAS_A21B_0759,0,0,0,0,6,2,0,3
DAMIMAS_A21B_0759_4.jpg,val,DAMIMAS_A21B_0759,0,0,1,0,3,4,0,2
DAMIMAS_A21B_0758_1.jpg,train,DAMIMAS_A21B_0758,0,0,2,2,1,0,0,0
DAMIMAS_A21B_0758_2.jpg,train,DAMIMAS_A21B_0758,1,1,1,1,2,0,0,1
DAMIMAS_A21B_0758_3.jpg,train,DAMIMAS_A21B_0758,1,1,1,1,1,0,0,0
DAMIMAS_A21B_0758_4.jpg,train,DAMIMAS_A21B_0758,0,0,0,2,2,0,0,1
DAMIMAS_A21B_0757_1.jpg,train,DAMIMAS_A21B_0757,0,0,1,0,3,5,0,0
DAMIMAS_A21B_0757_2.jpg,train,DAMIMAS_A21B_0757,0,0,0,1,2,5,0,0
DAMIMAS_A21B_0757_3.jpg,train,DAMIMAS_A21B_0757,0,0,0,1,3,4,1,0
DAMIMAS_A21B_0757_4.jpg,train,DAMIMAS_A21B_0757,0,0,0,0,3,6,0,0
DAMIMAS_A21B_0756_1.jpg,train,DAMIMAS_A21B_0756,0,0,0,0,5,5,1,1
DAMIMAS_A21B_0756_2.jpg,train,DAMIMAS_A21B_0756,0,0,1,0,3,5,0,1
DAMIMAS_A21B_0756_3.jpg,train,DAMIMAS_A21B_0756,0,0,1,0,4,3,0,3
DAMIMAS_A21B_0756_4.jpg,train,DAMIMAS_A21B_0756,0,0,0,0,4,4,0,1
DAMIMAS_A21B_0755_1.jpg,train,DAMIMAS_A21B_0755,1,1,0,0,2,2,0,0
DAMIMAS_A21B_0755_2.jpg,train,DAMIMAS_A21B_0755,1,1,1,0,3,3,1,1
DAMIMAS_A21B_0755_3.jpg,train,DAMIMAS_A21B_0755,0,0,1,1,2,2,0,2
DAMIMAS_A21B_0755_4.jpg,train,DAMIMAS_A21B_0755,0,1,1,1,1,2,2,1
DAMIMAS_A21B_0754_1.jpg,train,DAMIMAS_A21B_0754,0,0,0,0,0,0,0,0
DAMIMAS_A21B_0754_2.jpg,train,DAMIMAS_A21B_0754,0,0,0,0,0,0,0,0
DAMIMAS_A21B_0754_3.jpg,train,DAMIMAS_A21B_0754,0,0,0,1,1,0,0,0
DAMIMAS_A21B_0754_4.jpg,train,DAMIMAS_A21B_0754,0,1,0,1,0,0,0,0
DAMIMAS_A21B_0753_1.jpg,train,DAMIMAS_A21B_0753,1,1,1,0,5,4,0,0
DAMIMAS_A21B_0753_2.jpg,train,DAMIMAS_A21B_0753,1,1,0,0,2,2,0,0
DAMIMAS_A21B_0753_3.jpg,train,DAMIMAS_A21B_0753,0,1,0,1,3,2,0,0
DAMIMAS_A21B_0753_4.jpg,train,DAMIMAS_A21B_0753,0,0,1,1,5,4,0,0
DAMIMAS_A21B_0752_1.jpg,train,DAMIMAS_A21B_0752,0,1,1,1,2,1,0,0
DAMIMAS_A21B_0752_2.jpg,train,DAMIMAS_A21B_0752,0,0,0,1,3,2,0,0
DAMIMAS_A21B_0752_3.jpg,train,DAMIMAS_A21B_0752,1,1,0,0,3,3,0,0
DAMIMAS_A21B_0752_4.jpg,train,DAMIMAS_A21B_0752,1,1,0,0,2,2,0,0
DAMIMAS_A21B_0751_1.jpg,train,DAMIMAS_A21B_0751,1,1,2,1,2,3,0,1
DAMIMAS_A21B_0751_2.jpg,train,DAMIMAS_A21B_0751,1,1,1,1,3,4,0,0
DAMIMAS_A21B_0751_3.jpg,train,DAMIMAS_A21B_0751,1,1,0,1,3,3,0,0
DAMIMAS_A21B_0751_4.jpg,train,DAMIMAS_A21B_0751,1,1,1,2,2,3,0,0
DAMIMAS_A21B_0750_1.jpg,train,DAMIMAS_A21B_0750,0,0,0,0,3,2,1,1
DAMIMAS_A21B_0750_2.jpg,train,DAMIMAS_A21B_0750,0,0,0,0,3,2,0,0
DAMIMAS_A21B_0750_3.jpg,train,DAMIMAS_A21B_0750,0,0,0,0,3,3,0,0
DAMIMAS_A21B_0750_4.jpg,train,DAMIMAS_A21B_0750,0,0,0,0,3,3,1,1
DAMIMAS_A21B_0749_1.jpg,test,DAMIMAS_A21B_0749,1,2,0,1,4,4,0,1
DAMIMAS_A21B_0749_2.jpg,test,DAMIMAS_A21B_0749,1,1,0,2,3,2,0,1
DAMIMAS_A21B_0749_3.jpg,test,DAMIMAS_A21B_0749,0,0,1,1,5,3,1,2
DAMIMAS_A21B_0749_4.jpg,test,DAMIMAS_A21B_0749,1,1,0,0,5,4,1,1
DAMIMAS_A21B_0748_1.jpg,test,DAMIMAS_A21B_0748,0,0,0,0,4,4,0,1
DAMIMAS_A21B_0748_2.jpg,test,DAMIMAS_A21B_0748,1,1,1,0,4,3,0,1
DAMIMAS_A21B_0748_3.jpg,test,DAMIMAS_A21B_0748,2,2,1,0,5,4,1,1
DAMIMAS_A21B_0748_4.jpg,test,DAMIMAS_A21B_0748,1,1,0,0,4,4,1,1
DAMIMAS_A21B_0747_1.jpg,train,DAMIMAS_A21B_0747,0,0,2,2,6,4,0,2
DAMIMAS_A21B_0747_2.jpg,train,DAMIMAS_A21B_0747,0,0,2,2,7,4,0,3
DAMIMAS_A21B_0747_3.jpg,train,DAMIMAS_A21B_0747,0,0,1,1,5,4,0,2
DAMIMAS_A21B_0747_4.jpg,train,DAMIMAS_A21B_0747,0,0,1,2,5,4,2,2
DAMIMAS_A21B_0746_1.jpg,train,DAMIMAS_A21B_0746,0,0,2,2,3,2,0,1
DAMIMAS_A21B_0746_2.jpg,train,DAMIMAS_A21B_0746,0,0,1,1,4,2,1,2
DAMIMAS_A21B_0746_3.jpg,train,DAMIMAS_A21B_0746,1,1,0,0,3,3,2,2
DAMIMAS_A21B_0746_4.jpg,train,DAMIMAS_A21B_0746,1,1,0,1,4,3,1,1
DAMIMAS_A21B_0745_1.jpg,val,DAMIMAS_A21B_0745,1,1,2,0,3,4,0,3
DAMIMAS_A21B_0745_2.jpg,val,DAMIMAS_A21B_0745,0,0,0,0,4,4,1,2
DAMIMAS_A21B_0745_3.jpg,val,DAMIMAS_A21B_0745,0,1,0,0,4,4,0,1
DAMIMAS_A21B_0745_4.jpg,val,DAMIMAS_A21B_0745,0,2,0,0,3,4,0,1
DAMIMAS_A21B_0744_1.jpg,test,DAMIMAS_A21B_0744,1,0,1,1,2,3,0,0
DAMIMAS_A21B_0744_2.jpg,test,DAMIMAS_A21B_0744,1,0,1,2,3,2,0,0
DAMIMAS_A21B_0744_3.jpg,test,DAMIMAS_A21B_0744,0,0,1,1,2,2,0,0
DAMIMAS_A21B_0744_4.jpg,test,DAMIMAS_A21B_0744,0,0,0,0,2,2,0,0
DAMIMAS_A21B_0743_1.jpg,val,DAMIMAS_A21B_0743,0,0,0,0,2,2,0,1
DAMIMAS_A21B_0743_2.jpg,val,DAMIMAS_A21B_0743,0,0,0,0,1,2,1,2
DAMIMAS_A21B_0743_3.jpg,val,DAMIMAS_A21B_0743,0,0,0,0,0,2,0,2
DAMIMAS_A21B_0743_4.jpg,val,DAMIMAS_A21B_0743,0,0,0,0,1,1,0,2
DAMIMAS_A21B_0742_1.jpg,test,DAMIMAS_A21B_0742,0,0,0,1,0,1,0,0
DAMIMAS_A21B_0742_2.jpg,test,DAMIMAS_A21B_0742,1,1,1,1,2,2,0,0
DAMIMAS_A21B_0742_3.jpg,test,DAMIMAS_A21B_0742,1,1,0,0,1,1,0,0
DAMIMAS_A21B_0742_4.jpg,test,DAMIMAS_A21B_0742,0,0,0,0,1,1,0,0
DAMIMAS_A21B_0741_1.jpg,train,DAMIMAS_A21B_0741,1,0,1,1,4,4,0,1
DAMIMAS_A21B_0741_2.jpg,train,DAMIMAS_A21B_0741,0,0,2,2,3,3,1,1
DAMIMAS_A21B_0741_3.jpg,train,DAMIMAS_A21B_0741,1,1,1,1,5,3,2,2
DAMIMAS_A21B_0741_4.jpg,train,DAMIMAS_A21B_0741,1,1,1,1,5,3,1,2
DAMIMAS_A21B_0740_1.jpg,train,DAMIMAS_A21B_0740,0,1,0,0,4,3,1,1
DAMIMAS_A21B_0740_2.jpg,train,DAMIMAS_A21B_0740,1,1,1,0,3,3,1,1
DAMIMAS_A21B_0740_3.jpg,train,DAMIMAS_A21B_0740,1,0,1,1,3,3,0,2
DAMIMAS_A21B_0740_4.jpg,train,DAMIMAS_A21B_0740,0,0,2,1,3,3,0,2
DAMIMAS_A21B_0739_1.jpg,train,DAMIMAS_A21B_0739,0,0,1,0,2,4,1,2
DAMIMAS_A21B_0739_2.jpg,train,DAMIMAS_A21B_0739,0,0,0,0,4,5,1,1
DAMIMAS_A21B_0739_3.jpg,train,DAMIMAS_A21B_0739,0,0,0,0,4,3,0,2
DAMIMAS_A21B_0739_4.jpg,train,DAMIMAS_A21B_0739,0,0,0,0,2,2,1,2
DAMIMAS_A21B_0738_1.jpg,train,DAMIMAS_A21B_0738,0,0,0,0,4,4,1,0
DAMIMAS_A21B_0738_2.jpg,train,DAMIMAS_A21B_0738,0,0,0,0,6,5,1,0
DAMIMAS_A21B_0738_3.jpg,train,DAMIMAS_A21B_0738,0,0,0,0,5,4,1,1
DAMIMAS_A21B_0738_4.jpg,train,DAMIMAS_A21B_0738,0,0,0,0,3,2,1,1
DAMIMAS_A21B_0737_1.jpg,test,DAMIMAS_A21B_0737,0,0,0,0,3,3,1,1
DAMIMAS_A21B_0737_2.jpg,test,DAMIMAS_A21B_0737,0,0,0,0,2,3,1,1
DAMIMAS_A21B_0737_3.jpg,test,DAMIMAS_A21B_0737,0,0,0,0,2,3,0,0
DAMIMAS_A21B_0737_4.jpg,test,DAMIMAS_A21B_0737,0,0,0,0,2,3,0,1
DAMIMAS_A21B_0736_1.jpg,train,DAMIMAS_A21B_0736,0,0,1,0,4,4,1,1
DAMIMAS_A21B_0736_2.jpg,train,DAMIMAS_A21B_0736,0,0,1,0,4,4,1,1
DAMIMAS_A21B_0736_3.jpg,train,DAMIMAS_A21B_0736,1,0,0,1,3,3,0,1
DAMIMAS_A21B_0736_4.jpg,train,DAMIMAS_A21B_0736,0,0,2,1,3,3,0,1
DAMIMAS_A21B_0735_1.jpg,train,DAMIMAS_A21B_0735,0,0,0,0,3,4,0,0
DAMIMAS_A21B_0735_2.jpg,train,DAMIMAS_A21B_0735,0,0,0,0,3,4,1,0
DAMIMAS_A21B_0735_3.jpg,train,DAMIMAS_A21B_0735,0,0,1,0,4,3,0,1
DAMIMAS_A21B_0735_4.jpg,train,DAMIMAS_A21B_0735,0,0,1,0,6,5,0,0
DAMIMAS_A21B_0734_1.jpg,train,DAMIMAS_A21B_0734,1,0,0,1,2,1,0,1
DAMIMAS_A21B_0734_2.jpg,train,DAMIMAS_A21B_0734,0,1,1,0,4,3,1,1
DAMIMAS_A21B_0734_3.jpg,train,DAMIMAS_A21B_0734,1,1,0,0,3,3,0,1
DAMIMAS_A21B_0734_4.jpg,train,DAMIMAS_A21B_0734,0,0,1,1,2,2,0,0
DAMIMAS_A21B_0733_1.jpg,test,DAMIMAS_A21B_0733,0,0,0,0,4,3,0,2
DAMIMAS_A21B_0733_2.jpg,test,DAMIMAS_A21B_0733,0,0,0,0,4,4,1,1
DAMIMAS_A21B_0733_3.jpg,test,DAMIMAS_A21B_0733,0,0,0,0,2,3,1,2
DAMIMAS_A21B_0733_4.jpg,test,DAMIMAS_A21B_0733,0,0,0,0,2,2,0,3
DAMIMAS_A21B_0732_1.jpg,train,DAMIMAS_A21B_0732,0,0,0,0,3,3,0,2
DAMIMAS_A21B_0732_2.jpg,train,DAMIMAS_A21B_0732,0,0,0,0,4,3,0,1
DAMIMAS_A21B_0732_3.jpg,train,DAMIMAS_A21B_0732,0,0,0,0,2,3,0,0
DAMIMAS_A21B_0732_4.jpg,train,DAMIMAS_A21B_0732,0,0,0,0,2,3,1,1
DAMIMAS_A21B_0731_1.jpg,train,DAMIMAS_A21B_0731,0,0,0,0,2,3,0,0
DAMIMAS_A21B_0731_2.jpg,train,DAMIMAS_A21B_0731,0,0,0,0,1,3,0,0
DAMIMAS_A21B_0731_3.jpg,train,DAMIMAS_A21B_0731,0,0,0,0,3,4,0,0
DAMIMAS_A21B_0731_4.jpg,train,DAMIMAS_A21B_0731,0,0,0,0,2,3,0,0
DAMIMAS_A21B_0730_1.jpg,train,DAMIMAS_A21B_0730,1,1,0,0,4,1,1,1
DAMIMAS_A21B_0730_2.jpg,train,DAMIMAS_A21B_0730,2,2,1,1,3,1,0,1
DAMIMAS_A21B_0730_3.jpg,train,DAMIMAS_A21B_0730,1,1,2,2,4,2,0,0
DAMIMAS_A21B_0730_4.jpg,train,DAMIMAS_A21B_0730,0,0,2,1,2,2,0,0
DAMIMAS_A21B_0729_1.jpg,train,DAMIMAS_A21B_0729,1,1,0,1,5,5,0,0
DAMIMAS_A21B_0729_2.jpg,train,DAMIMAS_A21B_0729,1,1,1,0,6,5,0,0
DAMIMAS_A21B_0729_3.jpg,train,DAMIMAS_A21B_0729,3,3,0,0,3,5,0,0
DAMIMAS_A21B_0729_4.jpg,train,DAMIMAS_A21B_0729,2,2,2,1,4,3,0,1
DAMIMAS_A21B_0728_1.jpg,train,DAMIMAS_A21B_0728,1,1,2,1,3,3,1,2
DAMIMAS_A21B_0728_2.jpg,train,DAMIMAS_A21B_0728,1,1,1,0,5,4,2,2
DAMIMAS_A21B_0728_3.jpg,train,DAMIMAS_A21B_0728,1,1,3,1,4,3,1,2
DAMIMAS_A21B_0728_4.jpg,train,DAMIMAS_A21B_0728,0,1,2,2,3,2,0,2
DAMIMAS_A21B_0727_1.jpg,test,DAMIMAS_A21B_0727,2,2,2,0,4,6,1,1
DAMIMAS_A21B_0727_2.jpg,test,DAMIMAS_A21B_0727,1,1,1,1,4,5,1,0
DAMIMAS_A21B_0727_3.jpg,test,DAMIMAS_A21B_0727,1,1,2,1,4,4,0,2
DAMIMAS_A21B_0727_4.jpg,test,DAMIMAS_A21B_0727,2,2,2,0,6,4,1,2
DAMIMAS_A21B_0726_1.jpg,test,DAMIMAS_A21B_0726,1,1,1,1,4,4,0,0
DAMIMAS_A21B_0726_2.jpg,test,DAMIMAS_A21B_0726,1,1,1,1,2,4,0,1
DAMIMAS_A21B_0726_3.jpg,test,DAMIMAS_A21B_0726,1,1,1,1,4,4,0,1
DAMIMAS_A21B_0726_4.jpg,test,DAMIMAS_A21B_0726,1,1,1,1,3,4,1,1
DAMIMAS_A21B_0725_1.jpg,val,DAMIMAS_A21B_0725,1,0,2,1,1,1,0,1
DAMIMAS_A21B_0725_2.jpg,val,DAMIMAS_A21B_0725,0,0,1,1,1,2,0,0
DAMIMAS_A21B_0725_3.jpg,val,DAMIMAS_A21B_0725,1,0,0,1,3,3,0,0
DAMIMAS_A21B_0725_4.jpg,val,DAMIMAS_A21B_0725,0,0,1,1,1,1,0,0
DAMIMAS_A21B_0724_1.jpg,val,DAMIMAS_A21B_0724,0,1,0,0,2,1,0,1
DAMIMAS_A21B_0724_2.jpg,val,DAMIMAS_A21B_0724,1,1,1,1,2,1,0,1
DAMIMAS_A21B_0724_3.jpg,val,DAMIMAS_A21B_0724,0,1,1,3,0,1,0,0
DAMIMAS_A21B_0724_4.jpg,val,DAMIMAS_A21B_0724,1,0,0,2,1,2,0,1
DAMIMAS_A21B_0723_1.jpg,train,DAMIMAS_A21B_0723,2,2,1,2,2,3,0,2
DAMIMAS_A21B_0723_2.jpg,train,DAMIMAS_A21B_0723,2,1,1,3,4,4,0,2
DAMIMAS_A21B_0723_3.jpg,train,DAMIMAS_A21B_0723,1,0,3,2,4,4,0,2
DAMIMAS_A21B_0723_4.jpg,train,DAMIMAS_A21B_0723,1,1,3,2,3,3,1,3
DAMIMAS_A21B_0722_1.jpg,train,DAMIMAS_A21B_0722,0,0,1,1,3,2,0,1
DAMIMAS_A21B_0722_2.jpg,train,DAMIMAS_A21B_0722,0,0,1,1,4,3,1,1
DAMIMAS_A21B_0722_3.jpg,train,DAMIMAS_A21B_0722,1,1,1,1,3,3,1,1
DAMIMAS_A21B_0722_4.jpg,train,DAMIMAS_A21B_0722,0,1,1,1,3,3,1,1
DAMIMAS_A21B_0721_1.jpg,train,DAMIMAS_A21B_0721,1,0,2,1,5,5,1,1
DAMIMAS_A21B_0721_2.jpg,train,DAMIMAS_A21B_0721,2,1,1,1,4,4,0,1
DAMIMAS_A21B_0721_3.jpg,train,DAMIMAS_A21B_0721,4,2,1,1,4,4,0,1
DAMIMAS_A21B_0721_4.jpg,train,DAMIMAS_A21B_0721,1,1,1,0,4,5,0,0
DAMIMAS_A21B_0720_1.jpg,train,DAMIMAS_A21B_0720,1,2,1,0,3,4,0,0
DAMIMAS_A21B_0720_2.jpg,train,DAMIMAS_A21B_0720,1,1,1,0,3,5,0,0
DAMIMAS_A21B_0720_3.jpg,train,DAMIMAS_A21B_0720,1,2,1,0,5,4,0,1
DAMIMAS_A21B_0720_4.jpg,train,DAMIMAS_A21B_0720,2,2,1,0,3,3,0,1
DAMIMAS_A21B_0719_1.jpg,train,DAMIMAS_A21B_0719,2,2,0,0,2,3,0,0
DAMIMAS_A21B_0719_2.jpg,train,DAMIMAS_A21B_0719,1,1,1,1,4,4,0,0
DAMIMAS_A21B_0719_3.jpg,train,DAMIMAS_A21B_0719,0,0,1,1,3,3,0,0
DAMIMAS_A21B_0719_4.jpg,train,DAMIMAS_A21B_0719,1,1,0,0,3,3,0,0
DAMIMAS_A21B_0718_1.jpg,test,DAMIMAS_A21B_0718,1,1,1,1,0,1,0,1
DAMIMAS_A21B_0718_2.jpg,test,DAMIMAS_A21B_0718,2,2,1,0,4,2,0,2
DAMIMAS_A21B_0718_3.jpg,test,DAMIMAS_A21B_0718,3,2,1,1,5,3,1,2
DAMIMAS_A21B_0718_4.jpg,test,DAMIMAS_A21B_0718,2,1,2,2,2,2,0,2
DAMIMAS_A21B_0717_1.jpg,train,DAMIMAS_A21B_0717,1,1,1,0,4,3,0,1
DAMIMAS_A21B_0717_2.jpg,train,DAMIMAS_A21B_0717,2,1,1,1,4,3,0,1
DAMIMAS_A21B_0717_3.jpg,train,DAMIMAS_A21B_0717,1,1,1,1,4,3,0,1
DAMIMAS_A21B_0717_4.jpg,train,DAMIMAS_A21B_0717,1,2,1,1,5,2,0,2
DAMIMAS_A21B_0716_1.jpg,test,DAMIMAS_A21B_0716,1,1,1,1,2,4,1,2
DAMIMAS_A21B_0716_2.jpg,test,DAMIMAS_A21B_0716,0,0,3,2,5,4,1,1
DAMIMAS_A21B_0716_3.jpg,test,DAMIMAS_A21B_0716,1,0,1,1,5,5,0,0
DAMIMAS_A21B_0716_4.jpg,test,DAMIMAS_A21B_0716,1,1,1,0,4,5,0,1
DAMIMAS_A21B_0715_1.jpg,train,DAMIMAS_A21B_0715,1,1,1,1,3,4,0,0
DAMIMAS_A21B_0715_2.jpg,train,DAMIMAS_A21B_0715,0,1,1,1,5,4,0,1
DAMIMAS_A21B_0715_3.jpg,train,DAMIMAS_A21B_0715,1,1,1,1,2,3,1,2
DAMIMAS_A21B_0715_4.jpg,train,DAMIMAS_A21B_0715,0,1,1,1,5,3,0,1
DAMIMAS_A21B_0714_1.jpg,train,DAMIMAS_A21B_0714,0,0,2,2,4,2,0,2
DAMIMAS_A21B_0714_2.jpg,train,DAMIMAS_A21B_0714,0,0,1,1,5,4,0,2
DAMIMAS_A21B_0714_3.jpg,train,DAMIMAS_A21B_0714,0,0,1,1,3,3,0,2
DAMIMAS_A21B_0714_4.jpg,train,DAMIMAS_A21B_0714,0,0,1,2,3,1,0,4
DAMIMAS_A21B_0713_1.jpg,test,DAMIMAS_A21B_0713,1,0,2,2,2,3,0,0
DAMIMAS_A21B_0713_2.jpg,test,DAMIMAS_A21B_0713,1,0,0,1,3,3,0,1
DAMIMAS_A21B_0713_3.jpg,test,DAMIMAS_A21B_0713,1,1,1,0,2,2,1,1
DAMIMAS_A21B_0713_4.jpg,test,DAMIMAS_A21B_0713,1,1,1,1,3,2,0,1
DAMIMAS_A21B_0712_1.jpg,test,DAMIMAS_A21B_0712,2,1,1,1,4,3,0,1
DAMIMAS_A21B_0712_2.jpg,test,DAMIMAS_A21B_0712,1,1,2,1,2,3,0,0
DAMIMAS_A21B_0712_3.jpg,test,DAMIMAS_A21B_0712,0,0,1,1,5,4,0,1
DAMIMAS_A21B_0712_4.jpg,test,DAMIMAS_A21B_0712,0,0,1,1,5,5,0,1
DAMIMAS_A21B_0711_1.jpg,train,DAMIMAS_A21B_0711,1,1,1,1,5,3,1,1
DAMIMAS_A21B_0711_2.jpg,train,DAMIMAS_A21B_0711,1,1,1,1,3,2,0,1
DAMIMAS_A21B_0711_3.jpg,train,DAMIMAS_A21B_0711,0,1,1,2,3,1,0,1
DAMIMAS_A21B_0711_4.jpg,train,DAMIMAS_A21B_0711,1,1,1,1,4,4,1,1
DAMIMAS_A21B_0710_1.jpg,train,DAMIMAS_A21B_0710,1,1,2,2,3,2,1,1
DAMIMAS_A21B_0710_2.jpg,train,DAMIMAS_A21B_0710,1,1,1,1,4,3,1,2
DAMIMAS_A21B_0710_3.jpg,train,DAMIMAS_A21B_0710,2,2,0,1,6,3,1,1
DAMIMAS_A21B_0710_4.jpg,train,DAMIMAS_A21B_0710,1,2,1,1,4,2,0,0
DAMIMAS_A21B_0709_1.jpg,train,DAMIMAS_A21B_0709,1,1,1,2,3,2,0,2
DAMIMAS_A21B_0709_2.jpg,train,DAMIMAS_A21B_0709,2,1,1,1,4,2,0,2
DAMIMAS_A21B_0709_3.jpg,train,DAMIMAS_A21B_0709,1,2,0,0,5,3,1,2
DAMIMAS_A21B_0709_4.jpg,train,DAMIMAS_A21B_0709,2,2,1,1,5,3,0,1
DAMIMAS_A21B_0708_1.jpg,val,DAMIMAS_A21B_0708,2,1,0,1,3,4,1,2
DAMIMAS_A21B_0708_2.jpg,val,DAMIMAS_A21B_0708,1,1,1,0,5,4,0,2
DAMIMAS_A21B_0708_3.jpg,val,DAMIMAS_A21B_0708,1,1,1,1,4,3,0,2
DAMIMAS_A21B_0708_4.jpg,val,DAMIMAS_A21B_0708,1,0,1,1,5,4,1,1
DAMIMAS_A21B_0707_1.jpg,train,DAMIMAS_A21B_0707,0,0,2,1,6,5,0,1
DAMIMAS_A21B_0707_2.jpg,train,DAMIMAS_A21B_0707,0,0,1,1,4,5,0,1
DAMIMAS_A21B_0707_3.jpg,train,DAMIMAS_A21B_0707,1,0,1,1,3,4,1,1
DAMIMAS_A21B_0707_4.jpg,train,DAMIMAS_A21B_0707,1,0,3,1,6,5,0,0
DAMIMAS_A21B_0706_1.jpg,test,DAMIMAS_A21B_0706,1,1,0,0,6,2,1,3
DAMIMAS_A21B_0706_2.jpg,test,DAMIMAS_A21B_0706,1,1,0,0,4,2,1,3
DAMIMAS_A21B_0706_3.jpg,test,DAMIMAS_A21B_0706,1,2,3,0,4,3,0,1
DAMIMAS_A21B_0706_4.jpg,test,DAMIMAS_A21B_0706,2,2,1,0,4,3,1,1
DAMIMAS_A21B_0705_1.jpg,train,DAMIMAS_A21B_0705,1,1,1,1,4,4,2,1
DAMIMAS_A21B_0705_2.jpg,train,DAMIMAS_A21B_0705,0,1,1,1,3,3,0,1
DAMIMAS_A21B_0705_3.jpg,train,DAMIMAS_A21B_0705,1,1,1,1,5,3,0,2
DAMIMAS_A21B_0705_4.jpg,train,DAMIMAS_A21B_0705,1,1,1,1,3,3,0,1
DAMIMAS_A21B_0704_1.jpg,train,DAMIMAS_A21B_0704,2,0,1,1,3,3,0,2
DAMIMAS_A21B_0704_2.jpg,train,DAMIMAS_A21B_0704,0,0,1,1,3,5,1,1
DAMIMAS_A21B_0704_3.jpg,train,DAMIMAS_A21B_0704,0,0,2,1,3,4,1,1
DAMIMAS_A21B_0704_4.jpg,train,DAMIMAS_A21B_0704,0,0,2,3,2,1,1,3
DAMIMAS_A21B_0703_1.jpg,val,DAMIMAS_A21B_0703,1,2,0,1,3,2,0,1
DAMIMAS_A21B_0703_2.jpg,val,DAMIMAS_A21B_0703,1,1,1,2,2,3,0,0
DAMIMAS_A21B_0703_3.jpg,val,DAMIMAS_A21B_0703,0,0,1,1,3,4,0,0
DAMIMAS_A21B_0703_4.jpg,val,DAMIMAS_A21B_0703,1,1,0,0,4,5,1,0
DAMIMAS_A21B_0702_1.jpg,train,DAMIMAS_A21B_0702,0,1,1,0,4,2,0,2
DAMIMAS_A21B_0702_2.jpg,train,DAMIMAS_A21B_0702,0,1,0,0,3,3,1,1
DAMIMAS_A21B_0702_3.jpg,train,DAMIMAS_A21B_0702,0,0,0,0,3,4,1,0
DAMIMAS_A21B_0702_4.jpg,train,DAMIMAS_A21B_0702,0,0,0,0,5,3,1,1
DAMIMAS_A21B_0701_1.jpg,train,DAMIMAS_A21B_0701,0,0,1,1,5,3,0,2
DAMIMAS_A21B_0701_2.jpg,train,DAMIMAS_A21B_0701,0,0,1,2,5,5,0,1
DAMIMAS_A21B_0701_3.jpg,train,DAMIMAS_A21B_0701,0,1,3,1,5,5,0,0
DAMIMAS_A21B_0701_4.jpg,train,DAMIMAS_A21B_0701,1,1,0,0,5,4,1,1
DAMIMAS_A21B_0700_1.jpg,train,DAMIMAS_A21B_0700,1,1,2,2,2,1,0,1
DAMIMAS_A21B_0700_2.jpg,train,DAMIMAS_A21B_0700,1,2,0,1,2,1,0,1
DAMIMAS_A21B_0700_3.jpg,train,DAMIMAS_A21B_0700,2,2,1,0,3,1,1,2
DAMIMAS_A21B_0700_4.jpg,train,DAMIMAS_A21B_0700,1,1,2,1,3,2,0,1
DAMIMAS_A21B_0699_1.jpg,train,DAMIMAS_A21B_0699,0,0,0,1,2,3,1,1
DAMIMAS_A21B_0699_2.jpg,train,DAMIMAS_A21B_0699,0,0,1,1,3,1,1,2
DAMIMAS_A21B_0699_3.jpg,train,DAMIMAS_A21B_0699,1,0,1,1,3,2,1,2
DAMIMAS_A21B_0699_4.jpg,train,DAMIMAS_A21B_0699,0,0,0,0,4,3,1,2
DAMIMAS_A21B_0698_1.jpg,train,DAMIMAS_A21B_0698,2,2,1,0,4,2,0,1
DAMIMAS_A21B_0698_2.jpg,train,DAMIMAS_A21B_0698,0,1,0,0,2,3,2,2
DAMIMAS_A21B_0698_3.jpg,train,DAMIMAS_A21B_0698,0,1,0,0,4,3,1,2
DAMIMAS_A21B_0698_4.jpg,train,DAMIMAS_A21B_0698,1,1,0,0,3,2,0,1
DAMIMAS_A21B_0697_1.jpg,val,DAMIMAS_A21B_0697,1,0,0,1,1,3,0,1
DAMIMAS_A21B_0697_2.jpg,val,DAMIMAS_A21B_0697,0,0,1,0,4,5,2,1
DAMIMAS_A21B_0697_3.jpg,val,DAMIMAS_A21B_0697,1,1,1,0,1,4,1,2
DAMIMAS_A21B_0697_4.jpg,val,DAMIMAS_A21B_0697,2,1,2,1,2,2,1,2
DAMIMAS_A21B_0696_1.jpg,train,DAMIMAS_A21B_0696,0,0,1,1,3,3,0,0
DAMIMAS_A21B_0696_2.jpg,train,DAMIMAS_A21B_0696,0,0,2,0,3,4,0,1
DAMIMAS_A21B_0696_3.jpg,train,DAMIMAS_A21B_0696,0,0,1,0,6,4,0,2
DAMIMAS_A21B_0696_4.jpg,train,DAMIMAS_A21B_0696,0,0,1,1,3,3,2,2
DAMIMAS_A21B_0695_1.jpg,train,DAMIMAS_A21B_0695,1,1,2,1,5,2,0,2
DAMIMAS_A21B_0695_2.jpg,train,DAMIMAS_A21B_0695,1,1,3,1,3,2,1,2
DAMIMAS_A21B_0695_3.jpg,train,DAMIMAS_A21B_0695,2,0,0,1,4,3,1,1
DAMIMAS_A21B_0695_4.jpg,train,DAMIMAS_A21B_0695,0,1,1,1,5,3,1,1
DAMIMAS_A21B_0694_1.jpg,train,DAMIMAS_A21B_0694,1,1,0,0,1,2,0,0
DAMIMAS_A21B_0694_2.jpg,train,DAMIMAS_A21B_0694,1,1,1,0,1,3,0,0
DAMIMAS_A21B_0694_3.jpg,train,DAMIMAS_A21B_0694,1,1,0,0,4,3,0,0
DAMIMAS_A21B_0694_4.jpg,train,DAMIMAS_A21B_0694,0,0,0,0,3,3,0,0
DAMIMAS_A21B_0693_1.jpg,train,DAMIMAS_A21B_0693,1,0,1,1,3,3,0,2
DAMIMAS_A21B_0693_2.jpg,train,DAMIMAS_A21B_0693,0,0,0,1,6,4,1,1
DAMIMAS_A21B_0693_3.jpg,train,DAMIMAS_A21B_0693,1,1,1,1,3,4,1,1
DAMIMAS_A21B_0693_4.jpg,train,DAMIMAS_A21B_0693,0,1,0,0,3,5,0,1
DAMIMAS_A21B_0692_1.jpg,train,DAMIMAS_A21B_0692,2,1,1,1,1,2,0,0
DAMIMAS_A21B_0692_2.jpg,train,DAMIMAS_A21B_0692,0,0,0,1,3,2,0,1
DAMIMAS_A21B_0692_3.jpg,train,DAMIMAS_A21B_0692,1,0,2,1,2,3,0,1
DAMIMAS_A21B_0692_4.jpg,train,DAMIMAS_A21B_0692,1,1,1,0,3,3,0,0
DAMIMAS_A21B_0691_1.jpg,train,DAMIMAS_A21B_0691,0,0,2,1,2,2,0,0
DAMIMAS_A21B_0691_2.jpg,train,DAMIMAS_A21B_0691,0,0,0,1,2,3,1,1
DAMIMAS_A21B_0691_3.jpg,train,DAMIMAS_A21B_0691,0,0,1,1,5,3,0,2
DAMIMAS_A21B_0691_4.jpg,train,DAMIMAS_A21B_0691,0,0,1,1,6,4,1,1
DAMIMAS_A21B_0690_1.jpg,train,DAMIMAS_A21B_0690,0,0,1,1,2,1,0,1
DAMIMAS_A21B_0690_2.jpg,train,DAMIMAS_A21B_0690,0,0,1,1,3,0,0,3
DAMIMAS_A21B_0690_3.jpg,train,DAMIMAS_A21B_0690,1,1,1,0,5,1,0,3
DAMIMAS_A21B_0690_4.jpg,train,DAMIMAS_A21B_0690,1,1,1,0,3,2,0,1
DAMIMAS_A21B_0689_1.jpg,train,DAMIMAS_A21B_0689,1,0,1,1,2,3,3,2
DAMIMAS_A21B_0689_2.jpg,train,DAMIMAS_A21B_0689,0,0,2,2,2,3,1,2
DAMIMAS_A21B_0689_3.jpg,train,DAMIMAS_A21B_0689,1,0,1,3,2,1,1,2
DAMIMAS_A21B_0689_4.jpg,train,DAMIMAS_A21B_0689,0,0,2,2,3,2,1,1
DAMIMAS_A21B_0688_1.jpg,train,DAMIMAS_A21B_0688,1,1,0,0,4,3,1,1
DAMIMAS_A21B_0688_2.jpg,train,DAMIMAS_A21B_0688,1,1,2,0,4,4,0,1
DAMIMAS_A21B_0688_3.jpg,train,DAMIMAS_A21B_0688,2,1,2,1,4,4,0,1
DAMIMAS_A21B_0688_4.jpg,train,DAMIMAS_A21B_0688,1,0,1,1,4,3,2,2
DAMIMAS_A21B_0687_1.jpg,test,DAMIMAS_A21B_0687,1,0,1,2,1,2,0,1
DAMIMAS_A21B_0687_2.jpg,test,DAMIMAS_A21B_0687,0,0,1,1,2,3,1,1
DAMIMAS_A21B_0687_3.jpg,test,DAMIMAS_A21B_0687,0,0,1,1,4,3,1,1
DAMIMAS_A21B_0687_4.jpg,test,DAMIMAS_A21B_0687,0,0,1,1,3,3,1,1
DAMIMAS_A21B_0686_1.jpg,train,DAMIMAS_A21B_0686,1,2,1,1,5,3,0,1
DAMIMAS_A21B_0686_2.jpg,train,DAMIMAS_A21B_0686,0,2,2,1,2,2,1,1
DAMIMAS_A21B_0686_3.jpg,train,DAMIMAS_A21B_0686,0,1,2,1,3,2,1,1
DAMIMAS_A21B_0686_4.jpg,train,DAMIMAS_A21B_0686,1,1,1,1,4,3,2,1
DAMIMAS_A21B_0685_1.jpg,train,DAMIMAS_A21B_0685,1,1,1,0,3,3,0,2
DAMIMAS_A21B_0685_2.jpg,train,DAMIMAS_A21B_0685,2,2,1,0,3,2,2,2
DAMIMAS_A21B_0685_3.jpg,train,DAMIMAS_A21B_0685,1,1,1,0,3,3,0,2
DAMIMAS_A21B_0685_4.jpg,train,DAMIMAS_A21B_0685,0,0,1,1,3,3,1,2
DAMIMAS_A21B_0684_1.jpg,val,DAMIMAS_A21B_0684,1,0,1,1,4,4,1,1
DAMIMAS_A21B_0684_2.jpg,val,DAMIMAS_A21B_0684,1,1,1,1,4,4,0,0
DAMIMAS_A21B_0684_3.jpg,val,DAMIMAS_A21B_0684,1,1,0,0,4,4,0,1
DAMIMAS_A21B_0684_4.jpg,val,DAMIMAS_A21B_0684,0,0,1,1,4,6,1,2
DAMIMAS_A21B_0683_1.jpg,val,DAMIMAS_A21B_0683,1,1,2,1,4,3,0,3
DAMIMAS_A21B_0683_2.jpg,val,DAMIMAS_A21B_0683,1,1,1,1,5,3,1,2
DAMIMAS_A21B_0683_3.jpg,val,DAMIMAS_A21B_0683,2,1,1,1,3,3,0,1
DAMIMAS_A21B_0683_4.jpg,val,DAMIMAS_A21B_0683,2,1,0,1,4,3,1,3
DAMIMAS_A21B_0682_1.jpg,val,DAMIMAS_A21B_0682,0,1,1,1,4,2,2,2
DAMIMAS_A21B_0682_2.jpg,val,DAMIMAS_A21B_0682,1,1,1,2,3,2,1,2
DAMIMAS_A21B_0682_3.jpg,val,DAMIMAS_A21B_0682,1,2,0,1,2,0,0,3
DAMIMAS_A21B_0682_4.jpg,val,DAMIMAS_A21B_0682,1,2,1,0,3,1,0,3
DAMIMAS_A21B_0681_1.jpg,train,DAMIMAS_A21B_0681,1,1,2,1,4,4,0,1
DAMIMAS_A21B_0681_2.jpg,train,DAMIMAS_A21B_0681,0,1,1,0,6,6,0,1
DAMIMAS_A21B_0681_3.jpg,train,DAMIMAS_A21B_0681,1,1,1,0,3,4,1,2
DAMIMAS_A21B_0681_4.jpg,train,DAMIMAS_A21B_0681,0,1,1,1,5,3,0,1
DAMIMAS_A21B_0680_1.jpg,train,DAMIMAS_A21B_0680,0,0,2,1,3,5,2,2
DAMIMAS_A21B_0680_2.jpg,train,DAMIMAS_A21B_0680,1,0,3,1,4,5,0,2
DAMIMAS_A21B_0680_3.jpg,train,DAMIMAS_A21B_0680,1,0,2,2,6,5,0,0
DAMIMAS_A21B_0680_4.jpg,train,DAMIMAS_A21B_0680,0,0,3,1,5,5,0,1
DAMIMAS_A21B_0679_1.jpg,train,DAMIMAS_A21B_0679,0,0,3,2,5,4,1,1
DAMIMAS_A21B_0679_2.jpg,train,DAMIMAS_A21B_0679,1,0,3,2,4,4,1,1
DAMIMAS_A21B_0679_3.jpg,train,DAMIMAS_A21B_0679,1,0,1,2,4,3,1,2
DAMIMAS_A21B_0679_4.jpg,train,DAMIMAS_A21B_0679,1,0,1,2,3,3,1,1
DAMIMAS_A21B_0678_1.jpg,test,DAMIMAS_A21B_0678,0,0,2,2,4,2,0,2
DAMIMAS_A21B_0678_2.jpg,test,DAMIMAS_A21B_0678,0,0,2,2,1,2,1,1
DAMIMAS_A21B_0678_3.jpg,test,DAMIMAS_A21B_0678,0,1,2,2,6,1,1,0
DAMIMAS_A21B_0678_4.jpg,test,DAMIMAS_A21B_0678,0,1,0,1,4,2,0,1
DAMIMAS_A21B_0677_1.jpg,train,DAMIMAS_A21B_0677,0,1,1,2,2,2,0,3
DAMIMAS_A21B_0677_2.jpg,train,DAMIMAS_A21B_0677,1,1,0,1,4,2,0,3
DAMIMAS_A21B_0677_3.jpg,train,DAMIMAS_A21B_0677,1,1,1,0,4,3,0,1
DAMIMAS_A21B_0677_4.jpg,train,DAMIMAS_A21B_0677,1,1,1,1,3,2,0,2
DAMIMAS_A21B_0676_1.jpg,train,DAMIMAS_A21B_0676,0,0,1,2,3,2,0,1
DAMIMAS_A21B_0676_2.jpg,train,DAMIMAS_A21B_0676,1,1,1,1,5,3,1,3
DAMIMAS_A21B_0676_3.jpg,train,DAMIMAS_A21B_0676,1,1,0,1,3,1,0,3
DAMIMAS_A21B_0676_4.jpg,train,DAMIMAS_A21B_0676,0,0,2,2,5,3,1,2
DAMIMAS_A21B_0675_1.jpg,train,DAMIMAS_A21B_0675,0,0,2,1,3,2,0,3
DAMIMAS_A21B_0675_2.jpg,train,DAMIMAS_A21B_0675,1,0,2,2,3,2,0,2
DAMIMAS_A21B_0675_3.jpg,train,DAMIMAS_A21B_0675,1,1,1,1,4,3,1,2
DAMIMAS_A21B_0675_4.jpg,train,DAMIMAS_A21B_0675,1,1,2,0,3,3,1,3
DAMIMAS_A21B_0674_1.jpg,test,DAMIMAS_A21B_0674,2,1,1,0,2,2,0,1
DAMIMAS_A21B_0674_2.jpg,test,DAMIMAS_A21B_0674,0,1,1,1,3,3,1,1
DAMIMAS_A21B_0674_3.jpg,test,DAMIMAS_A21B_0674,0,0,1,2,1,1,0,0
DAMIMAS_A21B_0674_4.jpg,test,DAMIMAS_A21B_0674,1,1,1,1,2,1,0,1
DAMIMAS_A21B_0673_1.jpg,train,DAMIMAS_A21B_0673,1,1,3,0,3,4,0,1
DAMIMAS_A21B_0673_2.jpg,train,DAMIMAS_A21B_0673,1,1,1,1,2,3,0,1
DAMIMAS_A21B_0673_3.jpg,train,DAMIMAS_A21B_0673,1,1,1,1,4,3,1,1
DAMIMAS_A21B_0673_4.jpg,train,DAMIMAS_A21B_0673,1,1,1,0,4,4,0,0
DAMIMAS_A21B_0672_1.jpg,test,DAMIMAS_A21B_0672,1,0,1,1,2,3,0,2
DAMIMAS_A21B_0672_2.jpg,test,DAMIMAS_A21B_0672,0,0,2,1,6,3,1,2
DAMIMAS_A21B_0672_3.jpg,test,DAMIMAS_A21B_0672,1,1,1,0,3,2,2,2
DAMIMAS_A21B_0672_4.jpg,test,DAMIMAS_A21B_0672,2,1,0,1,2,3,0,2
DAMIMAS_A21B_0671_1.jpg,train,DAMIMAS_A21B_0671,0,1,2,0,3,3,1,1
DAMIMAS_A21B_0671_2.jpg,train,DAMIMAS_A21B_0671,2,1,2,1,2,3,1,1
DAMIMAS_A21B_0671_3.jpg,train,DAMIMAS_A21B_0671,0,0,2,1,4,4,0,1
DAMIMAS_A21B_0671_4.jpg,train,DAMIMAS_A21B_0671,0,0,1,0,4,4,0,2
DAMIMAS_A21B_0670_1.jpg,train,DAMIMAS_A21B_0670,0,0,1,1,3,0,0,2
DAMIMAS_A21B_0670_2.jpg,train,DAMIMAS_A21B_0670,0,1,0,1,4,1,0,2
DAMIMAS_A21B_0670_3.jpg,train,DAMIMAS_A21B_0670,0,0,1,1,5,2,1,2
DAMIMAS_A21B_0670_4.jpg,train,DAMIMAS_A21B_0670,1,0,1,2,2,1,0,2
DAMIMAS_A21B_0669_1.jpg,train,DAMIMAS_A21B_0669,1,2,1,1,3,4,0,1
DAMIMAS_A21B_0669_2.jpg,train,DAMIMAS_A21B_0669,1,1,1,1,5,5,0,1
DAMIMAS_A21B_0669_3.jpg,train,DAMIMAS_A21B_0669,0,1,1,0,4,5,0,1
DAMIMAS_A21B_0669_4.jpg,train,DAMIMAS_A21B_0669,1,1,1,0,5,4,0,1
DAMIMAS_A21B_0668_1.jpg,train,DAMIMAS_A21B_0668,1,1,0,0,3,4,1,1
DAMIMAS_A21B_0668_2.jpg,train,DAMIMAS_A21B_0668,1,2,1,0,2,3,0,2
DAMIMAS_A21B_0668_3.jpg,train,DAMIMAS_A21B_0668,1,1,1,1,2,2,0,4
DAMIMAS_A21B_0668_4.jpg,train,DAMIMAS_A21B_0668,1,0,1,1,5,3,1,2
DAMIMAS_A21B_0667_1.jpg,train,DAMIMAS_A21B_0667,1,1,2,1,3,3,0,1
DAMIMAS_A21B_0667_2.jpg,train,DAMIMAS_A21B_0667,0,0,1,1,3,2,0,2
DAMIMAS_A21B_0667_3.jpg,train,DAMIMAS_A21B_0667,0,1,1,0,5,3,0,1
DAMIMAS_A21B_0667_4.jpg,train,DAMIMAS_A21B_0667,2,2,0,0,2,1,0,0
DAMIMAS_A21B_0666_1.jpg,train,DAMIMAS_A21B_0666,0,0,0,0,2,1,0,2
DAMIMAS_A21B_0666_2.jpg,train,DAMIMAS_A21B_0666,0,0,0,0,2,1,0,1
DAMIMAS_A21B_0666_3.jpg,train,DAMIMAS_A21B_0666,0,0,0,0,4,3,0,1
DAMIMAS_A21B_0666_4.jpg,train,DAMIMAS_A21B_0666,0,0,0,0,3,2,0,1
DAMIMAS_A21B_0665_1.jpg,train,DAMIMAS_A21B_0665,2,2,1,1,2,2,0,1
DAMIMAS_A21B_0665_2.jpg,train,DAMIMAS_A21B_0665,1,1,2,2,5,3,0,0
DAMIMAS_A21B_0665_3.jpg,train,DAMIMAS_A21B_0665,1,1,1,1,1,4,0,0
DAMIMAS_A21B_0665_4.jpg,train,DAMIMAS_A21B_0665,2,2,0,1,1,2,0,1
DAMIMAS_A21B_0664_1.jpg,train,DAMIMAS_A21B_0664,0,0,1,1,4,4,0,1
DAMIMAS_A21B_0664_2.jpg,train,DAMIMAS_A21B_0664,0,0,1,1,7,5,1,1
DAMIMAS_A21B_0664_3.jpg,train,DAMIMAS_A21B_0664,1,1,2,1,4,4,0,2
DAMIMAS_A21B_0664_4.jpg,train,DAMIMAS_A21B_0664,1,1,1,1,5,4,2,1
DAMIMAS_A21B_0663_1.jpg,val,DAMIMAS_A21B_0663,1,0,0,1,5,4,1,2
DAMIMAS_A21B_0663_2.jpg,val,DAMIMAS_A21B_0663,0,0,1,1,2,4,1,1
DAMIMAS_A21B_0663_3.jpg,val,DAMIMAS_A21B_0663,0,0,0,1,5,4,0,1
DAMIMAS_A21B_0663_4.jpg,val,DAMIMAS_A21B_0663,0,0,0,0,3,3,1,2
DAMIMAS_A21B_0662_1.jpg,val,DAMIMAS_A21B_0662,0,0,0,0,0,0,0,1
DAMIMAS_A21B_0662_2.jpg,val,DAMIMAS_A21B_0662,0,0,0,0,0,0,0,1
DAMIMAS_A21B_0662_3.jpg,val,DAMIMAS_A21B_0662,0,0,0,0,3,1,0,1
DAMIMAS_A21B_0662_4.jpg,val,DAMIMAS_A21B_0662,0,0,0,0,1,0,0,1
DAMIMAS_A21B_0661_1.jpg,train,DAMIMAS_A21B_0661,1,1,1,1,2,3,2,1
DAMIMAS_A21B_0661_2.jpg,train,DAMIMAS_A21B_0661,0,0,0,2,3,4,1,1
DAMIMAS_A21B_0661_3.jpg,train,DAMIMAS_A21B_0661,0,0,2,1,3,3,0,1
DAMIMAS_A21B_0661_4.jpg,train,DAMIMAS_A21B_0661,1,1,0,0,4,3,0,1
DAMIMAS_A21B_0660_1.jpg,train,DAMIMAS_A21B_0660,0,0,0,1,2,3,0,2
DAMIMAS_A21B_0660_2.jpg,train,DAMIMAS_A21B_0660,0,0,1,1,3,1,0,2
DAMIMAS_A21B_0660_3.jpg,train,DAMIMAS_A21B_0660,0,0,0,0,3,2,0,1
DAMIMAS_A21B_0660_4.jpg,train,DAMIMAS_A21B_0660,0,0,1,1,3,3,1,0
DAMIMAS_A21B_0659_1.jpg,train,DAMIMAS_A21B_0659,1,0,1,1,5,4,1,1
DAMIMAS_A21B_0659_2.jpg,train,DAMIMAS_A21B_0659,0,1,1,0,4,4,0,2
DAMIMAS_A21B_0659_3.jpg,train,DAMIMAS_A21B_0659,1,1,2,0,5,3,0,0
DAMIMAS_A21B_0659_4.jpg,train,DAMIMAS_A21B_0659,1,0,1,1,4,4,0,0
DAMIMAS_A21B_0658_1.jpg,test,DAMIMAS_A21B_0658,1,1,1,0,1,1,0,0
DAMIMAS_A21B_0658_2.jpg,test,DAMIMAS_A21B_0658,0,0,0,1,2,1,1,1
DAMIMAS_A21B_0658_3.jpg,test,DAMIMAS_A21B_0658,0,0,0,1,1,0,0,1
DAMIMAS_A21B_0658_4.jpg,test,DAMIMAS_A21B_0658,1,1,0,1,3,2,0,0
DAMIMAS_A21B_0657_1.jpg,test,DAMIMAS_A21B_0657,1,1,2,1,4,4,0,1
DAMIMAS_A21B_0657_2.jpg,test,DAMIMAS_A21B_0657,0,0,2,2,3,2,2,2
DAMIMAS_A21B_0657_3.jpg,test,DAMIMAS_A21B_0657,1,0,2,1,3,3,1,3
DAMIMAS_A21B_0657_4.jpg,test,DAMIMAS_A21B_0657,1,1,1,0,3,4,1,2
DAMIMAS_A21B_0656_1.jpg,train,DAMIMAS_A21B_0656,1,1,3,0,3,4,1,2
DAMIMAS_A21B_0656_2.jpg,train,DAMIMAS_A21B_0656,1,0,1,0,4,5,1,1
DAMIMAS_A21B_0656_3.jpg,train,DAMIMAS_A21B_0656,1,1,0,0,3,3,1,2
DAMIMAS_A21B_0656_4.jpg,train,DAMIMAS_A21B_0656,2,2,1,0,3,3,1,1
DAMIMAS_A21B_0655_1.jpg,train,DAMIMAS_A21B_0655,1,1,1,1,2,2,1,1
DAMIMAS_A21B_0655_2.jpg,train,DAMIMAS_A21B_0655,1,1,1,0,3,3,0,1
DAMIMAS_A21B_0655_3.jpg,train,DAMIMAS_A21B_0655,0,1,0,0,5,3,0,0
DAMIMAS_A21B_0655_4.jpg,train,DAMIMAS_A21B_0655,1,1,1,1,3,3,2,1
DAMIMAS_A21B_0654_1.jpg,test,DAMIMAS_A21B_0654,1,2,2,3,4,1,0,1
DAMIMAS_A21B_0654_2.jpg,test,DAMIMAS_A21B_0654,2,2,1,3,3,0,1,3
DAMIMAS_A21B_0654_3.jpg,test,DAMIMAS_A21B_0654,1,1,1,2,2,2,0,1
DAMIMAS_A21B_0654_4.jpg,test,DAMIMAS_A21B_0654,1,1,1,1,3,3,0,1
DAMIMAS_A21B_0653_1.jpg,train,DAMIMAS_A21B_0653,0,1,1,0,4,3,1,1
DAMIMAS_A21B_0653_2.jpg,train,DAMIMAS_A21B_0653,1,2,0,0,2,2,0,1
DAMIMAS_A21B_0653_3.jpg,train,DAMIMAS_A21B_0653,1,1,1,1,1,2,0,2
DAMIMAS_A21B_0653_4.jpg,train,DAMIMAS_A21B_0653,0,0,1,1,2,2,1,1
DAMIMAS_A21B_0652_1.jpg,val,DAMIMAS_A21B_0652,1,1,1,3,2,1,0,0
DAMIMAS_A21B_0652_2.jpg,val,DAMIMAS_A21B_0652,1,1,1,2,3,1,0,1
DAMIMAS_A21B_0652_3.jpg,val,DAMIMAS_A21B_0652,1,1,0,0,3,3,0,0
DAMIMAS_A21B_0652_4.jpg,val,DAMIMAS_A21B_0652,1,1,1,0,5,3,1,1
DAMIMAS_A21B_0651_1.jpg,val,DAMIMAS_A21B_0651,0,0,2,2,4,2,3,2
DAMIMAS_A21B_0651_2.jpg,val,DAMIMAS_A21B_0651,1,1,1,1,4,2,1,2
DAMIMAS_A21B_0651_3.jpg,val,DAMIMAS_A21B_0651,1,2,1,0,1,2,1,1
DAMIMAS_A21B_0651_4.jpg,val,DAMIMAS_A21B_0651,0,1,2,0,3,3,1,2
DAMIMAS_A21B_0650_1.jpg,train,DAMIMAS_A21B_0650,1,1,0,0,1,1,1,1
DAMIMAS_A21B_0650_2.jpg,train,DAMIMAS_A21B_0650,1,1,2,1,2,2,1,2
DAMIMAS_A21B_0650_3.jpg,train,DAMIMAS_A21B_0650,0,1,1,1,3,2,0,1
DAMIMAS_A21B_0650_4.jpg,train,DAMIMAS_A21B_0650,0,1,2,1,3,4,0,0
DAMIMAS_A21B_0649_1.jpg,val,DAMIMAS_A21B_0649,0,0,1,0,4,3,0,1
DAMIMAS_A21B_0649_2.jpg,val,DAMIMAS_A21B_0649,0,0,1,0,5,4,0,1
DAMIMAS_A21B_0649_3.jpg,val,DAMIMAS_A21B_0649,0,0,1,1,3,4,1,2
DAMIMAS_A21B_0649_4.jpg,val,DAMIMAS_A21B_0649,0,0,1,1,1,3,1,1
DAMIMAS_A21B_0648_1.jpg,train,DAMIMAS_A21B_0648,0,0,1,0,5,4,0,1
DAMIMAS_A21B_0648_2.jpg,train,DAMIMAS_A21B_0648,0,0,0,0,5,3,1,1
DAMIMAS_A21B_0648_3.jpg,train,DAMIMAS_A21B_0648,0,0,0,0,3,3,1,2
DAMIMAS_A21B_0648_4.jpg,train,DAMIMAS_A21B_0648,0,0,0,0,4,3,0,2
DAMIMAS_A21B_0647_1.jpg,train,DAMIMAS_A21B_0647,0,0,2,1,3,3,0,0
DAMIMAS_A21B_0647_2.jpg,train,DAMIMAS_A21B_0647,1,0,3,2,2,2,0,0
DAMIMAS_A21B_0647_3.jpg,train,DAMIMAS_A21B_0647,1,0,1,3,2,3,0,0
DAMIMAS_A21B_0647_4.jpg,train,DAMIMAS_A21B_0647,1,0,1,1,2,4,0,0
DAMIMAS_A21B_0646_1.jpg,train,DAMIMAS_A21B_0646,0,0,2,1,2,3,0,1
DAMIMAS_A21B_0646_2.jpg,train,DAMIMAS_A21B_0646,0,0,1,1,3,2,0,1
DAMIMAS_A21B_0646_3.jpg,train,DAMIMAS_A21B_0646,0,0,2,2,5,2,0,1
DAMIMAS_A21B_0646_4.jpg,train,DAMIMAS_A21B_0646,0,0,2,3,3,2,0,0
DAMIMAS_A21B_0645_1.jpg,train,DAMIMAS_A21B_0645,0,0,0,0,3,2,0,1
DAMIMAS_A21B_0645_2.jpg,train,DAMIMAS_A21B_0645,0,0,0,0,4,2,0,1
DAMIMAS_A21B_0645_3.jpg,train,DAMIMAS_A21B_0645,0,0,0,0,5,3,0,0
DAMIMAS_A21B_0645_4.jpg,train,DAMIMAS_A21B_0645,0,0,0,0,2,3,0,1
DAMIMAS_A21B_0644_1.jpg,train,DAMIMAS_A21B_0644,0,0,2,1,5,3,0,2
DAMIMAS_A21B_0644_2.jpg,train,DAMIMAS_A21B_0644,1,0,1,1,4,4,1,1
DAMIMAS_A21B_0644_3.jpg,train,DAMIMAS_A21B_0644,0,0,1,0,5,4,0,1
DAMIMAS_A21B_0644_4.jpg,train,DAMIMAS_A21B_0644,0,0,2,1,5,3,0,2
DAMIMAS_A21B_0643_1.jpg,test,DAMIMAS_A21B_0643,0,0,0,0,0,0,0,0
DAMIMAS_A21B_0643_2.jpg,test,DAMIMAS_A21B_0643,0,0,0,0,0,0,0,0
DAMIMAS_A21B_0643_3.jpg,test,DAMIMAS_A21B_0643,0,0,0,0,0,0,0,0
DAMIMAS_A21B_0643_4.jpg,test,DAMIMAS_A21B_0643,0,0,0,0,0,0,0,0
DAMIMAS_A21B_0642_1.jpg,test,DAMIMAS_A21B_0642,1,1,2,1,4,0,0,2
DAMIMAS_A21B_0642_2.jpg,test,DAMIMAS_A21B_0642,1,1,2,0,2,1,0,1
DAMIMAS_A21B_0642_3.jpg,test,DAMIMAS_A21B_0642,0,0,1,0,2,3,0,0
DAMIMAS_A21B_0642_4.jpg,test,DAMIMAS_A21B_0642,0,0,2,1,2,2,0,1
DAMIMAS_A21B_0641_1.jpg,train,DAMIMAS_A21B_0641,1,2,1,1,4,2,0,2
DAMIMAS_A21B_0641_2.jpg,train,DAMIMAS_A21B_0641,1,1,2,2,3,2,1,2
DAMIMAS_A21B_0641_3.jpg,train,DAMIMAS_A21B_0641,2,1,1,2,2,2,0,2
DAMIMAS_A21B_0641_4.jpg,train,DAMIMAS_A21B_0641,2,2,2,0,3,3,0,0
DAMIMAS_A21B_0640_1.jpg,test,DAMIMAS_A21B_0640,0,0,2,1,4,3,0,2
DAMIMAS_A21B_0640_2.jpg,test,DAMIMAS_A21B_0640,0,0,3,2,4,3,1,1
DAMIMAS_A21B_0640_3.jpg,test,DAMIMAS_A21B_0640,1,1,2,1,4,4,2,1
DAMIMAS_A21B_0640_4.jpg,test,DAMIMAS_A21B_0640,1,1,2,1,2,4,0,0
DAMIMAS_A21B_0639_1.jpg,train,DAMIMAS_A21B_0639,0,1,2,1,2,5,0,0
DAMIMAS_A21B_0639_2.jpg,train,DAMIMAS_A21B_0639,0,1,3,1,4,3,0,0
DAMIMAS_A21B_0639_3.jpg,train,DAMIMAS_A21B_0639,1,1,1,0,4,4,0,1
DAMIMAS_A21B_0639_4.jpg,train,DAMIMAS_A21B_0639,0,1,2,0,3,5,0,0
DAMIMAS_A21B_0638_1.jpg,train,DAMIMAS_A21B_0638,2,2,2,2,1,0,1,1
DAMIMAS_A21B_0638_2.jpg,train,DAMIMAS_A21B_0638,1,1,1,1,2,2,0,1
DAMIMAS_A21B_0638_3.jpg,train,DAMIMAS_A21B_0638,2,2,1,1,1,2,0,0
DAMIMAS_A21B_0638_4.jpg,train,DAMIMAS_A21B_0638,2,2,2,2,2,2,0,0
DAMIMAS_A21B_0637_1.jpg,train,DAMIMAS_A21B_0637,0,0,0,0,1,1,0,1
DAMIMAS_A21B_0637_2.jpg,train,DAMIMAS_A21B_0637,0,1,0,0,2,1,0,1
DAMIMAS_A21B_0637_3.jpg,train,DAMIMAS_A21B_0637,2,1,0,0,0,0,0,0
DAMIMAS_A21B_0637_4.jpg,train,DAMIMAS_A21B_0637,1,1,0,0,1,1,0,0
DAMIMAS_A21B_0636_1.jpg,test,DAMIMAS_A21B_0636,0,0,1,0,4,3,0,0
DAMIMAS_A21B_0636_2.jpg,test,DAMIMAS_A21B_0636,0,0,1,0,2,3,0,2
DAMIMAS_A21B_0636_3.jpg,test,DAMIMAS_A21B_0636,0,0,2,1,4,4,1,1
DAMIMAS_A21B_0636_4.jpg,test,DAMIMAS_A21B_0636,0,0,1,1,3,3,0,1
DAMIMAS_A21B_0635_1.jpg,train,DAMIMAS_A21B_0635,1,1,3,3,2,3,1,2
DAMIMAS_A21B_0635_2.jpg,train,DAMIMAS_A21B_0635,0,1,3,3,3,1,1,2
DAMIMAS_A21B_0635_3.jpg,train,DAMIMAS_A21B_0635,1,2,1,2,2,1,0,0
DAMIMAS_A21B_0635_4.jpg,train,DAMIMAS_A21B_0635,1,2,4,3,3,2,1,1
DAMIMAS_A21B_0634_1.jpg,train,DAMIMAS_A21B_0634,1,2,4,3,4,1,1,2
DAMIMAS_A21B_0634_2.jpg,train,DAMIMAS_A21B_0634,2,2,2,2,1,2,0,1
DAMIMAS_A21B_0634_3.jpg,train,DAMIMAS_A21B_0634,1,2,2,2,2,2,1,1
DAMIMAS_A21B_0634_4.jpg,train,DAMIMAS_A21B_0634,1,1,2,3,4,1,0,2
DAMIMAS_A21B_0633_1.jpg,test,DAMIMAS_A21B_0633,0,0,0,0,2,2,0,0
DAMIMAS_A21B_0633_2.jpg,test,DAMIMAS_A21B_0633,0,0,1,0,1,1,0,0
DAMIMAS_A21B_0633_3.jpg,test,DAMIMAS_A21B_0633,0,0,0,0,0,0,0,0
DAMIMAS_A21B_0633_4.jpg,test,DAMIMAS_A21B_0633,0,0,1,0,1,1,0,0
DAMIMAS_A21B_0632_1.jpg,train,DAMIMAS_A21B_0632,1,1,1,2,2,3,0,2
DAMIMAS_A21B_0632_2.jpg,train,DAMIMAS_A21B_0632,0,1,1,3,2,2,1,1
DAMIMAS_A21B_0632_3.jpg,train,DAMIMAS_A21B_0632,2,2,1,1,2,5,1,1
DAMIMAS_A21B_0632_4.jpg,train,DAMIMAS_A21B_0632,1,2,1,1,3,5,0,2
DAMIMAS_A21B_0631_1.jpg,train,DAMIMAS_A21B_0631,0,0,0,0,1,1,0,0
DAMIMAS_A21B_0631_2.jpg,train,DAMIMAS_A21B_0631,0,0,0,1,2,1,0,0
DAMIMAS_A21B_0631_3.jpg,train,DAMIMAS_A21B_0631,0,0,1,2,4,1,0,0
DAMIMAS_A21B_0631_4.jpg,train,DAMIMAS_A21B_0631,0,0,0,2,4,2,1,0
DAMIMAS_A21B_0630_1.jpg,train,DAMIMAS_A21B_0630,0,0,3,3,4,2,0,1
DAMIMAS_A21B_0630_2.jpg,train,DAMIMAS_A21B_0630,1,1,2,2,2,1,0,2
DAMIMAS_A21B_0630_3.jpg,train,DAMIMAS_A21B_0630,1,1,2,2,2,1,0,2
DAMIMAS_A21B_0630_4.jpg,train,DAMIMAS_A21B_0630,0,0,2,2,4,2,0,1
DAMIMAS_A21B_0629_1.jpg,train,DAMIMAS_A21B_0629,1,1,1,0,3,3,1,1
DAMIMAS_A21B_0629_2.jpg,train,DAMIMAS_A21B_0629,1,1,1,0,2,2,0,1
DAMIMAS_A21B_0629_3.jpg,train,DAMIMAS_A21B_0629,0,1,2,0,3,3,0,0
DAMIMAS_A21B_0629_4.jpg,train,DAMIMAS_A21B_0629,1,1,2,0,4,4,0,0
DAMIMAS_A21B_0628_1.jpg,train,DAMIMAS_A21B_0628,0,0,3,1,1,2,0,2
DAMIMAS_A21B_0628_2.jpg,train,DAMIMAS_A21B_0628,0,0,3,1,1,4,0,1
DAMIMAS_A21B_0628_3.jpg,train,DAMIMAS_A21B_0628,1,0,2,1,2,3,1,1
DAMIMAS_A21B_0628_4.jpg,train,DAMIMAS_A21B_0628,1,0,4,1,2,3,1,2
DAMIMAS_A21B_0627_1.jpg,train,DAMIMAS_A21B_0627,0,0,1,3,2,2,0,0
DAMIMAS_A21B_0627_2.jpg,train,DAMIMAS_A21B_0627,0,0,2,2,2,1,0,0
DAMIMAS_A21B_0627_3.jpg,train,DAMIMAS_A21B_0627,2,1,2,1,2,2,0,0
DAMIMAS_A21B_0627_4.jpg,train,DAMIMAS_A21B_0627,1,2,2,1,1,2,0,0
DAMIMAS_A21B_0626_1.jpg,train,DAMIMAS_A21B_0626,1,0,2,2,4,2,0,2
DAMIMAS_A21B_0626_2.jpg,train,DAMIMAS_A21B_0626,1,1,4,2,2,2,0,3
DAMIMAS_A21B_0626_3.jpg,train,DAMIMAS_A21B_0626,1,1,1,2,0,2,0,1
DAMIMAS_A21B_0626_4.jpg,train,DAMIMAS_A21B_0626,0,0,3,2,1,1,0,2
DAMIMAS_A21B_0625_1.jpg,train,DAMIMAS_A21B_0625,0,0,0,0,2,3,0,2
DAMIMAS_A21B_0625_2.jpg,train,DAMIMAS_A21B_0625,0,0,2,1,3,5,0,1
DAMIMAS_A21B_0625_3.jpg,train,DAMIMAS_A21B_0625,1,0,3,2,2,4,0,1
DAMIMAS_A21B_0625_4.jpg,train,DAMIMAS_A21B_0625,0,0,2,2,2,4,0,2
DAMIMAS_A21B_0624_1.jpg,train,DAMIMAS_A21B_0624,1,1,0,0,2,3,0,1
DAMIMAS_A21B_0624_2.jpg,train,DAMIMAS_A21B_0624,2,2,0,0,1,4,0,0
DAMIMAS_A21B_0624_3.jpg,train,DAMIMAS_A21B_0624,1,2,2,0,2,3,0,1
DAMIMAS_A21B_0624_4.jpg,train,DAMIMAS_A21B_0624,1,1,1,1,2,2,0,2
DAMIMAS_A21B_0623_1.jpg,train,DAMIMAS_A21B_0623,0,0,5,3,4,3,0,0
DAMIMAS_A21B_0623_2.jpg,train,DAMIMAS_A21B_0623,2,1,2,2,3,3,0,0
DAMIMAS_A21B_0623_3.jpg,train,DAMIMAS_A21B_0623,1,2,4,2,4,2,0,0
DAMIMAS_A21B_0623_4.jpg,train,DAMIMAS_A21B_0623,1,1,3,2,2,2,0,0
DAMIMAS_A21B_0622_1.jpg,train,DAMIMAS_A21B_0622,1,1,2,3,1,1,0,2
DAMIMAS_A21B_0622_2.jpg,train,DAMIMAS_A21B_0622,1,1,2,3,3,1,0,1
DAMIMAS_A21B_0622_3.jpg,train,DAMIMAS_A21B_0622,1,1,2,2,2,2,0,0
DAMIMAS_A21B_0622_4.jpg,train,DAMIMAS_A21B_0622,1,1,1,2,3,2,0,1
DAMIMAS_A21B_0621_1.jpg,train,DAMIMAS_A21B_0621,2,1,2,2,2,3,0,0
DAMIMAS_A21B_0621_2.jpg,train,DAMIMAS_A21B_0621,1,2,1,1,3,4,0,1
DAMIMAS_A21B_0621_3.jpg,train,DAMIMAS_A21B_0621,2,1,2,1,2,3,0,2
DAMIMAS_A21B_0621_4.jpg,train,DAMIMAS_A21B_0621,2,1,3,2,2,3,1,0
DAMIMAS_A21B_0620_1.jpg,train,DAMIMAS_A21B_0620,1,2,3,0,2,4,1,1
DAMIMAS_A21B_0620_2.jpg,train,DAMIMAS_A21B_0620,1,1,1,1,5,4,0,1
DAMIMAS_A21B_0620_3.jpg,train,DAMIMAS_A21B_0620,1,0,1,1,5,5,0,0
DAMIMAS_A21B_0620_4.jpg,train,DAMIMAS_A21B_0620,1,1,2,0,4,3,0,1
DAMIMAS_A21B_0619_1.jpg,train,DAMIMAS_A21B_0619,2,3,0,1,1,2,0,0
DAMIMAS_A21B_0619_2.jpg,train,DAMIMAS_A21B_0619,2,2,2,2,4,3,0,0
DAMIMAS_A21B_0619_3.jpg,train,DAMIMAS_A21B_0619,2,2,2,2,1,2,0,0
DAMIMAS_A21B_0619_4.jpg,train,DAMIMAS_A21B_0619,3,4,2,0,2,3,0,0
DAMIMAS_A21B_0618_1.jpg,test,DAMIMAS_A21B_0618,1,2,3,1,2,1,0,1
DAMIMAS_A21B_0618_2.jpg,test,DAMIMAS_A21B_0618,0,2,2,1,3,1,0,0
DAMIMAS_A21B_0618_3.jpg,test,DAMIMAS_A21B_0618,1,1,1,2,2,1,0,0
DAMIMAS_A21B_0618_4.jpg,test,DAMIMAS_A21B_0618,1,1,3,2,2,1,0,0
DAMIMAS_A21B_0617_1.jpg,train,DAMIMAS_A21B_0617,0,1,1,1,2,2,0,1
DAMIMAS_A21B_0617_2.jpg,train,DAMIMAS_A21B_0617,1,1,1,1,2,2,0,1
DAMIMAS_A21B_0617_3.jpg,train,DAMIMAS_A21B_0617,2,2,1,1,2,2,0,0
DAMIMAS_A21B_0617_4.jpg,train,DAMIMAS_A21B_0617,1,1,2,2,2,3,0,0
DAMIMAS_A21B_0616_1.jpg,test,DAMIMAS_A21B_0616,1,1,2,1,2,3,0,0
DAMIMAS_A21B_0616_2.jpg,test,DAMIMAS_A21B_0616,1,1,1,1,2,1,1,2
DAMIMAS_A21B_0616_3.jpg,test,DAMIMAS_A21B_0616,1,1,1,1,3,2,0,2
DAMIMAS_A21B_0616_4.jpg,test,DAMIMAS_A21B_0616,0,1,0,1,3,3,0,1
DAMIMAS_A21B_0615_1.jpg,train,DAMIMAS_A21B_0615,1,1,1,3,1,2,0,0
DAMIMAS_A21B_0615_2.jpg,train,DAMIMAS_A21B_0615,0,1,3,3,3,1,0,0
DAMIMAS_A21B_0615_3.jpg,train,DAMIMAS_A21B_0615,1,1,1,2,1,1,0,1
DAMIMAS_A21B_0615_4.jpg,train,DAMIMAS_A21B_0615,2,2,2,2,3,2,0,0
DAMIMAS_A21B_0614_1.jpg,val,DAMIMAS_A21B_0614,0,0,4,2,2,1,1,2
DAMIMAS_A21B_0614_2.jpg,val,DAMIMAS_A21B_0614,1,1,1,2,2,3,0,1
DAMIMAS_A21B_0614_3.jpg,val,DAMIMAS_A21B_0614,1,1,1,3,1,1,0,1
DAMIMAS_A21B_0614_4.jpg,val,DAMIMAS_A21B_0614,1,1,3,3,3,2,1,1
DAMIMAS_A21B_0613_1.jpg,train,DAMIMAS_A21B_0613,0,0,0,0,2,1,0,1
DAMIMAS_A21B_0613_2.jpg,train,DAMIMAS_A21B_0613,0,0,0,0,2,2,0,1
DAMIMAS_A21B_0613_3.jpg,train,DAMIMAS_A21B_0613,0,0,0,1,2,1,0,0
DAMIMAS_A21B_0613_4.jpg,train,DAMIMAS_A21B_0613,0,0,0,1,3,2,0,0
DAMIMAS_A21B_0612_1.jpg,val,DAMIMAS_A21B_0612,0,0,2,0,2,3,0,0
DAMIMAS_A21B_0612_2.jpg,val,DAMIMAS_A21B_0612,0,0,1,0,4,4,0,0
DAMIMAS_A21B_0612_3.jpg,val,DAMIMAS_A21B_0612,0,0,1,1,3,3,0,0
DAMIMAS_A21B_0612_4.jpg,val,DAMIMAS_A21B_0612,0,0,0,0,4,3,0,0
DAMIMAS_A21B_0611_1.jpg,train,DAMIMAS_A21B_0611,0,0,0,3,4,3,0,0
DAMIMAS_A21B_0611_2.jpg,train,DAMIMAS_A21B_0611,0,0,1,2,3,1,0,0
DAMIMAS_A21B_0611_3.jpg,train,DAMIMAS_A21B_0611,0,0,3,3,3,2,1,0
DAMIMAS_A21B_0611_4.jpg,train,DAMIMAS_A21B_0611,0,0,2,3,5,3,1,0
DAMIMAS_A21B_0610_1.jpg,train,DAMIMAS_A21B_0610,0,0,0,2,3,1,0,0
DAMIMAS_A21B_0610_2.jpg,train,DAMIMAS_A21B_0610,0,0,1,2,2,2,0,1
DAMIMAS_A21B_0610_3.jpg,train,DAMIMAS_A21B_0610,0,0,1,4,2,1,0,1
DAMIMAS_A21B_0610_4.jpg,train,DAMIMAS_A21B_0610,1,0,3,3,3,2,1,1
DAMIMAS_A21B_0609_1.jpg,val,DAMIMAS_A21B_0609,1,1,1,0,3,3,1,1
DAMIMAS_A21B_0609_2.jpg,val,DAMIMAS_A21B_0609,0,1,0,1,1,1,0,1
DAMIMAS_A21B_0609_3.jpg,val,DAMIMAS_A21B_0609,0,0,1,2,3,1,1,2
DAMIMAS_A21B_0609_4.jpg,val,DAMIMAS_A21B_0609,0,0,2,1,3,3,0,1
DAMIMAS_A21B_0608_1.jpg,train,DAMIMAS_A21B_0608,0,0,2,1,4,4,1,2
DAMIMAS_A21B_0608_2.jpg,train,DAMIMAS_A21B_0608,0,0,2,1,2,2,0,0
DAMIMAS_A21B_0608_3.jpg,train,DAMIMAS_A21B_0608,0,0,3,1,2,4,1,1
DAMIMAS_A21B_0608_4.jpg,train,DAMIMAS_A21B_0608,0,0,2,0,2,4,1,2
DAMIMAS_A21B_0607_1.jpg,train,DAMIMAS_A21B_0607,1,1,2,3,2,2,0,0
DAMIMAS_A21B_0607_2.jpg,train,DAMIMAS_A21B_0607,1,1,2,3,1,2,0,0
DAMIMAS_A21B_0607_3.jpg,train,DAMIMAS_A21B_0607,4,3,2,1,3,2,0,1
DAMIMAS_A21B_0607_4.jpg,train,DAMIMAS_A21B_0607,0,3,2,1,3,1,0,1
DAMIMAS_A21B_0606_1.jpg,train,DAMIMAS_A21B_0606,0,0,2,3,3,1,0,3
DAMIMAS_A21B_0606_2.jpg,train,DAMIMAS_A21B_0606,0,0,0,1,3,2,2,2
DAMIMAS_A21B_0606_3.jpg,train,DAMIMAS_A21B_0606,0,0,1,1,2,3,0,0
DAMIMAS_A21B_0606_4.jpg,train,DAMIMAS_A21B_0606,1,1,1,2,4,1,1,2
DAMIMAS_A21B_0605_1.jpg,train,DAMIMAS_A21B_0605,1,1,4,1,3,3,0,0
DAMIMAS_A21B_0605_2.jpg,train,DAMIMAS_A21B_0605,1,2,1,0,4,2,0,2
DAMIMAS_A21B_0605_3.jpg,train,DAMIMAS_A21B_0605,0,0,1,1,4,3,1,1
DAMIMAS_A21B_0605_4.jpg,train,DAMIMAS_A21B_0605,2,0,1,2,2,2,0,1
DAMIMAS_A21B_0604_1.jpg,train,DAMIMAS_A21B_0604,0,0,0,2,2,0,0,1
DAMIMAS_A21B_0604_2.jpg,train,DAMIMAS_A21B_0604,0,0,0,1,2,1,0,1
DAMIMAS_A21B_0604_3.jpg,train,DAMIMAS_A21B_0604,0,0,1,1,3,2,0,0
DAMIMAS_A21B_0604_4.jpg,train,DAMIMAS_A21B_0604,1,0,2,2,1,1,0,0
DAMIMAS_A21B_0603_1.jpg,train,DAMIMAS_A21B_0603,1,1,0,1,2,2,0,0
DAMIMAS_A21B_0603_2.jpg,train,DAMIMAS_A21B_0603,1,1,1,2,2,1,0,1
DAMIMAS_A21B_0603_3.jpg,train,DAMIMAS_A21B_0603,1,1,2,2,1,1,0,0
DAMIMAS_A21B_0603_4.jpg,train,DAMIMAS_A21B_0603,1,1,1,2,3,2,0,0
DAMIMAS_A21B_0602_1.jpg,train,DAMIMAS_A21B_0602,2,2,2,1,2,2,0,1
DAMIMAS_A21B_0602_2.jpg,train,DAMIMAS_A21B_0602,2,2,2,2,2,1,1,1
DAMIMAS_A21B_0602_3.jpg,train,DAMIMAS_A21B_0602,1,1,2,2,2,2,1,1
DAMIMAS_A21B_0602_4.jpg,train,DAMIMAS_A21B_0602,2,2,2,2,1,3,1,1
DAMIMAS_A21B_0601_1.jpg,test,DAMIMAS_A21B_0601,0,0,1,0,4,3,1,0
DAMIMAS_A21B_0601_2.jpg,test,DAMIMAS_A21B_0601,0,0,1,0,4,3,0,1
DAMIMAS_A21B_0601_3.jpg,test,DAMIMAS_A21B_0601,0,0,0,0,2,2,0,0
DAMIMAS_A21B_0601_4.jpg,test,DAMIMAS_A21B_0601,0,0,0,0,3,2,0,0
DAMIMAS_A21B_0600_1.jpg,train,DAMIMAS_A21B_0600,1,1,1,1,3,3,1,2
DAMIMAS_A21B_0600_2.jpg,train,DAMIMAS_A21B_0600,1,2,3,1,5,4,0,1
DAMIMAS_A21B_0600_3.jpg,train,DAMIMAS_A21B_0600,1,1,1,1,1,2,0,1
DAMIMAS_A21B_0600_4.jpg,train,DAMIMAS_A21B_0600,1,1,2,1,4,3,1,3
DAMIMAS_A21B_0599_1.jpg,train,DAMIMAS_A21B_0599,1,1,2,1,4,4,0,0
DAMIMAS_A21B_0599_2.jpg,train,DAMIMAS_A21B_0599,1,1,2,2,4,2,0,1
DAMIMAS_A21B_0599_3.jpg,train,DAMIMAS_A21B_0599,1,2,2,2,2,2,1,1
DAMIMAS_A21B_0599_4.jpg,train,DAMIMAS_A21B_0599,1,2,3,1,1,2,0,0
DAMIMAS_A21B_0598_1.jpg,train,DAMIMAS_A21B_0598,0,0,1,1,3,2,0,1
DAMIMAS_A21B_0598_2.jpg,train,DAMIMAS_A21B_0598,0,0,1,1,2,3,0,1
DAMIMAS_A21B_0598_3.jpg,train,DAMIMAS_A21B_0598,0,1,2,2,4,2,0,0
DAMIMAS_A21B_0598_4.jpg,train,DAMIMAS_A21B_0598,1,1,2,2,2,2,0,0
DAMIMAS_A21B_0597_1.jpg,train,DAMIMAS_A21B_0597,0,0,0,0,4,4,0,0
DAMIMAS_A21B_0597_2.jpg,train,DAMIMAS_A21B_0597,0,0,2,0,4,3,0,0
DAMIMAS_A21B_0597_3.jpg,train,DAMIMAS_A21B_0597,0,0,1,0,4,4,2,0
DAMIMAS_A21B_0597_4.jpg,train,DAMIMAS_A21B_0597,0,0,1,0,3,4,1,0
DAMIMAS_A21B_0596_1.jpg,train,DAMIMAS_A21B_0596,0,0,4,1,5,3,0,1
DAMIMAS_A21B_0596_2.jpg,train,DAMIMAS_A21B_0596,1,0,1,1,4,4,0,1
DAMIMAS_A21B_0596_3.jpg,train,DAMIMAS_A21B_0596,1,0,1,1,4,3,0,1
DAMIMAS_A21B_0596_4.jpg,train,DAMIMAS_A21B_0596,1,0,1,1,1,4,0,2
DAMIMAS_A21B_0595_1.jpg,val,DAMIMAS_A21B_0595,1,1,2,2,4,3,0,0
DAMIMAS_A21B_0595_2.jpg,val,DAMIMAS_A21B_0595,1,1,1,2,2,3,1,0
DAMIMAS_A21B_0595_3.jpg,val,DAMIMAS_A21B_0595,2,1,2,2,1,2,0,0
DAMIMAS_A21B_0595_4.jpg,val,DAMIMAS_A21B_0595,2,2,2,2,1,3,0,0
DAMIMAS_A21B_0594_1.jpg,train,DAMIMAS_A21B_0594,1,2,0,2,3,1,0,2
DAMIMAS_A21B_0594_2.jpg,train,DAMIMAS_A21B_0594,1,2,1,2,4,1,1,1
DAMIMAS_A21B_0594_3.jpg,train,DAMIMAS_A21B_0594,1,2,1,2,3,2,0,1
DAMIMAS_A21B_0594_4.jpg,train,DAMIMAS_A21B_0594,1,1,1,2,4,2,0,0
DAMIMAS_A21B_0593_1.jpg,val,DAMIMAS_A21B_0593,0,0,0,0,0,1,0,0
DAMIMAS_A21B_0593_2.jpg,val,DAMIMAS_A21B_0593,0,0,1,0,1,1,0,0
DAMIMAS_A21B_0593_3.jpg,val,DAMIMAS_A21B_0593,0,0,0,0,0,0,0,2
DAMIMAS_A21B_0593_4.jpg,val,DAMIMAS_A21B_0593,0,0,0,0,0,0,0,1
DAMIMAS_A21B_0592_1.jpg,train,DAMIMAS_A21B_0592,1,1,2,1,1,1,0,0
DAMIMAS_A21B_0592_2.jpg,train,DAMIMAS_A21B_0592,0,0,3,1,3,3,0,0
DAMIMAS_A21B_0592_3.jpg,train,DAMIMAS_A21B_0592,0,0,2,0,3,3,0,0
DAMIMAS_A21B_0592_4.jpg,train,DAMIMAS_A21B_0592,1,1,2,0,3,3,0,0
DAMIMAS_A21B_0591_1.jpg,test,DAMIMAS_A21B_0591,0,1,4,3,2,3,0,0
DAMIMAS_A21B_0591_2.jpg,test,DAMIMAS_A21B_0591,0,1,3,3,2,2,0,0
DAMIMAS_A21B_0591_3.jpg,test,DAMIMAS_A21B_0591,1,1,2,2,3,2,0,1
DAMIMAS_A21B_0591_4.jpg,test,DAMIMAS_A21B_0591,1,1,1,1,2,2,0,0
DAMIMAS_A21B_0590_1.jpg,train,DAMIMAS_A21B_0590,2,2,1,1,2,1,0,1
DAMIMAS_A21B_0590_2.jpg,train,DAMIMAS_A21B_0590,1,2,1,1,1,2,0,1
DAMIMAS_A21B_0590_3.jpg,train,DAMIMAS_A21B_0590,1,2,2,1,3,2,1,2
DAMIMAS_A21B_0590_4.jpg,train,DAMIMAS_A21B_0590,1,2,2,1,2,1,0,1
DAMIMAS_A21B_0589_1.jpg,train,DAMIMAS_A21B_0589,1,1,3,0,4,5,0,0
DAMIMAS_A21B_0589_2.jpg,train,DAMIMAS_A21B_0589,1,0,4,1,3,4,0,0
DAMIMAS_A21B_0589_3.jpg,train,DAMIMAS_A21B_0589,1,0,3,2,2,5,1,1
DAMIMAS_A21B_0589_4.jpg,train,DAMIMAS_A21B_0589,1,1,2,1,2,3,1,1
DAMIMAS_A21B_0588_1.jpg,train,DAMIMAS_A21B_0588,1,1,1,1,2,2,1,1
DAMIMAS_A21B_0588_2.jpg,train,DAMIMAS_A21B_0588,2,2,2,1,1,2,0,1
DAMIMAS_A21B_0588_3.jpg,train,DAMIMAS_A21B_0588,1,1,3,2,2,1,0,0
DAMIMAS_A21B_0588_4.jpg,train,DAMIMAS_A21B_0588,1,2,2,2,4,1,0,1
DAMIMAS_A21B_0587_1.jpg,train,DAMIMAS_A21B_0587,0,1,1,0,0,0,0,0
DAMIMAS_A21B_0587_2.jpg,train,DAMIMAS_A21B_0587,1,2,1,0,0,0,0,0
DAMIMAS_A21B_0587_3.jpg,train,DAMIMAS_A21B_0587,0,1,0,0,0,0,0,0
DAMIMAS_A21B_0587_4.jpg,train,DAMIMAS_A21B_0587,0,1,0,0,0,0,0,0
DAMIMAS_A21B_0586_1.jpg,val,DAMIMAS_A21B_0586,0,0,2,1,3,2,0,0
DAMIMAS_A21B_0586_2.jpg,val,DAMIMAS_A21B_0586,1,0,3,2,2,1,0,1
DAMIMAS_A21B_0586_3.jpg,val,DAMIMAS_A21B_0586,0,0,3,2,2,1,0,2
DAMIMAS_A21B_0586_4.jpg,val,DAMIMAS_A21B_0586,0,0,2,1,2,1,0,1
DAMIMAS_A21B_0585_1.jpg,train,DAMIMAS_A21B_0585,0,0,2,2,3,1,1,1
DAMIMAS_A21B_0585_2.jpg,train,DAMIMAS_A21B_0585,1,1,1,1,4,2,1,1
DAMIMAS_A21B_0585_3.jpg,train,DAMIMAS_A21B_0585,2,2,1,0,2,2,0,2
DAMIMAS_A21B_0585_4.jpg,train,DAMIMAS_A21B_0585,1,1,2,1,1,2,0,2
DAMIMAS_A21B_0584_1.jpg,train,DAMIMAS_A21B_0584,1,1,2,1,1,2,0,0
DAMIMAS_A21B_0584_2.jpg,train,DAMIMAS_A21B_0584,1,1,2,1,3,2,1,0
DAMIMAS_A21B_0584_3.jpg,train,DAMIMAS_A21B_0584,0,0,1,2,3,3,0,1
DAMIMAS_A21B_0584_4.jpg,train,DAMIMAS_A21B_0584,0,0,3,2,4,3,0,0
DAMIMAS_A21B_0583_1.jpg,train,DAMIMAS_A21B_0583,2,1,1,1,0,0,0,0
DAMIMAS_A21B_0583_2.jpg,train,DAMIMAS_A21B_0583,1,1,0,1,0,0,0,0
DAMIMAS_A21B_0583_3.jpg,train,DAMIMAS_A21B_0583,0,0,0,1,0,0,0,0
DAMIMAS_A21B_0583_4.jpg,train,DAMIMAS_A21B_0583,0,0,0,1,2,0,0,0
DAMIMAS_A21B_0582_1.jpg,train,DAMIMAS_A21B_0582,1,1,1,3,3,2,0,0
DAMIMAS_A21B_0582_2.jpg,train,DAMIMAS_A21B_0582,1,1,2,3,2,3,0,0
DAMIMAS_A21B_0582_3.jpg,train,DAMIMAS_A21B_0582,1,1,3,2,5,2,0,1
DAMIMAS_A21B_0582_4.jpg,train,DAMIMAS_A21B_0582,1,1,2,2,3,2,1,2
DAMIMAS_A21B_0581_1.jpg,train,DAMIMAS_A21B_0581,0,1,0,0,1,3,0,0
DAMIMAS_A21B_0581_2.jpg,train,DAMIMAS_A21B_0581,1,1,1,1,2,3,1,1
DAMIMAS_A21B_0581_3.jpg,train,DAMIMAS_A21B_0581,0,0,2,2,2,1,1,2
DAMIMAS_A21B_0581_4.jpg,train,DAMIMAS_A21B_0581,1,0,1,2,1,2,0,1
DAMIMAS_A21B_0580_1.jpg,train,DAMIMAS_A21B_0580,2,2,2,1,4,3,0,1
DAMIMAS_A21B_0580_2.jpg,train,DAMIMAS_A21B_0580,1,1,3,2,3,3,0,0
DAMIMAS_A21B_0580_3.jpg,train,DAMIMAS_A21B_0580,0,0,3,3,3,3,0,0
DAMIMAS_A21B_0580_4.jpg,train,DAMIMAS_A21B_0580,1,1,2,2,3,3,0,0
DAMIMAS_A21B_0579_1.jpg,train,DAMIMAS_A21B_0579,0,4,2,1,3,3,1,1
DAMIMAS_A21B_0579_2.jpg,train,DAMIMAS_A21B_0579,2,3,1,2,5,3,0,0
DAMIMAS_A21B_0579_3.jpg,train,DAMIMAS_A21B_0579,1,1,1,2,4,1,0,0
DAMIMAS_A21B_0579_4.jpg,train,DAMIMAS_A21B_0579,1,2,1,1,5,3,1,1
DAMIMAS_A21B_0578_1.jpg,test,DAMIMAS_A21B_0578,0,0,1,2,2,1,1,0
DAMIMAS_A21B_0578_2.jpg,test,DAMIMAS_A21B_0578,0,0,0,1,2,1,0,0
DAMIMAS_A21B_0578_3.jpg,test,DAMIMAS_A21B_0578,0,1,1,3,1,0,0,0
DAMIMAS_A21B_0578_4.jpg,test,DAMIMAS_A21B_0578,0,1,1,2,2,0,0,0
DAMIMAS_A21B_0577_1.jpg,train,DAMIMAS_A21B_0577,1,2,0,0,2,1,1,1
DAMIMAS_A21B_0577_2.jpg,train,DAMIMAS_A21B_0577,1,1,1,0,3,2,0,1
DAMIMAS_A21B_0577_3.jpg,train,DAMIMAS_A21B_0577,0,1,2,0,2,1,0,1
DAMIMAS_A21B_0577_4.jpg,train,DAMIMAS_A21B_0577,1,2,1,0,3,2,0,0
DAMIMAS_A21B_0576_1.jpg,train,DAMIMAS_A21B_0576,1,1,1,2,4,4,1,0
DAMIMAS_A21B_0576_2.jpg,train,DAMIMAS_A21B_0576,1,1,2,1,4,3,0,1
DAMIMAS_A21B_0576_3.jpg,train,DAMIMAS_A21B_0576,1,2,1,1,3,2,1,1
DAMIMAS_A21B_0576_4.jpg,train,DAMIMAS_A21B_0576,1,1,2,2,2,3,0,0
DAMIMAS_A21B_0575_1.jpg,train,DAMIMAS_A21B_0575,1,1,1,3,5,2,0,1
DAMIMAS_A21B_0575_2.jpg,train,DAMIMAS_A21B_0575,1,1,2,3,4,2,1,1
DAMIMAS_A21B_0575_3.jpg,train,DAMIMAS_A21B_0575,1,2,1,1,5,4,0,0
DAMIMAS_A21B_0575_4.jpg,train,DAMIMAS_A21B_0575,1,2,2,1,3,3,0,1
DAMIMAS_A21B_0574_1.jpg,train,DAMIMAS_A21B_0574,0,0,0,0,3,2,0,1
DAMIMAS_A21B_0574_2.jpg,train,DAMIMAS_A21B_0574,0,0,0,0,5,2,1,1
DAMIMAS_A21B_0574_3.jpg,train,DAMIMAS_A21B_0574,0,0,0,0,2,2,0,1
DAMIMAS_A21B_0574_4.jpg,train,DAMIMAS_A21B_0574,0,0,2,1,2,2,0,1
DAMIMAS_A21B_0573_1.jpg,train,DAMIMAS_A21B_0573,0,0,2,2,3,3,1,1
DAMIMAS_A21B_0573_2.jpg,train,DAMIMAS_A21B_0573,0,0,2,1,2,3,1,2
DAMIMAS_A21B_0573_3.jpg,train,DAMIMAS_A21B_0573,1,0,2,2,3,2,1,2
DAMIMAS_A21B_0573_4.jpg,train,DAMIMAS_A21B_0573,1,0,2,1,2,3,1,2
DAMIMAS_A21B_0572_1.jpg,train,DAMIMAS_A21B_0572,3,2,1,1,2,1,0,1
DAMIMAS_A21B_0572_2.jpg,train,DAMIMAS_A21B_0572,0,1,1,1,1,0,0,0
DAMIMAS_A21B_0572_3.jpg,train,DAMIMAS_A21B_0572,0,0,0,2,5,2,0,0
DAMIMAS_A21B_0572_4.jpg,train,DAMIMAS_A21B_0572,1,1,2,2,3,1,0,1
DAMIMAS_A21B_0571_1.jpg,train,DAMIMAS_A21B_0571,1,2,1,1,3,2,0,0
DAMIMAS_A21B_0571_2.jpg,train,DAMIMAS_A21B_0571,1,1,1,2,2,2,0,0
DAMIMAS_A21B_0571_3.jpg,train,DAMIMAS_A21B_0571,0,1,1,2,3,2,1,1
DAMIMAS_A21B_0571_4.jpg,train,DAMIMAS_A21B_0571,2,2,2,2,4,3,2,1
DAMIMAS_A21B_0570_1.jpg,val,DAMIMAS_A21B_0570,0,0,1,1,2,2,2,2
DAMIMAS_A21B_0570_2.jpg,val,DAMIMAS_A21B_0570,0,0,0,0,3,3,0,2
DAMIMAS_A21B_0570_3.jpg,val,DAMIMAS_A21B_0570,0,0,1,1,3,4,1,1
DAMIMAS_A21B_0570_4.jpg,val,DAMIMAS_A21B_0570,0,0,1,3,3,2,0,1
DAMIMAS_A21B_0569_1.jpg,train,DAMIMAS_A21B_0569,1,1,1,0,0,3,1,1
DAMIMAS_A21B_0569_2.jpg,train,DAMIMAS_A21B_0569,3,2,1,1,2,2,0,2
DAMIMAS_A21B_0569_3.jpg,train,DAMIMAS_A21B_0569,1,1,1,2,4,3,0,0
DAMIMAS_A21B_0569_4.jpg,train,DAMIMAS_A21B_0569,1,1,1,1,4,4,0,0
DAMIMAS_A21B_0568_1.jpg,train,DAMIMAS_A21B_0568,2,1,1,2,1,1,0,1
DAMIMAS_A21B_0568_2.jpg,train,DAMIMAS_A21B_0568,1,0,3,3,3,2,0,2
DAMIMAS_A21B_0568_3.jpg,train,DAMIMAS_A21B_0568,1,1,1,1,3,3,0,1
DAMIMAS_A21B_0568_4.jpg,train,DAMIMAS_A21B_0568,0,2,2,0,4,2,0,1
DAMIMAS_A21B_0567_1.jpg,train,DAMIMAS_A21B_0567,0,0,2,4,5,3,0,0
DAMIMAS_A21B_0567_2.jpg,train,DAMIMAS_A21B_0567,0,1,4,3,0,3,0,0
DAMIMAS_A21B_0567_3.jpg,train,DAMIMAS_A21B_0567,1,2,1,1,5,3,1,1
DAMIMAS_A21B_0567_4.jpg,train,DAMIMAS_A21B_0567,1,1,0,1,5,3,0,1
DAMIMAS_A21B_0566_1.jpg,train,DAMIMAS_A21B_0566,1,0,1,3,4,3,0,1
DAMIMAS_A21B_0566_2.jpg,train,DAMIMAS_A21B_0566,1,0,1,4,5,3,0,0
DAMIMAS_A21B_0566_3.jpg,train,DAMIMAS_A21B_0566,0,0,2,3,3,2,0,1
DAMIMAS_A21B_0566_4.jpg,train,DAMIMAS_A21B_0566,0,0,1,3,4,2,2,2
DAMIMAS_A21B_0565_1.jpg,train,DAMIMAS_A21B_0565,0,0,2,0,4,3,1,2
DAMIMAS_A21B_0565_2.jpg,train,DAMIMAS_A21B_0565,0,0,1,0,5,4,0,1
DAMIMAS_A21B_0565_3.jpg,train,DAMIMAS_A21B_0565,0,0,0,0,6,3,0,1
DAMIMAS_A21B_0565_4.jpg,train,DAMIMAS_A21B_0565,0,0,1,0,4,4,0,1
DAMIMAS_A21B_0564_1.jpg,train,DAMIMAS_A21B_0564,1,2,2,1,3,3,0,0
DAMIMAS_A21B_0564_2.jpg,train,DAMIMAS_A21B_0564,2,2,1,0,2,2,1,1
DAMIMAS_A21B_0564_3.jpg,train,DAMIMAS_A21B_0564,1,1,0,1,3,3,1,1
DAMIMAS_A21B_0564_4.jpg,train,DAMIMAS_A21B_0564,0,1,0,1,4,1,0,1
DAMIMAS_A21B_0563_1.jpg,test,DAMIMAS_A21B_0563,2,2,1,1,1,2,0,0
DAMIMAS_A21B_0563_2.jpg,test,DAMIMAS_A21B_0563,1,2,0,2,2,1,0,0
DAMIMAS_A21B_0563_3.jpg,test,DAMIMAS_A21B_0563,0,0,0,2,4,2,1,0
DAMIMAS_A21B_0563_4.jpg,test,DAMIMAS_A21B_0563,0,1,1,1,2,2,0,0
DAMIMAS_A21B_0562_1.jpg,val,DAMIMAS_A21B_0562,1,1,1,2,2,2,0,1
DAMIMAS_A21B_0562_2.jpg,val,DAMIMAS_A21B_0562,1,1,1,2,3,1,2,3
DAMIMAS_A21B_0562_3.jpg,val,DAMIMAS_A21B_0562,1,0,2,2,2,3,1,2
DAMIMAS_A21B_0562_4.jpg,val,DAMIMAS_A21B_0562,0,0,2,3,2,2,0,0
DAMIMAS_A21B_0561_1.jpg,train,DAMIMAS_A21B_0561,1,1,1,0,4,4,0,1
DAMIMAS_A21B_0561_2.jpg,train,DAMIMAS_A21B_0561,0,1,1,1,3,4,0,0
DAMIMAS_A21B_0561_3.jpg,train,DAMIMAS_A21B_0561,0,0,2,2,2,2,1,1
DAMIMAS_A21B_0561_4.jpg,train,DAMIMAS_A21B_0561,0,0,2,1,4,4,1,2
DAMIMAS_A21B_0560_1.jpg,train,DAMIMAS_A21B_0560,0,0,0,0,3,3,0,0
DAMIMAS_A21B_0560_2.jpg,train,DAMIMAS_A21B_0560,0,0,0,0,2,2,0,0
DAMIMAS_A21B_0560_3.jpg,train,DAMIMAS_A21B_0560,0,0,0,0,2,2,0,0
DAMIMAS_A21B_0560_4.jpg,train,DAMIMAS_A21B_0560,0,0,0,0,2,3,0,0
DAMIMAS_A21B_0559_1.jpg,train,DAMIMAS_A21B_0559,0,0,0,0,0,0,1,1
DAMIMAS_A21B_0559_2.jpg,train,DAMIMAS_A21B_0559,0,0,0,0,2,0,2,4
DAMIMAS_A21B_0559_3.jpg,train,DAMIMAS_A21B_0559,0,0,0,0,0,0,1,2
DAMIMAS_A21B_0559_4.jpg,train,DAMIMAS_A21B_0559,0,0,0,0,0,0,0,2
DAMIMAS_A21B_0558_1.jpg,train,DAMIMAS_A21B_0558,0,0,1,3,6,2,1,1
DAMIMAS_A21B_0558_2.jpg,train,DAMIMAS_A21B_0558,0,0,2,3,2,2,1,2
DAMIMAS_A21B_0558_3.jpg,train,DAMIMAS_A21B_0558,0,0,2,2,3,2,1,1
DAMIMAS_A21B_0558_4.jpg,train,DAMIMAS_A21B_0558,0,0,2,3,2,1,0,1
DAMIMAS_A21B_0557_1.jpg,val,DAMIMAS_A21B_0557,0,0,0,0,4,2,0,1
DAMIMAS_A21B_0557_2.jpg,val,DAMIMAS_A21B_0557,0,1,1,1,3,2,1,2
DAMIMAS_A21B_0557_3.jpg,val,DAMIMAS_A21B_0557,0,1,2,1,3,4,0,1
DAMIMAS_A21B_0557_4.jpg,val,DAMIMAS_A21B_0557,1,1,0,0,2,3,0,2
DAMIMAS_A21B_0556_1.jpg,val,DAMIMAS_A21B_0556,1,1,1,1,2,3,1,1
DAMIMAS_A21B_0556_2.jpg,val,DAMIMAS_A21B_0556,2,2,1,1,4,2,0,1
DAMIMAS_A21B_0556_3.jpg,val,DAMIMAS_A21B_0556,1,1,1,3,2,1,0,1
DAMIMAS_A21B_0556_4.jpg,val,DAMIMAS_A21B_0556,0,0,3,3,4,2,0,1
DAMIMAS_A21B_0555_1.jpg,train,DAMIMAS_A21B_0555,0,0,3,2,4,2,0,0
DAMIMAS_A21B_0555_2.jpg,train,DAMIMAS_A21B_0555,0,0,0,1,2,2,0,0
DAMIMAS_A21B_0555_3.jpg,train,DAMIMAS_A21B_0555,0,0,1,2,4,1,2,1
DAMIMAS_A21B_0555_4.jpg,train,DAMIMAS_A21B_0555,0,0,3,2,3,1,1,2
DAMIMAS_A21B_0554_1.jpg,test,DAMIMAS_A21B_0554,0,0,1,2,2,3,0,2
DAMIMAS_A21B_0554_2.jpg,test,DAMIMAS_A21B_0554,0,1,1,1,2,3,1,3
DAMIMAS_A21B_0554_3.jpg,test,DAMIMAS_A21B_0554,1,2,1,0,3,3,0,2
DAMIMAS_A21B_0554_4.jpg,test,DAMIMAS_A21B_0554,1,1,1,2,3,3,1,2
DAMIMAS_A21B_0553_1.jpg,train,DAMIMAS_A21B_0553,1,1,1,1,4,2,2,1
DAMIMAS_A21B_0553_2.jpg,train,DAMIMAS_A21B_0553,1,1,2,2,5,1,0,2
DAMIMAS_A21B_0553_3.jpg,train,DAMIMAS_A21B_0553,0,0,1,1,3,3,0,1
DAMIMAS_A21B_0553_4.jpg,train,DAMIMAS_A21B_0553,1,1,0,0,2,3,0,0
DAMIMAS_A21B_0552_1.jpg,train,DAMIMAS_A21B_0552,2,3,0,1,1,0,0,0
DAMIMAS_A21B_0552_2.jpg,train,DAMIMAS_A21B_0552,1,1,1,2,1,1,0,0
DAMIMAS_A21B_0552_3.jpg,train,DAMIMAS_A21B_0552,2,1,3,2,3,2,0,1
DAMIMAS_A21B_0552_4.jpg,train,DAMIMAS_A21B_0552,1,1,2,2,2,1,0,0
DAMIMAS_A21B_0551_1.jpg,test,DAMIMAS_A21B_0551,1,1,0,2,6,2,1,2
DAMIMAS_A21B_0551_2.jpg,test,DAMIMAS_A21B_0551,0,1,3,2,4,4,1,1
DAMIMAS_A21B_0551_3.jpg,test,DAMIMAS_A21B_0551,1,1,2,2,4,4,0,0
DAMIMAS_A21B_0551_4.jpg,test,DAMIMAS_A21B_0551,2,2,2,1,4,4,2,1
DAMIMAS_A21B_0550_1.jpg,val,DAMIMAS_A21B_0550,1,1,1,2,6,1,1,2
DAMIMAS_A21B_0550_2.jpg,val,DAMIMAS_A21B_0550,0,1,0,3,5,1,0,3
DAMIMAS_A21B_0550_3.jpg,val,DAMIMAS_A21B_0550,1,1,0,3,5,1,0,1
DAMIMAS_A21B_0550_4.jpg,val,DAMIMAS_A21B_0550,0,1,1,2,4,2,1,1
DAMIMAS_A21B_0549_1.jpg,train,DAMIMAS_A21B_0549,0,0,0,0,3,2,0,0
DAMIMAS_A21B_0549_2.jpg,train,DAMIMAS_A21B_0549,0,0,0,0,2,3,1,0
DAMIMAS_A21B_0549_3.jpg,train,DAMIMAS_A21B_0549,1,1,0,0,3,2,0,0
DAMIMAS_A21B_0549_4.jpg,train,DAMIMAS_A21B_0549,1,1,0,0,1,1,0,0
DAMIMAS_A21B_0548_1.jpg,train,DAMIMAS_A21B_0548,0,1,1,2,3,2,1,1
DAMIMAS_A21B_0548_2.jpg,train,DAMIMAS_A21B_0548,0,1,2,1,3,2,0,1
DAMIMAS_A21B_0548_3.jpg,train,DAMIMAS_A21B_0548,0,0,0,1,3,2,1,1
DAMIMAS_A21B_0548_4.jpg,train,DAMIMAS_A21B_0548,0,0,1,2,3,2,0,1
DAMIMAS_A21B_0547_1.jpg,val,DAMIMAS_A21B_0547,1,1,1,2,5,4,0,0
DAMIMAS_A21B_0547_2.jpg,val,DAMIMAS_A21B_0547,0,0,1,3,5,2,0,0
DAMIMAS_A21B_0547_3.jpg,val,DAMIMAS_A21B_0547,0,0,3,4,5,2,1,0
DAMIMAS_A21B_0547_4.jpg,val,DAMIMAS_A21B_0547,0,1,1,2,6,3,1,0
DAMIMAS_A21B_0546_1.jpg,test,DAMIMAS_A21B_0546,0,1,1,1,5,4,1,2
DAMIMAS_A21B_0546_2.jpg,test,DAMIMAS_A21B_0546,0,0,1,2,4,3,0,2
DAMIMAS_A21B_0546_3.jpg,test,DAMIMAS_A21B_0546,1,1,1,1,3,2,2,2
DAMIMAS_A21B_0546_4.jpg,test,DAMIMAS_A21B_0546,2,2,2,2,2,3,2,0
DAMIMAS_A21B_0545_1.jpg,train,DAMIMAS_A21B_0545,0,0,2,0,3,4,0,0
DAMIMAS_A21B_0545_2.jpg,train,DAMIMAS_A21B_0545,1,1,1,0,3,4,0,1
DAMIMAS_A21B_0545_3.jpg,train,DAMIMAS_A21B_0545,1,1,2,0,4,6,0,0
DAMIMAS_A21B_0545_4.jpg,train,DAMIMAS_A21B_0545,0,0,2,0,7,6,1,0
DAMIMAS_A21B_0544_1.jpg,train,DAMIMAS_A21B_0544,1,1,2,2,4,1,1,2
DAMIMAS_A21B_0544_2.jpg,train,DAMIMAS_A21B_0544,1,1,2,1,3,1,2,3
DAMIMAS_A21B_0544_3.jpg,train,DAMIMAS_A21B_0544,1,1,2,1,3,1,1,2
DAMIMAS_A21B_0544_4.jpg,train,DAMIMAS_A21B_0544,0,1,2,2,3,1,2,2
DAMIMAS_A21B_0543_1.jpg,train,DAMIMAS_A21B_0543,0,1,0,1,1,1,0,0
DAMIMAS_A21B_0543_2.jpg,train,DAMIMAS_A21B_0543,0,0,0,1,0,0,1,0
DAMIMAS_A21B_0543_3.jpg,train,DAMIMAS_A21B_0543,0,1,2,1,0,1,0,0
DAMIMAS_A21B_0543_4.jpg,train,DAMIMAS_A21B_0543,0,2,2,0,1,1,0,0
DAMIMAS_A21B_0542_1.jpg,train,DAMIMAS_A21B_0542,0,2,1,0,4,2,0,2
DAMIMAS_A21B_0542_2.jpg,train,DAMIMAS_A21B_0542,0,1,2,1,3,3,0,1
DAMIMAS_A21B_0542_3.jpg,train,DAMIMAS_A21B_0542,0,0,0,1,5,3,0,2
DAMIMAS_A21B_0542_4.jpg,train,DAMIMAS_A21B_0542,1,1,0,1,2,2,0,3
DAMIMAS_A21B_0541_1.jpg,test,DAMIMAS_A21B_0541,1,1,1,1,2,1,0,0
DAMIMAS_A21B_0541_2.jpg,test,DAMIMAS_A21B_0541,1,1,0,0,1,1,0,0
DAMIMAS_A21B_0541_3.jpg,test,DAMIMAS_A21B_0541,1,1,1,0,3,2,0,1
DAMIMAS_A21B_0541_4.jpg,test,DAMIMAS_A21B_0541,1,1,1,1,3,1,0,2
DAMIMAS_A21B_0540_1.jpg,train,DAMIMAS_A21B_0540,2,2,0,0,2,1,0,2
DAMIMAS_A21B_0540_2.jpg,train,DAMIMAS_A21B_0540,1,1,0,0,1,1,0,1
DAMIMAS_A21B_0540_3.jpg,train,DAMIMAS_A21B_0540,0,2,1,0,3,2,0,1
DAMIMAS_A21B_0540_4.jpg,train,DAMIMAS_A21B_0540,2,2,1,0,2,2,1,1
DAMIMAS_A21B_0539_1.jpg,train,DAMIMAS_A21B_0539,0,2,2,1,3,3,0,1
DAMIMAS_A21B_0539_2.jpg,train,DAMIMAS_A21B_0539,0,1,2,2,3,2,1,1
DAMIMAS_A21B_0539_3.jpg,train,DAMIMAS_A21B_0539,0,2,1,2,2,3,2,1
DAMIMAS_A21B_0539_4.jpg,train,DAMIMAS_A21B_0539,1,2,1,1,1,3,0,1
DAMIMAS_A21B_0538_1.jpg,train,DAMIMAS_A21B_0538,0,0,2,2,3,2,0,2
DAMIMAS_A21B_0538_2.jpg,train,DAMIMAS_A21B_0538,0,0,2,1,5,3,0,2
DAMIMAS_A21B_0538_3.jpg,train,DAMIMAS_A21B_0538,0,0,2,0,5,4,0,2
DAMIMAS_A21B_0538_4.jpg,train,DAMIMAS_A21B_0538,0,0,1,1,4,2,0,3
DAMIMAS_A21B_0537_1.jpg,val,DAMIMAS_A21B_0537,0,1,1,1,3,3,0,0
DAMIMAS_A21B_0537_2.jpg,val,DAMIMAS_A21B_0537,0,0,0,0,4,3,0,0
DAMIMAS_A21B_0537_3.jpg,val,DAMIMAS_A21B_0537,1,1,1,0,2,3,0,0
DAMIMAS_A21B_0537_4.jpg,val,DAMIMAS_A21B_0537,1,1,0,0,3,3,1,1
DAMIMAS_A21B_0536_1.jpg,test,DAMIMAS_A21B_0536,1,1,0,0,3,2,0,0
DAMIMAS_A21B_0536_2.jpg,test,DAMIMAS_A21B_0536,0,0,1,1,3,2,1,1
DAMIMAS_A21B_0536_3.jpg,test,DAMIMAS_A21B_0536,1,1,1,1,2,1,0,2
DAMIMAS_A21B_0536_4.jpg,test,DAMIMAS_A21B_0536,2,2,0,1,3,1,0,1
DAMIMAS_A21B_0535_1.jpg,train,DAMIMAS_A21B_0535,1,2,1,1,2,2,0,1
DAMIMAS_A21B_0535_2.jpg,train,DAMIMAS_A21B_0535,1,1,1,2,3,2,0,0
DAMIMAS_A21B_0535_3.jpg,train,DAMIMAS_A21B_0535,1,2,0,1,2,0,0,0
DAMIMAS_A21B_0535_4.jpg,train,DAMIMAS_A21B_0535,0,2,1,1,3,1,0,1
DAMIMAS_A21B_0534_1.jpg,train,DAMIMAS_A21B_0534,1,1,0,0,2,3,1,2
DAMIMAS_A21B_0534_2.jpg,train,DAMIMAS_A21B_0534,1,1,2,0,2,2,0,1
DAMIMAS_A21B_0534_3.jpg,train,DAMIMAS_A21B_0534,0,0,1,1,1,1,0,1
DAMIMAS_A21B_0534_4.jpg,train,DAMIMAS_A21B_0534,0,1,1,1,2,2,1,2
DAMIMAS_A21B_0533_1.jpg,val,DAMIMAS_A21B_0533,0,0,1,2,5,3,0,1
DAMIMAS_A21B_0533_2.jpg,val,DAMIMAS_A21B_0533,0,0,1,1,3,1,0,1
DAMIMAS_A21B_0533_3.jpg,val,DAMIMAS_A21B_0533,1,1,1,0,5,4,2,2
DAMIMAS_A21B_0533_4.jpg,val,DAMIMAS_A21B_0533,0,0,1,1,4,4,0,1
DAMIMAS_A21B_0532_1.jpg,train,DAMIMAS_A21B_0532,0,1,1,1,3,2,0,0
DAMIMAS_A21B_0532_2.jpg,train,DAMIMAS_A21B_0532,0,1,1,1,4,2,0,0
DAMIMAS_A21B_0532_3.jpg,train,DAMIMAS_A21B_0532,1,2,1,1,2,3,1,1
DAMIMAS_A21B_0532_4.jpg,train,DAMIMAS_A21B_0532,1,1,0,0,4,3,1,1
DAMIMAS_A21B_0531_1.jpg,train,DAMIMAS_A21B_0531,1,1,0,3,5,3,0,1
DAMIMAS_A21B_0531_2.jpg,train,DAMIMAS_A21B_0531,1,2,3,2,4,3,1,1
DAMIMAS_A21B_0531_3.jpg,train,DAMIMAS_A21B_0531,0,1,2,2,6,3,0,0
DAMIMAS_A21B_0531_4.jpg,train,DAMIMAS_A21B_0531,0,0,1,2,4,2,1,1
DAMIMAS_A21B_0530_1.jpg,test,DAMIMAS_A21B_0530,1,1,2,1,4,3,3,1
DAMIMAS_A21B_0530_2.jpg,test,DAMIMAS_A21B_0530,1,1,1,1,3,3,1,2
DAMIMAS_A21B_0530_3.jpg,test,DAMIMAS_A21B_0530,1,1,1,1,5,2,1,1
DAMIMAS_A21B_0530_4.jpg,test,DAMIMAS_A21B_0530,0,1,1,1,4,2,1,3
DAMIMAS_A21B_0529_1.jpg,train,DAMIMAS_A21B_0529,0,0,0,0,5,3,1,2
DAMIMAS_A21B_0529_2.jpg,train,DAMIMAS_A21B_0529,0,0,0,0,2,2,0,2
DAMIMAS_A21B_0529_3.jpg,train,DAMIMAS_A21B_0529,0,0,0,0,4,3,2,1
DAMIMAS_A21B_0529_4.jpg,train,DAMIMAS_A21B_0529,0,0,0,0,2,3,1,1
DAMIMAS_A21B_0528_1.jpg,train,DAMIMAS_A21B_0528,0,0,1,1,1,0,0,0
DAMIMAS_A21B_0528_2.jpg,train,DAMIMAS_A21B_0528,0,0,0,0,1,0,0,0
DAMIMAS_A21B_0528_3.jpg,train,DAMIMAS_A21B_0528,0,0,0,0,0,0,0,0
DAMIMAS_A21B_0528_4.jpg,train,DAMIMAS_A21B_0528,0,0,1,1,1,0,0,0
DAMIMAS_A21B_0527_1.jpg,train,DAMIMAS_A21B_0527,0,0,2,2,4,2,0,0
DAMIMAS_A21B_0527_2.jpg,train,DAMIMAS_A21B_0527,0,0,0,1,5,3,0,0
DAMIMAS_A21B_0527_3.jpg,train,DAMIMAS_A21B_0527,0,0,0,2,2,2,0,0
DAMIMAS_A21B_0527_4.jpg,train,DAMIMAS_A21B_0527,0,0,1,2,2,1,1,0
DAMIMAS_A21B_0526_1.jpg,train,DAMIMAS_A21B_0526,0,0,1,0,2,5,0,0
DAMIMAS_A21B_0526_2.jpg,train,DAMIMAS_A21B_0526,0,0,0,0,3,5,1,0
DAMIMAS_A21B_0526_3.jpg,train,DAMIMAS_A21B_0526,0,0,0,0,3,4,1,1
DAMIMAS_A21B_0526_4.jpg,train,DAMIMAS_A21B_0526,0,0,1,1,3,5,2,0
DAMIMAS_A21B_0525_1.jpg,test,DAMIMAS_A21B_0525,0,0,1,2,2,3,0,0
DAMIMAS_A21B_0525_2.jpg,test,DAMIMAS_A21B_0525,1,1,0,0,3,2,1,0
DAMIMAS_A21B_0525_3.jpg,test,DAMIMAS_A21B_0525,1,1,1,0,2,2,0,0
DAMIMAS_A21B_0525_4.jpg,test,DAMIMAS_A21B_0525,0,0,0,1,2,1,0,0
DAMIMAS_A21B_0524_1.jpg,train,DAMIMAS_A21B_0524,0,0,0,1,4,2,0,1
DAMIMAS_A21B_0524_2.jpg,train,DAMIMAS_A21B_0524,1,1,2,2,4,1,1,1
DAMIMAS_A21B_0524_3.jpg,train,DAMIMAS_A21B_0524,1,2,0,1,1,1,1,2
DAMIMAS_A21B_0524_4.jpg,train,DAMIMAS_A21B_0524,0,1,1,0,3,2,1,4
DAMIMAS_A21B_0523_1.jpg,train,DAMIMAS_A21B_0523,0,1,1,3,2,1,0,0
DAMIMAS_A21B_0523_2.jpg,train,DAMIMAS_A21B_0523,0,0,1,4,3,1,1,1
DAMIMAS_A21B_0523_3.jpg,train,DAMIMAS_A21B_0523,1,1,1,3,3,1,1,1
DAMIMAS_A21B_0523_4.jpg,train,DAMIMAS_A21B_0523,1,2,1,2,1,2,0,0
DAMIMAS_A21B_0522_1.jpg,train,DAMIMAS_A21B_0522,0,0,3,2,1,1,0,1
DAMIMAS_A21B_0522_2.jpg,train,DAMIMAS_A21B_0522,0,0,0,1,1,0,0,2
DAMIMAS_A21B_0522_3.jpg,train,DAMIMAS_A21B_0522,0,0,1,3,1,2,0,0
DAMIMAS_A21B_0522_4.jpg,train,DAMIMAS_A21B_0522,0,0,1,2,2,2,0,0
DAMIMAS_A21B_0521_1.jpg,val,DAMIMAS_A21B_0521,0,0,1,1,4,0,0,2
DAMIMAS_A21B_0521_2.jpg,val,DAMIMAS_A21B_0521,1,1,2,1,2,1,0,1
DAMIMAS_A21B_0521_3.jpg,val,DAMIMAS_A21B_0521,1,1,1,1,2,2,0,1
DAMIMAS_A21B_0521_4.jpg,val,DAMIMAS_A21B_0521,0,0,1,2,1,1,1,2
DAMIMAS_A21B_0520_1.jpg,train,DAMIMAS_A21B_0520,0,1,1,1,3,1,0,0
DAMIMAS_A21B_0520_2.jpg,train,DAMIMAS_A21B_0520,0,1,2,2,4,1,0,1
DAMIMAS_A21B_0520_3.jpg,train,DAMIMAS_A21B_0520,1,2,2,0,1,1,0,1
DAMIMAS_A21B_0520_4.jpg,train,DAMIMAS_A21B_0520,1,1,1,1,3,1,1,1
DAMIMAS_A21B_0519_1.jpg,test,DAMIMAS_A21B_0519,0,0,0,0,0,0,0,0
DAMIMAS_A21B_0519_2.jpg,test,DAMIMAS_A21B_0519,0,0,0,0,0,0,0,0
DAMIMAS_A21B_0519_3.jpg,test,DAMIMAS_A21B_0519,0,0,0,0,0,0,0,0
DAMIMAS_A21B_0519_4.jpg,test,DAMIMAS_A21B_0519,0,0,0,0,0,0,0,0
DAMIMAS_A21B_0518_1.jpg,val,DAMIMAS_A21B_0518,1,1,1,0,4,3,0,3
DAMIMAS_A21B_0518_2.jpg,val,DAMIMAS_A21B_0518,0,0,1,1,4,4,0,3
DAMIMAS_A21B_0518_3.jpg,val,DAMIMAS_A21B_0518,0,0,2,2,3,3,1,2
DAMIMAS_A21B_0518_4.jpg,val,DAMIMAS_A21B_0518,1,1,1,1,3,3,1,2
DAMIMAS_A21B_0517_1.jpg,train,DAMIMAS_A21B_0517,1,2,1,0,2,2,0,2
DAMIMAS_A21B_0517_2.jpg,train,DAMIMAS_A21B_0517,0,1,0,0,4,2,0,1
DAMIMAS_A21B_0517_3.jpg,train,DAMIMAS_A21B_0517,0,0,0,1,4,4,2,2
DAMIMAS_A21B_0517_4.jpg,train,DAMIMAS_A21B_0517,1,1,1,0,4,2,0,2
DAMIMAS_A21B_0516_1.jpg,val,DAMIMAS_A21B_0516,1,1,0,1,2,0,0,1
DAMIMAS_A21B_0516_2.jpg,val,DAMIMAS_A21B_0516,0,1,1,0,2,2,0,1
DAMIMAS_A21B_0516_3.jpg,val,DAMIMAS_A21B_0516,0,0,0,1,4,2,0,1
DAMIMAS_A21B_0516_4.jpg,val,DAMIMAS_A21B_0516,0,0,1,2,3,0,0,1
DAMIMAS_A21B_0515_1.jpg,train,DAMIMAS_A21B_0515,0,0,1,2,4,2,1,1
DAMIMAS_A21B_0515_2.jpg,train,DAMIMAS_A21B_0515,1,1,1,2,5,2,2,1
DAMIMAS_A21B_0515_3.jpg,train,DAMIMAS_A21B_0515,1,2,1,2,4,3,1,1
DAMIMAS_A21B_0515_4.jpg,train,DAMIMAS_A21B_0515,1,1,3,2,4,2,0,0
DAMIMAS_A21B_0514_1.jpg,train,DAMIMAS_A21B_0514,0,0,0,0,4,4,1,3
DAMIMAS_A21B_0514_2.jpg,train,DAMIMAS_A21B_0514,0,0,0,0,4,4,0,1
DAMIMAS_A21B_0514_3.jpg,train,DAMIMAS_A21B_0514,0,0,0,0,5,3,1,2
DAMIMAS_A21B_0514_4.jpg,train,DAMIMAS_A21B_0514,0,0,0,0,3,4,1,1
DAMIMAS_A21B_0513_1.jpg,train,DAMIMAS_A21B_0513,0,0,1,1,1,2,0,0
DAMIMAS_A21B_0513_2.jpg,train,DAMIMAS_A21B_0513,0,0,0,0,3,4,0,0
DAMIMAS_A21B_0513_3.jpg,train,DAMIMAS_A21B_0513,0,0,1,0,5,4,1,0
DAMIMAS_A21B_0513_4.jpg,train,DAMIMAS_A21B_0513,0,0,1,1,2,1,0,0
DAMIMAS_A21B_0512_1.jpg,val,DAMIMAS_A21B_0512,0,1,1,2,3,1,1,3
DAMIMAS_A21B_0512_2.jpg,val,DAMIMAS_A21B_0512,0,0,1,1,4,3,2,2
DAMIMAS_A21B_0512_3.jpg,val,DAMIMAS_A21B_0512,0,1,0,1,6,4,0,0
DAMIMAS_A21B_0512_4.jpg,val,DAMIMAS_A21B_0512,1,1,2,2,4,1,0,2
DAMIMAS_A21B_0511_1.jpg,train,DAMIMAS_A21B_0511,1,1,0,2,5,3,0,0
DAMIMAS_A21B_0511_2.jpg,train,DAMIMAS_A21B_0511,1,1,1,3,5,1,0,1
DAMIMAS_A21B_0511_3.jpg,train,DAMIMAS_A21B_0511,1,3,2,2,2,1,0,0
DAMIMAS_A21B_0511_4.jpg,train,DAMIMAS_A21B_0511,1,2,2,2,2,1,0,0
DAMIMAS_A21B_0510_1.jpg,test,DAMIMAS_A21B_0510,0,0,1,1,3,2,0,1
DAMIMAS_A21B_0510_2.jpg,test,DAMIMAS_A21B_0510,0,0,2,2,4,3,0,0
DAMIMAS_A21B_0510_3.jpg,test,DAMIMAS_A21B_0510,0,0,2,1,4,4,0,2
DAMIMAS_A21B_0510_4.jpg,test,DAMIMAS_A21B_0510,0,0,1,1,4,3,0,2
DAMIMAS_A21B_0509_1.jpg,train,DAMIMAS_A21B_0509,0,0,0,1,3,3,0,0
DAMIMAS_A21B_0509_2.jpg,train,DAMIMAS_A21B_0509,0,1,1,0,3,3,0,1
DAMIMAS_A21B_0509_3.jpg,train,DAMIMAS_A21B_0509,0,1,0,1,0,1,0,1
DAMIMAS_A21B_0509_4.jpg,train,DAMIMAS_A21B_0509,0,0,1,1,6,2,0,1
DAMIMAS_A21B_0508_1.jpg,train,DAMIMAS_A21B_0508,0,1,1,4,1,2,0,0
DAMIMAS_A21B_0508_2.jpg,train,DAMIMAS_A21B_0508,0,0,1,2,3,2,0,0
DAMIMAS_A21B_0508_3.jpg,train,DAMIMAS_A21B_0508,0,0,2,2,5,3,1,1
DAMIMAS_A21B_0508_4.jpg,train,DAMIMAS_A21B_0508,0,0,0,3,3,1,0,1
DAMIMAS_A21B_0507_1.jpg,train,DAMIMAS_A21B_0507,0,0,0,2,6,2,0,0
DAMIMAS_A21B_0507_2.jpg,train,DAMIMAS_A21B_0507,0,0,2,2,5,2,0,0
DAMIMAS_A21B_0507_3.jpg,train,DAMIMAS_A21B_0507,0,0,1,3,3,2,0,0
DAMIMAS_A21B_0507_4.jpg,train,DAMIMAS_A21B_0507,0,0,1,2,3,2,1,0
DAMIMAS_A21B_0506_1.jpg,train,DAMIMAS_A21B_0506,0,2,1,1,5,2,0,4
DAMIMAS_A21B_0506_2.jpg,train,DAMIMAS_A21B_0506,1,1,2,2,4,2,1,3
DAMIMAS_A21B_0506_3.jpg,train,DAMIMAS_A21B_0506,2,2,1,1,3,2,1,4
DAMIMAS_A21B_0506_4.jpg,train,DAMIMAS_A21B_0506,2,2,0,0,5,2,1,3
DAMIMAS_A21B_0505_1.jpg,test,DAMIMAS_A21B_0505,0,0,1,0,3,3,0,3
DAMIMAS_A21B_0505_2.jpg,test,DAMIMAS_A21B_0505,0,0,2,0,6,3,0,2
DAMIMAS_A21B_0505_3.jpg,test,DAMIMAS_A21B_0505,1,1,1,0,5,3,0,1
DAMIMAS_A21B_0505_4.jpg,test,DAMIMAS_A21B_0505,1,1,0,0,3,2,1,2
DAMIMAS_A21B_0504_1.jpg,val,DAMIMAS_A21B_0504,0,0,0,2,1,2,0,1
DAMIMAS_A21B_0504_2.jpg,val,DAMIMAS_A21B_0504,0,0,0,2,3,2,0,1
DAMIMAS_A21B_0504_3.jpg,val,DAMIMAS_A21B_0504,1,1,0,2,3,1,1,2
DAMIMAS_A21B_0504_4.jpg,val,DAMIMAS_A21B_0504,1,1,3,2,2,1,0,2
DAMIMAS_A21B_0503_1.jpg,train,DAMIMAS_A21B_0503,1,1,3,2,4,2,0,2
DAMIMAS_A21B_0503_2.jpg,train,DAMIMAS_A21B_0503,0,0,1,4,5,2,2,1
DAMIMAS_A21B_0503_3.jpg,train,DAMIMAS_A21B_0503,0,1,2,2,4,2,0,1
DAMIMAS_A21B_0503_4.jpg,train,DAMIMAS_A21B_0503,0,1,1,2,3,3,0,1
DAMIMAS_A21B_0502_1.jpg,train,DAMIMAS_A21B_0502,0,0,0,1,2,3,0,3
DAMIMAS_A21B_0502_2.jpg,train,DAMIMAS_A21B_0502,0,0,0,3,5,1,1,3
DAMIMAS_A21B_0502_3.jpg,train,DAMIMAS_A21B_0502,0,0,0,2,2,2,0,3
DAMIMAS_A21B_0502_4.jpg,train,DAMIMAS_A21B_0502,0,0,1,1,3,4,0,2
DAMIMAS_A21B_0501_1.jpg,train,DAMIMAS_A21B_0501,0,1,1,1,5,3,0,2
DAMIMAS_A21B_0501_2.jpg,train,DAMIMAS_A21B_0501,0,1,2,1,4,4,0,1
DAMIMAS_A21B_0501_3.jpg,train,DAMIMAS_A21B_0501,0,1,0,2,3,2,0,1
DAMIMAS_A21B_0501_4.jpg,train,DAMIMAS_A21B_0501,0,1,1,1,2,2,2,1
DAMIMAS_A21B_0500_1.jpg,train,DAMIMAS_A21B_0500,2,2,2,2,3,0,0,1
DAMIMAS_A21B_0500_2.jpg,train,DAMIMAS_A21B_0500,0,2,1,1,2,1,0,0
DAMIMAS_A21B_0500_3.jpg,train,DAMIMAS_A21B_0500,0,1,0,1,3,2,0,1
DAMIMAS_A21B_0500_4.jpg,train,DAMIMAS_A21B_0500,1,1,0,2,2,1,0,1
DAMIMAS_A21B_0499_1.jpg,train,DAMIMAS_A21B_0499,0,2,1,1,3,2,1,1
DAMIMAS_A21B_0499_2.jpg,train,DAMIMAS_A21B_0499,0,1,2,2,3,2,1,1
DAMIMAS_A21B_0499_3.jpg,train,DAMIMAS_A21B_0499,0,1,2,2,3,2,0,0
DAMIMAS_A21B_0499_4.jpg,train,DAMIMAS_A21B_0499,0,1,4,1,4,3,1,1
DAMIMAS_A21B_0498_1.jpg,train,DAMIMAS_A21B_0498,1,2,2,0,3,2,1,3
DAMIMAS_A21B_0498_2.jpg,train,DAMIMAS_A21B_0498,1,2,1,1,1,1,0,4
DAMIMAS_A21B_0498_3.jpg,train,DAMIMAS_A21B_0498,0,2,1,0,1,2,0,3
DAMIMAS_A21B_0498_4.jpg,train,DAMIMAS_A21B_0498,1,2,1,0,2,1,1,3
DAMIMAS_A21B_0497_1.jpg,test,DAMIMAS_A21B_0497,0,1,0,1,5,3,1,2
DAMIMAS_A21B_0497_2.jpg,test,DAMIMAS_A21B_0497,0,0,1,1,4,3,1,2
DAMIMAS_A21B_0497_3.jpg,test,DAMIMAS_A21B_0497,0,0,1,1,4,3,1,1
DAMIMAS_A21B_0497_4.jpg,test,DAMIMAS_A21B_0497,1,1,2,2,2,4,1,1
DAMIMAS_A21B_0496_1.jpg,train,DAMIMAS_A21B_0496,1,1,0,2,4,0,0,1
DAMIMAS_A21B_0496_2.jpg,train,DAMIMAS_A21B_0496,1,1,1,1,3,1,0,1
DAMIMAS_A21B_0496_3.jpg,train,DAMIMAS_A21B_0496,0,0,1,2,3,1,0,3
DAMIMAS_A21B_0496_4.jpg,train,DAMIMAS_A21B_0496,2,1,0,1,2,1,1,2
DAMIMAS_A21B_0495_1.jpg,train,DAMIMAS_A21B_0495,0,0,1,2,3,2,0,0
DAMIMAS_A21B_0495_2.jpg,train,DAMIMAS_A21B_0495,0,0,2,2,3,2,0,0
DAMIMAS_A21B_0495_3.jpg,train,DAMIMAS_A21B_0495,0,1,1,2,4,2,0,0
DAMIMAS_A21B_0495_4.jpg,train,DAMIMAS_A21B_0495,1,1,1,1,5,3,0,0
DAMIMAS_A21B_0494_1.jpg,train,DAMIMAS_A21B_0494,0,1,1,1,3,2,0,2
DAMIMAS_A21B_0494_2.jpg,train,DAMIMAS_A21B_0494,1,1,2,1,3,1,0,3
DAMIMAS_A21B_0494_3.jpg,train,DAMIMAS_A21B_0494,1,1,2,1,3,1,0,3
DAMIMAS_A21B_0494_4.jpg,train,DAMIMAS_A21B_0494,0,0,2,1,1,3,0,3
DAMIMAS_A21B_0493_1.jpg,train,DAMIMAS_A21B_0493,1,1,1,1,2,2,0,1
DAMIMAS_A21B_0493_2.jpg,train,DAMIMAS_A21B_0493,1,1,1,1,3,2,1,1
DAMIMAS_A21B_0493_3.jpg,train,DAMIMAS_A21B_0493,0,0,0,1,3,2,1,1
DAMIMAS_A21B_0493_4.jpg,train,DAMIMAS_A21B_0493,0,0,0,3,2,1,0,1
DAMIMAS_A21B_0492_1.jpg,test,DAMIMAS_A21B_0492,1,1,1,1,4,1,0,2
DAMIMAS_A21B_0492_2.jpg,test,DAMIMAS_A21B_0492,0,0,1,1,4,3,1,1
DAMIMAS_A21B_0492_3.jpg,test,DAMIMAS_A21B_0492,1,1,1,2,3,1,0,2
DAMIMAS_A21B_0492_4.jpg,test,DAMIMAS_A21B_0492,1,1,0,1,2,0,0,1
DAMIMAS_A21B_0491_1.jpg,train,DAMIMAS_A21B_0491,0,0,1,2,4,2,1,0
DAMIMAS_A21B_0491_2.jpg,train,DAMIMAS_A21B_0491,2,1,0,2,4,2,0,0
DAMIMAS_A21B_0491_3.jpg,train,DAMIMAS_A21B_0491,1,3,1,2,2,1,1,0
DAMIMAS_A21B_0491_4.jpg,train,DAMIMAS_A21B_0491,0,1,0,2,3,2,0,0
DAMIMAS_A21B_0490_1.jpg,test,DAMIMAS_A21B_0490,3,2,0,1,5,1,1,2
DAMIMAS_A21B_0490_2.jpg,test,DAMIMAS_A21B_0490,0,2,1,0,2,3,1,1
DAMIMAS_A21B_0490_3.jpg,test,DAMIMAS_A21B_0490,1,1,1,0,4,3,1,2
DAMIMAS_A21B_0490_4.jpg,test,DAMIMAS_A21B_0490,2,2,1,1,3,1,1,4
DAMIMAS_A21B_0489_1.jpg,val,DAMIMAS_A21B_0489,0,0,1,0,4,5,1,1
DAMIMAS_A21B_0489_2.jpg,val,DAMIMAS_A21B_0489,0,0,1,0,3,5,0,1
DAMIMAS_A21B_0489_3.jpg,val,DAMIMAS_A21B_0489,0,0,0,0,2,3,0,1
DAMIMAS_A21B_0489_4.jpg,val,DAMIMAS_A21B_0489,0,0,1,0,3,4,0,0
DAMIMAS_A21B_0488_1.jpg,train,DAMIMAS_A21B_0488,0,0,1,3,1,0,1,1
DAMIMAS_A21B_0488_2.jpg,train,DAMIMAS_A21B_0488,0,0,0,1,1,1,0,1
DAMIMAS_A21B_0488_3.jpg,train,DAMIMAS_A21B_0488,0,0,1,2,4,1,0,2
DAMIMAS_A21B_0488_4.jpg,train,DAMIMAS_A21B_0488,0,0,2,2,7,1,1,2
DAMIMAS_A21B_0487_1.jpg,train,DAMIMAS_A21B_0487,0,0,0,2,3,2,0,1
DAMIMAS_A21B_0487_2.jpg,train,DAMIMAS_A21B_0487,0,0,1,2,4,3,1,1
DAMIMAS_A21B_0487_3.jpg,train,DAMIMAS_A21B_0487,0,0,0,2,2,3,0,0
DAMIMAS_A21B_0487_4.jpg,train,DAMIMAS_A21B_0487,0,0,0,1,3,3,0,0
DAMIMAS_A21B_0486_1.jpg,train,DAMIMAS_A21B_0486,0,1,0,1,3,2,0,1
DAMIMAS_A21B_0486_2.jpg,train,DAMIMAS_A21B_0486,0,1,1,0,4,2,2,3
DAMIMAS_A21B_0486_3.jpg,train,DAMIMAS_A21B_0486,1,1,1,1,3,2,1,3
DAMIMAS_A21B_0486_4.jpg,train,DAMIMAS_A21B_0486,0,0,1,1,3,1,0,2
DAMIMAS_A21B_0485_1.jpg,val,DAMIMAS_A21B_0485,1,1,0,1,0,1,0,0
DAMIMAS_A21B_0485_2.jpg,val,DAMIMAS_A21B_0485,1,1,2,1,2,3,0,0
DAMIMAS_A21B_0485_3.jpg,val,DAMIMAS_A21B_0485,0,0,1,1,2,5,0,0
DAMIMAS_A21B_0485_4.jpg,val,DAMIMAS_A21B_0485,0,0,2,2,4,3,0,1
DAMIMAS_A21B_0484_1.jpg,train,DAMIMAS_A21B_0484,0,0,0,2,3,0,0,2
DAMIMAS_A21B_0484_2.jpg,train,DAMIMAS_A21B_0484,1,1,1,1,3,2,0,1
DAMIMAS_A21B_0484_3.jpg,train,DAMIMAS_A21B_0484,1,1,1,2,4,1,1,1
DAMIMAS_A21B_0484_4.jpg,train,DAMIMAS_A21B_0484,0,0,1,3,4,0,0,1
DAMIMAS_A21B_0483_1.jpg,train,DAMIMAS_A21B_0483,0,1,0,2,1,3,0,1
DAMIMAS_A21B_0483_2.jpg,train,DAMIMAS_A21B_0483,1,2,0,2,2,1,1,1
DAMIMAS_A21B_0483_3.jpg,train,DAMIMAS_A21B_0483,0,1,1,2,1,0,0,0
DAMIMAS_A21B_0483_4.jpg,train,DAMIMAS_A21B_0483,0,0,1,3,3,1,2,0
DAMIMAS_A21B_0482_1.jpg,train,DAMIMAS_A21B_0482,1,1,2,1,3,1,0,4
DAMIMAS_A21B_0482_2.jpg,train,DAMIMAS_A21B_0482,0,0,0,1,1,2,0,2
DAMIMAS_A21B_0482_3.jpg,train,DAMIMAS_A21B_0482,0,0,0,2,2,2,0,0
DAMIMAS_A21B_0482_4.jpg,train,DAMIMAS_A21B_0482,0,1,1,2,1,1,0,3
DAMIMAS_A21B_0481_1.jpg,train,DAMIMAS_A21B_0481,0,0,0,2,2,2,0,0
DAMIMAS_A21B_0481_2.jpg,train,DAMIMAS_A21B_0481,0,1,1,1,2,1,0,1
DAMIMAS_A21B_0481_3.jpg,train,DAMIMAS_A21B_0481,0,1,1,0,4,2,0,0
DAMIMAS_A21B_0481_4.jpg,train,DAMIMAS_A21B_0481,0,0,1,1,2,1,0,0
DAMIMAS_A21B_0480_1.jpg,train,DAMIMAS_A21B_0480,0,1,3,2,4,1,0,2
DAMIMAS_A21B_0480_2.jpg,train,DAMIMAS_A21B_0480,0,0,0,1,2,3,1,1
DAMIMAS_A21B_0480_3.jpg,train,DAMIMAS_A21B_0480,1,1,0,0,4,4,0,2
DAMIMAS_A21B_0480_4.jpg,train,DAMIMAS_A21B_0480,0,2,0,1,2,2,0,1
DAMIMAS_A21B_0479_1.jpg,val,DAMIMAS_A21B_0479,0,1,1,2,4,3,0,1
DAMIMAS_A21B_0479_2.jpg,val,DAMIMAS_A21B_0479,0,0,1,2,3,2,1,1
DAMIMAS_A21B_0479_3.jpg,val,DAMIMAS_A21B_0479,0,0,2,3,4,1,0,1
DAMIMAS_A21B_0479_4.jpg,val,DAMIMAS_A21B_0479,0,1,1,2,1,1,0,0
DAMIMAS_A21B_0478_1.jpg,train,DAMIMAS_A21B_0478,1,2,1,1,3,2,0,3
DAMIMAS_A21B_0478_2.jpg,train,DAMIMAS_A21B_0478,0,1,0,0,0,2,0,3
DAMIMAS_A21B_0478_3.jpg,train,DAMIMAS_A21B_0478,1,2,0,1,1,1,0,3
DAMIMAS_A21B_0478_4.jpg,train,DAMIMAS_A21B_0478,1,1,1,2,2,1,0,2
DAMIMAS_A21B_0477_1.jpg,val,DAMIMAS_A21B_0477,0,0,0,0,3,2,0,0
DAMIMAS_A21B_0477_2.jpg,val,DAMIMAS_A21B_0477,0,0,0,0,3,2,1,0
DAMIMAS_A21B_0477_3.jpg,val,DAMIMAS_A21B_0477,0,0,0,0,2,3,0,0
DAMIMAS_A21B_0477_4.jpg,val,DAMIMAS_A21B_0477,0,0,0,0,3,3,0,0
DAMIMAS_A21B_0476_1.jpg,train,DAMIMAS_A21B_0476,0,0,0,1,2,2,0,1
DAMIMAS_A21B_0476_2.jpg,train,DAMIMAS_A21B_0476,0,0,0,2,3,2,0,0
DAMIMAS_A21B_0476_3.jpg,train,DAMIMAS_A21B_0476,0,0,0,1,0,2,0,1
DAMIMAS_A21B_0476_4.jpg,train,DAMIMAS_A21B_0476,0,0,1,2,4,2,0,1
DAMIMAS_A21B_0475_1.jpg,test,DAMIMAS_A21B_0475,0,0,1,3,1,2,1,1
DAMIMAS_A21B_0475_2.jpg,test,DAMIMAS_A21B_0475,0,0,1,2,3,2,0,1
DAMIMAS_A21B_0475_3.jpg,test,DAMIMAS_A21B_0475,0,0,1,3,3,1,0,1
DAMIMAS_A21B_0475_4.jpg,test,DAMIMAS_A21B_0475,0,0,1,3,3,1,0,0
DAMIMAS_A21B_0474_1.jpg,train,DAMIMAS_A21B_0474,2,1,1,1,3,1,0,2
DAMIMAS_A21B_0474_2.jpg,train,DAMIMAS_A21B_0474,1,1,1,2,4,1,0,1
DAMIMAS_A21B_0474_3.jpg,train,DAMIMAS_A21B_0474,0,1,0,2,1,1,0,1
DAMIMAS_A21B_0474_4.jpg,train,DAMIMAS_A21B_0474,1,1,0,0,2,1,0,4
DAMIMAS_A21B_0473_1.jpg,train,DAMIMAS_A21B_0473,0,1,1,1,1,0,0,0
DAMIMAS_A21B_0473_2.jpg,train,DAMIMAS_A21B_0473,0,0,0,1,1,1,0,0
DAMIMAS_A21B_0473_3.jpg,train,DAMIMAS_A21B_0473,0,1,1,1,3,2,0,0
DAMIMAS_A21B_0473_4.jpg,train,DAMIMAS_A21B_0473,1,1,0,0,3,2,0,0
DAMIMAS_A21B_0472_1.jpg,val,DAMIMAS_A21B_0472,0,0,1,2,5,2,0,3
DAMIMAS_A21B_0472_2.jpg,val,DAMIMAS_A21B_0472,0,0,0,2,4,1,0,1
DAMIMAS_A21B_0472_3.jpg,val,DAMIMAS_A21B_0472,0,0,1,2,2,2,0,2
DAMIMAS_A21B_0472_4.jpg,val,DAMIMAS_A21B_0472,0,0,0,1,2,3,0,2
DAMIMAS_A21B_0471_1.jpg,val,DAMIMAS_A21B_0471,0,1,1,2,5,2,0,1
DAMIMAS_A21B_0471_2.jpg,val,DAMIMAS_A21B_0471,0,0,1,2,3,5,0,0
DAMIMAS_A21B_0471_3.jpg,val,DAMIMAS_A21B_0471,1,1,2,2,3,2,0,1
DAMIMAS_A21B_0471_4.jpg,val,DAMIMAS_A21B_0471,0,2,0,2,2,1,0,2
DAMIMAS_A21B_0470_1.jpg,train,DAMIMAS_A21B_0470,0,2,0,0,3,2,0,1
DAMIMAS_A21B_0470_2.jpg,train,DAMIMAS_A21B_0470,1,2,0,1,2,1,0,1
DAMIMAS_A21B_0470_3.jpg,train,DAMIMAS_A21B_0470,0,1,0,0,2,4,0,1
DAMIMAS_A21B_0470_4.jpg,train,DAMIMAS_A21B_0470,0,2,1,0,1,3,0,1
DAMIMAS_A21B_0469_1.jpg,train,DAMIMAS_A21B_0469,0,0,2,2,2,3,0,1
DAMIMAS_A21B_0469_2.jpg,train,DAMIMAS_A21B_0469,1,0,0,2,2,3,0,1
DAMIMAS_A21B_0469_3.jpg,train,DAMIMAS_A21B_0469,0,0,0,1,1,2,0,1
DAMIMAS_A21B_0469_4.jpg,train,DAMIMAS_A21B_0469,0,0,1,1,5,3,0,1
DAMIMAS_A21B_0468_1.jpg,train,DAMIMAS_A21B_0468,1,1,0,1,4,1,0,2
DAMIMAS_A21B_0468_2.jpg,train,DAMIMAS_A21B_0468,1,2,0,0,3,2,0,1
DAMIMAS_A21B_0468_3.jpg,train,DAMIMAS_A21B_0468,0,1,2,1,6,1,0,2
DAMIMAS_A21B_0468_4.jpg,train,DAMIMAS_A21B_0468,0,1,0,2,3,0,1,2
DAMIMAS_A21B_0467_1.jpg,train,DAMIMAS_A21B_0467,1,1,0,1,1,2,0,1
DAMIMAS_A21B_0467_2.jpg,train,DAMIMAS_A21B_0467,1,1,0,1,2,2,0,0
DAMIMAS_A21B_0467_3.jpg,train,DAMIMAS_A21B_0467,0,1,0,2,1,1,0,0
DAMIMAS_A21B_0467_4.jpg,train,DAMIMAS_A21B_0467,0,1,1,0,1,3,0,0
DAMIMAS_A21B_0466_1.jpg,train,DAMIMAS_A21B_0466,0,0,0,0,2,1,0,2
DAMIMAS_A21B_0466_2.jpg,train,DAMIMAS_A21B_0466,0,0,0,0,0,2,0,2
DAMIMAS_A21B_0466_3.jpg,train,DAMIMAS_A21B_0466,0,0,0,0,0,2,0,0
DAMIMAS_A21B_0466_4.jpg,train,DAMIMAS_A21B_0466,0,0,0,0,2,1,0,1
DAMIMAS_A21B_0465_1.jpg,train,DAMIMAS_A21B_0465,1,2,0,0,1,2,0,0
DAMIMAS_A21B_0465_2.jpg,train,DAMIMAS_A21B_0465,1,1,0,1,1,1,0,0
DAMIMAS_A21B_0465_3.jpg,train,DAMIMAS_A21B_0465,0,1,1,1,1,0,0,1
DAMIMAS_A21B_0465_4.jpg,train,DAMIMAS_A21B_0465,1,1,0,1,0,1,0,0
DAMIMAS_A21B_0464_1.jpg,train,DAMIMAS_A21B_0464,0,1,0,1,2,1,0,0
DAMIMAS_A21B_0464_2.jpg,train,DAMIMAS_A21B_0464,0,1,1,1,2,1,0,1
DAMIMAS_A21B_0464_3.jpg,train,DAMIMAS_A21B_0464,1,2,0,0,1,1,0,2
DAMIMAS_A21B_0464_4.jpg,train,DAMIMAS_A21B_0464,2,1,1,1,2,1,0,0
DAMIMAS_A21B_0463_1.jpg,train,DAMIMAS_A21B_0463,0,0,0,3,0,2,0,0
DAMIMAS_A21B_0463_2.jpg,train,DAMIMAS_A21B_0463,0,1,1,2,1,1,0,1
DAMIMAS_A21B_0463_3.jpg,train,DAMIMAS_A21B_0463,1,1,1,2,1,1,0,0
DAMIMAS_A21B_0463_4.jpg,train,DAMIMAS_A21B_0463,1,1,1,2,3,3,0,0
DAMIMAS_A21B_0462_1.jpg,train,DAMIMAS_A21B_0462,0,1,0,0,1,2,0,0
DAMIMAS_A21B_0462_2.jpg,train,DAMIMAS_A21B_0462,0,1,1,0,4,3,0,0
DAMIMAS_A21B_0462_3.jpg,train,DAMIMAS_A21B_0462,2,2,0,0,0,3,0,2
DAMIMAS_A21B_0462_4.jpg,train,DAMIMAS_A21B_0462,1,2,0,0,1,3,0,1
DAMIMAS_A21B_0461_1.jpg,val,DAMIMAS_A21B_0461,0,0,0,0,2,4,0,0
DAMIMAS_A21B_0461_2.jpg,val,DAMIMAS_A21B_0461,0,0,1,1,3,3,0,0
DAMIMAS_A21B_0461_3.jpg,val,DAMIMAS_A21B_0461,0,0,0,2,0,4,0,0
DAMIMAS_A21B_0461_4.jpg,val,DAMIMAS_A21B_0461,0,0,0,2,0,2,0,0
DAMIMAS_A21B_0460_1.jpg,train,DAMIMAS_A21B_0460,0,1,0,1,1,2,0,1
DAMIMAS_A21B_0460_2.jpg,train,DAMIMAS_A21B_0460,1,1,2,2,4,3,0,1
DAMIMAS_A21B_0460_3.jpg,train,DAMIMAS_A21B_0460,0,2,1,1,4,2,0,1
DAMIMAS_A21B_0460_4.jpg,train,DAMIMAS_A21B_0460,0,3,2,1,4,1,0,3
DAMIMAS_A21B_0459_1.jpg,train,DAMIMAS_A21B_0459,2,1,1,2,1,1,0,0
DAMIMAS_A21B_0459_2.jpg,train,DAMIMAS_A21B_0459,2,2,0,2,2,0,0,0
DAMIMAS_A21B_0459_3.jpg,train,DAMIMAS_A21B_0459,0,2,1,2,2,1,0,0
DAMIMAS_A21B_0459_4.jpg,train,DAMIMAS_A21B_0459,2,2,2,1,4,2,0,0
DAMIMAS_A21B_0458_1.jpg,train,DAMIMAS_A21B_0458,0,0,3,2,5,2,0,2
DAMIMAS_A21B_0458_2.jpg,train,DAMIMAS_A21B_0458,0,0,2,1,5,2,1,2
DAMIMAS_A21B_0458_3.jpg,train,DAMIMAS_A21B_0458,0,0,1,1,5,3,0,1
DAMIMAS_A21B_0458_4.jpg,train,DAMIMAS_A21B_0458,0,0,1,2,3,3,0,0
DAMIMAS_A21B_0457_1.jpg,train,DAMIMAS_A21B_0457,0,1,1,1,3,2,1,1
DAMIMAS_A21B_0457_2.jpg,train,DAMIMAS_A21B_0457,0,2,3,1,2,3,0,2
DAMIMAS_A21B_0457_3.jpg,train,DAMIMAS_A21B_0457,1,1,1,1,4,4,0,1
DAMIMAS_A21B_0457_4.jpg,train,DAMIMAS_A21B_0457,0,0,2,2,3,4,0,1
DAMIMAS_A21B_0456_1.jpg,test,DAMIMAS_A21B_0456,2,1,1,1,2,1,0,2
DAMIMAS_A21B_0456_2.jpg,test,DAMIMAS_A21B_0456,0,1,2,2,1,1,0,1
DAMIMAS_A21B_0456_3.jpg,test,DAMIMAS_A21B_0456,0,1,1,0,3,3,1,1
DAMIMAS_A21B_0456_4.jpg,test,DAMIMAS_A21B_0456,1,1,1,0,2,3,0,2
DAMIMAS_A21B_0455_1.jpg,val,DAMIMAS_A21B_0455,0,0,1,4,3,1,1,1
DAMIMAS_A21B_0455_2.jpg,val,DAMIMAS_A21B_0455,0,0,1,3,4,1,0,1
DAMIMAS_A21B_0455_3.jpg,val,DAMIMAS_A21B_0455,0,0,0,2,2,3,0,0
DAMIMAS_A21B_0455_4.jpg,val,DAMIMAS_A21B_0455,0,0,1,2,2,3,0,0
DAMIMAS_A21B_0454_1.jpg,train,DAMIMAS_A21B_0454,0,0,1,1,7,3,0,4
DAMIMAS_A21B_0454_2.jpg,train,DAMIMAS_A21B_0454,1,0,2,1,4,2,0,3
DAMIMAS_A21B_0454_3.jpg,train,DAMIMAS_A21B_0454,1,0,2,2,2,1,0,4
DAMIMAS_A21B_0454_4.jpg,train,DAMIMAS_A21B_0454,0,0,0,1,1,0,0,1
DAMIMAS_A21B_0453_1.jpg,train,DAMIMAS_A21B_0453,0,2,1,0,1,3,0,0
DAMIMAS_A21B_0453_2.jpg,train,DAMIMAS_A21B_0453,2,1,0,1,4,3,0,1
DAMIMAS_A21B_0453_3.jpg,train,DAMIMAS_A21B_0453,0,0,1,1,3,2,0,1
DAMIMAS_A21B_0453_4.jpg,train,DAMIMAS_A21B_0453,1,1,0,0,2,2,0,1
DAMIMAS_A21B_0452_1.jpg,train,DAMIMAS_A21B_0452,1,2,0,1,2,0,0,3
DAMIMAS_A21B_0452_2.jpg,train,DAMIMAS_A21B_0452,2,2,0,0,0,1,0,2
DAMIMAS_A21B_0452_3.jpg,train,DAMIMAS_A21B_0452,1,2,0,0,2,2,0,2
DAMIMAS_A21B_0452_4.jpg,train,DAMIMAS_A21B_0452,0,2,0,0,0,1,0,2
DAMIMAS_A21B_0451_1.jpg,train,DAMIMAS_A21B_0451,0,0,1,3,4,2,0,1
DAMIMAS_A21B_0451_2.jpg,train,DAMIMAS_A21B_0451,0,0,0,3,3,1,0,0
DAMIMAS_A21B_0451_3.jpg,train,DAMIMAS_A21B_0451,1,1,1,2,2,0,1,0
DAMIMAS_A21B_0451_4.jpg,train,DAMIMAS_A21B_0451,1,1,0,1,2,1,0,1
DAMIMAS_A21B_0450_1.jpg,train,DAMIMAS_A21B_0450,0,0,0,0,3,3,0,2
DAMIMAS_A21B_0450_2.jpg,train,DAMIMAS_A21B_0450,0,1,0,0,1,3,0,2
DAMIMAS_A21B_0450_3.jpg,train,DAMIMAS_A21B_0450,1,1,1,0,1,1,0,4
DAMIMAS_A21B_0450_4.jpg,train,DAMIMAS_A21B_0450,0,1,1,1,1,3,0,3
DAMIMAS_A21B_0449_1.jpg,test,DAMIMAS_A21B_0449,0,0,1,2,5,5,0,0
DAMIMAS_A21B_0449_2.jpg,test,DAMIMAS_A21B_0449,0,0,0,1,0,3,0,0
DAMIMAS_A21B_0449_3.jpg,test,DAMIMAS_A21B_0449,0,0,0,0,1,6,0,0
DAMIMAS_A21B_0449_4.jpg,test,DAMIMAS_A21B_0449,0,0,1,1,2,4,0,1
DAMIMAS_A21B_0448_1.jpg,train,DAMIMAS_A21B_0448,0,0,1,1,4,2,1,2
DAMIMAS_A21B_0448_2.jpg,train,DAMIMAS_A21B_0448,0,1,1,2,2,1,1,1
DAMIMAS_A21B_0448_3.jpg,train,DAMIMAS_A21B_0448,1,1,0,1,2,1,0,1
DAMIMAS_A21B_0448_4.jpg,train,DAMIMAS_A21B_0448,0,0,1,1,4,3,0,0
DAMIMAS_A21B_0447_1.jpg,train,DAMIMAS_A21B_0447,0,0,0,2,2,2,0,1
DAMIMAS_A21B_0447_2.jpg,train,DAMIMAS_A21B_0447,0,0,1,3,3,3,0,1
DAMIMAS_A21B_0447_3.jpg,train,DAMIMAS_A21B_0447,0,0,2,3,2,2,0,1
DAMIMAS_A21B_0447_4.jpg,train,DAMIMAS_A21B_0447,0,0,1,2,4,2,0,1
DAMIMAS_A21B_0446_1.jpg,train,DAMIMAS_A21B_0446,1,2,0,0,3,3,0,0
DAMIMAS_A21B_0446_2.jpg,train,DAMIMAS_A21B_0446,1,1,2,1,2,3,0,1
DAMIMAS_A21B_0446_3.jpg,train,DAMIMAS_A21B_0446,1,1,0,1,3,2,1,0
DAMIMAS_A21B_0446_4.jpg,train,DAMIMAS_A21B_0446,0,1,0,0,2,3,0,0
DAMIMAS_A21B_0445_1.jpg,train,DAMIMAS_A21B_0445,0,2,0,0,2,1,0,1
DAMIMAS_A21B_0445_2.jpg,train,DAMIMAS_A21B_0445,1,1,0,0,3,2,0,1
DAMIMAS_A21B_0445_3.jpg,train,DAMIMAS_A21B_0445,0,1,0,1,1,2,0,1
DAMIMAS_A21B_0445_4.jpg,train,DAMIMAS_A21B_0445,0,1,1,1,5,2,0,2
DAMIMAS_A21B_0444_1.jpg,test,DAMIMAS_A21B_0444,0,1,0,0,1,2,0,2
DAMIMAS_A21B_0444_2.jpg,test,DAMIMAS_A21B_0444,0,0,0,0,0,3,0,2
DAMIMAS_A21B_0444_3.jpg,test,DAMIMAS_A21B_0444,2,1,0,0,2,2,0,1
DAMIMAS_A21B_0444_4.jpg,test,DAMIMAS_A21B_0444,1,2,0,0,1,1,0,0
DAMIMAS_A21B_0443_1.jpg,train,DAMIMAS_A21B_0443,0,0,0,2,0,2,0,1
DAMIMAS_A21B_0443_2.jpg,train,DAMIMAS_A21B_0443,1,1,1,2,1,2,2,1
DAMIMAS_A21B_0443_3.jpg,train,DAMIMAS_A21B_0443,0,1,1,1,2,1,0,0
DAMIMAS_A21B_0443_4.jpg,train,DAMIMAS_A21B_0443,0,0,3,4,4,2,0,1
DAMIMAS_A21B_0442_1.jpg,test,DAMIMAS_A21B_0442,0,0,0,0,3,4,0,3
DAMIMAS_A21B_0442_2.jpg,test,DAMIMAS_A21B_0442,0,0,0,1,0,3,0,2
DAMIMAS_A21B_0442_3.jpg,test,DAMIMAS_A21B_0442,0,0,0,1,1,1,0,3
DAMIMAS_A21B_0442_4.jpg,test,DAMIMAS_A21B_0442,0,0,1,0,2,2,0,3
DAMIMAS_A21B_0441_1.jpg,train,DAMIMAS_A21B_0441,1,1,0,0,3,2,0,0
DAMIMAS_A21B_0441_2.jpg,train,DAMIMAS_A21B_0441,0,0,1,3,4,4,1,1
DAMIMAS_A21B_0441_3.jpg,train,DAMIMAS_A21B_0441,0,0,0,2,2,2,0,0
DAMIMAS_A21B_0441_4.jpg,train,DAMIMAS_A21B_0441,1,1,0,1,3,3,0,1
DAMIMAS_A21B_0440_1.jpg,train,DAMIMAS_A21B_0440,0,0,0,1,4,2,0,2
DAMIMAS_A21B_0440_2.jpg,train,DAMIMAS_A21B_0440,0,0,1,2,3,3,0,2
DAMIMAS_A21B_0440_3.jpg,train,DAMIMAS_A21B_0440,0,0,2,2,6,4,0,1
DAMIMAS_A21B_0440_4.jpg,train,DAMIMAS_A21B_0440,0,0,0,1,1,2,0,1
DAMIMAS_A21B_0439_1.jpg,train,DAMIMAS_A21B_0439,0,1,2,1,0,1,0,0
DAMIMAS_A21B_0439_2.jpg,train,DAMIMAS_A21B_0439,0,1,0,1,1,0,0,0
DAMIMAS_A21B_0439_3.jpg,train,DAMIMAS_A21B_0439,0,0,0,3,4,0,0,0
DAMIMAS_A21B_0439_4.jpg,train,DAMIMAS_A21B_0439,0,0,0,2,2,0,0,0
DAMIMAS_A21B_0438_1.jpg,val,DAMIMAS_A21B_0438,0,0,1,0,5,4,0,3
DAMIMAS_A21B_0438_2.jpg,val,DAMIMAS_A21B_0438,0,0,2,0,3,4,1,2
DAMIMAS_A21B_0438_3.jpg,val,DAMIMAS_A21B_0438,0,0,2,0,1,3,0,4
DAMIMAS_A21B_0438_4.jpg,val,DAMIMAS_A21B_0438,0,0,1,0,0,3,0,4
DAMIMAS_A21B_0437_1.jpg,train,DAMIMAS_A21B_0437,0,1,2,0,2,5,0,1
DAMIMAS_A21B_0437_2.jpg,train,DAMIMAS_A21B_0437,1,2,1,1,3,1,1,2
DAMIMAS_A21B_0437_3.jpg,train,DAMIMAS_A21B_0437,1,2,2,1,4,2,1,2
DAMIMAS_A21B_0437_4.jpg,train,DAMIMAS_A21B_0437,1,1,1,1,1,4,0,1
DAMIMAS_A21B_0436_1.jpg,train,DAMIMAS_A21B_0436,0,0,2,3,5,1,0,1
DAMIMAS_A21B_0436_2.jpg,train,DAMIMAS_A21B_0436,0,1,0,1,1,2,0,1
DAMIMAS_A21B_0436_3.jpg,train,DAMIMAS_A21B_0436,1,1,1,1,4,2,0,1
DAMIMAS_A21B_0436_4.jpg,train,DAMIMAS_A21B_0436,0,1,1,2,2,2,0,2
DAMIMAS_A21B_0435_1.jpg,train,DAMIMAS_A21B_0435,1,1,0,1,3,1,0,0
DAMIMAS_A21B_0435_2.jpg,train,DAMIMAS_A21B_0435,0,1,0,1,2,3,0,0
DAMIMAS_A21B_0435_3.jpg,train,DAMIMAS_A21B_0435,0,1,1,1,2,2,0,0
DAMIMAS_A21B_0435_4.jpg,train,DAMIMAS_A21B_0435,0,2,1,2,3,1,0,0
DAMIMAS_A21B_0434_1.jpg,train,DAMIMAS_A21B_0434,0,0,0,2,1,4,0,1
DAMIMAS_A21B_0434_2.jpg,train,DAMIMAS_A21B_0434,0,0,0,1,3,5,0,2
DAMIMAS_A21B_0434_3.jpg,train,DAMIMAS_A21B_0434,0,0,1,1,4,5,0,0
DAMIMAS_A21B_0434_4.jpg,train,DAMIMAS_A21B_0434,0,0,0,1,2,2,0,0
DAMIMAS_A21B_0433_1.jpg,train,DAMIMAS_A21B_0433,0,0,1,1,3,3,0,0
DAMIMAS_A21B_0433_2.jpg,train,DAMIMAS_A21B_0433,1,1,0,0,2,4,0,0
DAMIMAS_A21B_0433_3.jpg,train,DAMIMAS_A21B_0433,3,2,0,0,3,4,0,0
DAMIMAS_A21B_0433_4.jpg,train,DAMIMAS_A21B_0433,1,1,1,1,2,3,0,0
DAMIMAS_A21B_0432_1.jpg,test,DAMIMAS_A21B_0432,0,0,0,1,0,2,0,0
DAMIMAS_A21B_0432_2.jpg,test,DAMIMAS_A21B_0432,0,0,1,1,3,3,0,0
DAMIMAS_A21B_0432_3.jpg,test,DAMIMAS_A21B_0432,0,0,0,1,2,2,0,0
DAMIMAS_A21B_0432_4.jpg,test,DAMIMAS_A21B_0432,0,0,0,2,1,2,0,1
DAMIMAS_A21B_0431_1.jpg,train,DAMIMAS_A21B_0431,0,0,0,2,1,1,0,0
DAMIMAS_A21B_0431_2.jpg,train,DAMIMAS_A21B_0431,0,0,0,1,3,4,0,0
DAMIMAS_A21B_0431_3.jpg,train,DAMIMAS_A21B_0431,0,0,1,0,5,5,0,0
DAMIMAS_A21B_0431_4.jpg,train,DAMIMAS_A21B_0431,0,0,1,1,3,3,0,0
DAMIMAS_A21B_0430_1.jpg,train,DAMIMAS_A21B_0430,0,0,0,0,5,4,0,2
DAMIMAS_A21B_0430_2.jpg,train,DAMIMAS_A21B_0430,0,0,2,1,2,3,0,0
DAMIMAS_A21B_0430_3.jpg,train,DAMIMAS_A21B_0430,0,0,0,1,3,3,0,1
DAMIMAS_A21B_0430_4.jpg,train,DAMIMAS_A21B_0430,0,0,1,0,4,4,1,3
DAMIMAS_A21B_0429_1.jpg,train,DAMIMAS_A21B_0429,2,2,1,1,5,4,0,2
DAMIMAS_A21B_0429_2.jpg,train,DAMIMAS_A21B_0429,1,1,3,1,4,5,2,1
DAMIMAS_A21B_0429_3.jpg,train,DAMIMAS_A21B_0429,1,1,2,1,3,5,1,3
DAMIMAS_A21B_0429_4.jpg,train,DAMIMAS_A21B_0429,1,1,2,3,5,4,0,1
DAMIMAS_A21B_0428_1.jpg,val,DAMIMAS_A21B_0428,1,1,1,1,5,3,0,1
DAMIMAS_A21B_0428_2.jpg,val,DAMIMAS_A21B_0428,1,1,0,2,4,1,0,3
DAMIMAS_A21B_0428_3.jpg,val,DAMIMAS_A21B_0428,2,2,1,1,5,2,1,2
DAMIMAS_A21B_0428_4.jpg,val,DAMIMAS_A21B_0428,2,2,1,1,5,3,0,1
DAMIMAS_A21B_0427_1.jpg,train,DAMIMAS_A21B_0427,0,1,0,3,0,1,0,0
DAMIMAS_A21B_0427_2.jpg,train,DAMIMAS_A21B_0427,0,0,4,4,6,3,0,0
DAMIMAS_A21B_0427_3.jpg,train,DAMIMAS_A21B_0427,0,0,5,4,7,2,1,1
DAMIMAS_A21B_0427_4.jpg,train,DAMIMAS_A21B_0427,0,0,3,4,2,3,0,0
DAMIMAS_A21B_0426_1.jpg,train,DAMIMAS_A21B_0426,0,0,0,0,5,3,0,1
DAMIMAS_A21B_0426_2.jpg,train,DAMIMAS_A21B_0426,0,0,0,0,7,4,0,1
DAMIMAS_A21B_0426_3.jpg,train,DAMIMAS_A21B_0426,0,0,1,0,4,3,1,1
DAMIMAS_A21B_0426_4.jpg,train,DAMIMAS_A21B_0426,0,0,1,0,4,4,0,0
DAMIMAS_A21B_0425_1.jpg,train,DAMIMAS_A21B_0425,0,0,0,0,3,4,0,0
DAMIMAS_A21B_0425_2.jpg,train,DAMIMAS_A21B_0425,0,0,0,2,4,2,0,1
DAMIMAS_A21B_0425_3.jpg,train,DAMIMAS_A21B_0425,0,0,1,1,4,4,0,1
DAMIMAS_A21B_0425_4.jpg,train,DAMIMAS_A21B_0425,0,0,1,1,4,4,0,0
DAMIMAS_A21B_0424_1.jpg,train,DAMIMAS_A21B_0424,2,2,2,1,2,1,0,0
DAMIMAS_A21B_0424_2.jpg,train,DAMIMAS_A21B_0424,1,1,2,2,4,1,1,0
DAMIMAS_A21B_0424_3.jpg,train,DAMIMAS_A21B_0424,1,1,0,1,2,1,0,0
DAMIMAS_A21B_0424_4.jpg,train,DAMIMAS_A21B_0424,1,2,1,0,2,2,0,0
DAMIMAS_A21B_0423_1.jpg,train,DAMIMAS_A21B_0423,0,0,1,3,5,2,0,1
DAMIMAS_A21B_0423_2.jpg,train,DAMIMAS_A21B_0423,1,1,1,2,2,1,0,0
DAMIMAS_A21B_0423_3.jpg,train,DAMIMAS_A21B_0423,0,2,1,2,2,2,0,1
DAMIMAS_A21B_0423_4.jpg,train,DAMIMAS_A21B_0423,1,1,2,2,2,2,2,1
DAMIMAS_A21B_0422_1.jpg,val,DAMIMAS_A21B_0422,0,1,1,0,2,2,0,2
DAMIMAS_A21B_0422_2.jpg,val,DAMIMAS_A21B_0422,1,1,0,0,2,2,1,2
DAMIMAS_A21B_0422_3.jpg,val,DAMIMAS_A21B_0422,1,1,2,0,3,3,1,2
DAMIMAS_A21B_0422_4.jpg,val,DAMIMAS_A21B_0422,0,0,2,0,5,3,2,2
DAMIMAS_A21B_0421_1.jpg,train,DAMIMAS_A21B_0421,0,0,0,0,0,0,0,0
DAMIMAS_A21B_0421_2.jpg,train,DAMIMAS_A21B_0421,0,0,0,0,1,0,0,0
DAMIMAS_A21B_0421_3.jpg,train,DAMIMAS_A21B_0421,0,0,0,0,0,0,0,0
DAMIMAS_A21B_0421_4.jpg,train,DAMIMAS_A21B_0421,0,0,0,0,0,0,0,0
DAMIMAS_A21B_0420_1.jpg,val,DAMIMAS_A21B_0420,0,0,0,0,1,1,0,0
DAMIMAS_A21B_0420_2.jpg,val,DAMIMAS_A21B_0420,0,0,1,0,1,1,0,0
DAMIMAS_A21B_0420_3.jpg,val,DAMIMAS_A21B_0420,0,0,2,1,2,1,0,0
DAMIMAS_A21B_0420_4.jpg,val,DAMIMAS_A21B_0420,0,0,1,1,2,1,0,0
DAMIMAS_A21B_0419_1.jpg,test,DAMIMAS_A21B_0419,0,0,2,2,5,3,1,1
DAMIMAS_A21B_0419_2.jpg,test,DAMIMAS_A21B_0419,0,0,1,2,4,3,1,1
DAMIMAS_A21B_0419_3.jpg,test,DAMIMAS_A21B_0419,0,0,3,2,5,3,0,1
DAMIMAS_A21B_0419_4.jpg,test,DAMIMAS_A21B_0419,0,0,2,2,5,3,0,0
DAMIMAS_A21B_0418_1.jpg,train,DAMIMAS_A21B_0418,1,0,2,1,5,3,1,3
DAMIMAS_A21B_0418_2.jpg,train,DAMIMAS_A21B_0418,0,0,1,1,2,3,0,2
DAMIMAS_A21B_0418_3.jpg,train,DAMIMAS_A21B_0418,0,0,1,0,6,3,0,4
DAMIMAS_A21B_0418_4.jpg,train,DAMIMAS_A21B_0418,0,0,0,0,3,4,1,3
DAMIMAS_A21B_0417_1.jpg,val,DAMIMAS_A21B_0417,2,2,1,0,6,4,1,2
DAMIMAS_A21B_0417_2.jpg,val,DAMIMAS_A21B_0417,1,1,1,1,6,3,1,1
DAMIMAS_A21B_0417_3.jpg,val,DAMIMAS_A21B_0417,0,0,1,2,2,2,1,1
DAMIMAS_A21B_0417_4.jpg,val,DAMIMAS_A21B_0417,1,1,4,1,4,3,1,1
DAMIMAS_A21B_0416_1.jpg,train,DAMIMAS_A21B_0416,0,0,0,2,4,2,1,1
DAMIMAS_A21B_0416_2.jpg,train,DAMIMAS_A21B_0416,0,0,2,2,4,3,1,1
DAMIMAS_A21B_0416_3.jpg,train,DAMIMAS_A21B_0416,1,1,2,3,8,3,0,1
DAMIMAS_A21B_0416_4.jpg,train,DAMIMAS_A21B_0416,2,2,1,1,5,2,0,1
DAMIMAS_A21B_0415_1.jpg,val,DAMIMAS_A21B_0415,0,1,0,2,4,2,1,1
DAMIMAS_A21B_0415_2.jpg,val,DAMIMAS_A21B_0415,0,0,0,2,4,3,0,0
DAMIMAS_A21B_0415_3.jpg,val,DAMIMAS_A21B_0415,0,0,1,2,3,3,0,0
DAMIMAS_A21B_0415_4.jpg,val,DAMIMAS_A21B_0415,0,1,2,1,3,3,3,1
DAMIMAS_A21B_0414_1.jpg,train,DAMIMAS_A21B_0414,0,0,1,0,3,3,0,0
DAMIMAS_A21B_0414_2.jpg,train,DAMIMAS_A21B_0414,0,0,0,0,3,4,0,0
DAMIMAS_A21B_0414_3.jpg,train,DAMIMAS_A21B_0414,0,0,0,0,3,3,0,0
DAMIMAS_A21B_0414_4.jpg,train,DAMIMAS_A21B_0414,0,0,2,0,5,4,0,0
DAMIMAS_A21B_0413_1.jpg,train,DAMIMAS_A21B_0413,0,1,0,0,5,4,1,0
DAMIMAS_A21B_0413_2.jpg,train,DAMIMAS_A21B_0413,0,0,2,1,6,5,0,2
DAMIMAS_A21B_0413_3.jpg,train,DAMIMAS_A21B_0413,0,0,3,2,5,3,2,1
DAMIMAS_A21B_0413_4.jpg,train,DAMIMAS_A21B_0413,1,1,0,1,4,4,0,1
DAMIMAS_A21B_0412_1.jpg,train,DAMIMAS_A21B_0412,0,1,1,2,3,1,0,0
DAMIMAS_A21B_0412_2.jpg,train,DAMIMAS_A21B_0412,0,0,1,4,3,1,0,0
DAMIMAS_A21B_0412_3.jpg,train,DAMIMAS_A21B_0412,0,0,1,2,3,2,0,0
DAMIMAS_A21B_0412_4.jpg,train,DAMIMAS_A21B_0412,1,1,1,1,1,1,0,0
DAMIMAS_A21B_0411_1.jpg,test,DAMIMAS_A21B_0411,0,1,1,1,5,3,0,0
DAMIMAS_A21B_0411_2.jpg,test,DAMIMAS_A21B_0411,1,2,1,0,2,3,0,0
DAMIMAS_A21B_0411_3.jpg,test,DAMIMAS_A21B_0411,2,1,0,3,2,2,0,0
DAMIMAS_A21B_0411_4.jpg,test,DAMIMAS_A21B_0411,0,1,1,3,3,2,1,0
DAMIMAS_A21B_0410_1.jpg,train,DAMIMAS_A21B_0410,2,1,3,0,7,5,0,1
DAMIMAS_A21B_0410_2.jpg,train,DAMIMAS_A21B_0410,0,1,1,0,5,6,0,1
DAMIMAS_A21B_0410_3.jpg,train,DAMIMAS_A21B_0410,2,1,2,1,5,6,0,0
DAMIMAS_A21B_0410_4.jpg,train,DAMIMAS_A21B_0410,3,2,1,1,5,4,1,1
DAMIMAS_A21B_0409_1.jpg,test,DAMIMAS_A21B_0409,2,2,0,0,3,3,0,0
DAMIMAS_A21B_0409_2.jpg,test,DAMIMAS_A21B_0409,2,2,1,0,2,3,0,0
DAMIMAS_A21B_0409_3.jpg,test,DAMIMAS_A21B_0409,0,1,0,0,1,2,0,0
DAMIMAS_A21B_0409_4.jpg,test,DAMIMAS_A21B_0409,0,1,2,0,1,2,0,0
DAMIMAS_A21B_0408_1.jpg,train,DAMIMAS_A21B_0408,1,1,1,3,3,2,1,0
DAMIMAS_A21B_0408_2.jpg,train,DAMIMAS_A21B_0408,2,2,0,2,7,2,1,0
DAMIMAS_A21B_0408_3.jpg,train,DAMIMAS_A21B_0408,1,1,0,2,3,2,0,0
DAMIMAS_A21B_0408_4.jpg,train,DAMIMAS_A21B_0408,2,1,1,2,4,1,0,0
DAMIMAS_A21B_0407_1.jpg,val,DAMIMAS_A21B_0407,0,0,2,2,3,3,1,1
DAMIMAS_A21B_0407_2.jpg,val,DAMIMAS_A21B_0407,1,1,1,1,3,3,0,1
DAMIMAS_A21B_0407_3.jpg,val,DAMIMAS_A21B_0407,2,2,2,1,4,3,0,0
DAMIMAS_A21B_0407_4.jpg,val,DAMIMAS_A21B_0407,0,1,2,2,5,2,0,0
DAMIMAS_A21B_0406_1.jpg,train,DAMIMAS_A21B_0406,1,1,0,0,1,2,0,1
DAMIMAS_A21B_0406_2.jpg,train,DAMIMAS_A21B_0406,1,1,1,0,3,2,2,2
DAMIMAS_A21B_0406_3.jpg,train,DAMIMAS_A21B_0406,0,0,1,0,3,3,0,1
DAMIMAS_A21B_0406_4.jpg,train,DAMIMAS_A21B_0406,0,0,0,0,6,4,0,0
DAMIMAS_A21B_0405_1.jpg,train,DAMIMAS_A21B_0405,0,1,1,0,3,3,1,1
DAMIMAS_A21B_0405_2.jpg,train,DAMIMAS_A21B_0405,0,0,0,1,2,2,0,0
DAMIMAS_A21B_0405_3.jpg,train,DAMIMAS_A21B_0405,0,0,1,1,3,2,0,0
DAMIMAS_A21B_0405_4.jpg,train,DAMIMAS_A21B_0405,0,0,0,0,3,3,0,0
DAMIMAS_A21B_0404_1.jpg,val,DAMIMAS_A21B_0404,2,2,0,1,2,0,0,0
DAMIMAS_A21B_0404_2.jpg,val,DAMIMAS_A21B_0404,1,2,1,1,3,2,0,0
DAMIMAS_A21B_0404_3.jpg,val,DAMIMAS_A21B_0404,1,1,0,2,3,1,0,0
DAMIMAS_A21B_0404_4.jpg,val,DAMIMAS_A21B_0404,2,2,0,0,1,1,0,0
DAMIMAS_A21B_0403_1.jpg,train,DAMIMAS_A21B_0403,2,2,0,2,4,2,1,1
DAMIMAS_A21B_0403_2.jpg,train,DAMIMAS_A21B_0403,1,1,1,2,2,1,0,0
DAMIMAS_A21B_0403_3.jpg,train,DAMIMAS_A21B_0403,0,0,1,3,3,2,0,2
DAMIMAS_A21B_0403_4.jpg,train,DAMIMAS_A21B_0403,1,1,0,2,4,2,1,1
DAMIMAS_A21B_0402_1.jpg,test,DAMIMAS_A21B_0402,0,0,2,0,4,5,0,1
DAMIMAS_A21B_0402_2.jpg,test,DAMIMAS_A21B_0402,0,0,1,1,5,2,0,1
DAMIMAS_A21B_0402_3.jpg,test,DAMIMAS_A21B_0402,0,0,0,0,4,2,0,1
DAMIMAS_A21B_0402_4.jpg,test,DAMIMAS_A21B_0402,0,0,0,0,3,4,0,1
DAMIMAS_A21B_0401_1.jpg,val,DAMIMAS_A21B_0401,0,0,0,0,5,3,0,1
DAMIMAS_A21B_0401_2.jpg,val,DAMIMAS_A21B_0401,0,0,0,0,4,4,0,1
DAMIMAS_A21B_0401_3.jpg,val,DAMIMAS_A21B_0401,0,0,0,0,2,3,1,0
DAMIMAS_A21B_0401_4.jpg,val,DAMIMAS_A21B_0401,0,0,1,0,3,4,0,0
DAMIMAS_A21B_0400_1.jpg,val,DAMIMAS_A21B_0400,0,0,0,2,4,0,0,3
DAMIMAS_A21B_0400_2.jpg,val,DAMIMAS_A21B_0400,0,0,0,1,4,2,1,1
DAMIMAS_A21B_0400_3.jpg,val,DAMIMAS_A21B_0400,0,0,1,2,4,2,0,1
DAMIMAS_A21B_0400_4.jpg,val,DAMIMAS_A21B_0400,0,0,0,3,5,0,1,2
DAMIMAS_A21B_0399_1.jpg,train,DAMIMAS_A21B_0399,1,2,1,1,3,2,0,0
DAMIMAS_A21B_0399_2.jpg,train,DAMIMAS_A21B_0399,0,1,3,1,2,0,0,0
DAMIMAS_A21B_0399_3.jpg,train,DAMIMAS_A21B_0399,0,2,2,2,1,1,1,1
DAMIMAS_A21B_0399_4.jpg,train,DAMIMAS_A21B_0399,1,2,2,2,2,0,1,0
DAMIMAS_A21B_0398_1.jpg,val,DAMIMAS_A21B_0398,0,1,1,1,5,4,0,1
DAMIMAS_A21B_0398_2.jpg,val,DAMIMAS_A21B_0398,0,1,0,1,6,4,1,1
DAMIMAS_A21B_0398_3.jpg,val,DAMIMAS_A21B_0398,1,1,2,0,4,4,0,1
DAMIMAS_A21B_0398_4.jpg,val,DAMIMAS_A21B_0398,1,2,0,0,1,2,0,1
DAMIMAS_A21B_0397_1.jpg,train,DAMIMAS_A21B_0397,0,0,0,1,3,2,2,2
DAMIMAS_A21B_0397_2.jpg,train,DAMIMAS_A21B_0397,1,1,1,0,4,3,2,1
DAMIMAS_A21B_0397_3.jpg,train,DAMIMAS_A21B_0397,1,1,2,1,3,2,1,0
DAMIMAS_A21B_0397_4.jpg,train,DAMIMAS_A21B_0397,0,0,3,2,2,2,1,1
DAMIMAS_A21B_0396_1.jpg,train,DAMIMAS_A21B_0396,0,2,2,1,5,3,1,1
DAMIMAS_A21B_0396_2.jpg,train,DAMIMAS_A21B_0396,1,2,3,2,3,1,0,2
DAMIMAS_A21B_0396_3.jpg,train,DAMIMAS_A21B_0396,1,1,2,1,3,3,0,0
DAMIMAS_A21B_0396_4.jpg,train,DAMIMAS_A21B_0396,1,1,1,1,5,3,1,1
DAMIMAS_A21B_0395_1.jpg,train,DAMIMAS_A21B_0395,0,1,1,3,4,1,0,0
DAMIMAS_A21B_0395_2.jpg,train,DAMIMAS_A21B_0395,1,2,1,1,4,2,0,0
DAMIMAS_A21B_0395_3.jpg,train,DAMIMAS_A21B_0395,0,2,2,2,1,1,0,0
DAMIMAS_A21B_0395_4.jpg,train,DAMIMAS_A21B_0395,0,1,3,4,5,1,0,0
DAMIMAS_A21B_0394_1.jpg,train,DAMIMAS_A21B_0394,0,0,0,0,4,5,1,1
DAMIMAS_A21B_0394_2.jpg,train,DAMIMAS_A21B_0394,1,1,0,0,4,2,0,2
DAMIMAS_A21B_0394_3.jpg,train,DAMIMAS_A21B_0394,1,2,1,0,0,3,0,2
DAMIMAS_A21B_0394_4.jpg,train,DAMIMAS_A21B_0394,1,1,0,0,5,3,0,2
DAMIMAS_A21B_0393_1.jpg,train,DAMIMAS_A21B_0393,0,1,2,0,6,4,1,1
DAMIMAS_A21B_0393_2.jpg,train,DAMIMAS_A21B_0393,0,0,1,1,3,4,0,0
DAMIMAS_A21B_0393_3.jpg,train,DAMIMAS_A21B_0393,0,0,1,1,4,5,0,0
DAMIMAS_A21B_0393_4.jpg,train,DAMIMAS_A21B_0393,1,1,2,0,5,5,0,1
DAMIMAS_A21B_0392_1.jpg,val,DAMIMAS_A21B_0392,1,1,2,2,4,2,2,2
DAMIMAS_A21B_0392_2.jpg,val,DAMIMAS_A21B_0392,1,1,2,2,5,2,0,1
DAMIMAS_A21B_0392_3.jpg,val,DAMIMAS_A21B_0392,0,0,1,3,4,1,0,1
DAMIMAS_A21B_0392_4.jpg,val,DAMIMAS_A21B_0392,1,1,1,3,4,1,0,1
DAMIMAS_A21B_0391_1.jpg,val,DAMIMAS_A21B_0391,2,1,1,3,2,0,0,0
DAMIMAS_A21B_0391_2.jpg,val,DAMIMAS_A21B_0391,0,1,0,3,1,0,0,0
DAMIMAS_A21B_0391_3.jpg,val,DAMIMAS_A21B_0391,0,1,1,3,3,0,0,0
DAMIMAS_A21B_0391_4.jpg,val,DAMIMAS_A21B_0391,1,1,0,2,2,1,0,0
DAMIMAS_A21B_0390_1.jpg,val,DAMIMAS_A21B_0390,1,1,3,1,5,3,0,2
DAMIMAS_A21B_0390_2.jpg,val,DAMIMAS_A21B_0390,1,1,1,1,4,3,2,3
DAMIMAS_A21B_0390_3.jpg,val,DAMIMAS_A21B_0390,0,0,0,1,2,4,0,3
DAMIMAS_A21B_0390_4.jpg,val,DAMIMAS_A21B_0390,0,0,2,1,4,3,0,3
DAMIMAS_A21B_0389_1.jpg,train,DAMIMAS_A21B_0389,0,0,1,1,1,5,1,1
DAMIMAS_A21B_0389_2.jpg,train,DAMIMAS_A21B_0389,0,0,1,1,4,5,0,1
DAMIMAS_A21B_0389_3.jpg,train,DAMIMAS_A21B_0389,0,0,0,1,3,2,0,1
DAMIMAS_A21B_0389_4.jpg,train,DAMIMAS_A21B_0389,0,0,1,2,4,4,0,1
DAMIMAS_A21B_0388_1.jpg,val,DAMIMAS_A21B_0388,1,1,0,0,2,3,0,1
DAMIMAS_A21B_0388_2.jpg,val,DAMIMAS_A21B_0388,0,0,0,0,4,3,0,1
DAMIMAS_A21B_0388_3.jpg,val,DAMIMAS_A21B_0388,0,1,0,0,2,4,0,1
DAMIMAS_A21B_0388_4.jpg,val,DAMIMAS_A21B_0388,1,1,0,0,3,3,0,1
DAMIMAS_A21B_0387_1.jpg,train,DAMIMAS_A21B_0387,0,1,2,2,2,1,0,0
DAMIMAS_A21B_0387_2.jpg,train,DAMIMAS_A21B_0387,0,0,1,3,1,0,0,0
DAMIMAS_A21B_0387_3.jpg,train,DAMIMAS_A21B_0387,1,2,1,2,2,0,0,0
DAMIMAS_A21B_0387_4.jpg,train,DAMIMAS_A21B_0387,1,2,2,2,3,0,0,0
DAMIMAS_A21B_0386_1.jpg,train,DAMIMAS_A21B_0386,0,0,0,1,2,2,0,0
DAMIMAS_A21B_0386_2.jpg,train,DAMIMAS_A21B_0386,0,0,2,2,2,1,0,0
DAMIMAS_A21B_0386_3.jpg,train,DAMIMAS_A21B_0386,0,0,0,0,1,0,0,0
DAMIMAS_A21B_0386_4.jpg,train,DAMIMAS_A21B_0386,0,0,1,0,1,1,0,0
DAMIMAS_A21B_0385_1.jpg,test,DAMIMAS_A21B_0385,0,1,1,1,3,2,3,2
DAMIMAS_A21B_0385_2.jpg,test,DAMIMAS_A21B_0385,0,0,2,1,6,5,0,1
DAMIMAS_A21B_0385_3.jpg,test,DAMIMAS_A21B_0385,0,0,2,0,4,4,1,2
DAMIMAS_A21B_0385_4.jpg,test,DAMIMAS_A21B_0385,0,1,0,1,3,4,1,1
DAMIMAS_A21B_0384_1.jpg,train,DAMIMAS_A21B_0384,1,2,2,2,5,2,0,1
DAMIMAS_A21B_0384_2.jpg,train,DAMIMAS_A21B_0384,1,1,2,2,4,2,0,1
DAMIMAS_A21B_0384_3.jpg,train,DAMIMAS_A21B_0384,0,1,0,1,5,3,0,2
DAMIMAS_A21B_0384_4.jpg,train,DAMIMAS_A21B_0384,0,1,2,1,4,3,0,1
DAMIMAS_A21B_0383_1.jpg,train,DAMIMAS_A21B_0383,1,1,0,2,1,2,0,0
DAMIMAS_A21B_0383_2.jpg,train,DAMIMAS_A21B_0383,0,0,2,3,3,3,0,0
DAMIMAS_A21B_0383_3.jpg,train,DAMIMAS_A21B_0383,1,1,3,3,3,0,0,2
DAMIMAS_A21B_0383_4.jpg,train,DAMIMAS_A21B_0383,1,2,2,2,3,1,1,2
DAMIMAS_A21B_0382_1.jpg,train,DAMIMAS_A21B_0382,1,2,1,0,2,2,0,3
DAMIMAS_A21B_0382_2.jpg,train,DAMIMAS_A21B_0382,1,1,0,0,4,3,0,3
DAMIMAS_A21B_0382_3.jpg,train,DAMIMAS_A21B_0382,1,1,0,0,4,3,2,4
DAMIMAS_A21B_0382_4.jpg,train,DAMIMAS_A21B_0382,1,2,0,0,1,2,0,2
DAMIMAS_A21B_0381_1.jpg,test,DAMIMAS_A21B_0381,0,1,1,0,4,2,0,3
DAMIMAS_A21B_0381_2.jpg,test,DAMIMAS_A21B_0381,0,1,1,0,4,4,1,0
DAMIMAS_A21B_0381_3.jpg,test,DAMIMAS_A21B_0381,1,2,0,0,2,2,0,1
DAMIMAS_A21B_0381_4.jpg,test,DAMIMAS_A21B_0381,2,2,0,0,1,3,0,1
DAMIMAS_A21B_0380_1.jpg,test,DAMIMAS_A21B_0380,0,1,2,0,3,3,0,3
DAMIMAS_A21B_0380_2.jpg,test,DAMIMAS_A21B_0380,0,1,1,0,2,3,1,2
DAMIMAS_A21B_0380_3.jpg,test,DAMIMAS_A21B_0380,1,1,1,1,1,0,1,3
DAMIMAS_A21B_0380_4.jpg,test,DAMIMAS_A21B_0380,1,1,1,1,3,2,1,2
DAMIMAS_A21B_0379_1.jpg,train,DAMIMAS_A21B_0379,1,1,0,0,0,1,0,0
DAMIMAS_A21B_0379_2.jpg,train,DAMIMAS_A21B_0379,1,1,0,1,1,1,0,0
DAMIMAS_A21B_0379_3.jpg,train,DAMIMAS_A21B_0379,0,1,1,0,1,1,0,0
DAMIMAS_A21B_0379_4.jpg,train,DAMIMAS_A21B_0379,0,1,0,0,0,1,0,0
DAMIMAS_A21B_0378_1.jpg,test,DAMIMAS_A21B_0378,1,2,2,0,6,5,0,0
DAMIMAS_A21B_0378_2.jpg,test,DAMIMAS_A21B_0378,2,2,1,0,4,5,0,0
DAMIMAS_A21B_0378_3.jpg,test,DAMIMAS_A21B_0378,1,1,2,1,5,3,1,1
DAMIMAS_A21B_0378_4.jpg,test,DAMIMAS_A21B_0378,0,1,1,1,4,2,1,3
DAMIMAS_A21B_0377_1.jpg,train,DAMIMAS_A21B_0377,0,1,2,0,2,3,0,0
DAMIMAS_A21B_0377_2.jpg,train,DAMIMAS_A21B_0377,0,1,0,0,3,3,0,0
DAMIMAS_A21B_0377_3.jpg,train,DAMIMAS_A21B_0377,0,0,0,0,2,3,0,0
DAMIMAS_A21B_0377_4.jpg,train,DAMIMAS_A21B_0377,0,0,1,0,2,4,0,0
DAMIMAS_A21B_0376_1.jpg,train,DAMIMAS_A21B_0376,0,1,0,0,3,3,0,1
DAMIMAS_A21B_0376_2.jpg,train,DAMIMAS_A21B_0376,0,0,0,0,2,4,0,1
DAMIMAS_A21B_0376_3.jpg,train,DAMIMAS_A21B_0376,0,0,0,0,3,4,0,0
DAMIMAS_A21B_0376_4.jpg,train,DAMIMAS_A21B_0376,0,1,0,0,3,3,0,1
DAMIMAS_A21B_0375_1.jpg,val,DAMIMAS_A21B_0375,0,0,1,2,1,2,0,0
DAMIMAS_A21B_0375_2.jpg,val,DAMIMAS_A21B_0375,0,0,2,4,6,2,0,0
DAMIMAS_A21B_0375_3.jpg,val,DAMIMAS_A21B_0375,0,1,1,2,4,2,0,0
DAMIMAS_A21B_0375_4.jpg,val,DAMIMAS_A21B_0375,1,1,0,2,4,2,1,0
DAMIMAS_A21B_0374_1.jpg,train,DAMIMAS_A21B_0374,0,0,1,1,2,6,0,0
DAMIMAS_A21B_0374_2.jpg,train,DAMIMAS_A21B_0374,1,1,0,0,6,5,1,1
DAMIMAS_A21B_0374_3.jpg,train,DAMIMAS_A21B_0374,2,1,0,0,6,4,1,2
DAMIMAS_A21B_0374_4.jpg,train,DAMIMAS_A21B_0374,1,0,2,1,3,5,0,1
DAMIMAS_A21B_0373_1.jpg,train,DAMIMAS_A21B_0373,1,1,1,0,5,4,1,1
DAMIMAS_A21B_0373_2.jpg,train,DAMIMAS_A21B_0373,3,2,0,0,2,3,0,0
DAMIMAS_A21B_0373_3.jpg,train,DAMIMAS_A21B_0373,1,2,1,0,2,3,0,1
DAMIMAS_A21B_0373_4.jpg,train,DAMIMAS_A21B_0373,1,2,1,0,5,3,0,0
DAMIMAS_A21B_0372_1.jpg,val,DAMIMAS_A21B_0372,1,1,1,1,2,2,0,1
DAMIMAS_A21B_0372_2.jpg,val,DAMIMAS_A21B_0372,0,0,1,1,2,2,0,0
DAMIMAS_A21B_0372_3.jpg,val,DAMIMAS_A21B_0372,0,1,1,1,3,2,1,1
DAMIMAS_A21B_0372_4.jpg,val,DAMIMAS_A21B_0372,1,1,0,1,2,3,0,1
DAMIMAS_A21B_0371_1.jpg,train,DAMIMAS_A21B_0371,0,0,0,2,7,2,0,0
DAMIMAS_A21B_0371_2.jpg,train,DAMIMAS_A21B_0371,0,0,0,1,3,4,0,0
DAMIMAS_A21B_0371_3.jpg,train,DAMIMAS_A21B_0371,0,1,0,1,4,4,0,0
DAMIMAS_A21B_0371_4.jpg,train,DAMIMAS_A21B_0371,1,1,0,2,3,3,0,0
DAMIMAS_A21B_0370_1.jpg,val,DAMIMAS_A21B_0370,2,2,0,0,1,1,1,0
DAMIMAS_A21B_0370_2.jpg,val,DAMIMAS_A21B_0370,1,1,1,0,2,2,0,1
DAMIMAS_A21B_0370_3.jpg,val,DAMIMAS_A21B_0370,0,1,1,0,3,4,1,2
DAMIMAS_A21B_0370_4.jpg,val,DAMIMAS_A21B_0370,1,1,0,0,5,3,0,0
DAMIMAS_A21B_0369_1.jpg,train,DAMIMAS_A21B_0369,1,1,1,0,4,2,0,1
DAMIMAS_A21B_0369_2.jpg,train,DAMIMAS_A21B_0369,0,0,0,0,3,3,0,0
DAMIMAS_A21B_0369_3.jpg,train,DAMIMAS_A21B_0369,0,0,0,0,5,4,1,1
DAMIMAS_A21B_0369_4.jpg,train,DAMIMAS_A21B_0369,1,1,0,0,1,1,1,1
DAMIMAS_A21B_0368_1.jpg,train,DAMIMAS_A21B_0368,1,2,0,1,3,3,1,2
DAMIMAS_A21B_0368_2.jpg,train,DAMIMAS_A21B_0368,0,1,2,1,4,3,2,2
DAMIMAS_A21B_0368_3.jpg,train,DAMIMAS_A21B_0368,1,1,1,2,5,2,0,1
DAMIMAS_A21B_0368_4.jpg,train,DAMIMAS_A21B_0368,0,2,2,1,6,3,1,2
DAMIMAS_A21B_0367_1.jpg,train,DAMIMAS_A21B_0367,0,0,0,2,3,1,0,0
DAMIMAS_A21B_0367_2.jpg,train,DAMIMAS_A21B_0367,0,0,1,3,5,3,0,1
DAMIMAS_A21B_0367_3.jpg,train,DAMIMAS_A21B_0367,0,0,1,2,3,2,1,0
DAMIMAS_A21B_0367_4.jpg,train,DAMIMAS_A21B_0367,0,0,0,1,3,3,0,1
DAMIMAS_A21B_0366_1.jpg,train,DAMIMAS_A21B_0366,0,0,0,0,2,4,1,1
DAMIMAS_A21B_0366_2.jpg,train,DAMIMAS_A21B_0366,0,0,0,0,1,2,0,0
DAMIMAS_A21B_0366_3.jpg,train,DAMIMAS_A21B_0366,0,0,0,0,4,3,0,1
DAMIMAS_A21B_0366_4.jpg,train,DAMIMAS_A21B_0366,0,0,1,0,3,3,1,1
DAMIMAS_A21B_0365_1.jpg,train,DAMIMAS_A21B_0365,1,1,1,1,2,3,0,2
DAMIMAS_A21B_0365_2.jpg,train,DAMIMAS_A21B_0365,0,2,2,0,3,4,1,2
DAMIMAS_A21B_0365_3.jpg,train,DAMIMAS_A21B_0365,1,1,2,0,3,4,0,0
DAMIMAS_A21B_0365_4.jpg,train,DAMIMAS_A21B_0365,0,0,1,2,4,5,1,0
DAMIMAS_A21B_0364_1.jpg,train,DAMIMAS_A21B_0364,1,1,4,2,5,4,1,0
DAMIMAS_A21B_0364_2.jpg,train,DAMIMAS_A21B_0364,1,2,2,1,3,3,0,1
DAMIMAS_A21B_0364_3.jpg,train,DAMIMAS_A21B_0364,1,1,1,1,3,3,0,1
DAMIMAS_A21B_0364_4.jpg,train,DAMIMAS_A21B_0364,0,1,2,2,4,3,0,1
DAMIMAS_A21B_0363_1.jpg,train,DAMIMAS_A21B_0363,0,0,0,4,4,0,2,0
DAMIMAS_A21B_0363_2.jpg,train,DAMIMAS_A21B_0363,0,0,0,2,4,1,1,2
DAMIMAS_A21B_0363_3.jpg,train,DAMIMAS_A21B_0363,0,0,0,2,2,1,0,0
DAMIMAS_A21B_0363_4.jpg,train,DAMIMAS_A21B_0363,0,0,0,3,3,0,0,0
DAMIMAS_A21B_0362_1.jpg,train,DAMIMAS_A21B_0362,1,0,1,0,2,5,1,0
DAMIMAS_A21B_0362_2.jpg,train,DAMIMAS_A21B_0362,0,0,2,0,4,6,0,1
DAMIMAS_A21B_0362_3.jpg,train,DAMIMAS_A21B_0362,0,0,1,0,3,6,0,1
DAMIMAS_A21B_0362_4.jpg,train,DAMIMAS_A21B_0362,0,0,1,0,2,6,0,1
DAMIMAS_A21B_0361_1.jpg,train,DAMIMAS_A21B_0361,1,1,1,0,2,3,1,2
DAMIMAS_A21B_0361_2.jpg,train,DAMIMAS_A21B_0361,1,1,1,1,3,3,0,2
DAMIMAS_A21B_0361_3.jpg,train,DAMIMAS_A21B_0361,1,1,0,0,1,4,0,0
DAMIMAS_A21B_0361_4.jpg,train,DAMIMAS_A21B_0361,0,1,1,0,3,3,2,2
DAMIMAS_A21B_0360_1.jpg,train,DAMIMAS_A21B_0360,1,1,1,2,1,1,0,2
DAMIMAS_A21B_0360_2.jpg,train,DAMIMAS_A21B_0360,1,3,1,2,4,1,0,4
DAMIMAS_A21B_0360_3.jpg,train,DAMIMAS_A21B_0360,2,1,0,1,2,3,0,2
DAMIMAS_A21B_0360_4.jpg,train,DAMIMAS_A21B_0360,1,1,1,1,3,3,0,2
DAMIMAS_A21B_0359_1.jpg,val,DAMIMAS_A21B_0359,1,1,0,0,3,3,0,0
DAMIMAS_A21B_0359_2.jpg,val,DAMIMAS_A21B_0359,0,1,0,1,3,3,0,1
DAMIMAS_A21B_0359_3.jpg,val,DAMIMAS_A21B_0359,1,2,2,1,3,2,0,1
DAMIMAS_A21B_0359_4.jpg,val,DAMIMAS_A21B_0359,1,2,0,0,2,3,0,2
DAMIMAS_A21B_0358_1.jpg,train,DAMIMAS_A21B_0358,0,0,2,0,4,6,1,2
DAMIMAS_A21B_0358_2.jpg,train,DAMIMAS_A21B_0358,0,0,1,0,5,6,1,2
DAMIMAS_A21B_0358_3.jpg,train,DAMIMAS_A21B_0358,0,1,2,0,3,5,0,0
DAMIMAS_A21B_0358_4.jpg,train,DAMIMAS_A21B_0358,1,1,0,0,4,3,0,2
DAMIMAS_A21B_0357_1.jpg,train,DAMIMAS_A21B_0357,0,0,0,1,2,3,0,1
DAMIMAS_A21B_0357_2.jpg,train,DAMIMAS_A21B_0357,0,0,0,1,3,5,0,1
DAMIMAS_A21B_0357_3.jpg,train,DAMIMAS_A21B_0357,0,0,0,0,3,6,0,0
DAMIMAS_A21B_0357_4.jpg,train,DAMIMAS_A21B_0357,0,0,1,0,5,4,0,0
DAMIMAS_A21B_0356_1.jpg,train,DAMIMAS_A21B_0356,1,0,1,3,3,1,0,0
DAMIMAS_A21B_0356_2.jpg,train,DAMIMAS_A21B_0356,2,1,1,2,3,1,1,1
DAMIMAS_A21B_0356_3.jpg,train,DAMIMAS_A21B_0356,0,1,2,1,2,2,0,1
DAMIMAS_A21B_0356_4.jpg,train,DAMIMAS_A21B_0356,0,0,2,2,2,2,0,1
DAMIMAS_A21B_0355_1.jpg,test,DAMIMAS_A21B_0355,0,1,2,2,3,3,1,1
DAMIMAS_A21B_0355_2.jpg,test,DAMIMAS_A21B_0355,2,2,0,0,2,4,0,0
DAMIMAS_A21B_0355_3.jpg,test,DAMIMAS_A21B_0355,1,1,1,2,4,3,0,1
DAMIMAS_A21B_0355_4.jpg,test,DAMIMAS_A21B_0355,0,1,1,2,0,1,0,1
DAMIMAS_A21B_0354_1.jpg,train,DAMIMAS_A21B_0354,0,0,2,1,3,8,0,0
DAMIMAS_A21B_0354_2.jpg,train,DAMIMAS_A21B_0354,0,1,0,0,3,7,0,0
DAMIMAS_A21B_0354_3.jpg,train,DAMIMAS_A21B_0354,1,1,1,0,5,7,0,0
DAMIMAS_A21B_0354_4.jpg,train,DAMIMAS_A21B_0354,0,0,1,1,3,6,0,0
DAMIMAS_A21B_0353_1.jpg,train,DAMIMAS_A21B_0353,1,1,1,1,4,3,0,0
DAMIMAS_A21B_0353_2.jpg,train,DAMIMAS_A21B_0353,1,2,0,0,5,3,0,0
DAMIMAS_A21B_0353_3.jpg,train,DAMIMAS_A21B_0353,1,1,1,0,2,3,0,0
DAMIMAS_A21B_0353_4.jpg,train,DAMIMAS_A21B_0353,0,1,0,0,4,3,0,0
DAMIMAS_A21B_0352_1.jpg,train,DAMIMAS_A21B_0352,0,1,1,0,5,4,0,1
DAMIMAS_A21B_0352_2.jpg,train,DAMIMAS_A21B_0352,1,1,1,1,5,4,1,2
DAMIMAS_A21B_0352_3.jpg,train,DAMIMAS_A21B_0352,1,1,2,0,3,4,0,2
DAMIMAS_A21B_0352_4.jpg,train,DAMIMAS_A21B_0352,1,1,0,0,3,2,0,1
DAMIMAS_A21B_0351_1.jpg,train,DAMIMAS_A21B_0351,0,0,3,2,7,3,0,0
DAMIMAS_A21B_0351_2.jpg,train,DAMIMAS_A21B_0351,0,1,1,3,3,2,0,0
DAMIMAS_A21B_0351_3.jpg,train,DAMIMAS_A21B_0351,0,2,1,2,1,3,0,0
DAMIMAS_A21B_0351_4.jpg,train,DAMIMAS_A21B_0351,0,1,1,0,3,4,0,1
DAMIMAS_A21B_0350_1.jpg,train,DAMIMAS_A21B_0350,1,1,0,0,3,2,0,0
DAMIMAS_A21B_0350_2.jpg,train,DAMIMAS_A21B_0350,1,1,1,1,2,1,0,0
DAMIMAS_A21B_0350_3.jpg,train,DAMIMAS_A21B_0350,0,0,0,0,0,0,0,0
DAMIMAS_A21B_0350_4.jpg,train,DAMIMAS_A21B_0350,0,1,1,1,2,2,0,0
DAMIMAS_A21B_0349_1.jpg,val,DAMIMAS_A21B_0349,0,0,1,1,1,1,0,1
DAMIMAS_A21B_0349_2.jpg,val,DAMIMAS_A21B_0349,0,0,1,1,0,1,0,0
DAMIMAS_A21B_0349_3.jpg,val,DAMIMAS_A21B_0349,0,0,1,1,2,1,0,0
DAMIMAS_A21B_0349_4.jpg,val,DAMIMAS_A21B_0349,0,0,0,0,0,0,0,2
DAMIMAS_A21B_0348_1.jpg,test,DAMIMAS_A21B_0348,0,2,1,0,6,1,0,3
DAMIMAS_A21B_0348_2.jpg,test,DAMIMAS_A21B_0348,1,2,2,0,3,2,0,1
DAMIMAS_A21B_0348_3.jpg,test,DAMIMAS_A21B_0348,1,1,1,0,4,3,0,2
DAMIMAS_A21B_0348_4.jpg,test,DAMIMAS_A21B_0348,1,1,0,0,2,2,1,3
DAMIMAS_A21B_0347_1.jpg,train,DAMIMAS_A21B_0347,0,1,1,0,4,3,1,1
DAMIMAS_A21B_0347_2.jpg,train,DAMIMAS_A21B_0347,1,1,0,1,2,3,0,0
DAMIMAS_A21B_0347_3.jpg,train,DAMIMAS_A21B_0347,2,2,0,1,2,1,0,0
DAMIMAS_A21B_0347_4.jpg,train,DAMIMAS_A21B_0347,1,1,1,1,3,2,0,0
DAMIMAS_A21B_0346_1.jpg,test,DAMIMAS_A21B_0346,1,1,0,0,3,4,1,1
DAMIMAS_A21B_0346_2.jpg,test,DAMIMAS_A21B_0346,0,1,1,1,2,2,0,1
DAMIMAS_A21B_0346_3.jpg,test,DAMIMAS_A21B_0346,0,0,1,1,2,3,0,2
DAMIMAS_A21B_0346_4.jpg,test,DAMIMAS_A21B_0346,0,1,1,0,6,4,1,1
DAMIMAS_A21B_0345_1.jpg,train,DAMIMAS_A21B_0345,1,1,0,1,1,1,0,0
DAMIMAS_A21B_0345_2.jpg,train,DAMIMAS_A21B_0345,0,0,0,0,1,3,0,1
DAMIMAS_A21B_0345_3.jpg,train,DAMIMAS_A21B_0345,0,0,1,0,2,3,0,1
DAMIMAS_A21B_0345_4.jpg,train,DAMIMAS_A21B_0345,0,1,1,1,1,2,0,1
DAMIMAS_A21B_0344_1.jpg,val,DAMIMAS_A21B_0344,0,0,0,2,3,3,2,2
DAMIMAS_A21B_0344_2.jpg,val,DAMIMAS_A21B_0344,0,0,2,1,5,4,0,0
DAMIMAS_A21B_0344_3.jpg,val,DAMIMAS_A21B_0344,0,0,0,1,3,3,0,0
DAMIMAS_A21B_0344_4.jpg,val,DAMIMAS_A21B_0344,0,0,0,1,3,3,1,1
DAMIMAS_A21B_0343_1.jpg,train,DAMIMAS_A21B_0343,0,0,0,2,5,2,0,0
DAMIMAS_A21B_0343_2.jpg,train,DAMIMAS_A21B_0343,1,0,3,3,3,2,0,0
DAMIMAS_A21B_0343_3.jpg,train,DAMIMAS_A21B_0343,0,0,1,2,4,3,0,0
DAMIMAS_A21B_0343_4.jpg,train,DAMIMAS_A21B_0343,0,0,2,2,4,2,0,0
DAMIMAS_A21B_0342_1.jpg,val,DAMIMAS_A21B_0342,1,0,0,2,1,3,0,3
DAMIMAS_A21B_0342_2.jpg,val,DAMIMAS_A21B_0342,0,0,2,2,2,3,0,2
DAMIMAS_A21B_0342_3.jpg,val,DAMIMAS_A21B_0342,0,0,1,2,1,3,0,2
DAMIMAS_A21B_0342_4.jpg,val,DAMIMAS_A21B_0342,0,0,0,2,0,1,0,0
DAMIMAS_A21B_0341_1.jpg,train,DAMIMAS_A21B_0341,0,0,1,1,4,3,0,0
DAMIMAS_A21B_0341_2.jpg,train,DAMIMAS_A21B_0341,0,0,0,0,2,5,1,1
DAMIMAS_A21B_0341_3.jpg,train,DAMIMAS_A21B_0341,0,0,0,0,3,6,0,0
DAMIMAS_A21B_0341_4.jpg,train,DAMIMAS_A21B_0341,0,0,1,1,5,4,0,0
DAMIMAS_A21B_0340_1.jpg,train,DAMIMAS_A21B_0340,0,0,0,0,0,1,0,0
DAMIMAS_A21B_0340_2.jpg,train,DAMIMAS_A21B_0340,0,0,1,1,1,0,0,0
DAMIMAS_A21B_0340_3.jpg,train,DAMIMAS_A21B_0340,1,1,0,1,2,0,0,0
DAMIMAS_A21B_0340_4.jpg,train,DAMIMAS_A21B_0340,1,1,0,1,1,1,0,0
DAMIMAS_A21B_0339_1.jpg,train,DAMIMAS_A21B_0339,1,1,0,1,4,2,0,0
DAMIMAS_A21B_0339_2.jpg,train,DAMIMAS_A21B_0339,1,1,0,3,1,1,0,0
DAMIMAS_A21B_0339_3.jpg,train,DAMIMAS_A21B_0339,0,2,0,1,1,0,0,0
DAMIMAS_A21B_0339_4.jpg,train,DAMIMAS_A21B_0339,0,1,0,0,0,0,0,0
DAMIMAS_A21B_0338_1.jpg,val,DAMIMAS_A21B_0338,0,0,0,0,3,4,0,1
DAMIMAS_A21B_0338_2.jpg,val,DAMIMAS_A21B_0338,0,0,0,0,1,1,1,3
DAMIMAS_A21B_0338_3.jpg,val,DAMIMAS_A21B_0338,0,0,1,0,4,3,0,2
DAMIMAS_A21B_0338_4.jpg,val,DAMIMAS_A21B_0338,0,0,1,0,4,4,1,1
DAMIMAS_A21B_0337_1.jpg,train,DAMIMAS_A21B_0337,0,0,0,0,3,3,0,0
DAMIMAS_A21B_0337_2.jpg,train,DAMIMAS_A21B_0337,0,0,0,0,5,3,0,1
DAMIMAS_A21B_0337_3.jpg,train,DAMIMAS_A21B_0337,0,0,0,0,3,3,1,1
DAMIMAS_A21B_0337_4.jpg,train,DAMIMAS_A21B_0337,0,0,0,0,4,4,1,1
DAMIMAS_A21B_0336_1.jpg,train,DAMIMAS_A21B_0336,1,1,0,0,4,4,0,1
DAMIMAS_A21B_0336_2.jpg,train,DAMIMAS_A21B_0336,1,2,1,0,3,2,1,1
DAMIMAS_A21B_0336_3.jpg,train,DAMIMAS_A21B_0336,1,1,1,0,5,3,1,2
DAMIMAS_A21B_0336_4.jpg,train,DAMIMAS_A21B_0336,2,1,0,0,4,3,1,1
DAMIMAS_A21B_0335_1.jpg,train,DAMIMAS_A21B_0335,2,2,0,0,2,2,0,0
DAMIMAS_A21B_0335_2.jpg,train,DAMIMAS_A21B_0335,1,2,0,0,3,2,0,0
DAMIMAS_A21B_0335_3.jpg,train,DAMIMAS_A21B_0335,1,2,0,0,0,0,0,0
DAMIMAS_A21B_0335_4.jpg,train,DAMIMAS_A21B_0335,0,1,0,0,2,2,0,0
DAMIMAS_A21B_0334_1.jpg,train,DAMIMAS_A21B_0334,1,1,0,0,3,3,1,1
DAMIMAS_A21B_0334_2.jpg,train,DAMIMAS_A21B_0334,0,1,1,0,4,3,0,1
DAMIMAS_A21B_0334_3.jpg,train,DAMIMAS_A21B_0334,1,1,1,0,5,3,0,1
DAMIMAS_A21B_0334_4.jpg,train,DAMIMAS_A21B_0334,1,1,1,0,4,4,0,1
DAMIMAS_A21B_0333_1.jpg,train,DAMIMAS_A21B_0333,0,0,1,1,2,1,0,0
DAMIMAS_A21B_0333_2.jpg,train,DAMIMAS_A21B_0333,0,0,0,0,2,2,0,0
DAMIMAS_A21B_0333_3.jpg,train,DAMIMAS_A21B_0333,0,1,1,0,1,1,0,0
DAMIMAS_A21B_0333_4.jpg,train,DAMIMAS_A21B_0333,1,1,0,1,2,0,0,0
DAMIMAS_A21B_0332_1.jpg,train,DAMIMAS_A21B_0332,0,0,0,0,2,2,0,0
DAMIMAS_A21B_0332_2.jpg,train,DAMIMAS_A21B_0332,0,0,1,0,2,2,0,1
DAMIMAS_A21B_0332_3.jpg,train,DAMIMAS_A21B_0332,0,0,0,0,2,2,0,1
DAMIMAS_A21B_0332_4.jpg,train,DAMIMAS_A21B_0332,0,0,0,0,4,2,1,1
DAMIMAS_A21B_0331_1.jpg,test,DAMIMAS_A21B_0331,0,0,0,0,2,4,0,0
DAMIMAS_A21B_0331_2.jpg,test,DAMIMAS_A21B_0331,0,0,0,1,2,2,0,0
DAMIMAS_A21B_0331_3.jpg,test,DAMIMAS_A21B_0331,0,0,0,0,2,4,0,0
DAMIMAS_A21B_0331_4.jpg,test,DAMIMAS_A21B_0331,0,0,0,0,4,4,0,0
DAMIMAS_A21B_0330_1.jpg,val,DAMIMAS_A21B_0330,1,1,2,1,4,3,0,0
DAMIMAS_A21B_0330_2.jpg,val,DAMIMAS_A21B_0330,1,1,1,0,3,4,0,0
DAMIMAS_A21B_0330_3.jpg,val,DAMIMAS_A21B_0330,1,2,0,0,3,4,0,0
DAMIMAS_A21B_0330_4.jpg,val,DAMIMAS_A21B_0330,0,1,0,1,3,4,0,0
DAMIMAS_A21B_0329_1.jpg,train,DAMIMAS_A21B_0329,0,1,0,0,1,0,0,0
DAMIMAS_A21B_0329_2.jpg,train,DAMIMAS_A21B_0329,1,1,0,0,0,0,0,0
DAMIMAS_A21B_0329_3.jpg,train,DAMIMAS_A21B_0329,1,1,0,0,2,2,0,0
DAMIMAS_A21B_0329_4.jpg,train,DAMIMAS_A21B_0329,0,1,0,0,1,2,0,0
DAMIMAS_A21B_0328_1.jpg,train,DAMIMAS_A21B_0328,0,0,0,0,1,2,0,1
DAMIMAS_A21B_0328_2.jpg,train,DAMIMAS_A21B_0328,0,0,1,1,3,2,0,1
DAMIMAS_A21B_0328_3.jpg,train,DAMIMAS_A21B_0328,0,0,0,1,3,2,0,1
DAMIMAS_A21B_0328_4.jpg,train,DAMIMAS_A21B_0328,0,0,0,0,1,3,0,1
DAMIMAS_A21B_0327_1.jpg,train,DAMIMAS_A21B_0327,0,0,0,0,2,2,0,0
DAMIMAS_A21B_0327_2.jpg,train,DAMIMAS_A21B_0327,0,1,0,1,1,2,0,0
DAMIMAS_A21B_0327_3.jpg,train,DAMIMAS_A21B_0327,0,1,1,0,1,1,1,0
DAMIMAS_A21B_0327_4.jpg,train,DAMIMAS_A21B_0327,0,1,1,0,1,3,0,0
DAMIMAS_A21B_0326_1.jpg,train,DAMIMAS_A21B_0326,0,0,0,0,4,3,0,0
DAMIMAS_A21B_0326_2.jpg,train,DAMIMAS_A21B_0326,0,0,0,0,0,2,0,1
DAMIMAS_A21B_0326_3.jpg,train,DAMIMAS_A21B_0326,0,0,0,0,0,0,0,1
DAMIMAS_A21B_0326_4.jpg,train,DAMIMAS_A21B_0326,0,0,0,0,1,2,0,1
DAMIMAS_A21B_0325_1.jpg,test,DAMIMAS_A21B_0325,0,0,1,1,5,3,0,1
DAMIMAS_A21B_0325_2.jpg,test,DAMIMAS_A21B_0325,0,0,0,0,4,2,0,1
DAMIMAS_A21B_0325_3.jpg,test,DAMIMAS_A21B_0325,0,0,0,1,2,2,0,1
DAMIMAS_A21B_0325_4.jpg,test,DAMIMAS_A21B_0325,0,0,1,1,4,3,0,1
DAMIMAS_A21B_0324_1.jpg,train,DAMIMAS_A21B_0324,0,0,0,0,4,3,0,0
DAMIMAS_A21B_0324_2.jpg,train,DAMIMAS_A21B_0324,0,0,0,0,3,4,0,0
DAMIMAS_A21B_0324_3.jpg,train,DAMIMAS_A21B_0324,0,0,0,0,2,3,0,0
DAMIMAS_A21B_0324_4.jpg,train,DAMIMAS_A21B_0324,0,0,0,0,6,4,0,0
DAMIMAS_A21B_0323_1.jpg,test,DAMIMAS_A21B_0323,0,0,0,0,5,3,0,0
DAMIMAS_A21B_0323_2.jpg,test,DAMIMAS_A21B_0323,0,0,0,0,1,3,0,0
DAMIMAS_A21B_0323_3.jpg,test,DAMIMAS_A21B_0323,0,0,0,0,3,3,0,0
DAMIMAS_A21B_0323_4.jpg,test,DAMIMAS_A21B_0323,0,0,0,0,2,4,0,0
DAMIMAS_A21B_0322_1.jpg,train,DAMIMAS_A21B_0322,0,0,0,0,0,0,0,0
DAMIMAS_A21B_0322_2.jpg,train,DAMIMAS_A21B_0322,0,0,0,0,1,0,0,0
DAMIMAS_A21B_0322_3.jpg,train,DAMIMAS_A21B_0322,0,0,0,0,0,0,0,0
DAMIMAS_A21B_0322_4.jpg,train,DAMIMAS_A21B_0322,0,0,0,0,0,0,0,0
DAMIMAS_A21B_0321_1.jpg,test,DAMIMAS_A21B_0321,1,2,1,1,2,3,0,1
DAMIMAS_A21B_0321_2.jpg,test,DAMIMAS_A21B_0321,1,1,1,1,3,3,0,0
DAMIMAS_A21B_0321_3.jpg,test,DAMIMAS_A21B_0321,1,1,0,0,3,3,0,0
DAMIMAS_A21B_0321_4.jpg,test,DAMIMAS_A21B_0321,1,1,1,2,3,2,0,0
DAMIMAS_A21B_0320_1.jpg,train,DAMIMAS_A21B_0320,0,2,1,0,3,3,0,1
DAMIMAS_A21B_0320_2.jpg,train,DAMIMAS_A21B_0320,1,1,1,2,4,1,1,1
DAMIMAS_A21B_0320_3.jpg,train,DAMIMAS_A21B_0320,1,2,1,0,4,3,0,1
DAMIMAS_A21B_0320_4.jpg,train,DAMIMAS_A21B_0320,1,1,2,1,5,4,0,1
DAMIMAS_A21B_0319_1.jpg,train,DAMIMAS_A21B_0319,0,0,0,0,2,3,0,0
DAMIMAS_A21B_0319_2.jpg,train,DAMIMAS_A21B_0319,0,0,0,1,3,2,0,0
DAMIMAS_A21B_0319_3.jpg,train,DAMIMAS_A21B_0319,0,0,0,2,4,2,0,0
DAMIMAS_A21B_0319_4.jpg,train,DAMIMAS_A21B_0319,0,0,0,2,3,3,0,0
DAMIMAS_A21B_0318_1.jpg,train,DAMIMAS_A21B_0318,0,0,0,0,4,4,0,1
DAMIMAS_A21B_0318_2.jpg,train,DAMIMAS_A21B_0318,0,0,1,0,3,4,1,1
DAMIMAS_A21B_0318_3.jpg,train,DAMIMAS_A21B_0318,0,0,1,0,5,4,0,1
DAMIMAS_A21B_0318_4.jpg,train,DAMIMAS_A21B_0318,0,0,0,0,3,3,0,1
DAMIMAS_A21B_0317_1.jpg,train,DAMIMAS_A21B_0317,0,0,0,1,3,2,0,0
DAMIMAS_A21B_0317_2.jpg,train,DAMIMAS_A21B_0317,0,0,1,1,3,3,0,0
DAMIMAS_A21B_0317_3.jpg,train,DAMIMAS_A21B_0317,0,0,0,0,2,3,0,0
DAMIMAS_A21B_0317_4.jpg,train,DAMIMAS_A21B_0317,0,0,0,1,5,3,0,0
DAMIMAS_A21B_0316_1.jpg,train,DAMIMAS_A21B_0316,0,0,1,1,4,3,1,1
DAMIMAS_A21B_0316_2.jpg,train,DAMIMAS_A21B_0316,0,1,1,1,4,2,0,2
DAMIMAS_A21B_0316_3.jpg,train,DAMIMAS_A21B_0316,0,1,1,1,3,2,0,2
DAMIMAS_A21B_0316_4.jpg,train,DAMIMAS_A21B_0316,0,0,0,1,3,5,0,1
DAMIMAS_A21B_0315_1.jpg,train,DAMIMAS_A21B_0315,1,1,1,4,2,3,0,0
DAMIMAS_A21B_0315_2.jpg,train,DAMIMAS_A21B_0315,0,1,3,2,4,2,0,0
DAMIMAS_A21B_0315_3.jpg,train,DAMIMAS_A21B_0315,0,0,1,3,4,3,0,0
DAMIMAS_A21B_0315_4.jpg,train,DAMIMAS_A21B_0315,0,0,2,2,4,4,0,0
DAMIMAS_A21B_0314_1.jpg,train,DAMIMAS_A21B_0314,0,0,2,1,2,4,1,1
DAMIMAS_A21B_0314_2.jpg,train,DAMIMAS_A21B_0314,1,0,0,1,6,4,0,1
DAMIMAS_A21B_0314_3.jpg,train,DAMIMAS_A21B_0314,0,0,0,1,3,4,0,0
DAMIMAS_A21B_0314_4.jpg,train,DAMIMAS_A21B_0314,0,0,1,0,3,4,0,1
DAMIMAS_A21B_0313_1.jpg,train,DAMIMAS_A21B_0313,1,1,2,0,4,4,2,1
DAMIMAS_A21B_0313_2.jpg,train,DAMIMAS_A21B_0313,1,2,0,1,4,3,1,1
DAMIMAS_A21B_0313_3.jpg,train,DAMIMAS_A21B_0313,1,1,1,1,5,2,0,1
DAMIMAS_A21B_0313_4.jpg,train,DAMIMAS_A21B_0313,0,1,2,0,2,3,0,1
DAMIMAS_A21B_0312_1.jpg,train,DAMIMAS_A21B_0312,0,0,0,0,4,3,0,1
DAMIMAS_A21B_0312_2.jpg,train,DAMIMAS_A21B_0312,0,0,0,0,2,2,0,1
DAMIMAS_A21B_0312_3.jpg,train,DAMIMAS_A21B_0312,0,0,1,1,2,3,1,1
DAMIMAS_A21B_0312_4.jpg,train,DAMIMAS_A21B_0312,0,0,1,1,4,4,0,1
DAMIMAS_A21B_0311_1.jpg,val,DAMIMAS_A21B_0311,0,0,1,0,1,2,0,0
DAMIMAS_A21B_0311_2.jpg,val,DAMIMAS_A21B_0311,0,0,0,0,1,2,0,0
DAMIMAS_A21B_0311_3.jpg,val,DAMIMAS_A21B_0311,0,0,0,0,2,2,0,0
DAMIMAS_A21B_0311_4.jpg,val,DAMIMAS_A21B_0311,0,0,1,1,2,2,0,0
DAMIMAS_A21B_0310_1.jpg,train,DAMIMAS_A21B_0310,2,1,0,0,2,4,0,0
DAMIMAS_A21B_0310_2.jpg,train,DAMIMAS_A21B_0310,1,1,0,0,3,4,1,0
DAMIMAS_A21B_0310_3.jpg,train,DAMIMAS_A21B_0310,2,1,0,0,3,4,0,0
DAMIMAS_A21B_0310_4.jpg,train,DAMIMAS_A21B_0310,0,0,0,0,2,5,0,0
DAMIMAS_A21B_0309_1.jpg,train,DAMIMAS_A21B_0309,1,1,0,1,4,2,0,1
DAMIMAS_A21B_0309_2.jpg,train,DAMIMAS_A21B_0309,1,1,2,1,2,2,0,0
DAMIMAS_A21B_0309_3.jpg,train,DAMIMAS_A21B_0309,1,2,1,0,2,2,0,1
DAMIMAS_A21B_0309_4.jpg,train,DAMIMAS_A21B_0309,0,1,0,0,3,2,0,1
DAMIMAS_A21B_0308_1.jpg,val,DAMIMAS_A21B_0308,0,0,1,1,3,1,0,2
DAMIMAS_A21B_0308_2.jpg,val,DAMIMAS_A21B_0308,0,1,1,1,3,1,0,1
DAMIMAS_A21B_0308_3.jpg,val,DAMIMAS_A21B_0308,2,1,0,0,4,2,0,1
DAMIMAS_A21B_0308_4.jpg,val,DAMIMAS_A21B_0308,0,0,0,0,2,2,0,1
DAMIMAS_A21B_0307_1.jpg,train,DAMIMAS_A21B_0307,0,1,1,0,2,2,0,0
DAMIMAS_A21B_0307_2.jpg,train,DAMIMAS_A21B_0307,0,1,1,0,1,2,1,0
DAMIMAS_A21B_0307_3.jpg,train,DAMIMAS_A21B_0307,1,1,1,0,5,3,0,0
DAMIMAS_A21B_0307_4.jpg,train,DAMIMAS_A21B_0307,0,0,1,1,4,3,0,0
DAMIMAS_A21B_0306_1.jpg,train,DAMIMAS_A21B_0306,0,0,0,0,3,2,0,0
DAMIMAS_A21B_0306_2.jpg,train,DAMIMAS_A21B_0306,0,0,1,0,2,2,0,0
DAMIMAS_A21B_0306_3.jpg,train,DAMIMAS_A21B_0306,1,1,1,0,1,2,0,0
DAMIMAS_A21B_0306_4.jpg,train,DAMIMAS_A21B_0306,1,1,0,0,1,1,0,0
DAMIMAS_A21B_0305_1.jpg,train,DAMIMAS_A21B_0305,1,2,0,1,5,3,0,1
DAMIMAS_A21B_0305_2.jpg,train,DAMIMAS_A21B_0305,1,1,0,0,5,4,0,1
DAMIMAS_A21B_0305_3.jpg,train,DAMIMAS_A21B_0305,0,0,0,3,6,2,0,1
DAMIMAS_A21B_0305_4.jpg,train,DAMIMAS_A21B_0305,0,1,3,2,3,2,1,1
DAMIMAS_A21B_0304_1.jpg,test,DAMIMAS_A21B_0304,0,0,1,1,6,2,1,2
DAMIMAS_A21B_0304_2.jpg,test,DAMIMAS_A21B_0304,0,0,1,0,5,3,1,2
DAMIMAS_A21B_0304_3.jpg,test,DAMIMAS_A21B_0304,0,0,1,0,1,2,0,2
DAMIMAS_A21B_0304_4.jpg,test,DAMIMAS_A21B_0304,0,0,1,0,2,2,1,2
DAMIMAS_A21B_0303_1.jpg,train,DAMIMAS_A21B_0303,0,0,0,0,8,8,0,0
DAMIMAS_A21B_0303_2.jpg,train,DAMIMAS_A21B_0303,0,0,1,0,2,5,0,0
DAMIMAS_A21B_0303_3.jpg,train,DAMIMAS_A21B_0303,0,0,0,0,3,4,0,0
DAMIMAS_A21B_0303_4.jpg,train,DAMIMAS_A21B_0303,0,0,0,0,1,4,0,0
DAMIMAS_A21B_0302_1.jpg,test,DAMIMAS_A21B_0302,0,0,0,0,2,2,0,0
DAMIMAS_A21B_0302_2.jpg,test,DAMIMAS_A21B_0302,0,1,0,0,2,3,0,0
DAMIMAS_A21B_0302_3.jpg,test,DAMIMAS_A21B_0302,1,1,0,1,1,3,0,0
DAMIMAS_A21B_0302_4.jpg,test,DAMIMAS_A21B_0302,1,1,0,0,3,3,0,0
DAMIMAS_A21B_0301_1.jpg,train,DAMIMAS_A21B_0301,0,0,1,0,7,4,0,1
DAMIMAS_A21B_0301_2.jpg,train,DAMIMAS_A21B_0301,0,0,1,0,5,4,1,1
DAMIMAS_A21B_0301_3.jpg,train,DAMIMAS_A21B_0301,0,0,0,0,4,4,0,0
DAMIMAS_A21B_0301_4.jpg,train,DAMIMAS_A21B_0301,0,1,1,1,4,3,0,1
DAMIMAS_A21B_0300_1.jpg,train,DAMIMAS_A21B_0300,0,0,0,0,4,3,0,0
DAMIMAS_A21B_0300_2.jpg,train,DAMIMAS_A21B_0300,0,0,0,0,2,2,0,0
DAMIMAS_A21B_0300_3.jpg,train,DAMIMAS_A21B_0300,0,0,2,0,1,2,0,1
DAMIMAS_A21B_0300_4.jpg,train,DAMIMAS_A21B_0300,0,1,1,0,2,3,0,1
DAMIMAS_A21B_0299_1.jpg,train,DAMIMAS_A21B_0299,1,1,2,0,4,4,0,0
DAMIMAS_A21B_0299_2.jpg,train,DAMIMAS_A21B_0299,0,1,0,0,1,2,0,0
DAMIMAS_A21B_0299_3.jpg,train,DAMIMAS_A21B_0299,0,0,1,2,2,2,0,0
DAMIMAS_A21B_0299_4.jpg,train,DAMIMAS_A21B_0299,0,1,3,1,5,4,1,0
DAMIMAS_A21B_0298_1.jpg,train,DAMIMAS_A21B_0298,1,1,1,0,3,2,0,3
DAMIMAS_A21B_0298_2.jpg,train,DAMIMAS_A21B_0298,0,1,0,0,4,2,0,2
DAMIMAS_A21B_0298_3.jpg,train,DAMIMAS_A21B_0298,0,1,0,0,4,4,0,0
DAMIMAS_A21B_0298_4.jpg,train,DAMIMAS_A21B_0298,0,1,2,0,4,4,0,1
DAMIMAS_A21B_0297_1.jpg,train,DAMIMAS_A21B_0297,0,0,0,0,3,3,0,1
DAMIMAS_A21B_0297_2.jpg,train,DAMIMAS_A21B_0297,0,0,0,0,2,4,1,1
DAMIMAS_A21B_0297_3.jpg,train,DAMIMAS_A21B_0297,0,0,0,0,2,3,1,1
DAMIMAS_A21B_0297_4.jpg,train,DAMIMAS_A21B_0297,0,0,1,0,3,3,0,1
DAMIMAS_A21B_0296_1.jpg,test,DAMIMAS_A21B_0296,0,1,1,2,2,0,1,0
DAMIMAS_A21B_0296_2.jpg,test,DAMIMAS_A21B_0296,0,1,2,2,0,0,0,0
DAMIMAS_A21B_0296_3.jpg,test,DAMIMAS_A21B_0296,1,0,0,2,0,0,0,0
DAMIMAS_A21B_0296_4.jpg,test,DAMIMAS_A21B_0296,0,0,1,2,2,1,0,0
DAMIMAS_A21B_0295_1.jpg,train,DAMIMAS_A21B_0295,0,0,0,2,4,2,0,1
DAMIMAS_A21B_0295_2.jpg,train,DAMIMAS_A21B_0295,0,0,1,2,4,3,0,1
DAMIMAS_A21B_0295_3.jpg,train,DAMIMAS_A21B_0295,0,0,0,0,3,3,0,0
DAMIMAS_A21B_0295_4.jpg,train,DAMIMAS_A21B_0295,0,0,1,0,3,3,0,0
DAMIMAS_A21B_0294_1.jpg,test,DAMIMAS_A21B_0294,0,0,1,1,4,4,0,1
DAMIMAS_A21B_0294_2.jpg,test,DAMIMAS_A21B_0294,0,0,1,1,4,4,1,1
DAMIMAS_A21B_0294_3.jpg,test,DAMIMAS_A21B_0294,0,0,1,1,5,4,0,0
DAMIMAS_A21B_0294_4.jpg,test,DAMIMAS_A21B_0294,0,0,1,1,5,5,0,1
DAMIMAS_A21B_0293_1.jpg,train,DAMIMAS_A21B_0293,0,0,0,0,1,0,0,0
DAMIMAS_A21B_0293_2.jpg,train,DAMIMAS_A21B_0293,0,0,1,1,1,2,0,2
DAMIMAS_A21B_0293_3.jpg,train,DAMIMAS_A21B_0293,0,0,0,1,5,4,0,2
DAMIMAS_A21B_0293_4.jpg,train,DAMIMAS_A21B_0293,0,0,1,0,5,4,0,2
DAMIMAS_A21B_0292_1.jpg,train,DAMIMAS_A21B_0292,0,0,3,1,6,3,2,2
DAMIMAS_A21B_0292_2.jpg,train,DAMIMAS_A21B_0292,0,0,0,2,3,3,1,2
DAMIMAS_A21B_0292_3.jpg,train,DAMIMAS_A21B_0292,0,0,0,1,4,4,1,1
DAMIMAS_A21B_0292_4.jpg,train,DAMIMAS_A21B_0292,0,0,0,1,4,4,0,0
DAMIMAS_A21B_0291_1.jpg,train,DAMIMAS_A21B_0291,1,2,0,2,0,0,0,0
DAMIMAS_A21B_0291_2.jpg,train,DAMIMAS_A21B_0291,1,2,0,1,1,2,0,1
DAMIMAS_A21B_0291_3.jpg,train,DAMIMAS_A21B_0291,0,0,1,1,1,2,0,1
DAMIMAS_A21B_0291_4.jpg,train,DAMIMAS_A21B_0291,0,1,3,4,4,2,1,2
DAMIMAS_A21B_0290_1.jpg,train,DAMIMAS_A21B_0290,0,0,0,0,3,3,0,0
DAMIMAS_A21B_0290_2.jpg,train,DAMIMAS_A21B_0290,0,0,0,0,2,3,0,0
DAMIMAS_A21B_0290_3.jpg,train,DAMIMAS_A21B_0290,0,0,0,1,2,4,0,0
DAMIMAS_A21B_0290_4.jpg,train,DAMIMAS_A21B_0290,0,0,1,0,2,4,0,0
DAMIMAS_A21B_0289_1.jpg,val,DAMIMAS_A21B_0289,0,0,1,0,3,4,0,0
DAMIMAS_A21B_0289_2.jpg,val,DAMIMAS_A21B_0289,0,0,2,1,3,3,0,0
DAMIMAS_A21B_0289_3.jpg,val,DAMIMAS_A21B_0289,0,1,0,1,0,0,0,0
DAMIMAS_A21B_0289_4.jpg,val,DAMIMAS_A21B_0289,0,1,1,1,3,2,1,0
DAMIMAS_A21B_0288_1.jpg,test,DAMIMAS_A21B_0288,0,1,1,1,3,3,0,1
DAMIMAS_A21B_0288_2.jpg,test,DAMIMAS_A21B_0288,0,0,0,0,3,4,0,1
DAMIMAS_A21B_0288_3.jpg,test,DAMIMAS_A21B_0288,0,0,0,0,0,3,0,1
DAMIMAS_A21B_0288_4.jpg,test,DAMIMAS_A21B_0288,0,0,1,2,4,1,1,3
DAMIMAS_A21B_0287_1.jpg,train,DAMIMAS_A21B_0287,1,1,0,2,3,0,0,0
DAMIMAS_A21B_0287_2.jpg,train,DAMIMAS_A21B_0287,0,1,1,2,3,0,0,0
DAMIMAS_A21B_0287_3.jpg,train,DAMIMAS_A21B_0287,1,1,0,2,2,0,0,0
DAMIMAS_A21B_0287_4.jpg,train,DAMIMAS_A21B_0287,0,3,1,2,3,0,0,0
DAMIMAS_A21B_0286_1.jpg,train,DAMIMAS_A21B_0286,0,0,0,2,3,2,0,0
DAMIMAS_A21B_0286_2.jpg,train,DAMIMAS_A21B_0286,0,1,2,1,5,3,0,1
DAMIMAS_A21B_0286_3.jpg,train,DAMIMAS_A21B_0286,2,1,1,1,2,1,0,1
DAMIMAS_A21B_0286_4.jpg,train,DAMIMAS_A21B_0286,1,1,1,1,4,2,0,1
DAMIMAS_A21B_0285_1.jpg,train,DAMIMAS_A21B_0285,2,4,1,0,1,4,0,1
DAMIMAS_A21B_0285_2.jpg,train,DAMIMAS_A21B_0285,1,2,2,1,1,2,3,2
DAMIMAS_A21B_0285_3.jpg,train,DAMIMAS_A21B_0285,1,1,1,1,4,3,0,2
DAMIMAS_A21B_0285_4.jpg,train,DAMIMAS_A21B_0285,1,1,1,2,2,3,1,3
DAMIMAS_A21B_0284_1.jpg,test,DAMIMAS_A21B_0284,0,1,1,1,2,2,0,1
DAMIMAS_A21B_0284_2.jpg,test,DAMIMAS_A21B_0284,0,1,3,1,0,1,0,0
DAMIMAS_A21B_0284_3.jpg,test,DAMIMAS_A21B_0284,0,0,1,1,2,2,0,1
DAMIMAS_A21B_0284_4.jpg,test,DAMIMAS_A21B_0284,0,0,1,2,3,1,1,1
DAMIMAS_A21B_0283_1.jpg,val,DAMIMAS_A21B_0283,0,1,1,1,2,2,1,1
DAMIMAS_A21B_0283_2.jpg,val,DAMIMAS_A21B_0283,0,2,1,0,2,3,0,0
DAMIMAS_A21B_0283_3.jpg,val,DAMIMAS_A21B_0283,0,1,1,0,3,4,0,0
DAMIMAS_A21B_0283_4.jpg,val,DAMIMAS_A21B_0283,0,0,0,0,5,4,1,1
DAMIMAS_A21B_0282_1.jpg,train,DAMIMAS_A21B_0282,0,2,1,0,1,2,0,0
DAMIMAS_A21B_0282_2.jpg,train,DAMIMAS_A21B_0282,1,2,1,0,3,3,1,0
DAMIMAS_A21B_0282_3.jpg,train,DAMIMAS_A21B_0282,2,2,1,0,2,3,0,0
DAMIMAS_A21B_0282_4.jpg,train,DAMIMAS_A21B_0282,0,2,0,0,2,2,0,0
DAMIMAS_A21B_0281_1.jpg,train,DAMIMAS_A21B_0281,0,0,0,0,3,5,0,1
DAMIMAS_A21B_0281_2.jpg,train,DAMIMAS_A21B_0281,0,0,0,0,5,3,1,2
DAMIMAS_A21B_0281_3.jpg,train,DAMIMAS_A21B_0281,0,0,2,0,3,4,0,3
DAMIMAS_A21B_0281_4.jpg,train,DAMIMAS_A21B_0281,0,0,1,0,5,3,0,2
DAMIMAS_A21B_0280_1.jpg,test,DAMIMAS_A21B_0280,1,1,0,2,3,1,0,2
DAMIMAS_A21B_0280_2.jpg,test,DAMIMAS_A21B_0280,0,1,1,1,3,2,2,1
DAMIMAS_A21B_0280_3.jpg,test,DAMIMAS_A21B_0280,1,1,0,0,3,2,0,2
DAMIMAS_A21B_0280_4.jpg,test,DAMIMAS_A21B_0280,1,1,1,1,1,1,0,1
DAMIMAS_A21B_0279_1.jpg,test,DAMIMAS_A21B_0279,0,0,1,1,3,5,0,1
DAMIMAS_A21B_0279_2.jpg,test,DAMIMAS_A21B_0279,0,0,1,1,4,4,0,0
DAMIMAS_A21B_0279_3.jpg,test,DAMIMAS_A21B_0279,0,0,1,3,6,3,0,0
DAMIMAS_A21B_0279_4.jpg,test,DAMIMAS_A21B_0279,0,0,0,3,1,3,0,1
DAMIMAS_A21B_0278_1.jpg,val,DAMIMAS_A21B_0278,1,1,1,1,3,3,0,0
DAMIMAS_A21B_0278_2.jpg,val,DAMIMAS_A21B_0278,1,1,1,2,1,1,0,0
DAMIMAS_A21B_0278_3.jpg,val,DAMIMAS_A21B_0278,0,2,0,2,3,2,0,0
DAMIMAS_A21B_0278_4.jpg,val,DAMIMAS_A21B_0278,1,1,1,2,2,2,0,0
DAMIMAS_A21B_0277_1.jpg,val,DAMIMAS_A21B_0277,1,1,0,1,2,2,1,0
DAMIMAS_A21B_0277_2.jpg,val,DAMIMAS_A21B_0277,0,1,1,2,3,2,0,0
DAMIMAS_A21B_0277_3.jpg,val,DAMIMAS_A21B_0277,0,0,0,2,3,1,0,0
DAMIMAS_A21B_0277_4.jpg,val,DAMIMAS_A21B_0277,1,1,0,1,2,3,1,0
DAMIMAS_A21B_0276_1.jpg,train,DAMIMAS_A21B_0276,0,1,1,0,4,2,0,0
DAMIMAS_A21B_0276_2.jpg,train,DAMIMAS_A21B_0276,0,0,0,1,2,2,0,0
DAMIMAS_A21B_0276_3.jpg,train,DAMIMAS_A21B_0276,0,1,1,1,3,1,0,0
DAMIMAS_A21B_0276_4.jpg,train,DAMIMAS_A21B_0276,1,1,0,0,1,0,0,0
DAMIMAS_A21B_0275_1.jpg,test,DAMIMAS_A21B_0275,1,1,1,2,3,2,0,0
DAMIMAS_A21B_0275_2.jpg,test,DAMIMAS_A21B_0275,0,0,4,2,2,3,0,0
DAMIMAS_A21B_0275_3.jpg,test,DAMIMAS_A21B_0275,0,2,1,1,3,4,0,1
DAMIMAS_A21B_0275_4.jpg,test,DAMIMAS_A21B_0275,2,2,1,1,4,4,0,1
DAMIMAS_A21B_0274_1.jpg,train,DAMIMAS_A21B_0274,0,0,0,1,5,4,0,0
DAMIMAS_A21B_0274_2.jpg,train,DAMIMAS_A21B_0274,0,0,0,0,6,4,0,1
DAMIMAS_A21B_0274_3.jpg,train,DAMIMAS_A21B_0274,0,0,0,0,4,4,0,1
DAMIMAS_A21B_0274_4.jpg,train,DAMIMAS_A21B_0274,0,0,0,0,3,3,1,2
DAMIMAS_A21B_0273_1.jpg,train,DAMIMAS_A21B_0273,0,0,1,1,2,4,1,0
DAMIMAS_A21B_0273_2.jpg,train,DAMIMAS_A21B_0273,0,0,1,1,4,3,0,0
DAMIMAS_A21B_0273_3.jpg,train,DAMIMAS_A21B_0273,0,0,1,0,3,4,0,0
DAMIMAS_A21B_0273_4.jpg,train,DAMIMAS_A21B_0273,0,0,0,0,2,3,0,0
DAMIMAS_A21B_0272_1.jpg,val,DAMIMAS_A21B_0272,0,1,1,0,2,2,0,0
DAMIMAS_A21B_0272_2.jpg,val,DAMIMAS_A21B_0272,1,1,0,1,5,1,1,2
DAMIMAS_A21B_0272_3.jpg,val,DAMIMAS_A21B_0272,0,0,1,1,4,3,0,1
DAMIMAS_A21B_0272_4.jpg,val,DAMIMAS_A21B_0272,0,0,1,1,4,3,0,0
DAMIMAS_A21B_0271_1.jpg,test,DAMIMAS_A21B_0271,0,0,2,3,4,2,0,1
DAMIMAS_A21B_0271_2.jpg,test,DAMIMAS_A21B_0271,0,0,2,2,5,3,0,1
DAMIMAS_A21B_0271_3.jpg,test,DAMIMAS_A21B_0271,0,0,0,1,2,3,0,0
DAMIMAS_A21B_0271_4.jpg,test,DAMIMAS_A21B_0271,0,0,1,3,1,2,0,1
DAMIMAS_A21B_0270_1.jpg,test,DAMIMAS_A21B_0270,0,0,1,1,6,3,0,0
DAMIMAS_A21B_0270_2.jpg,test,DAMIMAS_A21B_0270,0,0,1,1,4,3,0,0
DAMIMAS_A21B_0270_3.jpg,test,DAMIMAS_A21B_0270,1,1,1,0,3,4,0,0
DAMIMAS_A21B_0270_4.jpg,test,DAMIMAS_A21B_0270,1,1,2,1,3,1,0,0
DAMIMAS_A21B_0269_1.jpg,train,DAMIMAS_A21B_0269,0,0,0,0,3,2,0,0
DAMIMAS_A21B_0269_2.jpg,train,DAMIMAS_A21B_0269,0,0,0,0,3,2,0,0
DAMIMAS_A21B_0269_3.jpg,train,DAMIMAS_A21B_0269,0,0,0,0,1,3,0,0
DAMIMAS_A21B_0269_4.jpg,train,DAMIMAS_A21B_0269,0,0,0,0,4,4,0,0
DAMIMAS_A21B_0268_1.jpg,train,DAMIMAS_A21B_0268,0,0,2,2,2,2,0,2
DAMIMAS_A21B_0268_2.jpg,train,DAMIMAS_A21B_0268,2,2,3,2,5,1,0,1
DAMIMAS_A21B_0268_3.jpg,train,DAMIMAS_A21B_0268,1,1,2,2,4,2,1,2
DAMIMAS_A21B_0268_4.jpg,train,DAMIMAS_A21B_0268,2,1,0,2,5,2,1,4
DAMIMAS_A21B_0267_1.jpg,train,DAMIMAS_A21B_0267,1,1,0,2,3,1,0,1
DAMIMAS_A21B_0267_2.jpg,train,DAMIMAS_A21B_0267,0,1,1,3,2,2,0,1
DAMIMAS_A21B_0267_3.jpg,train,DAMIMAS_A21B_0267,0,0,1,2,4,2,0,1
DAMIMAS_A21B_0267_4.jpg,train,DAMIMAS_A21B_0267,1,1,0,1,3,2,0,0
DAMIMAS_A21B_0266_1.jpg,train,DAMIMAS_A21B_0266,0,0,0,1,5,5,0,0
DAMIMAS_A21B_0266_2.jpg,train,DAMIMAS_A21B_0266,0,1,3,1,3,4,0,0
DAMIMAS_A21B_0266_3.jpg,train,DAMIMAS_A21B_0266,1,2,2,0,2,3,0,0
DAMIMAS_A21B_0266_4.jpg,train,DAMIMAS_A21B_0266,1,1,1,0,3,3,0,0
DAMIMAS_A21B_0265_1.jpg,train,DAMIMAS_A21B_0265,0,0,2,2,6,4,0,0
DAMIMAS_A21B_0265_2.jpg,train,DAMIMAS_A21B_0265,1,1,1,1,3,3,0,1
DAMIMAS_A21B_0265_3.jpg,train,DAMIMAS_A21B_0265,1,1,2,0,4,3,0,1
DAMIMAS_A21B_0265_4.jpg,train,DAMIMAS_A21B_0265,0,0,2,0,4,5,0,0
DAMIMAS_A21B_0264_1.jpg,train,DAMIMAS_A21B_0264,1,1,1,1,2,2,0,0
DAMIMAS_A21B_0264_2.jpg,train,DAMIMAS_A21B_0264,0,2,0,1,4,3,0,0
DAMIMAS_A21B_0264_3.jpg,train,DAMIMAS_A21B_0264,1,2,0,0,1,4,0,0
DAMIMAS_A21B_0264_4.jpg,train,DAMIMAS_A21B_0264,0,1,2,1,3,4,0,0
DAMIMAS_A21B_0263_1.jpg,val,DAMIMAS_A21B_0263,0,0,2,3,1,1,0,1
DAMIMAS_A21B_0263_2.jpg,val,DAMIMAS_A21B_0263,0,0,1,3,4,2,0,0
DAMIMAS_A21B_0263_3.jpg,val,DAMIMAS_A21B_0263,0,0,2,4,3,1,0,0
DAMIMAS_A21B_0263_4.jpg,val,DAMIMAS_A21B_0263,0,0,2,4,4,1,2,1
DAMIMAS_A21B_0262_1.jpg,train,DAMIMAS_A21B_0262,1,0,2,1,3,3,0,2
DAMIMAS_A21B_0262_2.jpg,train,DAMIMAS_A21B_0262,1,1,2,0,3,4,0,0
DAMIMAS_A21B_0262_3.jpg,train,DAMIMAS_A21B_0262,2,2,2,1,3,4,0,0
DAMIMAS_A21B_0262_4.jpg,train,DAMIMAS_A21B_0262,1,1,1,1,3,3,0,1
DAMIMAS_A21B_0261_1.jpg,train,DAMIMAS_A21B_0261,1,3,2,2,2,1,1,1
DAMIMAS_A21B_0261_2.jpg,train,DAMIMAS_A21B_0261,1,1,1,2,3,3,2,1
DAMIMAS_A21B_0261_3.jpg,train,DAMIMAS_A21B_0261,1,1,1,1,1,2,1,2
DAMIMAS_A21B_0261_4.jpg,train,DAMIMAS_A21B_0261,1,1,2,3,2,1,1,2
DAMIMAS_A21B_0260_1.jpg,train,DAMIMAS_A21B_0260,0,0,2,2,6,2,1,1
DAMIMAS_A21B_0260_2.jpg,train,DAMIMAS_A21B_0260,0,0,2,3,5,1,0,1
DAMIMAS_A21B_0260_3.jpg,train,DAMIMAS_A21B_0260,0,1,2,3,6,1,1,0
DAMIMAS_A21B_0260_4.jpg,train,DAMIMAS_A21B_0260,1,1,1,2,3,2,0,0
DAMIMAS_A21B_0259_1.jpg,train,DAMIMAS_A21B_0259,0,0,2,3,2,2,0,0
DAMIMAS_A21B_0259_2.jpg,train,DAMIMAS_A21B_0259,1,1,1,3,3,1,1,0
DAMIMAS_A21B_0259_3.jpg,train,DAMIMAS_A21B_0259,0,1,0,2,2,1,1,0
DAMIMAS_A21B_0259_4.jpg,train,DAMIMAS_A21B_0259,0,0,1,3,2,1,0,0
DAMIMAS_A21B_0258_1.jpg,train,DAMIMAS_A21B_0258,0,0,1,1,2,2,0,0
DAMIMAS_A21B_0258_2.jpg,train,DAMIMAS_A21B_0258,0,0,0,1,2,4,0,0
DAMIMAS_A21B_0258_3.jpg,train,DAMIMAS_A21B_0258,0,0,1,1,2,2,1,2
DAMIMAS_A21B_0258_4.jpg,train,DAMIMAS_A21B_0258,0,0,1,1,3,2,1,1
DAMIMAS_A21B_0257_1.jpg,train,DAMIMAS_A21B_0257,0,1,1,2,3,2,1,0
DAMIMAS_A21B_0257_2.jpg,train,DAMIMAS_A21B_0257,0,0,1,2,2,2,1,1
DAMIMAS_A21B_0257_3.jpg,train,DAMIMAS_A21B_0257,0,0,0,1,0,2,0,0
DAMIMAS_A21B_0257_4.jpg,train,DAMIMAS_A21B_0257,1,1,0,1,4,3,0,0
DAMIMAS_A21B_0256_1.jpg,train,DAMIMAS_A21B_0256,0,0,0,0,1,1,0,0
DAMIMAS_A21B_0256_2.jpg,train,DAMIMAS_A21B_0256,0,0,0,0,0,1,0,0
DAMIMAS_A21B_0256_3.jpg,train,DAMIMAS_A21B_0256,0,0,0,0,0,0,0,0
DAMIMAS_A21B_0256_4.jpg,train,DAMIMAS_A21B_0256,0,0,0,0,1,1,0,0
DAMIMAS_A21B_0255_1.jpg,train,DAMIMAS_A21B_0255,1,1,1,1,3,3,0,0
DAMIMAS_A21B_0255_2.jpg,train,DAMIMAS_A21B_0255,0,0,1,1,2,2,0,0
DAMIMAS_A21B_0255_3.jpg,train,DAMIMAS_A21B_0255,0,0,0,1,2,3,0,1
DAMIMAS_A21B_0255_4.jpg,train,DAMIMAS_A21B_0255,0,0,0,0,4,3,0,1
DAMIMAS_A21B_0254_1.jpg,test,DAMIMAS_A21B_0254,0,0,1,2,4,3,1,2
DAMIMAS_A21B_0254_2.jpg,test,DAMIMAS_A21B_0254,0,0,0,0,1,1,0,0
DAMIMAS_A21B_0254_3.jpg,test,DAMIMAS_A21B_0254,0,0,1,1,1,3,0,1
DAMIMAS_A21B_0254_4.jpg,test,DAMIMAS_A21B_0254,1,0,0,2,3,2,1,3
DAMIMAS_A21B_0253_1.jpg,train,DAMIMAS_A21B_0253,0,0,0,0,4,3,0,0
DAMIMAS_A21B_0253_2.jpg,train,DAMIMAS_A21B_0253,0,0,2,2,1,1,0,0
DAMIMAS_A21B_0253_3.jpg,train,DAMIMAS_A21B_0253,0,0,0,2,2,1,0,0
DAMIMAS_A21B_0253_4.jpg,train,DAMIMAS_A21B_0253,0,0,1,0,3,2,1,0
DAMIMAS_A21B_0252_1.jpg,train,DAMIMAS_A21B_0252,0,0,1,1,4,4,0,0
DAMIMAS_A21B_0252_2.jpg,train,DAMIMAS_A21B_0252,0,0,0,0,3,2,0,2
DAMIMAS_A21B_0252_3.jpg,train,DAMIMAS_A21B_0252,0,0,0,0,1,2,0,0
DAMIMAS_A21B_0252_4.jpg,train,DAMIMAS_A21B_0252,0,0,0,1,5,3,0,0
DAMIMAS_A21B_0251_1.jpg,train,DAMIMAS_A21B_0251,0,1,1,2,5,2,0,0
DAMIMAS_A21B_0251_2.jpg,train,DAMIMAS_A21B_0251,0,0,0,2,3,3,1,1
DAMIMAS_A21B_0251_3.jpg,train,DAMIMAS_A21B_0251,0,0,1,1,5,2,0,2
DAMIMAS_A21B_0251_4.jpg,train,DAMIMAS_A21B_0251,1,1,2,1,4,3,1,1
DAMIMAS_A21B_0250_1.jpg,test,DAMIMAS_A21B_0250,0,0,1,1,7,2,0,4
DAMIMAS_A21B_0250_2.jpg,test,DAMIMAS_A21B_0250,0,1,0,0,6,2,0,6
DAMIMAS_A21B_0250_3.jpg,test,DAMIMAS_A21B_0250,1,1,0,0,5,4,2,2
DAMIMAS_A21B_0250_4.jpg,test,DAMIMAS_A21B_0250,1,1,0,0,7,5,1,1
DAMIMAS_A21B_0249_1.jpg,train,DAMIMAS_A21B_0249,0,0,0,0,3,5,0,0
DAMIMAS_A21B_0249_2.jpg,train,DAMIMAS_A21B_0249,0,0,0,0,0,4,0,0
DAMIMAS_A21B_0249_3.jpg,train,DAMIMAS_A21B_0249,0,0,0,0,2,5,0,0
DAMIMAS_A21B_0249_4.jpg,train,DAMIMAS_A21B_0249,0,0,0,1,2,3,1,0
DAMIMAS_A21B_0248_1.jpg,train,DAMIMAS_A21B_0248,0,0,1,2,3,2,0,1
DAMIMAS_A21B_0248_2.jpg,train,DAMIMAS_A21B_0248,0,0,0,1,2,2,0,1
DAMIMAS_A21B_0248_3.jpg,train,DAMIMAS_A21B_0248,0,0,0,0,3,3,0,2
DAMIMAS_A21B_0248_4.jpg,train,DAMIMAS_A21B_0248,0,0,0,0,5,3,0,1
DAMIMAS_A21B_0247_1.jpg,test,DAMIMAS_A21B_0247,1,2,1,1,3,2,1,0
DAMIMAS_A21B_0247_2.jpg,test,DAMIMAS_A21B_0247,1,1,0,1,3,3,0,0
DAMIMAS_A21B_0247_3.jpg,test,DAMIMAS_A21B_0247,0,0,1,2,3,3,2,0
DAMIMAS_A21B_0247_4.jpg,test,DAMIMAS_A21B_0247,2,1,1,2,3,2,0,0
DAMIMAS_A21B_0246_1.jpg,test,DAMIMAS_A21B_0246,0,0,0,4,0,0,0,3
DAMIMAS_A21B_0246_2.jpg,test,DAMIMAS_A21B_0246,0,0,0,2,4,3,0,1
DAMIMAS_A21B_0246_3.jpg,test,DAMIMAS_A21B_0246,2,0,0,1,1,3,0,1
DAMIMAS_A21B_0246_4.jpg,test,DAMIMAS_A21B_0246,0,0,1,1,2,2,0,1
DAMIMAS_A21B_0245_1.jpg,train,DAMIMAS_A21B_0245,0,0,0,0,0,1,0,1
DAMIMAS_A21B_0245_2.jpg,train,DAMIMAS_A21B_0245,0,0,0,0,1,0,1,1
DAMIMAS_A21B_0245_3.jpg,train,DAMIMAS_A21B_0245,0,0,0,0,1,1,0,2
DAMIMAS_A21B_0245_4.jpg,train,DAMIMAS_A21B_0245,0,0,0,0,1,2,1,2
DAMIMAS_A21B_0244_1.jpg,train,DAMIMAS_A21B_0244,0,0,0,0,1,0,0,3
DAMIMAS_A21B_0244_2.jpg,train,DAMIMAS_A21B_0244,0,0,0,0,3,0,1,4
DAMIMAS_A21B_0244_3.jpg,train,DAMIMAS_A21B_0244,0,0,0,0,3,0,0,4
DAMIMAS_A21B_0244_4.jpg,train,DAMIMAS_A21B_0244,0,0,0,0,2,0,0,4
DAMIMAS_A21B_0243_1.jpg,val,DAMIMAS_A21B_0243,0,0,1,4,3,1,0,0
DAMIMAS_A21B_0243_2.jpg,val,DAMIMAS_A21B_0243,0,1,2,3,2,1,0,0
DAMIMAS_A21B_0243_3.jpg,val,DAMIMAS_A21B_0243,0,1,1,2,3,2,0,1
DAMIMAS_A21B_0243_4.jpg,val,DAMIMAS_A21B_0243,1,1,0,3,6,2,0,0
DAMIMAS_A21B_0242_1.jpg,train,DAMIMAS_A21B_0242,0,0,1,2,2,2,0,0
DAMIMAS_A21B_0242_2.jpg,train,DAMIMAS_A21B_0242,0,0,1,1,2,2,0,1
DAMIMAS_A21B_0242_3.jpg,train,DAMIMAS_A21B_0242,0,0,0,0,3,2,0,1
DAMIMAS_A21B_0242_4.jpg,train,DAMIMAS_A21B_0242,0,0,0,1,3,3,0,0
DAMIMAS_A21B_0241_1.jpg,val,DAMIMAS_A21B_0241,0,0,1,1,3,3,0,0
DAMIMAS_A21B_0241_2.jpg,val,DAMIMAS_A21B_0241,0,0,2,2,3,3,0,0
DAMIMAS_A21B_0241_3.jpg,val,DAMIMAS_A21B_0241,0,1,2,1,1,1,0,0
DAMIMAS_A21B_0241_4.jpg,val,DAMIMAS_A21B_0241,0,1,0,0,3,3,0,0
DAMIMAS_A21B_0240_1.jpg,train,DAMIMAS_A21B_0240,0,0,0,2,2,1,0,0
DAMIMAS_A21B_0240_2.jpg,train,DAMIMAS_A21B_0240,0,0,0,2,3,1,1,0
DAMIMAS_A21B_0240_3.jpg,train,DAMIMAS_A21B_0240,0,0,0,3,3,0,1,1
DAMIMAS_A21B_0240_4.jpg,train,DAMIMAS_A21B_0240,0,0,0,3,3,1,0,0
DAMIMAS_A21B_0239_1.jpg,test,DAMIMAS_A21B_0239,1,0,2,1,3,3,0,0
DAMIMAS_A21B_0239_2.jpg,test,DAMIMAS_A21B_0239,0,0,1,1,4,3,0,0
DAMIMAS_A21B_0239_3.jpg,test,DAMIMAS_A21B_0239,1,0,1,2,2,1,0,0
DAMIMAS_A21B_0239_4.jpg,test,DAMIMAS_A21B_0239,0,0,2,4,2,1,0,0
DAMIMAS_A21B_0238_1.jpg,test,DAMIMAS_A21B_0238,0,1,0,0,3,3,1,1
DAMIMAS_A21B_0238_2.jpg,test,DAMIMAS_A21B_0238,1,2,0,0,1,2,0,2
DAMIMAS_A21B_0238_3.jpg,test,DAMIMAS_A21B_0238,1,1,0,1,3,2,0,1
DAMIMAS_A21B_0238_4.jpg,test,DAMIMAS_A21B_0238,0,0,1,1,4,4,1,1
DAMIMAS_A21B_0237_1.jpg,test,DAMIMAS_A21B_0237,0,1,1,1,4,2,0,1
DAMIMAS_A21B_0237_2.jpg,test,DAMIMAS_A21B_0237,1,1,1,2,3,2,0,0
DAMIMAS_A21B_0237_3.jpg,test,DAMIMAS_A21B_0237,1,1,1,1,4,3,0,0
DAMIMAS_A21B_0237_4.jpg,test,DAMIMAS_A21B_0237,0,0,2,2,6,2,0,1
DAMIMAS_A21B_0236_1.jpg,test,DAMIMAS_A21B_0236,0,0,1,0,5,5,1,1
DAMIMAS_A21B_0236_2.jpg,test,DAMIMAS_A21B_0236,0,0,3,2,5,4,0,1
DAMIMAS_A21B_0236_3.jpg,test,DAMIMAS_A21B_0236,0,0,2,3,2,3,0,1
DAMIMAS_A21B_0236_4.jpg,test,DAMIMAS_A21B_0236,0,0,1,1,5,4,1,1
DAMIMAS_A21B_0235_1.jpg,test,DAMIMAS_A21B_0235,0,0,1,2,3,4,0,0
DAMIMAS_A21B_0235_2.jpg,test,DAMIMAS_A21B_0235,0,0,0,0,2,4,1,0
DAMIMAS_A21B_0235_3.jpg,test,DAMIMAS_A21B_0235,0,0,0,1,2,4,1,1
DAMIMAS_A21B_0235_4.jpg,test,DAMIMAS_A21B_0235,0,0,1,3,4,4,1,0
DAMIMAS_A21B_0234_1.jpg,test,DAMIMAS_A21B_0234,0,0,0,0,0,3,0,0
DAMIMAS_A21B_0234_2.jpg,test,DAMIMAS_A21B_0234,0,0,0,0,1,1,0,1
DAMIMAS_A21B_0234_3.jpg,test,DAMIMAS_A21B_0234,0,0,0,0,4,3,1,1
DAMIMAS_A21B_0234_4.jpg,test,DAMIMAS_A21B_0234,0,0,0,0,4,3,1,3
DAMIMAS_A21B_0233_1.jpg,test,DAMIMAS_A21B_0233,0,0,0,0,1,3,2,2
DAMIMAS_A21B_0233_2.jpg,test,DAMIMAS_A21B_0233,0,0,0,0,4,3,2,2
DAMIMAS_A21B_0233_3.jpg,test,DAMIMAS_A21B_0233,0,0,0,0,1,5,1,2
DAMIMAS_A21B_0233_4.jpg,test,DAMIMAS_A21B_0233,0,0,0,0,2,4,1,2
DAMIMAS_A21B_0232_1.jpg,test,DAMIMAS_A21B_0232,0,0,0,0,0,0,0,0
DAMIMAS_A21B_0232_2.jpg,test,DAMIMAS_A21B_0232,0,0,0,0,0,1,0,0
DAMIMAS_A21B_0232_3.jpg,test,DAMIMAS_A21B_0232,0,0,0,0,0,2,0,1
DAMIMAS_A21B_0232_4.jpg,test,DAMIMAS_A21B_0232,0,0,0,0,1,1,0,4
DAMIMAS_A21B_0231_1.jpg,train,DAMIMAS_A21B_0231,0,0,0,0,4,3,0,1
DAMIMAS_A21B_0231_2.jpg,train,DAMIMAS_A21B_0231,0,0,0,0,4,2,0,2
DAMIMAS_A21B_0231_3.jpg,train,DAMIMAS_A21B_0231,0,0,0,0,3,2,0,2
DAMIMAS_A21B_0231_4.jpg,train,DAMIMAS_A21B_0231,0,0,1,0,3,3,0,1
DAMIMAS_A21B_0230_1.jpg,train,DAMIMAS_A21B_0230,0,0,0,0,0,0,0,0
DAMIMAS_A21B_0230_2.jpg,train,DAMIMAS_A21B_0230,0,0,0,0,0,0,0,0
DAMIMAS_A21B_0230_3.jpg,train,DAMIMAS_A21B_0230,0,0,0,0,0,0,0,0
DAMIMAS_A21B_0230_4.jpg,train,DAMIMAS_A21B_0230,0,0,0,0,1,0,0,0
DAMIMAS_A21B_0229_1.jpg,test,DAMIMAS_A21B_0229,1,1,1,0,4,4,0,1
DAMIMAS_A21B_0229_2.jpg,test,DAMIMAS_A21B_0229,3,2,0,0,2,3,0,1
DAMIMAS_A21B_0229_3.jpg,test,DAMIMAS_A21B_0229,1,1,1,0,2,3,0,1
DAMIMAS_A21B_0229_4.jpg,test,DAMIMAS_A21B_0229,0,0,1,0,5,4,0,1
DAMIMAS_A21B_0228_1.jpg,test,DAMIMAS_A21B_0228,0,0,1,1,2,1,0,2
DAMIMAS_A21B_0228_2.jpg,test,DAMIMAS_A21B_0228,0,1,0,0,2,2,1,1
DAMIMAS_A21B_0228_3.jpg,test,DAMIMAS_A21B_0228,1,1,0,0,2,1,0,1
DAMIMAS_A21B_0228_4.jpg,test,DAMIMAS_A21B_0228,0,1,2,2,2,1,0,2
DAMIMAS_A21B_0227_1.jpg,test,DAMIMAS_A21B_0227,0,0,0,0,0,0,1,1
DAMIMAS_A21B_0227_2.jpg,test,DAMIMAS_A21B_0227,0,0,0,0,0,1,0,2
DAMIMAS_A21B_0227_3.jpg,test,DAMIMAS_A21B_0227,0,0,0,0,2,1,1,2
DAMIMAS_A21B_0227_4.jpg,test,DAMIMAS_A21B_0227,0,1,0,0,0,0,1,2
DAMIMAS_A21B_0226_1.jpg,test,DAMIMAS_A21B_0226,0,0,0,0,1,2,0,2
DAMIMAS_A21B_0226_2.jpg,test,DAMIMAS_A21B_0226,0,0,0,0,2,2,0,2
DAMIMAS_A21B_0226_3.jpg,test,DAMIMAS_A21B_0226,0,0,0,0,1,3,0,1
DAMIMAS_A21B_0226_4.jpg,test,DAMIMAS_A21B_0226,0,0,0,0,3,3,0,1
DAMIMAS_A21B_0225_1.jpg,test,DAMIMAS_A21B_0225,0,0,1,1,5,2,0,0
DAMIMAS_A21B_0225_2.jpg,test,DAMIMAS_A21B_0225,1,1,0,1,1,1,0,0
DAMIMAS_A21B_0225_3.jpg,test,DAMIMAS_A21B_0225,1,1,1,0,1,2,0,0
DAMIMAS_A21B_0225_4.jpg,test,DAMIMAS_A21B_0225,0,0,0,0,2,3,0,0
DAMIMAS_A21B_0224_1.jpg,test,DAMIMAS_A21B_0224,1,1,1,1,3,2,1,1
DAMIMAS_A21B_0224_2.jpg,test,DAMIMAS_A21B_0224,1,1,0,1,1,2,0,1
DAMIMAS_A21B_0224_3.jpg,test,DAMIMAS_A21B_0224,0,0,1,2,2,2,0,1
DAMIMAS_A21B_0224_4.jpg,test,DAMIMAS_A21B_0224,0,1,1,1,3,3,1,1
DAMIMAS_A21B_0223_1.jpg,test,DAMIMAS_A21B_0223,0,0,0,0,1,2,0,0
DAMIMAS_A21B_0223_2.jpg,test,DAMIMAS_A21B_0223,0,0,0,2,5,4,0,0
DAMIMAS_A21B_0223_3.jpg,test,DAMIMAS_A21B_0223,0,0,0,1,4,3,1,0
DAMIMAS_A21B_0223_4.jpg,test,DAMIMAS_A21B_0223,0,1,1,1,5,2,0,0
DAMIMAS_A21B_0222_1.jpg,test,DAMIMAS_A21B_0222,0,0,1,1,1,2,0,2
DAMIMAS_A21B_0222_2.jpg,test,DAMIMAS_A21B_0222,0,0,1,1,3,1,0,2
DAMIMAS_A21B_0222_3.jpg,test,DAMIMAS_A21B_0222,1,1,0,0,3,2,0,1
DAMIMAS_A21B_0222_4.jpg,test,DAMIMAS_A21B_0222,0,1,0,0,3,4,1,3
DAMIMAS_A21B_0221_1.jpg,test,DAMIMAS_A21B_0221,1,1,1,2,3,3,2,1
DAMIMAS_A21B_0221_2.jpg,test,DAMIMAS_A21B_0221,1,0,3,2,3,3,0,1
DAMIMAS_A21B_0221_3.jpg,test,DAMIMAS_A21B_0221,1,1,1,2,3,2,0,1
DAMIMAS_A21B_0221_4.jpg,test,DAMIMAS_A21B_0221,2,2,1,0,2,2,1,2
DAMIMAS_A21B_0220_1.jpg,test,DAMIMAS_A21B_0220,0,0,1,0,2,2,0,0
DAMIMAS_A21B_0220_2.jpg,test,DAMIMAS_A21B_0220,0,0,0,1,1,1,0,0
DAMIMAS_A21B_0220_3.jpg,test,DAMIMAS_A21B_0220,0,0,1,2,1,1,0,0
DAMIMAS_A21B_0220_4.jpg,test,DAMIMAS_A21B_0220,0,0,1,1,2,1,0,0
DAMIMAS_A21B_0219_1.jpg,test,DAMIMAS_A21B_0219,1,1,0,1,2,2,0,1
DAMIMAS_A21B_0219_2.jpg,test,DAMIMAS_A21B_0219,1,2,1,1,3,4,0,1
DAMIMAS_A21B_0219_3.jpg,test,DAMIMAS_A21B_0219,1,1,0,0,1,3,0,1
DAMIMAS_A21B_0219_4.jpg,test,DAMIMAS_A21B_0219,0,0,1,1,4,2,0,1
DAMIMAS_A21B_0218_1.jpg,test,DAMIMAS_A21B_0218,0,0,1,1,1,1,1,3
DAMIMAS_A21B_0218_2.jpg,test,DAMIMAS_A21B_0218,1,0,1,1,1,1,0,3
DAMIMAS_A21B_0218_3.jpg,test,DAMIMAS_A21B_0218,0,0,0,0,4,1,0,3
DAMIMAS_A21B_0218_4.jpg,test,DAMIMAS_A21B_0218,0,0,0,1,3,0,1,4
DAMIMAS_A21B_0217_1.jpg,test,DAMIMAS_A21B_0217,1,0,1,2,3,4,0,0
DAMIMAS_A21B_0217_2.jpg,test,DAMIMAS_A21B_0217,1,1,2,1,5,2,1,1
DAMIMAS_A21B_0217_3.jpg,test,DAMIMAS_A21B_0217,1,1,2,1,3,2,0,1
DAMIMAS_A21B_0217_4.jpg,test,DAMIMAS_A21B_0217,0,0,2,1,3,4,0,0
DAMIMAS_A21B_0216_1.jpg,test,DAMIMAS_A21B_0216,1,1,2,0,5,4,0,0
DAMIMAS_A21B_0216_2.jpg,test,DAMIMAS_A21B_0216,0,1,2,0,3,3,0,1
DAMIMAS_A21B_0216_3.jpg,test,DAMIMAS_A21B_0216,1,1,0,0,5,3,1,2
DAMIMAS_A21B_0216_4.jpg,test,DAMIMAS_A21B_0216,1,2,0,0,2,2,1,1
DAMIMAS_A21B_0215_1.jpg,test,DAMIMAS_A21B_0215,1,2,2,0,3,2,0,1
DAMIMAS_A21B_0215_2.jpg,test,DAMIMAS_A21B_0215,1,2,0,0,3,3,0,1
DAMIMAS_A21B_0215_3.jpg,test,DAMIMAS_A21B_0215,2,1,1,1,3,2,0,0
DAMIMAS_A21B_0215_4.jpg,test,DAMIMAS_A21B_0215,1,2,2,2,3,1,0,0
DAMIMAS_A21B_0214_1.jpg,test,DAMIMAS_A21B_0214,0,1,1,1,2,1,0,4
DAMIMAS_A21B_0214_2.jpg,test,DAMIMAS_A21B_0214,1,1,0,0,3,3,0,1
DAMIMAS_A21B_0214_3.jpg,test,DAMIMAS_A21B_0214,0,0,0,0,6,3,0,1
DAMIMAS_A21B_0214_4.jpg,test,DAMIMAS_A21B_0214,0,0,0,1,3,2,1,1
DAMIMAS_A21B_0213_1.jpg,test,DAMIMAS_A21B_0213,0,0,1,1,2,3,1,2
DAMIMAS_A21B_0213_2.jpg,test,DAMIMAS_A21B_0213,0,0,0,0,0,2,0,2
DAMIMAS_A21B_0213_3.jpg,test,DAMIMAS_A21B_0213,0,0,0,1,2,4,0,2
DAMIMAS_A21B_0213_4.jpg,test,DAMIMAS_A21B_0213,0,0,0,0,3,4,0,0
DAMIMAS_A21B_0212_1.jpg,test,DAMIMAS_A21B_0212,0,1,0,0,5,2,0,2
DAMIMAS_A21B_0212_2.jpg,test,DAMIMAS_A21B_0212,0,0,0,0,2,2,0,1
DAMIMAS_A21B_0212_3.jpg,test,DAMIMAS_A21B_0212,0,0,0,0,4,2,0,2
DAMIMAS_A21B_0212_4.jpg,test,DAMIMAS_A21B_0212,1,1,0,0,2,3,0,1
DAMIMAS_A21B_0211_1.jpg,test,DAMIMAS_A21B_0211,0,0,2,2,3,4,1,1
DAMIMAS_A21B_0211_2.jpg,test,DAMIMAS_A21B_0211,1,0,0,3,4,2,1,1
DAMIMAS_A21B_0211_3.jpg,test,DAMIMAS_A21B_0211,1,0,2,3,4,3,0,0
DAMIMAS_A21B_0211_4.jpg,test,DAMIMAS_A21B_0211,1,0,0,1,3,5,0,0
DAMIMAS_A21B_0210_1.jpg,test,DAMIMAS_A21B_0210,0,0,1,0,3,4,0,0
DAMIMAS_A21B_0210_2.jpg,test,DAMIMAS_A21B_0210,1,1,0,0,3,3,1,1
DAMIMAS_A21B_0210_3.jpg,test,DAMIMAS_A21B_0210,2,1,1,1,3,3,1,1
DAMIMAS_A21B_0210_4.jpg,test,DAMIMAS_A21B_0210,1,0,1,1,4,4,1,0
DAMIMAS_A21B_0209_1.jpg,test,DAMIMAS_A21B_0209,0,0,1,1,2,3,3,1
DAMIMAS_A21B_0209_2.jpg,test,DAMIMAS_A21B_0209,0,0,1,1,3,3,0,0
DAMIMAS_A21B_0209_3.jpg,test,DAMIMAS_A21B_0209,0,0,0,1,3,3,0,0
DAMIMAS_A21B_0209_4.jpg,test,DAMIMAS_A21B_0209,0,0,0,0,5,3,1,1
DAMIMAS_A21B_0208_1.jpg,test,DAMIMAS_A21B_0208,0,0,0,1,4,3,0,1
DAMIMAS_A21B_0208_2.jpg,test,DAMIMAS_A21B_0208,0,0,1,3,3,3,1,0
DAMIMAS_A21B_0208_3.jpg,test,DAMIMAS_A21B_0208,0,0,1,2,3,4,0,0
DAMIMAS_A21B_0208_4.jpg,test,DAMIMAS_A21B_0208,0,0,0,0,4,4,0,1
DAMIMAS_A21B_0207_1.jpg,test,DAMIMAS_A21B_0207,0,2,0,0,1,3,0,0
DAMIMAS_A21B_0207_2.jpg,test,DAMIMAS_A21B_0207,1,1,0,0,3,3,0,0
DAMIMAS_A21B_0207_3.jpg,test,DAMIMAS_A21B_0207,1,1,1,0,4,3,0,0
DAMIMAS_A21B_0207_4.jpg,test,DAMIMAS_A21B_0207,1,2,1,1,3,4,1,0
DAMIMAS_A21B_0206_1.jpg,test,DAMIMAS_A21B_0206,0,0,1,1,4,4,0,0
DAMIMAS_A21B_0206_2.jpg,test,DAMIMAS_A21B_0206,0,0,1,2,3,4,0,0
DAMIMAS_A21B_0206_3.jpg,test,DAMIMAS_A21B_0206,0,0,2,1,4,4,1,0
DAMIMAS_A21B_0206_4.jpg,test,DAMIMAS_A21B_0206,0,0,1,1,4,3,1,1
DAMIMAS_A21B_0205_1.jpg,test,DAMIMAS_A21B_0205,0,0,0,0,2,4,0,0
DAMIMAS_A21B_0205_2.jpg,test,DAMIMAS_A21B_0205,0,0,0,0,2,3,0,0
DAMIMAS_A21B_0205_3.jpg,test,DAMIMAS_A21B_0205,0,0,0,0,4,4,0,0
DAMIMAS_A21B_0205_4.jpg,test,DAMIMAS_A21B_0205,0,0,0,0,4,4,0,0
DAMIMAS_A21B_0204_1.jpg,test,DAMIMAS_A21B_0204,2,1,0,0,2,3,0,0
DAMIMAS_A21B_0204_2.jpg,test,DAMIMAS_A21B_0204,1,0,1,1,4,4,1,0
DAMIMAS_A21B_0204_3.jpg,test,DAMIMAS_A21B_0204,0,0,1,1,3,4,0,1
DAMIMAS_A21B_0204_4.jpg,test,DAMIMAS_A21B_0204,0,1,1,0,3,2,0,1
DAMIMAS_A21B_0203_1.jpg,test,DAMIMAS_A21B_0203,0,0,0,0,4,3,0,0
DAMIMAS_A21B_0203_2.jpg,test,DAMIMAS_A21B_0203,0,0,0,1,4,2,0,0
DAMIMAS_A21B_0203_3.jpg,test,DAMIMAS_A21B_0203,0,0,0,0,3,3,1,0
DAMIMAS_A21B_0203_4.jpg,test,DAMIMAS_A21B_0203,0,0,0,0,1,4,0,0
DAMIMAS_A21B_0202_1.jpg,test,DAMIMAS_A21B_0202,0,0,1,1,2,1,0,1
DAMIMAS_A21B_0202_2.jpg,test,DAMIMAS_A21B_0202,0,1,0,0,1,2,0,0
DAMIMAS_A21B_0202_3.jpg,test,DAMIMAS_A21B_0202,0,1,0,0,1,1,0,0
DAMIMAS_A21B_0202_4.jpg,test,DAMIMAS_A21B_0202,0,0,0,0,1,1,0,0
DAMIMAS_A21B_0201_1.jpg,test,DAMIMAS_A21B_0201,0,1,0,0,0,3,1,0
DAMIMAS_A21B_0201_2.jpg,test,DAMIMAS_A21B_0201,0,1,0,0,1,4,0,1
DAMIMAS_A21B_0201_3.jpg,test,DAMIMAS_A21B_0201,1,1,0,0,2,5,0,1
DAMIMAS_A21B_0201_4.jpg,test,DAMIMAS_A21B_0201,0,0,0,0,2,4,0,0
DAMIMAS_A21B_0200_1.jpg,test,DAMIMAS_A21B_0200,0,0,1,1,1,2,0,0
DAMIMAS_A21B_0200_2.jpg,test,DAMIMAS_A21B_0200,0,0,0,0,1,3,1,0
DAMIMAS_A21B_0200_3.jpg,test,DAMIMAS_A21B_0200,0,0,1,1,1,2,0,1
DAMIMAS_A21B_0200_4.jpg,test,DAMIMAS_A21B_0200,0,0,1,1,2,0,0,1
DAMIMAS_A21B_0199_1.jpg,test,DAMIMAS_A21B_0199,0,0,0,0,4,4,0,0
DAMIMAS_A21B_0199_2.jpg,test,DAMIMAS_A21B_0199,0,1,1,0,3,5,1,0
DAMIMAS_A21B_0199_3.jpg,test,DAMIMAS_A21B_0199,1,1,0,1,2,4,1,0
DAMIMAS_A21B_0199_4.jpg,test,DAMIMAS_A21B_0199,1,1,1,2,3,2,0,0
DAMIMAS_A21B_0198_1.jpg,test,DAMIMAS_A21B_0198,0,0,1,0,4,4,1,2
DAMIMAS_A21B_0198_2.jpg,test,DAMIMAS_A21B_0198,0,0,0,0,2,3,0,1
DAMIMAS_A21B_0198_3.jpg,test,DAMIMAS_A21B_0198,0,1,1,0,1,3,0,0
DAMIMAS_A21B_0198_4.jpg,test,DAMIMAS_A21B_0198,0,1,1,0,2,3,0,1
DAMIMAS_A21B_0197_1.jpg,test,DAMIMAS_A21B_0197,0,0,1,0,3,4,0,1
DAMIMAS_A21B_0197_2.jpg,test,DAMIMAS_A21B_0197,0,0,0,0,2,4,0,0
DAMIMAS_A21B_0197_3.jpg,test,DAMIMAS_A21B_0197,0,0,0,0,3,3,1,1
DAMIMAS_A21B_0197_4.jpg,test,DAMIMAS_A21B_0197,0,0,0,0,2,3,1,2
DAMIMAS_A21B_0196_1.jpg,test,DAMIMAS_A21B_0196,0,0,0,0,1,1,0,2
DAMIMAS_A21B_0196_2.jpg,test,DAMIMAS_A21B_0196,0,0,0,1,1,1,0,2
DAMIMAS_A21B_0196_3.jpg,test,DAMIMAS_A21B_0196,0,0,0,1,3,1,0,1
DAMIMAS_A21B_0196_4.jpg,test,DAMIMAS_A21B_0196,0,0,0,0,1,2,1,2
DAMIMAS_A21B_0195_1.jpg,test,DAMIMAS_A21B_0195,0,1,1,1,2,2,0,0
DAMIMAS_A21B_0195_2.jpg,test,DAMIMAS_A21B_0195,1,1,0,1,2,2,0,0
DAMIMAS_A21B_0195_3.jpg,test,DAMIMAS_A21B_0195,0,1,2,2,1,3,0,0
DAMIMAS_A21B_0195_4.jpg,test,DAMIMAS_A21B_0195,0,0,1,2,3,3,1,0
DAMIMAS_A21B_0194_1.jpg,test,DAMIMAS_A21B_0194,0,0,0,0,2,3,0,0
DAMIMAS_A21B_0194_2.jpg,test,DAMIMAS_A21B_0194,0,0,0,0,1,4,0,0
DAMIMAS_A21B_0194_3.jpg,test,DAMIMAS_A21B_0194,0,0,0,0,1,2,0,1
DAMIMAS_A21B_0194_4.jpg,test,DAMIMAS_A21B_0194,0,0,0,0,3,2,0,1
DAMIMAS_A21B_0193_1.jpg,val,DAMIMAS_A21B_0193,0,0,0,0,5,5,2,3
DAMIMAS_A21B_0193_2.jpg,val,DAMIMAS_A21B_0193,0,0,0,0,5,5,3,2
DAMIMAS_A21B_0193_3.jpg,val,DAMIMAS_A21B_0193,0,0,1,0,5,4,1,2
DAMIMAS_A21B_0193_4.jpg,val,DAMIMAS_A21B_0193,0,0,0,0,2,3,0,3
DAMIMAS_A21B_0192_1.jpg,val,DAMIMAS_A21B_0192,0,0,0,0,2,3,0,0
DAMIMAS_A21B_0192_2.jpg,val,DAMIMAS_A21B_0192,0,0,0,0,2,3,1,0
DAMIMAS_A21B_0192_3.jpg,val,DAMIMAS_A21B_0192,0,0,0,0,2,3,0,0
DAMIMAS_A21B_0192_4.jpg,val,DAMIMAS_A21B_0192,0,0,0,0,2,3,0,0
DAMIMAS_A21B_0191_1.jpg,val,DAMIMAS_A21B_0191,0,0,1,2,1,2,0,0
DAMIMAS_A21B_0191_2.jpg,val,DAMIMAS_A21B_0191,0,0,1,2,1,2,0,0
DAMIMAS_A21B_0191_3.jpg,val,DAMIMAS_A21B_0191,0,0,1,2,0,1,0,0
DAMIMAS_A21B_0191_4.jpg,val,DAMIMAS_A21B_0191,0,0,0,2,2,0,1,0
DAMIMAS_A21B_0190_1.jpg,val,DAMIMAS_A21B_0190,0,0,2,2,2,2,0,0
DAMIMAS_A21B_0190_2.jpg,val,DAMIMAS_A21B_0190,0,0,2,2,3,1,0,1
DAMIMAS_A21B_0190_3.jpg,val,DAMIMAS_A21B_0190,0,0,0,2,3,2,1,1
DAMIMAS_A21B_0190_4.jpg,val,DAMIMAS_A21B_0190,0,0,2,2,2,3,0,0
DAMIMAS_A21B_0189_1.jpg,val,DAMIMAS_A21B_0189,0,0,1,2,0,1,0,0
DAMIMAS_A21B_0189_2.jpg,val,DAMIMAS_A21B_0189,0,0,1,2,1,1,0,0
DAMIMAS_A21B_0189_3.jpg,val,DAMIMAS_A21B_0189,1,0,2,3,2,0,0,0
DAMIMAS_A21B_0189_4.jpg,val,DAMIMAS_A21B_0189,0,0,0,2,3,0,0,0
DAMIMAS_A21B_0188_1.jpg,val,DAMIMAS_A21B_0188,0,0,1,1,1,2,0,0
DAMIMAS_A21B_0188_2.jpg,val,DAMIMAS_A21B_0188,0,0,0,0,2,2,0,0
DAMIMAS_A21B_0188_3.jpg,val,DAMIMAS_A21B_0188,0,0,1,1,1,1,0,1
DAMIMAS_A21B_0188_4.jpg,val,DAMIMAS_A21B_0188,0,0,3,2,2,1,1,1
DAMIMAS_A21B_0187_1.jpg,val,DAMIMAS_A21B_0187,0,0,0,1,0,0,0,0
DAMIMAS_A21B_0187_2.jpg,val,DAMIMAS_A21B_0187,0,0,1,1,0,2,0,0
DAMIMAS_A21B_0187_3.jpg,val,DAMIMAS_A21B_0187,0,0,0,0,0,2,0,0
DAMIMAS_A21B_0187_4.jpg,val,DAMIMAS_A21B_0187,0,0,0,0,1,0,0,0
DAMIMAS_A21B_0186_1.jpg,val,DAMIMAS_A21B_0186,0,0,0,1,1,3,0,0
DAMIMAS_A21B_0186_2.jpg,val,DAMIMAS_A21B_0186,0,0,0,1,1,3,0,0
DAMIMAS_A21B_0186_3.jpg,val,DAMIMAS_A21B_0186,1,0,1,1,1,3,0,0
DAMIMAS_A21B_0186_4.jpg,val,DAMIMAS_A21B_0186,0,0,0,0,2,3,0,0
DAMIMAS_A21B_0185_1.jpg,val,DAMIMAS_A21B_0185,0,0,0,1,4,3,0,2
DAMIMAS_A21B_0185_2.jpg,val,DAMIMAS_A21B_0185,0,0,1,1,3,3,2,2
DAMIMAS_A21B_0185_3.jpg,val,DAMIMAS_A21B_0185,0,0,0,2,4,3,2,1
DAMIMAS_A21B_0185_4.jpg,val,DAMIMAS_A21B_0185,0,0,0,1,5,3,0,0
DAMIMAS_A21B_0184_1.jpg,val,DAMIMAS_A21B_0184,0,0,1,0,3,3,0,0
DAMIMAS_A21B_0184_2.jpg,val,DAMIMAS_A21B_0184,0,0,0,0,3,3,0,0
DAMIMAS_A21B_0184_3.jpg,val,DAMIMAS_A21B_0184,0,0,0,0,4,3,0,0
DAMIMAS_A21B_0184_4.jpg,val,DAMIMAS_A21B_0184,0,0,1,0,2,2,0,0
DAMIMAS_A21B_0183_1.jpg,val,DAMIMAS_A21B_0183,0,0,1,1,4,5,2,1
DAMIMAS_A21B_0183_2.jpg,val,DAMIMAS_A21B_0183,0,0,0,1,6,5,1,1
DAMIMAS_A21B_0183_3.jpg,val,DAMIMAS_A21B_0183,0,0,0,1,5,5,2,0
DAMIMAS_A21B_0183_4.jpg,val,DAMIMAS_A21B_0183,0,0,1,2,3,5,1,0
DAMIMAS_A21B_0182_1.jpg,val,DAMIMAS_A21B_0182,0,0,2,2,3,3,1,1
DAMIMAS_A21B_0182_2.jpg,val,DAMIMAS_A21B_0182,0,0,2,2,2,2,0,0
DAMIMAS_A21B_0182_3.jpg,val,DAMIMAS_A21B_0182,0,0,2,2,1,2,0,1
DAMIMAS_A21B_0182_4.jpg,val,DAMIMAS_A21B_0182,0,0,1,1,3,3,1,1
DAMIMAS_A21B_0181_1.jpg,val,DAMIMAS_A21B_0181,0,0,1,0,4,4,0,1
DAMIMAS_A21B_0181_2.jpg,val,DAMIMAS_A21B_0181,0,0,0,0,5,4,2,1
DAMIMAS_A21B_0181_3.jpg,val,DAMIMAS_A21B_0181,0,0,0,0,4,4,1,1
DAMIMAS_A21B_0181_4.jpg,val,DAMIMAS_A21B_0181,0,0,0,0,3,4,2,2
DAMIMAS_A21B_0180_1.jpg,val,DAMIMAS_A21B_0180,0,0,0,0,4,4,1,2
DAMIMAS_A21B_0180_2.jpg,val,DAMIMAS_A21B_0180,0,0,0,1,5,4,2,1
DAMIMAS_A21B_0180_3.jpg,val,DAMIMAS_A21B_0180,0,0,1,0,5,3,1,3
DAMIMAS_A21B_0180_4.jpg,val,DAMIMAS_A21B_0180,0,0,1,0,4,3,2,3
DAMIMAS_A21B_0179_1.jpg,val,DAMIMAS_A21B_0179,0,0,1,1,5,3,1,2
DAMIMAS_A21B_0179_2.jpg,val,DAMIMAS_A21B_0179,0,0,0,0,2,4,0,2
DAMIMAS_A21B_0179_3.jpg,val,DAMIMAS_A21B_0179,0,0,1,1,4,3,1,1
DAMIMAS_A21B_0179_4.jpg,val,DAMIMAS_A21B_0179,0,0,1,1,3,3,0,1
DAMIMAS_A21B_0178_1.jpg,val,DAMIMAS_A21B_0178,0,1,1,0,2,2,1,2
DAMIMAS_A21B_0178_2.jpg,val,DAMIMAS_A21B_0178,0,0,1,2,3,2,0,1
DAMIMAS_A21B_0178_3.jpg,val,DAMIMAS_A21B_0178,0,0,1,1,4,2,1,2
DAMIMAS_A21B_0178_4.jpg,val,DAMIMAS_A21B_0178,1,1,1,1,3,2,0,1
DAMIMAS_A21B_0177_1.jpg,val,DAMIMAS_A21B_0177,0,0,0,1,3,4,1,1
DAMIMAS_A21B_0177_2.jpg,val,DAMIMAS_A21B_0177,0,0,1,1,3,4,0,2
DAMIMAS_A21B_0177_3.jpg,val,DAMIMAS_A21B_0177,1,0,2,3,3,2,1,1
DAMIMAS_A21B_0177_4.jpg,val,DAMIMAS_A21B_0177,0,0,1,1,4,3,2,1
DAMIMAS_A21B_0176_1.jpg,val,DAMIMAS_A21B_0176,2,1,0,0,4,2,2,2
DAMIMAS_A21B_0176_2.jpg,val,DAMIMAS_A21B_0176,1,1,0,1,3,2,0,1
DAMIMAS_A21B_0176_3.jpg,val,DAMIMAS_A21B_0176,1,1,0,1,4,2,0,0
DAMIMAS_A21B_0176_4.jpg,val,DAMIMAS_A21B_0176,1,2,0,0,2,2,0,1
DAMIMAS_A21B_0175_1.jpg,val,DAMIMAS_A21B_0175,0,0,1,2,2,3,0,0
DAMIMAS_A21B_0175_2.jpg,val,DAMIMAS_A21B_0175,0,0,0,1,4,5,0,0
DAMIMAS_A21B_0175_3.jpg,val,DAMIMAS_A21B_0175,0,1,1,0,3,4,3,0
DAMIMAS_A21B_0175_4.jpg,val,DAMIMAS_A21B_0175,1,1,1,3,5,3,0,0
DAMIMAS_A21B_0174_1.jpg,val,DAMIMAS_A21B_0174,1,0,0,1,3,4,2,2
DAMIMAS_A21B_0174_2.jpg,val,DAMIMAS_A21B_0174,1,0,1,1,4,3,1,2
DAMIMAS_A21B_0174_3.jpg,val,DAMIMAS_A21B_0174,0,0,1,1,4,5,3,1
DAMIMAS_A21B_0174_4.jpg,val,DAMIMAS_A21B_0174,1,0,1,1,4,5,0,2
DAMIMAS_A21B_0173_1.jpg,val,DAMIMAS_A21B_0173,1,1,0,0,5,5,0,1
DAMIMAS_A21B_0173_2.jpg,val,DAMIMAS_A21B_0173,0,0,1,1,4,5,0,0
DAMIMAS_A21B_0173_3.jpg,val,DAMIMAS_A21B_0173,0,0,1,1,2,5,0,0
DAMIMAS_A21B_0173_4.jpg,val,DAMIMAS_A21B_0173,0,0,0,1,4,3,2,1
DAMIMAS_A21B_0172_1.jpg,val,DAMIMAS_A21B_0172,1,1,1,0,2,3,2,2
DAMIMAS_A21B_0172_2.jpg,val,DAMIMAS_A21B_0172,0,0,0,0,5,5,3,2
DAMIMAS_A21B_0172_3.jpg,val,DAMIMAS_A21B_0172,0,0,0,0,5,3,1,2
DAMIMAS_A21B_0172_4.jpg,val,DAMIMAS_A21B_0172,0,1,1,0,2,1,0,2
DAMIMAS_A21B_0171_1.jpg,val,DAMIMAS_A21B_0171,0,0,0,0,2,4,0,0
DAMIMAS_A21B_0171_2.jpg,val,DAMIMAS_A21B_0171,0,0,0,0,2,3,0,1
DAMIMAS_A21B_0171_3.jpg,val,DAMIMAS_A21B_0171,0,0,0,0,4,3,0,0
DAMIMAS_A21B_0171_4.jpg,val,DAMIMAS_A21B_0171,0,0,0,0,2,3,0,0
DAMIMAS_A21B_0170_1.jpg,val,DAMIMAS_A21B_0170,0,0,0,0,5,3,1,3
DAMIMAS_A21B_0170_2.jpg,val,DAMIMAS_A21B_0170,0,0,1,1,4,2,2,3
DAMIMAS_A21B_0170_3.jpg,val,DAMIMAS_A21B_0170,0,1,1,1,4,2,1,3
DAMIMAS_A21B_0170_4.jpg,val,DAMIMAS_A21B_0170,0,1,2,0,4,3,2,3
DAMIMAS_A21B_0169_1.jpg,val,DAMIMAS_A21B_0169,0,0,0,0,5,7,1,1
DAMIMAS_A21B_0169_2.jpg,val,DAMIMAS_A21B_0169,0,0,0,1,5,6,1,1
DAMIMAS_A21B_0169_3.jpg,val,DAMIMAS_A21B_0169,0,0,1,1,2,3,1,2
DAMIMAS_A21B_0169_4.jpg,val,DAMIMAS_A21B_0169,0,0,0,0,5,5,2,2
DAMIMAS_A21B_0168_1.jpg,val,DAMIMAS_A21B_0168,0,0,0,1,3,2,1,3
DAMIMAS_A21B_0168_2.jpg,val,DAMIMAS_A21B_0168,0,0,0,1,4,3,2,2
DAMIMAS_A21B_0168_3.jpg,val,DAMIMAS_A21B_0168,1,1,1,1,4,2,1,2
DAMIMAS_A21B_0168_4.jpg,val,DAMIMAS_A21B_0168,1,1,1,0,4,2,1,3
DAMIMAS_A21B_0167_1.jpg,val,DAMIMAS_A21B_0167,0,1,1,2,3,1,1,2
DAMIMAS_A21B_0167_2.jpg,val,DAMIMAS_A21B_0167,0,2,2,1,5,1,0,2
DAMIMAS_A21B_0167_3.jpg,val,DAMIMAS_A21B_0167,0,1,1,1,3,2,2,1
DAMIMAS_A21B_0167_4.jpg,val,DAMIMAS_A21B_0167,0,0,0,1,5,3,2,1
DAMIMAS_A21B_0166_1.jpg,val,DAMIMAS_A21B_0166,1,1,0,1,4,3,0,0
DAMIMAS_A21B_0166_2.jpg,val,DAMIMAS_A21B_0166,0,0,2,1,4,2,1,2
DAMIMAS_A21B_0166_3.jpg,val,DAMIMAS_A21B_0166,0,0,2,1,4,3,0,0
DAMIMAS_A21B_0166_4.jpg,val,DAMIMAS_A21B_0166,1,1,1,0,4,3,0,0
DAMIMAS_A21B_0165_1.jpg,val,DAMIMAS_A21B_0165,0,0,2,2,4,2,0,2
DAMIMAS_A21B_0165_2.jpg,val,DAMIMAS_A21B_0165,0,0,1,1,2,3,0,1
DAMIMAS_A21B_0165_3.jpg,val,DAMIMAS_A21B_0165,0,0,1,2,4,3,0,0
DAMIMAS_A21B_0165_4.jpg,val,DAMIMAS_A21B_0165,0,0,1,2,2,3,1,3
DAMIMAS_A21B_0164_1.jpg,val,DAMIMAS_A21B_0164,0,0,0,0,5,3,2,3
DAMIMAS_A21B_0164_2.jpg,val,DAMIMAS_A21B_0164,0,0,0,0,6,4,2,2
DAMIMAS_A21B_0164_3.jpg,val,DAMIMAS_A21B_0164,0,0,1,1,3,3,3,2
DAMIMAS_A21B_0164_4.jpg,val,DAMIMAS_A21B_0164,0,0,1,1,4,2,2,3
DAMIMAS_A21B_0163_1.jpg,val,DAMIMAS_A21B_0163,0,0,1,1,4,4,2,2
DAMIMAS_A21B_0163_2.jpg,val,DAMIMAS_A21B_0163,0,1,0,0,4,4,0,3
DAMIMAS_A21B_0163_3.jpg,val,DAMIMAS_A21B_0163,0,1,0,0,5,5,1,3
DAMIMAS_A21B_0163_4.jpg,val,DAMIMAS_A21B_0163,0,1,1,1,2,4,1,2
DAMIMAS_A21B_0162_1.jpg,val,DAMIMAS_A21B_0162,0,0,0,0,6,3,0,2
DAMIMAS_A21B_0162_2.jpg,val,DAMIMAS_A21B_0162,0,0,0,0,4,3,0,2
DAMIMAS_A21B_0162_3.jpg,val,DAMIMAS_A21B_0162,0,0,0,0,3,3,0,1
DAMIMAS_A21B_0162_4.jpg,val,DAMIMAS_A21B_0162,0,0,0,0,5,3,1,1
DAMIMAS_A21B_0161_1.jpg,val,DAMIMAS_A21B_0161,0,0,0,0,5,4,2,2
DAMIMAS_A21B_0161_2.jpg,val,DAMIMAS_A21B_0161,0,0,0,0,3,4,1,1
DAMIMAS_A21B_0161_3.jpg,val,DAMIMAS_A21B_0161,0,0,0,0,2,6,1,1
DAMIMAS_A21B_0161_4.jpg,val,DAMIMAS_A21B_0161,0,0,0,0,4,5,1,1
DAMIMAS_A21B_0160_1.jpg,val,DAMIMAS_A21B_0160,1,0,1,2,3,1,0,0
DAMIMAS_A21B_0160_2.jpg,val,DAMIMAS_A21B_0160,0,0,1,2,3,1,0,0
DAMIMAS_A21B_0160_3.jpg,val,DAMIMAS_A21B_0160,0,0,1,1,3,3,0,0
DAMIMAS_A21B_0160_4.jpg,val,DAMIMAS_A21B_0160,0,0,1,2,3,2,0,0
DAMIMAS_A21B_0159_1.jpg,val,DAMIMAS_A21B_0159,0,1,1,0,1,1,2,2
DAMIMAS_A21B_0159_2.jpg,val,DAMIMAS_A21B_0159,0,0,0,0,1,0,1,1
DAMIMAS_A21B_0159_3.jpg,val,DAMIMAS_A21B_0159,0,0,0,0,1,0,0,1
DAMIMAS_A21B_0159_4.jpg,val,DAMIMAS_A21B_0159,0,0,0,0,2,1,2,2
DAMIMAS_A21B_0158_1.jpg,val,DAMIMAS_A21B_0158,0,0,1,1,2,3,2,1
DAMIMAS_A21B_0158_2.jpg,val,DAMIMAS_A21B_0158,0,0,1,1,4,3,3,1
DAMIMAS_A21B_0158_3.jpg,val,DAMIMAS_A21B_0158,0,0,1,1,3,2,0,1
DAMIMAS_A21B_0158_4.jpg,val,DAMIMAS_A21B_0158,0,0,1,1,3,2,1,2
DAMIMAS_A21B_0157_1.jpg,val,DAMIMAS_A21B_0157,0,0,2,2,4,3,1,2
DAMIMAS_A21B_0157_2.jpg,val,DAMIMAS_A21B_0157,0,0,1,1,3,3,2,2
DAMIMAS_A21B_0157_3.jpg,val,DAMIMAS_A21B_0157,0,0,1,2,3,3,1,1
DAMIMAS_A21B_0157_4.jpg,val,DAMIMAS_A21B_0157,1,0,3,2,5,4,1,1
DAMIMAS_A21B_0156_1.jpg,val,DAMIMAS_A21B_0156,1,1,1,0,4,3,0,1
DAMIMAS_A21B_0156_2.jpg,val,DAMIMAS_A21B_0156,0,0,0,1,2,2,1,2
DAMIMAS_A21B_0156_3.jpg,val,DAMIMAS_A21B_0156,0,0,2,1,3,2,0,1
DAMIMAS_A21B_0156_4.jpg,val,DAMIMAS_A21B_0156,0,0,0,1,4,2,1,2
DAMIMAS_A21B_0155_1.jpg,val,DAMIMAS_A21B_0155,0,0,1,1,2,3,2,1
DAMIMAS_A21B_0155_2.jpg,val,DAMIMAS_A21B_0155,0,0,1,3,4,2,1,1
DAMIMAS_A21B_0155_3.jpg,val,DAMIMAS_A21B_0155,0,0,2,2,5,2,1,2
DAMIMAS_A21B_0155_4.jpg,val,DAMIMAS_A21B_0155,1,1,2,1,3,3,1,1
DAMIMAS_A21B_0154_1.jpg,val,DAMIMAS_A21B_0154,0,0,2,1,2,1,2,4
DAMIMAS_A21B_0154_2.jpg,val,DAMIMAS_A21B_0154,0,0,2,1,3,2,3,4
DAMIMAS_A21B_0154_3.jpg,val,DAMIMAS_A21B_0154,0,0,1,1,4,3,2,3
DAMIMAS_A21B_0154_4.jpg,val,DAMIMAS_A21B_0154,0,0,1,1,3,2,1,3
DAMIMAS_A21B_0153_1.jpg,val,DAMIMAS_A21B_0153,0,0,0,0,4,4,1,1
DAMIMAS_A21B_0153_2.jpg,val,DAMIMAS_A21B_0153,0,0,0,0,3,3,0,1
DAMIMAS_A21B_0153_3.jpg,val,DAMIMAS_A21B_0153,0,0,0,0,4,3,0,0
DAMIMAS_A21B_0153_4.jpg,val,DAMIMAS_A21B_0153,0,0,0,0,6,5,0,0
DAMIMAS_A21B_0152_1.jpg,val,DAMIMAS_A21B_0152,0,0,0,2,3,3,2,1
DAMIMAS_A21B_0152_2.jpg,val,DAMIMAS_A21B_0152,0,0,1,1,5,3,2,2
DAMIMAS_A21B_0152_3.jpg,val,DAMIMAS_A21B_0152,0,0,0,1,3,3,0,2
DAMIMAS_A21B_0152_4.jpg,val,DAMIMAS_A21B_0152,0,0,1,1,2,4,1,1
DAMIMAS_A21B_0151_1.jpg,val,DAMIMAS_A21B_0151,0,0,1,1,3,3,2,2
DAMIMAS_A21B_0151_2.jpg,val,DAMIMAS_A21B_0151,0,0,0,0,5,4,1,1
DAMIMAS_A21B_0151_3.jpg,val,DAMIMAS_A21B_0151,0,0,0,0,6,4,1,2
DAMIMAS_A21B_0151_4.jpg,val,DAMIMAS_A21B_0151,0,0,2,1,2,2,1,3
DAMIMAS_A21B_0150_1.jpg,val,DAMIMAS_A21B_0150,0,0,1,1,3,4,3,1
DAMIMAS_A21B_0150_2.jpg,val,DAMIMAS_A21B_0150,0,0,1,1,3,3,2,3
DAMIMAS_A21B_0150_3.jpg,val,DAMIMAS_A21B_0150,0,0,0,2,4,4,1,1
DAMIMAS_A21B_0150_4.jpg,val,DAMIMAS_A21B_0150,0,0,1,1,3,5,0,1
DAMIMAS_A21B_0149_1.jpg,val,DAMIMAS_A21B_0149,0,0,1,1,2,5,1,1
DAMIMAS_A21B_0149_2.jpg,val,DAMIMAS_A21B_0149,0,0,1,1,3,4,1,0
DAMIMAS_A21B_0149_3.jpg,val,DAMIMAS_A21B_0149,0,0,0,1,6,4,0,0
DAMIMAS_A21B_0149_4.jpg,val,DAMIMAS_A21B_0149,0,0,0,0,5,5,1,1
DAMIMAS_A21B_0148_1.jpg,val,DAMIMAS_A21B_0148,0,0,2,2,5,2,1,1
DAMIMAS_A21B_0148_2.jpg,val,DAMIMAS_A21B_0148,0,0,2,2,3,1,1,2
DAMIMAS_A21B_0148_3.jpg,val,DAMIMAS_A21B_0148,1,0,1,1,2,1,0,2
DAMIMAS_A21B_0148_4.jpg,val,DAMIMAS_A21B_0148,0,0,0,1,4,2,1,1
DAMIMAS_A21B_0147_1.jpg,val,DAMIMAS_A21B_0147,0,0,1,1,3,5,2,1
DAMIMAS_A21B_0147_2.jpg,val,DAMIMAS_A21B_0147,0,0,2,1,5,4,2,1
DAMIMAS_A21B_0147_3.jpg,val,DAMIMAS_A21B_0147,0,0,1,1,5,4,1,1
DAMIMAS_A21B_0147_4.jpg,val,DAMIMAS_A21B_0147,0,0,2,1,1,5,1,1
DAMIMAS_A21B_0146_1.jpg,val,DAMIMAS_A21B_0146,0,0,1,1,4,3,0,1
DAMIMAS_A21B_0146_2.jpg,val,DAMIMAS_A21B_0146,1,0,3,2,6,3,1,1
DAMIMAS_A21B_0146_3.jpg,val,DAMIMAS_A21B_0146,0,0,2,2,4,3,0,1
DAMIMAS_A21B_0146_4.jpg,val,DAMIMAS_A21B_0146,0,0,1,2,3,3,1,1
DAMIMAS_A21B_0145_1.jpg,val,DAMIMAS_A21B_0145,0,0,0,0,2,3,2,2
DAMIMAS_A21B_0145_2.jpg,val,DAMIMAS_A21B_0145,1,1,0,0,5,3,1,2
DAMIMAS_A21B_0145_3.jpg,val,DAMIMAS_A21B_0145,1,1,0,0,2,2,1,2
DAMIMAS_A21B_0145_4.jpg,val,DAMIMAS_A21B_0145,0,0,0,0,2,2,0,2
DAMIMAS_A21B_0144_1.jpg,val,DAMIMAS_A21B_0144,0,0,1,1,4,4,1,0
DAMIMAS_A21B_0144_2.jpg,val,DAMIMAS_A21B_0144,0,0,0,0,4,4,0,1
DAMIMAS_A21B_0144_3.jpg,val,DAMIMAS_A21B_0144,0,0,0,0,2,2,1,2
DAMIMAS_A21B_0144_4.jpg,val,DAMIMAS_A21B_0144,0,0,1,1,3,3,1,1
DAMIMAS_A21B_0143_1.jpg,train,DAMIMAS_A21B_0143,0,0,0,0,4,4,1,0
DAMIMAS_A21B_0143_2.jpg,train,DAMIMAS_A21B_0143,0,0,0,0,4,4,2,1
DAMIMAS_A21B_0143_3.jpg,train,DAMIMAS_A21B_0143,0,0,0,0,4,5,1,1
DAMIMAS_A21B_0143_4.jpg,train,DAMIMAS_A21B_0143,0,0,0,0,5,4,0,0
DAMIMAS_A21B_0142_1.jpg,train,DAMIMAS_A21B_0142,0,0,0,0,2,2,0,0
DAMIMAS_A21B_0142_2.jpg,train,DAMIMAS_A21B_0142,0,0,0,1,2,1,1,1
DAMIMAS_A21B_0142_3.jpg,train,DAMIMAS_A21B_0142,0,0,0,0,0,2,1,1
DAMIMAS_A21B_0142_4.jpg,train,DAMIMAS_A21B_0142,0,0,0,0,1,1,0,0
DAMIMAS_A21B_0141_1.jpg,train,DAMIMAS_A21B_0141,0,0,0,0,3,5,1,1
DAMIMAS_A21B_0141_2.jpg,train,DAMIMAS_A21B_0141,0,0,0,0,5,4,1,2
DAMIMAS_A21B_0141_3.jpg,train,DAMIMAS_A21B_0141,0,0,0,0,2,4,3,1
DAMIMAS_A21B_0141_4.jpg,train,DAMIMAS_A21B_0141,0,0,0,0,4,4,1,1
DAMIMAS_A21B_0140_1.jpg,train,DAMIMAS_A21B_0140,0,0,1,2,5,2,2,2
DAMIMAS_A21B_0140_2.jpg,train,DAMIMAS_A21B_0140,0,0,1,2,2,2,2,3
DAMIMAS_A21B_0140_3.jpg,train,DAMIMAS_A21B_0140,1,1,1,1,4,2,2,3
DAMIMAS_A21B_0140_4.jpg,train,DAMIMAS_A21B_0140,0,1,2,1,5,2,1,3
DAMIMAS_A21B_0139_1.jpg,train,DAMIMAS_A21B_0139,0,0,0,0,2,5,0,1
DAMIMAS_A21B_0139_2.jpg,train,DAMIMAS_A21B_0139,0,0,0,2,6,2,1,1
DAMIMAS_A21B_0139_3.jpg,train,DAMIMAS_A21B_0139,0,0,0,1,3,3,1,1
DAMIMAS_A21B_0139_4.jpg,train,DAMIMAS_A21B_0139,0,0,0,1,2,3,1,0
DAMIMAS_A21B_0138_1.jpg,train,DAMIMAS_A21B_0138,0,0,0,1,1,2,1,1
DAMIMAS_A21B_0138_2.jpg,train,DAMIMAS_A21B_0138,0,0,1,0,3,2,0,2
DAMIMAS_A21B_0138_3.jpg,train,DAMIMAS_A21B_0138,0,0,1,1,1,2,1,1
DAMIMAS_A21B_0138_4.jpg,train,DAMIMAS_A21B_0138,0,0,1,1,1,2,0,0
DAMIMAS_A21B_0137_1.jpg,train,DAMIMAS_A21B_0137,0,0,1,1,4,3,1,0
DAMIMAS_A21B_0137_2.jpg,train,DAMIMAS_A21B_0137,0,0,0,2,3,4,0,0
DAMIMAS_A21B_0137_3.jpg,train,DAMIMAS_A21B_0137,0,0,0,0,4,5,2,0
DAMIMAS_A21B_0137_4.jpg,train,DAMIMAS_A21B_0137,0,0,0,0,4,5,2,0
DAMIMAS_A21B_0136_1.jpg,train,DAMIMAS_A21B_0136,0,0,0,0,3,4,1,1
DAMIMAS_A21B_0136_2.jpg,train,DAMIMAS_A21B_0136,0,0,0,0,2,3,1,3
DAMIMAS_A21B_0136_3.jpg,train,DAMIMAS_A21B_0136,0,0,0,0,5,4,2,2
DAMIMAS_A21B_0136_4.jpg,train,DAMIMAS_A21B_0136,0,0,0,0,4,4,0,1
DAMIMAS_A21B_0135_1.jpg,train,DAMIMAS_A21B_0135,1,0,1,3,2,1,0,2
DAMIMAS_A21B_0135_2.jpg,train,DAMIMAS_A21B_0135,0,0,1,3,3,2,1,1
DAMIMAS_A21B_0135_3.jpg,train,DAMIMAS_A21B_0135,0,0,1,3,2,2,0,0
DAMIMAS_A21B_0135_4.jpg,train,DAMIMAS_A21B_0135,0,0,2,3,2,1,1,1
DAMIMAS_A21B_0134_1.jpg,train,DAMIMAS_A21B_0134,0,0,0,1,2,3,0,0
DAMIMAS_A21B_0134_2.jpg,train,DAMIMAS_A21B_0134,0,0,0,2,2,2,0,0
DAMIMAS_A21B_0134_3.jpg,train,DAMIMAS_A21B_0134,0,0,2,1,1,2,0,0
DAMIMAS_A21B_0134_4.jpg,train,DAMIMAS_A21B_0134,0,0,0,1,3,3,0,0
DAMIMAS_A21B_0133_1.jpg,train,DAMIMAS_A21B_0133,0,0,0,0,5,4,1,2
DAMIMAS_A21B_0133_2.jpg,train,DAMIMAS_A21B_0133,0,0,0,0,4,4,4,2
DAMIMAS_A21B_0133_3.jpg,train,DAMIMAS_A21B_0133,0,0,0,0,4,5,1,0
DAMIMAS_A21B_0133_4.jpg,train,DAMIMAS_A21B_0133,0,0,0,0,3,4,1,0
DAMIMAS_A21B_0132_1.jpg,train,DAMIMAS_A21B_0132,0,1,0,0,1,0,0,4
DAMIMAS_A21B_0132_2.jpg,train,DAMIMAS_A21B_0132,0,0,0,1,1,1,1,1
DAMIMAS_A21B_0132_3.jpg,train,DAMIMAS_A21B_0132,1,1,2,1,2,1,0,2
DAMIMAS_A21B_0132_4.jpg,train,DAMIMAS_A21B_0132,1,1,0,0,2,0,0,3
DAMIMAS_A21B_0131_1.jpg,train,DAMIMAS_A21B_0131,0,0,0,0,4,5,1,0
DAMIMAS_A21B_0131_2.jpg,train,DAMIMAS_A21B_0131,0,0,1,1,2,2,1,1
DAMIMAS_A21B_0131_3.jpg,train,DAMIMAS_A21B_0131,0,0,0,1,3,2,1,2
DAMIMAS_A21B_0131_4.jpg,train,DAMIMAS_A21B_0131,0,0,0,0,2,3,1,1
DAMIMAS_A21B_0130_1.jpg,train,DAMIMAS_A21B_0130,0,1,1,0,3,2,1,2
DAMIMAS_A21B_0130_2.jpg,train,DAMIMAS_A21B_0130,0,0,0,1,5,2,0,1
DAMIMAS_A21B_0130_3.jpg,train,DAMIMAS_A21B_0130,0,0,1,1,2,0,1,2
DAMIMAS_A21B_0130_4.jpg,train,DAMIMAS_A21B_0130,0,1,1,0,0,0,0,3
DAMIMAS_A21B_0129_1.jpg,train,DAMIMAS_A21B_0129,0,0,0,0,2,2,0,1
DAMIMAS_A21B_0129_2.jpg,train,DAMIMAS_A21B_0129,0,0,0,0,2,2,1,1
DAMIMAS_A21B_0129_3.jpg,train,DAMIMAS_A21B_0129,0,0,0,0,2,2,0,0
DAMIMAS_A21B_0129_4.jpg,train,DAMIMAS_A21B_0129,0,0,0,0,2,2,0,0
DAMIMAS_A21B_0128_1.jpg,train,DAMIMAS_A21B_0128,0,0,1,1,3,2,1,2
DAMIMAS_A21B_0128_2.jpg,train,DAMIMAS_A21B_0128,0,0,0,0,3,3,1,1
DAMIMAS_A21B_0128_3.jpg,train,DAMIMAS_A21B_0128,0,0,0,0,4,3,0,1
DAMIMAS_A21B_0128_4.jpg,train,DAMIMAS_A21B_0128,1,0,1,1,3,2,0,1
DAMIMAS_A21B_0127_1.jpg,train,DAMIMAS_A21B_0127,0,0,0,0,3,3,2,2
DAMIMAS_A21B_0127_2.jpg,train,DAMIMAS_A21B_0127,0,0,1,2,3,3,1,1
DAMIMAS_A21B_0127_3.jpg,train,DAMIMAS_A21B_0127,0,0,1,1,3,3,0,2
DAMIMAS_A21B_0127_4.jpg,train,DAMIMAS_A21B_0127,0,0,0,0,3,2,2,4
DAMIMAS_A21B_0126_1.jpg,train,DAMIMAS_A21B_0126,0,1,0,0,3,3,0,1
DAMIMAS_A21B_0126_2.jpg,train,DAMIMAS_A21B_0126,0,1,2,0,2,3,0,1
DAMIMAS_A21B_0126_3.jpg,train,DAMIMAS_A21B_0126,1,1,1,0,3,2,1,3
DAMIMAS_A21B_0126_4.jpg,train,DAMIMAS_A21B_0126,1,2,2,0,2,1,2,3
DAMIMAS_A21B_0125_1.jpg,train,DAMIMAS_A21B_0125,0,1,1,1,3,3,0,0
DAMIMAS_A21B_0125_2.jpg,train,DAMIMAS_A21B_0125,0,1,1,1,3,2,0,1
DAMIMAS_A21B_0125_3.jpg,train,DAMIMAS_A21B_0125,0,0,1,2,3,2,2,1
DAMIMAS_A21B_0125_4.jpg,train,DAMIMAS_A21B_0125,0,0,1,1,2,4,1,0
DAMIMAS_A21B_0124_1.jpg,train,DAMIMAS_A21B_0124,0,0,0,0,3,3,1,1
DAMIMAS_A21B_0124_2.jpg,train,DAMIMAS_A21B_0124,0,0,0,1,2,4,1,1
DAMIMAS_A21B_0124_3.jpg,train,DAMIMAS_A21B_0124,0,0,0,1,2,3,1,1
DAMIMAS_A21B_0124_4.jpg,train,DAMIMAS_A21B_0124,0,0,0,0,3,4,1,1
DAMIMAS_A21B_0123_1.jpg,train,DAMIMAS_A21B_0123,0,0,2,3,1,2,1,0
DAMIMAS_A21B_0123_2.jpg,train,DAMIMAS_A21B_0123,0,0,2,4,2,1,0,0
DAMIMAS_A21B_0123_3.jpg,train,DAMIMAS_A21B_0123,0,0,1,2,1,1,0,0
DAMIMAS_A21B_0123_4.jpg,train,DAMIMAS_A21B_0123,0,0,0,2,1,2,0,0
DAMIMAS_A21B_0122_1.jpg,train,DAMIMAS_A21B_0122,0,1,1,1,2,0,0,1
DAMIMAS_A21B_0122_2.jpg,train,DAMIMAS_A21B_0122,0,0,0,1,0,0,3,3
DAMIMAS_A21B_0122_3.jpg,train,DAMIMAS_A21B_0122,0,0,0,0,1,0,2,3
DAMIMAS_A21B_0122_4.jpg,train,DAMIMAS_A21B_0122,0,1,2,0,0,1,1,1
DAMIMAS_A21B_0121_1.jpg,train,DAMIMAS_A21B_0121,0,0,1,1,2,3,0,0
DAMIMAS_A21B_0121_2.jpg,train,DAMIMAS_A21B_0121,0,0,2,2,3,3,0,0
DAMIMAS_A21B_0121_3.jpg,train,DAMIMAS_A21B_0121,0,0,0,2,3,3,0,1
DAMIMAS_A21B_0121_4.jpg,train,DAMIMAS_A21B_0121,0,0,0,1,0,3,2,2
DAMIMAS_A21B_0120_1.jpg,train,DAMIMAS_A21B_0120,1,1,0,0,0,0,0,2
DAMIMAS_A21B_0120_2.jpg,train,DAMIMAS_A21B_0120,0,1,0,0,0,0,1,2
DAMIMAS_A21B_0120_3.jpg,train,DAMIMAS_A21B_0120,0,0,0,0,1,1,1,0
DAMIMAS_A21B_0120_4.jpg,train,DAMIMAS_A21B_0120,0,1,0,0,1,1,0,0
DAMIMAS_A21B_0119_1.jpg,train,DAMIMAS_A21B_0119,0,1,1,2,4,2,0,0
DAMIMAS_A21B_0119_2.jpg,train,DAMIMAS_A21B_0119,0,2,2,2,3,1,0,0
DAMIMAS_A21B_0119_3.jpg,train,DAMIMAS_A21B_0119,1,1,2,3,3,0,0,0
DAMIMAS_A21B_0119_4.jpg,train,DAMIMAS_A21B_0119,0,1,2,2,4,2,0,0
DAMIMAS_A21B_0118_1.jpg,train,DAMIMAS_A21B_0118,0,0,1,1,1,1,0,2
DAMIMAS_A21B_0118_2.jpg,train,DAMIMAS_A21B_0118,0,1,1,1,0,1,3,3
DAMIMAS_A21B_0118_3.jpg,train,DAMIMAS_A21B_0118,1,1,1,0,3,1,3,3
DAMIMAS_A21B_0118_4.jpg,train,DAMIMAS_A21B_0118,1,1,0,0,4,1,1,3
DAMIMAS_A21B_0117_1.jpg,val,DAMIMAS_A21B_0117,0,0,0,0,0,1,0,1
DAMIMAS_A21B_0117_2.jpg,val,DAMIMAS_A21B_0117,0,0,0,0,0,1,0,0
DAMIMAS_A21B_0117_3.jpg,val,DAMIMAS_A21B_0117,0,0,0,0,1,2,0,0
DAMIMAS_A21B_0117_4.jpg,val,DAMIMAS_A21B_0117,0,0,0,0,0,2,0,1
DAMIMAS_A21B_0116_1.jpg,val,DAMIMAS_A21B_0116,0,0,0,1,6,3,1,2
DAMIMAS_A21B_0116_2.jpg,val,DAMIMAS_A21B_0116,0,0,1,1,3,4,1,3
DAMIMAS_A21B_0116_3.jpg,val,DAMIMAS_A21B_0116,0,0,0,1,4,3,0,2
DAMIMAS_A21B_0116_4.jpg,val,DAMIMAS_A21B_0116,0,0,1,1,3,2,1,2
DAMIMAS_A21B_0115_1.jpg,train,DAMIMAS_A21B_0115,0,0,0,0,0,0,0,0
DAMIMAS_A21B_0115_2.jpg,train,DAMIMAS_A21B_0115,0,0,0,1,1,0,0,0
DAMIMAS_A21B_0115_3.jpg,train,DAMIMAS_A21B_0115,0,0,0,1,1,1,0,0
DAMIMAS_A21B_0115_4.jpg,train,DAMIMAS_A21B_0115,0,0,0,0,0,2,1,0
DAMIMAS_A21B_0114_1.jpg,train,DAMIMAS_A21B_0114,0,0,0,0,3,2,1,0
DAMIMAS_A21B_0114_2.jpg,train,DAMIMAS_A21B_0114,0,0,0,0,1,2,0,0
DAMIMAS_A21B_0114_3.jpg,train,DAMIMAS_A21B_0114,0,0,0,1,1,1,0,0
DAMIMAS_A21B_0114_4.jpg,train,DAMIMAS_A21B_0114,0,0,1,1,3,2,1,0
DAMIMAS_A21B_0113_1.jpg,train,DAMIMAS_A21B_0113,0,0,0,1,2,2,0,1
DAMIMAS_A21B_0113_2.jpg,train,DAMIMAS_A21B_0113,0,0,0,1,2,3,0,0
DAMIMAS_A21B_0113_3.jpg,train,DAMIMAS_A21B_0113,0,0,0,0,1,3,0,0
DAMIMAS_A21B_0113_4.jpg,train,DAMIMAS_A21B_0113,0,0,0,0,3,3,2,1
DAMIMAS_A21B_0112_1.jpg,train,DAMIMAS_A21B_0112,0,0,1,1,2,2,0,0
DAMIMAS_A21B_0112_2.jpg,train,DAMIMAS_A21B_0112,0,0,1,1,2,3,0,0
DAMIMAS_A21B_0112_3.jpg,train,DAMIMAS_A21B_0112,0,0,0,1,0,2,0,0
DAMIMAS_A21B_0112_4.jpg,train,DAMIMAS_A21B_0112,0,0,0,1,2,1,0,0
DAMIMAS_A21B_0111_1.jpg,train,DAMIMAS_A21B_0111,0,0,0,0,2,4,1,1
DAMIMAS_A21B_0111_2.jpg,train,DAMIMAS_A21B_0111,0,0,0,1,4,4,1,0
DAMIMAS_A21B_0111_3.jpg,train,DAMIMAS_A21B_0111,0,0,1,1,4,4,1,2
DAMIMAS_A21B_0111_4.jpg,train,DAMIMAS_A21B_0111,0,0,0,0,2,4,1,3
DAMIMAS_A21B_0110_1.jpg,train,DAMIMAS_A21B_0110,0,0,0,0,1,1,0,1
DAMIMAS_A21B_0110_2.jpg,train,DAMIMAS_A21B_0110,0,0,0,0,2,0,0,2
DAMIMAS_A21B_0110_3.jpg,train,DAMIMAS_A21B_0110,0,0,0,0,1,1,0,2
DAMIMAS_A21B_0110_4.jpg,train,DAMIMAS_A21B_0110,0,0,0,0,1,1,0,0
DAMIMAS_A21B_0109_1.jpg,train,DAMIMAS_A21B_0109,0,0,1,1,2,3,1,1
DAMIMAS_A21B_0109_2.jpg,train,DAMIMAS_A21B_0109,0,0,1,2,4,3,2,1
DAMIMAS_A21B_0109_3.jpg,train,DAMIMAS_A21B_0109,1,1,0,1,3,1,1,1
DAMIMAS_A21B_0109_4.jpg,train,DAMIMAS_A21B_0109,1,1,1,1,2,2,0,1
DAMIMAS_A21B_0108_1.jpg,train,DAMIMAS_A21B_0108,0,0,1,2,5,2,0,1
DAMIMAS_A21B_0108_2.jpg,train,DAMIMAS_A21B_0108,0,1,0,1,3,1,0,1
DAMIMAS_A21B_0108_3.jpg,train,DAMIMAS_A21B_0108,0,1,0,1,3,2,0,0
DAMIMAS_A21B_0108_4.jpg,train,DAMIMAS_A21B_0108,0,1,0,1,3,2,0,0
DAMIMAS_A21B_0107_1.jpg,val,DAMIMAS_A21B_0107,1,1,0,0,2,7,2,1
DAMIMAS_A21B_0107_2.jpg,val,DAMIMAS_A21B_0107,1,1,1,1,3,4,1,1
DAMIMAS_A21B_0107_3.jpg,val,DAMIMAS_A21B_0107,1,2,0,3,4,2,1,0
DAMIMAS_A21B_0107_4.jpg,val,DAMIMAS_A21B_0107,2,2,0,2,6,4,0,0
DAMIMAS_A21B_0106_1.jpg,test,DAMIMAS_A21B_0106,1,1,0,0,4,3,0,1
DAMIMAS_A21B_0106_2.jpg,test,DAMIMAS_A21B_0106,1,1,0,0,3,3,1,2
DAMIMAS_A21B_0106_3.jpg,test,DAMIMAS_A21B_0106,1,1,0,0,2,2,0,2
DAMIMAS_A21B_0106_4.jpg,test,DAMIMAS_A21B_0106,0,1,2,0,3,2,0,2
DAMIMAS_A21B_0105_1.jpg,train,DAMIMAS_A21B_0105,1,1,0,1,4,3,1,1
DAMIMAS_A21B_0105_2.jpg,train,DAMIMAS_A21B_0105,0,1,1,1,4,3,1,0
DAMIMAS_A21B_0105_3.jpg,train,DAMIMAS_A21B_0105,0,1,0,1,3,4,0,0
DAMIMAS_A21B_0105_4.jpg,train,DAMIMAS_A21B_0105,1,1,0,0,4,3,0,0
DAMIMAS_A21B_0104_1.jpg,train,DAMIMAS_A21B_0104,2,2,0,1,1,1,0,2
DAMIMAS_A21B_0104_2.jpg,train,DAMIMAS_A21B_0104,1,1,2,1,3,3,0,2
DAMIMAS_A21B_0104_3.jpg,train,DAMIMAS_A21B_0104,0,0,1,3,4,3,1,1
DAMIMAS_A21B_0104_4.jpg,train,DAMIMAS_A21B_0104,1,1,0,1,4,2,2,3
DAMIMAS_A21B_0103_1.jpg,val,DAMIMAS_A21B_0103,0,0,1,1,4,5,0,0
DAMIMAS_A21B_0103_2.jpg,val,DAMIMAS_A21B_0103,0,0,1,2,6,5,2,0
DAMIMAS_A21B_0103_3.jpg,val,DAMIMAS_A21B_0103,0,0,2,3,2,4,1,0
DAMIMAS_A21B_0103_4.jpg,val,DAMIMAS_A21B_0103,0,1,0,2,4,6,2,0
DAMIMAS_A21B_0102_1.jpg,train,DAMIMAS_A21B_0102,0,0,0,0,5,4,0,0
DAMIMAS_A21B_0102_2.jpg,train,DAMIMAS_A21B_0102,0,0,0,0,3,5,0,0
DAMIMAS_A21B_0102_3.jpg,train,DAMIMAS_A21B_0102,0,0,0,0,3,4,1,1
DAMIMAS_A21B_0102_4.jpg,train,DAMIMAS_A21B_0102,0,0,0,0,3,3,1,1
DAMIMAS_A21B_0101_1.jpg,train,DAMIMAS_A21B_0101,0,0,1,2,1,1,0,0
DAMIMAS_A21B_0101_2.jpg,train,DAMIMAS_A21B_0101,0,0,0,2,4,2,1,0
DAMIMAS_A21B_0101_3.jpg,train,DAMIMAS_A21B_0101,1,1,2,1,1,2,0,0
DAMIMAS_A21B_0101_4.jpg,train,DAMIMAS_A21B_0101,0,1,0,2,2,1,0,0
DAMIMAS_A21B_0100_1.jpg,val,DAMIMAS_A21B_0100,1,1,1,1,4,3,2,3
DAMIMAS_A21B_0100_2.jpg,val,DAMIMAS_A21B_0100,0,1,1,1,3,1,1,3
DAMIMAS_A21B_0100_3.jpg,val,DAMIMAS_A21B_0100,0,0,0,1,3,2,2,4
DAMIMAS_A21B_0100_4.jpg,val,DAMIMAS_A21B_0100,0,0,1,1,4,2,0,3
DAMIMAS_A21B_0099_1.jpg,train,DAMIMAS_A21B_0099,0,1,2,1,4,4,0,0
DAMIMAS_A21B_0099_2.jpg,train,DAMIMAS_A21B_0099,1,2,2,1,3,3,1,0
DAMIMAS_A21B_0099_3.jpg,train,DAMIMAS_A21B_0099,1,1,0,3,2,0,0,1
DAMIMAS_A21B_0099_4.jpg,train,DAMIMAS_A21B_0099,0,1,1,3,5,2,1,1
DAMIMAS_A21B_0098_1.jpg,train,DAMIMAS_A21B_0098,0,0,2,1,1,2,0,3
DAMIMAS_A21B_0098_2.jpg,train,DAMIMAS_A21B_0098,0,0,0,0,1,2,1,2
DAMIMAS_A21B_0098_3.jpg,train,DAMIMAS_A21B_0098,0,0,0,0,4,2,0,2
DAMIMAS_A21B_0098_4.jpg,train,DAMIMAS_A21B_0098,0,0,0,1,2,2,1,2
DAMIMAS_A21B_0097_1.jpg,train,DAMIMAS_A21B_0097,0,0,0,1,6,4,1,1
DAMIMAS_A21B_0097_2.jpg,train,DAMIMAS_A21B_0097,0,0,1,2,2,1,2,2
DAMIMAS_A21B_0097_3.jpg,train,DAMIMAS_A21B_0097,0,0,0,1,2,3,0,1
DAMIMAS_A21B_0097_4.jpg,train,DAMIMAS_A21B_0097,0,1,1,0,5,4,1,1
DAMIMAS_A21B_0096_1.jpg,test,DAMIMAS_A21B_0096,0,1,1,0,2,1,0,2
DAMIMAS_A21B_0096_2.jpg,test,DAMIMAS_A21B_0096,0,1,0,0,3,0,0,3
DAMIMAS_A21B_0096_3.jpg,test,DAMIMAS_A21B_0096,0,1,1,0,2,1,0,3
DAMIMAS_A21B_0096_4.jpg,test,DAMIMAS_A21B_0096,0,1,1,0,3,2,0,2
DAMIMAS_A21B_0095_1.jpg,train,DAMIMAS_A21B_0095,0,0,0,3,2,1,1,0
DAMIMAS_A21B_0095_2.jpg,train,DAMIMAS_A21B_0095,0,0,1,2,2,2,0,0
DAMIMAS_A21B_0095_3.jpg,train,DAMIMAS_A21B_0095,0,1,1,1,2,2,0,0
DAMIMAS_A21B_0095_4.jpg,train,DAMIMAS_A21B_0095,1,1,0,2,3,0,0,0
DAMIMAS_A21B_0094_1.jpg,test,DAMIMAS_A21B_0094,0,0,0,0,6,4,0,2
DAMIMAS_A21B_0094_2.jpg,test,DAMIMAS_A21B_0094,0,0,0,0,5,4,1,2
DAMIMAS_A21B_0094_3.jpg,test,DAMIMAS_A21B_0094,0,1,1,0,4,3,1,4
DAMIMAS_A21B_0094_4.jpg,test,DAMIMAS_A21B_0094,1,1,1,0,5,3,0,3
DAMIMAS_A21B_0093_1.jpg,train,DAMIMAS_A21B_0093,0,0,0,0,5,3,1,1
DAMIMAS_A21B_0093_2.jpg,train,DAMIMAS_A21B_0093,0,0,0,0,6,4,2,2
DAMIMAS_A21B_0093_3.jpg,train,DAMIMAS_A21B_0093,0,0,0,0,6,4,1,1
DAMIMAS_A21B_0093_4.jpg,train,DAMIMAS_A21B_0093,0,0,0,0,4,3,1,0
DAMIMAS_A21B_0092_1.jpg,test,DAMIMAS_A21B_0092,0,0,1,2,4,3,1,1
DAMIMAS_A21B_0092_2.jpg,test,DAMIMAS_A21B_0092,0,0,0,2,5,2,2,2
DAMIMAS_A21B_0092_3.jpg,test,DAMIMAS_A21B_0092,0,0,0,2,3,1,0,2
DAMIMAS_A21B_0092_4.jpg,test,DAMIMAS_A21B_0092,0,0,0,2,4,2,1,1
DAMIMAS_A21B_0091_1.jpg,train,DAMIMAS_A21B_0091,0,0,1,1,6,4,0,0
DAMIMAS_A21B_0091_2.jpg,train,DAMIMAS_A21B_0091,0,0,1,3,5,3,0,0
DAMIMAS_A21B_0091_3.jpg,train,DAMIMAS_A21B_0091,0,0,1,2,3,3,1,0
DAMIMAS_A21B_0091_4.jpg,train,DAMIMAS_A21B_0091,0,0,0,0,4,4,0,0
DAMIMAS_A21B_0090_1.jpg,train,DAMIMAS_A21B_0090,0,0,0,1,2,2,0,0
DAMIMAS_A21B_0090_2.jpg,train,DAMIMAS_A21B_0090,0,0,0,0,2,2,0,0
DAMIMAS_A21B_0090_3.jpg,train,DAMIMAS_A21B_0090,0,0,0,1,2,1,0,1
DAMIMAS_A21B_0090_4.jpg,train,DAMIMAS_A21B_0090,0,0,0,1,0,0,0,1
DAMIMAS_A21B_0089_1.jpg,test,DAMIMAS_A21B_0089,0,0,0,0,2,3,1,2
DAMIMAS_A21B_0089_2.jpg,test,DAMIMAS_A21B_0089,0,0,0,0,5,3,3,2
DAMIMAS_A21B_0089_3.jpg,test,DAMIMAS_A21B_0089,0,0,1,1,3,4,1,1
DAMIMAS_A21B_0089_4.jpg,test,DAMIMAS_A21B_0089,0,0,0,1,2,4,1,2
DAMIMAS_A21B_0088_1.jpg,test,DAMIMAS_A21B_0088,0,0,1,2,4,2,0,1
DAMIMAS_A21B_0088_2.jpg,test,DAMIMAS_A21B_0088,0,0,2,2,2,2,0,1
DAMIMAS_A21B_0088_3.jpg,test,DAMIMAS_A21B_0088,0,0,0,2,4,3,0,0
DAMIMAS_A21B_0088_4.jpg,test,DAMIMAS_A21B_0088,0,0,1,2,3,3,0,0
DAMIMAS_A21B_0087_1.jpg,train,DAMIMAS_A21B_0087,1,0,1,2,2,4,1,0
DAMIMAS_A21B_0087_2.jpg,train,DAMIMAS_A21B_0087,0,0,0,1,5,5,0,0
DAMIMAS_A21B_0087_3.jpg,train,DAMIMAS_A21B_0087,0,1,0,0,4,4,2,1
DAMIMAS_A21B_0087_4.jpg,train,DAMIMAS_A21B_0087,1,1,1,1,4,3,2,1
DAMIMAS_A21B_0086_1.jpg,train,DAMIMAS_A21B_0086,1,1,1,1,2,3,0,0
DAMIMAS_A21B_0086_2.jpg,train,DAMIMAS_A21B_0086,0,1,0,0,2,4,0,0
DAMIMAS_A21B_0086_3.jpg,train,DAMIMAS_A21B_0086,0,0,0,0,4,3,3,1
DAMIMAS_A21B_0086_4.jpg,train,DAMIMAS_A21B_0086,0,0,0,1,2,3,0,1
DAMIMAS_A21B_0085_1.jpg,train,DAMIMAS_A21B_0085,1,0,0,1,5,5,2,1
DAMIMAS_A21B_0085_2.jpg,train,DAMIMAS_A21B_0085,1,0,1,2,3,5,1,0
DAMIMAS_A21B_0085_3.jpg,train,DAMIMAS_A21B_0085,0,0,1,1,5,4,1,1
DAMIMAS_A21B_0085_4.jpg,train,DAMIMAS_A21B_0085,0,0,2,2,5,3,1,3
DAMIMAS_A21B_0084_1.jpg,train,DAMIMAS_A21B_0084,0,0,0,0,3,3,0,0
DAMIMAS_A21B_0084_2.jpg,train,DAMIMAS_A21B_0084,0,0,0,0,3,3,0,0
DAMIMAS_A21B_0084_3.jpg,train,DAMIMAS_A21B_0084,0,0,0,0,3,3,0,0
DAMIMAS_A21B_0084_4.jpg,train,DAMIMAS_A21B_0084,0,0,0,0,1,2,0,0
DAMIMAS_A21B_0083_1.jpg,train,DAMIMAS_A21B_0083,0,0,0,1,1,5,0,0
DAMIMAS_A21B_0083_2.jpg,train,DAMIMAS_A21B_0083,0,0,0,0,3,6,0,0
DAMIMAS_A21B_0083_3.jpg,train,DAMIMAS_A21B_0083,0,0,0,1,3,3,0,0
DAMIMAS_A21B_0083_4.jpg,train,DAMIMAS_A21B_0083,0,0,1,3,0,2,0,0
DAMIMAS_A21B_0082_1.jpg,train,DAMIMAS_A21B_0082,1,0,0,1,3,2,0,0
DAMIMAS_A21B_0082_2.jpg,train,DAMIMAS_A21B_0082,0,0,0,0,2,2,1,0
DAMIMAS_A21B_0082_3.jpg,train,DAMIMAS_A21B_0082,0,0,1,2,3,1,0,0
DAMIMAS_A21B_0082_4.jpg,train,DAMIMAS_A21B_0082,0,0,4,3,1,1,0,1
DAMIMAS_A21B_0081_1.jpg,train,DAMIMAS_A21B_0081,0,1,1,0,3,3,1,1
DAMIMAS_A21B_0081_2.jpg,train,DAMIMAS_A21B_0081,0,0,1,2,3,3,1,1
DAMIMAS_A21B_0081_3.jpg,train,DAMIMAS_A21B_0081,0,0,3,2,2,2,1,1
DAMIMAS_A21B_0081_4.jpg,train,DAMIMAS_A21B_0081,0,1,2,1,1,2,2,2
DAMIMAS_A21B_0080_1.jpg,train,DAMIMAS_A21B_0080,0,1,0,0,0,1,0,3
DAMIMAS_A21B_0080_2.jpg,train,DAMIMAS_A21B_0080,1,1,0,1,1,2,0,1
DAMIMAS_A21B_0080_3.jpg,train,DAMIMAS_A21B_0080,0,0,2,2,5,2,2,1
DAMIMAS_A21B_0080_4.jpg,train,DAMIMAS_A21B_0080,0,0,1,1,4,1,1,3
DAMIMAS_A21B_0079_1.jpg,train,DAMIMAS_A21B_0079,0,0,1,1,3,6,2,0
DAMIMAS_A21B_0079_2.jpg,train,DAMIMAS_A21B_0079,0,0,2,2,6,4,1,0
DAMIMAS_A21B_0079_3.jpg,train,DAMIMAS_A21B_0079,0,0,2,3,5,3,1,0
DAMIMAS_A21B_0079_4.jpg,train,DAMIMAS_A21B_0079,0,0,0,1,3,6,0,0
DAMIMAS_A21B_0078_1.jpg,train,DAMIMAS_A21B_0078,0,0,0,2,3,2,0,1
DAMIMAS_A21B_0078_2.jpg,train,DAMIMAS_A21B_0078,0,0,1,1,3,3,0,1
DAMIMAS_A21B_0078_3.jpg,train,DAMIMAS_A21B_0078,1,1,1,1,4,4,1,0
DAMIMAS_A21B_0078_4.jpg,train,DAMIMAS_A21B_0078,1,1,1,1,2,3,0,0
DAMIMAS_A21B_0077_1.jpg,train,DAMIMAS_A21B_0077,2,2,1,0,1,2,1,0
DAMIMAS_A21B_0077_2.jpg,train,DAMIMAS_A21B_0077,1,1,0,0,1,3,0,0
DAMIMAS_A21B_0077_3.jpg,train,DAMIMAS_A21B_0077,0,1,0,0,1,4,0,0
DAMIMAS_A21B_0077_4.jpg,train,DAMIMAS_A21B_0077,1,1,1,0,3,3,0,0
DAMIMAS_A21B_0076_1.jpg,test,DAMIMAS_A21B_0076,0,2,1,0,4,2,1,2
DAMIMAS_A21B_0076_2.jpg,test,DAMIMAS_A21B_0076,1,1,1,2,3,0,0,2
DAMIMAS_A21B_0076_3.jpg,test,DAMIMAS_A21B_0076,0,1,2,1,3,1,1,2
DAMIMAS_A21B_0076_4.jpg,test,DAMIMAS_A21B_0076,1,1,0,0,6,3,0,2
DAMIMAS_A21B_0075_1.jpg,train,DAMIMAS_A21B_0075,1,1,1,0,4,5,0,0
DAMIMAS_A21B_0075_2.jpg,train,DAMIMAS_A21B_0075,0,1,2,1,4,5,2,1
DAMIMAS_A21B_0075_3.jpg,train,DAMIMAS_A21B_0075,1,0,2,2,5,4,1,2
DAMIMAS_A21B_0075_4.jpg,train,DAMIMAS_A21B_0075,0,1,3,1,4,6,1,1
DAMIMAS_A21B_0074_1.jpg,train,DAMIMAS_A21B_0074,0,0,0,0,0,2,0,0
DAMIMAS_A21B_0074_2.jpg,train,DAMIMAS_A21B_0074,0,0,0,0,1,0,0,0
DAMIMAS_A21B_0074_3.jpg,train,DAMIMAS_A21B_0074,0,0,0,0,0,0,1,2
DAMIMAS_A21B_0074_4.jpg,train,DAMIMAS_A21B_0074,0,0,0,0,0,0,0,0
DAMIMAS_A21B_0073_1.jpg,test,DAMIMAS_A21B_0073,0,0,0,1,1,0,3,3
DAMIMAS_A21B_0073_2.jpg,test,DAMIMAS_A21B_0073,0,0,0,0,0,0,1,5
DAMIMAS_A21B_0073_3.jpg,test,DAMIMAS_A21B_0073,0,0,0,0,2,0,1,2
DAMIMAS_A21B_0073_4.jpg,test,DAMIMAS_A21B_0073,0,0,0,1,0,0,0,5
DAMIMAS_A21B_0072_1.jpg,train,DAMIMAS_A21B_0072,0,0,0,1,4,3,1,1
DAMIMAS_A21B_0072_2.jpg,train,DAMIMAS_A21B_0072,0,0,1,2,5,2,1,1
DAMIMAS_A21B_0072_3.jpg,train,DAMIMAS_A21B_0072,1,1,0,2,5,3,1,0
DAMIMAS_A21B_0072_4.jpg,train,DAMIMAS_A21B_0072,0,1,1,1,3,4,0,0
DAMIMAS_A21B_0071_1.jpg,train,DAMIMAS_A21B_0071,1,1,0,0,2,3,0,0
DAMIMAS_A21B_0071_2.jpg,train,DAMIMAS_A21B_0071,1,1,1,1,3,4,0,0
DAMIMAS_A21B_0071_3.jpg,train,DAMIMAS_A21B_0071,0,0,0,1,3,3,0,0
DAMIMAS_A21B_0071_4.jpg,train,DAMIMAS_A21B_0071,0,0,0,1,4,3,0,0
DAMIMAS_A21B_0070_1.jpg,train,DAMIMAS_A21B_0070,0,0,0,0,3,3,1,2
DAMIMAS_A21B_0070_2.jpg,train,DAMIMAS_A21B_0070,0,0,0,0,2,2,1,1
DAMIMAS_A21B_0070_3.jpg,train,DAMIMAS_A21B_0070,0,0,0,0,3,3,0,1
DAMIMAS_A21B_0070_4.jpg,train,DAMIMAS_A21B_0070,0,0,0,0,3,3,1,2
DAMIMAS_A21B_0069_1.jpg,train,DAMIMAS_A21B_0069,1,1,0,0,1,3,1,1
DAMIMAS_A21B_0069_2.jpg,train,DAMIMAS_A21B_0069,1,1,1,1,3,2,0,0
DAMIMAS_A21B_0069_3.jpg,train,DAMIMAS_A21B_0069,0,0,0,1,2,4,0,0
DAMIMAS_A21B_0069_4.jpg,train,DAMIMAS_A21B_0069,0,1,0,0,5,3,1,1
DAMIMAS_A21B_0068_1.jpg,train,DAMIMAS_A21B_0068,0,0,1,2,1,1,1,0
DAMIMAS_A21B_0068_2.jpg,train,DAMIMAS_A21B_0068,1,1,1,2,3,1,2,2
DAMIMAS_A21B_0068_3.jpg,train,DAMIMAS_A21B_0068,1,1,0,1,3,2,1,1
DAMIMAS_A21B_0068_4.jpg,train,DAMIMAS_A21B_0068,0,0,1,2,4,2,0,0
DAMIMAS_A21B_0067_1.jpg,train,DAMIMAS_A21B_0067,0,2,3,1,4,2,1,1
DAMIMAS_A21B_0067_2.jpg,train,DAMIMAS_A21B_0067,1,2,2,1,2,2,2,1
DAMIMAS_A21B_0067_3.jpg,train,DAMIMAS_A21B_0067,1,2,1,0,2,5,1,0
DAMIMAS_A21B_0067_4.jpg,train,DAMIMAS_A21B_0067,0,1,0,0,2,4,0,1
DAMIMAS_A21B_0066_1.jpg,train,DAMIMAS_A21B_0066,1,1,2,1,3,2,1,2
DAMIMAS_A21B_0066_2.jpg,train,DAMIMAS_A21B_0066,0,1,2,1,1,2,2,2
DAMIMAS_A21B_0066_3.jpg,train,DAMIMAS_A21B_0066,0,1,2,1,2,3,2,2
DAMIMAS_A21B_0066_4.jpg,train,DAMIMAS_A21B_0066,1,1,2,1,4,3,2,3
DAMIMAS_A21B_0065_1.jpg,train,DAMIMAS_A21B_0065,1,1,0,0,4,4,0,1
DAMIMAS_A21B_0065_2.jpg,train,DAMIMAS_A21B_0065,2,1,1,1,2,2,0,2
DAMIMAS_A21B_0065_3.jpg,train,DAMIMAS_A21B_0065,1,1,2,1,2,2,1,2
DAMIMAS_A21B_0065_4.jpg,train,DAMIMAS_A21B_0065,1,2,0,0,2,4,0,1
DAMIMAS_A21B_0064_1.jpg,train,DAMIMAS_A21B_0064,0,0,0,0,2,3,0,0
DAMIMAS_A21B_0064_2.jpg,train,DAMIMAS_A21B_0064,0,0,0,1,3,3,1,0
DAMIMAS_A21B_0064_3.jpg,train,DAMIMAS_A21B_0064,0,0,1,1,2,2,0,0
DAMIMAS_A21B_0064_4.jpg,train,DAMIMAS_A21B_0064,0,0,1,1,2,2,0,0
DAMIMAS_A21B_0063_1.jpg,val,DAMIMAS_A21B_0063,1,1,0,1,4,2,0,0
DAMIMAS_A21B_0063_2.jpg,val,DAMIMAS_A21B_0063,1,2,1,1,2,2,0,0
DAMIMAS_A21B_0063_3.jpg,val,DAMIMAS_A21B_0063,1,1,0,0,4,3,0,0
DAMIMAS_A21B_0063_4.jpg,val,DAMIMAS_A21B_0063,0,0,0,0,5,3,0,0
DAMIMAS_A21B_0062_1.jpg,train,DAMIMAS_A21B_0062,0,0,1,1,2,2,0,1
DAMIMAS_A21B_0062_2.jpg,train,DAMIMAS_A21B_0062,0,0,1,1,1,1,0,0
DAMIMAS_A21B_0062_3.jpg,train,DAMIMAS_A21B_0062,1,0,1,2,3,2,0,0
DAMIMAS_A21B_0062_4.jpg,train,DAMIMAS_A21B_0062,0,0,1,2,3,2,2,2
DAMIMAS_A21B_0061_1.jpg,train,DAMIMAS_A21B_0061,1,1,1,0,3,5,0,0
DAMIMAS_A21B_0061_2.jpg,train,DAMIMAS_A21B_0061,0,1,0,0,3,4,1,0
DAMIMAS_A21B_0061_3.jpg,train,DAMIMAS_A21B_0061,0,0,0,0,5,4,1,1
DAMIMAS_A21B_0061_4.jpg,train,DAMIMAS_A21B_0061,0,0,0,0,6,4,0,1
DAMIMAS_A21B_0060_1.jpg,val,DAMIMAS_A21B_0060,0,0,0,0,2,3,0,1
DAMIMAS_A21B_0060_2.jpg,val,DAMIMAS_A21B_0060,0,0,1,1,3,3,1,0
DAMIMAS_A21B_0060_3.jpg,val,DAMIMAS_A21B_0060,0,0,0,1,3,3,1,0
DAMIMAS_A21B_0060_4.jpg,val,DAMIMAS_A21B_0060,0,0,0,0,5,3,1,1
DAMIMAS_A21B_0059_1.jpg,test,DAMIMAS_A21B_0059,1,1,1,0,2,2,0,0
DAMIMAS_A21B_0059_2.jpg,test,DAMIMAS_A21B_0059,0,1,0,0,2,1,0,0
DAMIMAS_A21B_0059_3.jpg,test,DAMIMAS_A21B_0059,0,0,1,1,2,1,0,0
DAMIMAS_A21B_0059_4.jpg,test,DAMIMAS_A21B_0059,0,1,0,1,2,1,0,0
DAMIMAS_A21B_0058_1.jpg,train,DAMIMAS_A21B_0058,0,1,0,0,1,2,0,0
DAMIMAS_A21B_0058_2.jpg,train,DAMIMAS_A21B_0058,0,0,1,1,2,2,1,1
DAMIMAS_A21B_0058_3.jpg,train,DAMIMAS_A21B_0058,0,1,1,1,1,1,0,2
DAMIMAS_A21B_0058_4.jpg,train,DAMIMAS_A21B_0058,0,1,1,0,4,2,0,1
DAMIMAS_A21B_0057_1.jpg,train,DAMIMAS_A21B_0057,0,1,0,1,2,3,0,1
DAMIMAS_A21B_0057_2.jpg,train,DAMIMAS_A21B_0057,0,1,1,1,2,2,1,2
DAMIMAS_A21B_0057_3.jpg,train,DAMIMAS_A21B_0057,0,1,1,0,4,3,0,3
DAMIMAS_A21B_0057_4.jpg,train,DAMIMAS_A21B_0057,0,1,1,0,0,3,0,1
DAMIMAS_A21B_0056_1.jpg,train,DAMIMAS_A21B_0056,0,1,0,0,4,2,1,1
DAMIMAS_A21B_0056_2.jpg,train,DAMIMAS_A21B_0056,0,1,1,0,3,1,0,2
DAMIMAS_A21B_0056_3.jpg,train,DAMIMAS_A21B_0056,0,0,1,1,3,1,0,1
DAMIMAS_A21B_0056_4.jpg,train,DAMIMAS_A21B_0056,0,0,1,1,4,3,0,0
DAMIMAS_A21B_0055_1.jpg,train,DAMIMAS_A21B_0055,0,0,1,1,3,4,1,0
DAMIMAS_A21B_0055_2.jpg,train,DAMIMAS_A21B_0055,1,1,1,1,6,4,1,0
DAMIMAS_A21B_0055_3.jpg,train,DAMIMAS_A21B_0055,1,1,1,1,4,3,0,1
DAMIMAS_A21B_0055_4.jpg,train,DAMIMAS_A21B_0055,0,0,1,2,6,2,1,1
DAMIMAS_A21B_0054_1.jpg,test,DAMIMAS_A21B_0054,0,0,0,1,3,3,2,2
DAMIMAS_A21B_0054_2.jpg,test,DAMIMAS_A21B_0054,0,0,1,1,5,2,1,2
DAMIMAS_A21B_0054_3.jpg,test,DAMIMAS_A21B_0054,0,0,2,2,1,1,0,1
DAMIMAS_A21B_0054_4.jpg,test,DAMIMAS_A21B_0054,0,0,1,1,2,3,0,1
DAMIMAS_A21B_0053_1.jpg,train,DAMIMAS_A21B_0053,0,0,0,0,1,3,0,0
DAMIMAS_A21B_0053_2.jpg,train,DAMIMAS_A21B_0053,0,0,0,1,4,2,1,1
DAMIMAS_A21B_0053_3.jpg,train,DAMIMAS_A21B_0053,0,0,1,1,2,1,1,1
DAMIMAS_A21B_0053_4.jpg,train,DAMIMAS_A21B_0053,0,0,1,1,3,3,2,1
DAMIMAS_A21B_0052_1.jpg,train,DAMIMAS_A21B_0052,0,1,1,2,1,4,0,0
DAMIMAS_A21B_0052_2.jpg,train,DAMIMAS_A21B_0052,1,1,2,1,4,2,0,0
DAMIMAS_A21B_0052_3.jpg,train,DAMIMAS_A21B_0052,1,1,1,0,5,5,0,0
DAMIMAS_A21B_0052_4.jpg,train,DAMIMAS_A21B_0052,0,1,1,2,5,4,1,1
DAMIMAS_A21B_0051_1.jpg,train,DAMIMAS_A21B_0051,0,0,0,1,4,4,1,1
DAMIMAS_A21B_0051_2.jpg,train,DAMIMAS_A21B_0051,0,0,0,0,3,5,1,1
DAMIMAS_A21B_0051_3.jpg,train,DAMIMAS_A21B_0051,0,0,0,0,3,5,2,2
DAMIMAS_A21B_0051_4.jpg,train,DAMIMAS_A21B_0051,0,0,1,1,4,3,2,2
DAMIMAS_A21B_0050_1.jpg,train,DAMIMAS_A21B_0050,0,1,1,0,1,1,0,1
DAMIMAS_A21B_0050_2.jpg,train,DAMIMAS_A21B_0050,0,1,0,0,2,2,0,1
DAMIMAS_A21B_0050_3.jpg,train,DAMIMAS_A21B_0050,1,1,0,0,3,2,0,1
DAMIMAS_A21B_0050_4.jpg,train,DAMIMAS_A21B_0050,0,1,1,0,3,2,0,1
DAMIMAS_A21B_0049_1.jpg,train,DAMIMAS_A21B_0049,0,0,0,0,2,2,2,1
DAMIMAS_A21B_0049_2.jpg,train,DAMIMAS_A21B_0049,0,0,0,0,3,3,1,1
DAMIMAS_A21B_0049_3.jpg,train,DAMIMAS_A21B_0049,0,0,0,0,1,2,0,1
DAMIMAS_A21B_0049_4.jpg,train,DAMIMAS_A21B_0049,0,0,0,0,3,2,1,1
DAMIMAS_A21B_0048_1.jpg,val,DAMIMAS_A21B_0048,0,0,1,0,3,3,1,1
DAMIMAS_A21B_0048_2.jpg,val,DAMIMAS_A21B_0048,0,0,0,0,6,4,1,0
DAMIMAS_A21B_0048_3.jpg,val,DAMIMAS_A21B_0048,0,0,0,0,3,3,2,1
DAMIMAS_A21B_0048_4.jpg,val,DAMIMAS_A21B_0048,0,0,1,1,4,2,1,3
DAMIMAS_A21B_0047_1.jpg,val,DAMIMAS_A21B_0047,0,0,1,1,3,2,1,1
DAMIMAS_A21B_0047_2.jpg,val,DAMIMAS_A21B_0047,0,0,0,0,2,2,1,1
DAMIMAS_A21B_0047_3.jpg,val,DAMIMAS_A21B_0047,0,0,0,1,1,2,0,0
DAMIMAS_A21B_0047_4.jpg,val,DAMIMAS_A21B_0047,0,0,1,1,3,2,0,0
DAMIMAS_A21B_0046_1.jpg,test,DAMIMAS_A21B_0046,0,0,0,0,3,2,0,2
DAMIMAS_A21B_0046_2.jpg,test,DAMIMAS_A21B_0046,0,0,0,0,2,2,1,2
DAMIMAS_A21B_0046_3.jpg,test,DAMIMAS_A21B_0046,0,0,0,0,0,2,0,1
DAMIMAS_A21B_0046_4.jpg,test,DAMIMAS_A21B_0046,0,0,0,0,3,1,1,2
DAMIMAS_A21B_0045_1.jpg,train,DAMIMAS_A21B_0045,0,1,1,0,4,4,2,3
DAMIMAS_A21B_0045_2.jpg,train,DAMIMAS_A21B_0045,0,1,1,0,4,4,0,2
DAMIMAS_A21B_0045_3.jpg,train,DAMIMAS_A21B_0045,0,0,0,0,4,6,1,1
DAMIMAS_A21B_0045_4.jpg,train,DAMIMAS_A21B_0045,0,0,0,0,4,6,1,1
DAMIMAS_A21B_0044_1.jpg,test,DAMIMAS_A21B_0044,0,1,1,0,3,3,1,0
DAMIMAS_A21B_0044_2.jpg,test,DAMIMAS_A21B_0044,0,1,1,1,3,2,0,0
DAMIMAS_A21B_0044_3.jpg,test,DAMIMAS_A21B_0044,0,1,2,1,3,1,0,1
DAMIMAS_A21B_0044_4.jpg,test,DAMIMAS_A21B_0044,0,1,1,0,2,2,0,1
DAMIMAS_A21B_0043_1.jpg,train,DAMIMAS_A21B_0043,1,1,1,1,4,4,0,0
DAMIMAS_A21B_0043_2.jpg,train,DAMIMAS_A21B_0043,0,0,2,3,5,3,0,0
DAMIMAS_A21B_0043_3.jpg,train,DAMIMAS_A21B_0043,0,0,1,2,3,3,0,0
DAMIMAS_A21B_0043_4.jpg,train,DAMIMAS_A21B_0043,1,2,1,0,4,4,0,0
DAMIMAS_A21B_0042_1.jpg,train,DAMIMAS_A21B_0042,1,1,1,1,4,2,0,0
DAMIMAS_A21B_0042_2.jpg,train,DAMIMAS_A21B_0042,1,1,0,1,4,0,0,1
DAMIMAS_A21B_0042_3.jpg,train,DAMIMAS_A21B_0042,2,2,1,0,3,2,0,1
DAMIMAS_A21B_0042_4.jpg,train,DAMIMAS_A21B_0042,1,1,0,0,0,2,0,0
DAMIMAS_A21B_0041_1.jpg,test,DAMIMAS_A21B_0041,0,1,0,1,3,3,1,1
DAMIMAS_A21B_0041_2.jpg,test,DAMIMAS_A21B_0041,0,0,1,1,1,4,0,0
DAMIMAS_A21B_0041_3.jpg,test,DAMIMAS_A21B_0041,1,1,0,2,4,1,0,2
DAMIMAS_A21B_0041_4.jpg,test,DAMIMAS_A21B_0041,1,1,0,1,2,2,2,2
DAMIMAS_A21B_0040_1.jpg,train,DAMIMAS_A21B_0040,0,1,1,1,3,2,0,2
DAMIMAS_A21B_0040_2.jpg,train,DAMIMAS_A21B_0040,1,1,1,0,4,3,2,1
DAMIMAS_A21B_0040_3.jpg,train,DAMIMAS_A21B_0040,0,1,1,1,2,2,2,1
DAMIMAS_A21B_0040_4.jpg,train,DAMIMAS_A21B_0040,0,1,1,1,2,1,2,2
DAMIMAS_A21B_0039_1.jpg,test,DAMIMAS_A21B_0039,1,1,0,3,3,0,0,0
DAMIMAS_A21B_0039_2.jpg,test,DAMIMAS_A21B_0039,0,0,0,3,5,1,0,0
DAMIMAS_A21B_0039_3.jpg,test,DAMIMAS_A21B_0039,1,1,1,1,2,2,1,0
DAMIMAS_A21B_0039_4.jpg,test,DAMIMAS_A21B_0039,1,1,1,2,3,0,0,0
DAMIMAS_A21B_0038_1.jpg,val,DAMIMAS_A21B_0038,0,1,1,0,4,2,2,2
DAMIMAS_A21B_0038_2.jpg,val,DAMIMAS_A21B_0038,0,1,0,0,4,3,2,1
DAMIMAS_A21B_0038_3.jpg,val,DAMIMAS_A21B_0038,1,1,1,0,3,2,3,2
DAMIMAS_A21B_0038_4.jpg,val,DAMIMAS_A21B_0038,0,1,0,0,3,2,3,3
DAMIMAS_A21B_0037_1.jpg,val,DAMIMAS_A21B_0037,0,0,2,1,2,3,0,1
DAMIMAS_A21B_0037_2.jpg,val,DAMIMAS_A21B_0037,0,0,0,2,4,3,0,1
DAMIMAS_A21B_0037_3.jpg,val,DAMIMAS_A21B_0037,0,0,0,1,3,2,2,2
DAMIMAS_A21B_0037_4.jpg,val,DAMIMAS_A21B_0037,0,0,0,1,3,3,1,1
DAMIMAS_A21B_0036_1.jpg,train,DAMIMAS_A21B_0036,0,0,1,0,3,4,2,0
DAMIMAS_A21B_0036_2.jpg,train,DAMIMAS_A21B_0036,0,0,0,1,3,2,1,0
DAMIMAS_A21B_0036_3.jpg,train,DAMIMAS_A21B_0036,0,0,0,1,5,3,1,0
DAMIMAS_A21B_0036_4.jpg,train,DAMIMAS_A21B_0036,0,0,2,0,3,4,1,0
DAMIMAS_A21B_0035_1.jpg,train,DAMIMAS_A21B_0035,0,0,0,1,0,2,0,0
DAMIMAS_A21B_0035_2.jpg,train,DAMIMAS_A21B_0035,0,0,0,2,3,2,0,0
DAMIMAS_A21B_0035_3.jpg,train,DAMIMAS_A21B_0035,0,0,0,2,3,0,0,0
DAMIMAS_A21B_0035_4.jpg,train,DAMIMAS_A21B_0035,0,0,0,4,4,0,0,0
DAMIMAS_A21B_0034_1.jpg,train,DAMIMAS_A21B_0034,0,0,0,0,0,1,0,3
DAMIMAS_A21B_0034_2.jpg,train,DAMIMAS_A21B_0034,0,0,0,0,1,2,1,1
DAMIMAS_A21B_0034_3.jpg,train,DAMIMAS_A21B_0034,0,0,0,1,3,2,1,1
DAMIMAS_A21B_0034_4.jpg,train,DAMIMAS_A21B_0034,0,0,0,1,3,1,2,3
DAMIMAS_A21B_0033_1.jpg,train,DAMIMAS_A21B_0033,0,0,0,0,2,4,1,0
DAMIMAS_A21B_0033_2.jpg,train,DAMIMAS_A21B_0033,0,0,0,0,1,4,0,1
DAMIMAS_A21B_0033_3.jpg,train,DAMIMAS_A21B_0033,0,0,0,0,3,4,0,1
DAMIMAS_A21B_0033_4.jpg,train,DAMIMAS_A21B_0033,0,0,0,0,3,4,1,0
DAMIMAS_A21B_0032_1.jpg,train,DAMIMAS_A21B_0032,1,1,0,0,4,3,0,1
DAMIMAS_A21B_0032_2.jpg,train,DAMIMAS_A21B_0032,0,1,0,0,4,3,1,1
DAMIMAS_A21B_0032_3.jpg,train,DAMIMAS_A21B_0032,1,1,0,1,3,2,2,2
DAMIMAS_A21B_0032_4.jpg,train,DAMIMAS_A21B_0032,1,1,0,1,2,2,1,2
DAMIMAS_A21B_0031_1.jpg,train,DAMIMAS_A21B_0031,0,0,0,0,5,3,2,2
DAMIMAS_A21B_0031_2.jpg,train,DAMIMAS_A21B_0031,0,0,0,0,2,3,0,1
DAMIMAS_A21B_0031_3.jpg,train,DAMIMAS_A21B_0031,0,0,0,1,4,2,1,0
DAMIMAS_A21B_0031_4.jpg,train,DAMIMAS_A21B_0031,0,0,0,1,1,0,0,0
DAMIMAS_A21B_0030_1.jpg,train,DAMIMAS_A21B_0030,0,0,0,0,3,2,2,1
DAMIMAS_A21B_0030_2.jpg,train,DAMIMAS_A21B_0030,0,0,0,0,2,2,1,1
DAMIMAS_A21B_0030_3.jpg,train,DAMIMAS_A21B_0030,0,0,1,0,6,2,1,2
DAMIMAS_A21B_0030_4.jpg,train,DAMIMAS_A21B_0030,0,0,0,0,3,3,0,0
DAMIMAS_A21B_0029_1.jpg,train,DAMIMAS_A21B_0029,1,1,1,1,2,3,1,1
DAMIMAS_A21B_0029_2.jpg,train,DAMIMAS_A21B_0029,0,0,0,2,3,2,0,2
DAMIMAS_A21B_0029_3.jpg,train,DAMIMAS_A21B_0029,1,0,1,2,2,2,1,1
DAMIMAS_A21B_0029_4.jpg,train,DAMIMAS_A21B_0029,0,1,1,1,4,3,1,1
DAMIMAS_A21B_0028_1.jpg,val,DAMIMAS_A21B_0028,0,0,0,0,2,2,1,3
DAMIMAS_A21B_0028_2.jpg,val,DAMIMAS_A21B_0028,0,0,0,0,5,4,1,2
DAMIMAS_A21B_0028_3.jpg,val,DAMIMAS_A21B_0028,0,0,0,0,3,3,2,3
DAMIMAS_A21B_0028_4.jpg,val,DAMIMAS_A21B_0028,0,0,1,1,3,2,0,1
DAMIMAS_A21B_0027_1.jpg,train,DAMIMAS_A21B_0027,2,1,0,0,2,3,0,0
DAMIMAS_A21B_0027_2.jpg,train,DAMIMAS_A21B_0027,1,2,1,0,1,3,2,2
DAMIMAS_A21B_0027_3.jpg,train,DAMIMAS_A21B_0027,0,2,2,0,2,2,1,1
DAMIMAS_A21B_0027_4.jpg,train,DAMIMAS_A21B_0027,1,2,1,0,1,3,0,0
DAMIMAS_A21B_0026_1.jpg,val,DAMIMAS_A21B_0026,0,0,0,0,3,2,1,1
DAMIMAS_A21B_0026_2.jpg,val,DAMIMAS_A21B_0026,0,0,0,1,2,1,1,1
DAMIMAS_A21B_0026_3.jpg,val,DAMIMAS_A21B_0026,0,0,1,1,2,2,1,1
DAMIMAS_A21B_0026_4.jpg,val,DAMIMAS_A21B_0026,0,0,0,0,2,3,0,0
DAMIMAS_A21B_0025_1.jpg,train,DAMIMAS_A21B_0025,0,1,1,0,1,2,0,0
DAMIMAS_A21B_0025_2.jpg,train,DAMIMAS_A21B_0025,1,1,1,0,1,2,0,0
DAMIMAS_A21B_0025_3.jpg,train,DAMIMAS_A21B_0025,1,1,1,1,2,1,0,0
DAMIMAS_A21B_0025_4.jpg,train,DAMIMAS_A21B_0025,0,0,0,1,3,2,1,0
DAMIMAS_A21B_0024_1.jpg,train,DAMIMAS_A21B_0024,0,1,1,0,3,3,0,1
DAMIMAS_A21B_0024_2.jpg,train,DAMIMAS_A21B_0024,0,0,0,0,7,4,1,1
DAMIMAS_A21B_0024_3.jpg,train,DAMIMAS_A21B_0024,0,1,1,0,2,2,1,2
DAMIMAS_A21B_0024_4.jpg,train,DAMIMAS_A21B_0024,0,1,1,0,2,2,1,2
DAMIMAS_A21B_0023_1.jpg,train,DAMIMAS_A21B_0023,1,1,0,1,2,1,0,0
DAMIMAS_A21B_0023_2.jpg,train,DAMIMAS_A21B_0023,0,1,1,1,2,2,0,0
DAMIMAS_A21B_0023_3.jpg,train,DAMIMAS_A21B_0023,1,0,1,2,1,3,0,0
DAMIMAS_A21B_0023_4.jpg,train,DAMIMAS_A21B_0023,0,0,1,2,3,2,0,0
DAMIMAS_A21B_0022_1.jpg,test,DAMIMAS_A21B_0022,0,0,0,0,2,3,1,2
DAMIMAS_A21B_0022_2.jpg,test,DAMIMAS_A21B_0022,0,0,0,0,3,4,0,1
DAMIMAS_A21B_0022_3.jpg,test,DAMIMAS_A21B_0022,0,0,0,1,5,2,0,0
DAMIMAS_A21B_0022_4.jpg,test,DAMIMAS_A21B_0022,0,0,0,1,1,1,0,1
DAMIMAS_A21B_0021_1.jpg,test,DAMIMAS_A21B_0021,0,1,1,0,1,3,2,1
DAMIMAS_A21B_0021_2.jpg,test,DAMIMAS_A21B_0021,0,2,2,0,2,1,0,1
DAMIMAS_A21B_0021_3.jpg,test,DAMIMAS_A21B_0021,0,2,1,0,3,2,1,2
DAMIMAS_A21B_0021_4.jpg,test,DAMIMAS_A21B_0021,0,1,1,0,6,3,2,2
DAMIMAS_A21B_0020_1.jpg,train,DAMIMAS_A21B_0020,0,0,1,1,2,1,0,2
DAMIMAS_A21B_0020_2.jpg,train,DAMIMAS_A21B_0020,0,0,0,1,4,2,0,1
DAMIMAS_A21B_0020_3.jpg,train,DAMIMAS_A21B_0020,0,1,0,0,2,2,0,1
DAMIMAS_A21B_0020_4.jpg,train,DAMIMAS_A21B_0020,1,1,1,0,2,2,0,1
DAMIMAS_A21B_0019_1.jpg,train,DAMIMAS_A21B_0019,0,1,1,0,3,3,2,2
DAMIMAS_A21B_0019_2.jpg,train,DAMIMAS_A21B_0019,1,2,2,0,5,4,1,1
DAMIMAS_A21B_0019_3.jpg,train,DAMIMAS_A21B_0019,0,1,1,0,3,4,1,1
DAMIMAS_A21B_0019_4.jpg,train,DAMIMAS_A21B_0019,0,0,0,0,3,4,1,2
DAMIMAS_A21B_0018_1.jpg,train,DAMIMAS_A21B_0018,0,1,1,0,3,2,0,0
DAMIMAS_A21B_0018_2.jpg,train,DAMIMAS_A21B_0018,0,0,0,0,2,2,0,1
DAMIMAS_A21B_0018_3.jpg,train,DAMIMAS_A21B_0018,0,0,0,0,2,2,0,1
DAMIMAS_A21B_0018_4.jpg,train,DAMIMAS_A21B_0018,0,1,1,0,1,1,0,0
DAMIMAS_A21B_0017_1.jpg,train,DAMIMAS_A21B_0017,0,0,0,0,1,2,1,3
DAMIMAS_A21B_0017_2.jpg,train,DAMIMAS_A21B_0017,0,0,0,0,4,2,1,2
DAMIMAS_A21B_0017_3.jpg,train,DAMIMAS_A21B_0017,0,0,1,1,2,1,0,2
DAMIMAS_A21B_0017_4.jpg,train,DAMIMAS_A21B_0017,0,0,0,1,2,1,1,2
DAMIMAS_A21B_0016_1.jpg,train,DAMIMAS_A21B_0016,0,0,0,0,3,3,0,0
DAMIMAS_A21B_0016_2.jpg,train,DAMIMAS_A21B_0016,0,0,0,0,2,2,0,0
DAMIMAS_A21B_0016_3.jpg,train,DAMIMAS_A21B_0016,0,0,0,0,1,1,0,0
DAMIMAS_A21B_0016_4.jpg,train,DAMIMAS_A21B_0016,0,1,1,0,1,1,1,0
DAMIMAS_A21B_0015_1.jpg,test,DAMIMAS_A21B_0015,0,1,0,0,2,4,1,2
DAMIMAS_A21B_0015_2.jpg,test,DAMIMAS_A21B_0015,1,1,1,0,4,4,0,1
DAMIMAS_A21B_0015_3.jpg,test,DAMIMAS_A21B_0015,0,1,1,1,4,3,0,1
DAMIMAS_A21B_0015_4.jpg,test,DAMIMAS_A21B_0015,0,0,0,1,2,3,1,3
DAMIMAS_A21B_0014_1.jpg,test,DAMIMAS_A21B_0014,0,0,1,1,6,1,1,3
DAMIMAS_A21B_0014_2.jpg,test,DAMIMAS_A21B_0014,0,0,0,1,6,3,1,1
DAMIMAS_A21B_0014_3.jpg,test,DAMIMAS_A21B_0014,0,1,1,0,3,3,1,0
DAMIMAS_A21B_0014_4.jpg,test,DAMIMAS_A21B_0014,0,1,1,0,2,1,1,2
DAMIMAS_A21B_0013_1.jpg,val,DAMIMAS_A21B_0013,0,0,0,1,1,1,0,2
DAMIMAS_A21B_0013_2.jpg,val,DAMIMAS_A21B_0013,0,0,0,0,2,3,1,1
DAMIMAS_A21B_0013_3.jpg,val,DAMIMAS_A21B_0013,0,0,0,0,1,3,0,2
DAMIMAS_A21B_0013_4.jpg,val,DAMIMAS_A21B_0013,0,0,0,1,2,1,0,2
DAMIMAS_A21B_0012_1.jpg,test,DAMIMAS_A21B_0012,0,1,0,0,1,2,0,1
DAMIMAS_A21B_0012_2.jpg,test,DAMIMAS_A21B_0012,0,0,0,0,1,2,0,0
DAMIMAS_A21B_0012_3.jpg,test,DAMIMAS_A21B_0012,0,1,0,1,3,2,1,1
DAMIMAS_A21B_0012_4.jpg,test,DAMIMAS_A21B_0012,1,1,1,1,2,1,1,2
DAMIMAS_A21B_0011_1.jpg,train,DAMIMAS_A21B_0011,1,1,0,0,0,2,0,0
DAMIMAS_A21B_0011_2.jpg,train,DAMIMAS_A21B_0011,0,0,0,0,1,4,0,1
DAMIMAS_A21B_0011_3.jpg,train,DAMIMAS_A21B_0011,0,0,0,0,2,2,0,0
DAMIMAS_A21B_0011_4.jpg,train,DAMIMAS_A21B_0011,0,1,1,0,1,2,0,0
DAMIMAS_A21B_0010_1.jpg,train,DAMIMAS_A21B_0010,0,0,2,2,3,2,0,2
DAMIMAS_A21B_0010_2.jpg,train,DAMIMAS_A21B_0010,0,0,1,1,3,3,1,2
DAMIMAS_A21B_0010_3.jpg,train,DAMIMAS_A21B_0010,0,0,1,1,3,3,1,1
DAMIMAS_A21B_0010_4.jpg,train,DAMIMAS_A21B_0010,0,0,1,1,3,3,0,1
DAMIMAS_A21B_0009_1.jpg,train,DAMIMAS_A21B_0009,0,0,0,0,1,1,0,1
DAMIMAS_A21B_0009_2.jpg,train,DAMIMAS_A21B_0009,0,0,0,0,2,2,0,1
DAMIMAS_A21B_0009_3.jpg,train,DAMIMAS_A21B_0009,0,0,0,0,3,1,0,1
DAMIMAS_A21B_0009_4.jpg,train,DAMIMAS_A21B_0009,0,0,0,0,1,2,0,1
DAMIMAS_A21B_0008_1.jpg,train,DAMIMAS_A21B_0008,0,0,0,2,2,2,2,0
DAMIMAS_A21B_0008_2.jpg,train,DAMIMAS_A21B_0008,0,1,1,3,2,2,1,0
DAMIMAS_A21B_0008_3.jpg,train,DAMIMAS_A21B_0008,1,2,1,1,2,2,2,0
DAMIMAS_A21B_0008_4.jpg,train,DAMIMAS_A21B_0008,0,1,2,0,1,2,0,0
DAMIMAS_A21B_0007_1.jpg,train,DAMIMAS_A21B_0007,1,2,2,1,5,3,1,1
DAMIMAS_A21B_0007_2.jpg,train,DAMIMAS_A21B_0007,0,2,2,0,5,4,1,2
DAMIMAS_A21B_0007_3.jpg,train,DAMIMAS_A21B_0007,0,1,0,2,4,3,1,1
DAMIMAS_A21B_0007_4.jpg,train,DAMIMAS_A21B_0007,0,1,1,1,5,4,2,1
DAMIMAS_A21B_0006_1.jpg,train,DAMIMAS_A21B_0006,0,0,0,0,2,2,0,2
DAMIMAS_A21B_0006_2.jpg,train,DAMIMAS_A21B_0006,0,0,0,0,2,2,1,1
DAMIMAS_A21B_0006_3.jpg,train,DAMIMAS_A21B_0006,0,1,1,0,3,2,1,1
DAMIMAS_A21B_0006_4.jpg,train,DAMIMAS_A21B_0006,1,1,1,0,3,2,2,2
DAMIMAS_A21B_0005_1.jpg,test,DAMIMAS_A21B_0005,0,1,0,1,4,2,1,0
DAMIMAS_A21B_0005_2.jpg,test,DAMIMAS_A21B_0005,0,0,1,1,2,1,0,0
DAMIMAS_A21B_0005_3.jpg,test,DAMIMAS_A21B_0005,0,0,0,2,3,2,1,1
DAMIMAS_A21B_0005_4.jpg,test,DAMIMAS_A21B_0005,0,1,1,2,3,1,1,1
DAMIMAS_A21B_0004_1.jpg,train,DAMIMAS_A21B_0004,0,0,0,0,2,4,0,0
DAMIMAS_A21B_0004_2.jpg,train,DAMIMAS_A21B_0004,0,0,0,0,0,3,0,0
DAMIMAS_A21B_0004_3.jpg,train,DAMIMAS_A21B_0004,0,0,0,0,2,4,0,0
DAMIMAS_A21B_0004_4.jpg,train,DAMIMAS_A21B_0004,0,0,1,0,3,4,0,0
DAMIMAS_A21B_0003_1.jpg,train,DAMIMAS_A21B_0003,0,1,2,1,2,3,0,0
DAMIMAS_A21B_0003_2.jpg,train,DAMIMAS_A21B_0003,0,1,0,1,2,3,1,0
DAMIMAS_A21B_0003_3.jpg,train,DAMIMAS_A21B_0003,0,0,0,1,3,3,0,1
DAMIMAS_A21B_0003_4.jpg,train,DAMIMAS_A21B_0003,1,0,2,2,2,2,1,1
DAMIMAS_A21B_0002_1.jpg,train,DAMIMAS_A21B_0002,0,1,0,0,2,4,1,1
DAMIMAS_A21B_0002_2.jpg,train,DAMIMAS_A21B_0002,0,1,0,0,4,2,2,3
DAMIMAS_A21B_0002_3.jpg,train,DAMIMAS_A21B_0002,0,1,0,0,5,3,0,4
DAMIMAS_A21B_0002_4.jpg,train,DAMIMAS_A21B_0002,0,1,1,0,2,2,1,2
DAMIMAS_A21B_0001_1.jpg,train,DAMIMAS_A21B_0001,0,0,0,2,2,3,0,0
DAMIMAS_A21B_0001_2.jpg,train,DAMIMAS_A21B_0001,0,0,0,1,3,3,1,0
DAMIMAS_A21B_0001_3.jpg,train,DAMIMAS_A21B_0001,0,1,1,1,4,2,0,0
DAMIMAS_A21B_0001_4.jpg,train,DAMIMAS_A21B_0001,1,1,0,1,2,2,0,0
