{
  "B1": {
    "y_mean": 0.4493425743944637,
    "y_std": 0.08546135608879094,
    "y_min": 0.155894,
    "y_max": 0.637028
  },
  "B2": {
    "y_mean": 0.41037236736842103,
    "y_std": 0.08559580636407732,
    "y_min": 0.074905,
    "y_max": 0.617708
  },
  "B3": {
    "y_mean": 0.3741577702044791,
    "y_std": 0.09884020369647777,
    "y_min": 0.034989,
    "y_max": 0.634762
  },
  "B4": {
    "y_mean": 0.30878680871670705,
    "y_std": 0.10225816059271761,
    "y_min": 0.037109,
    "y_max": 0.560937
  }
}