tree_id,split,domain,link_id,sideA,bboxIdA,sideB,bboxIdB,is_loop_across_sides
DAMIMAS_A21B_0001,train,DAMIMAS,lnk-0,0,b3,1,b0,0
DAMIMAS_A21B_0001,train,DAMIMAS,lnk-1,0,b4,1,b1,0
DAMIMAS_A21B_0001,train,DAMIMAS,lnk-2,1,b1,2,b2,0
DAMIMAS_A21B_0001,train,DAMIMAS,lnk-3,1,b2,2,b3,0
DAMIMAS_A21B_0001,train,DAMIMAS,lnk-4,2,b3,3,b3,0
DAMIMAS_A21B_0001,train,DAMIMAS,lnk-5,1,b3,2,b0,0
DAMIMAS_A21B_0001,train,DAMIMAS,lnk-6,2,b1,3,b0,0
DAMIMAS_A21B_0001,train,DAMIMAS,lnk-7,3,b2,0,b1,0
DAMIMAS_A21B_0001,train,DAMIMAS,lnk-8,3,b1,0,b0,0
DAMIMAS_A21B_0002,train,DAMIMAS,lnk-0,0,b0,1,b3,0
DAMIMAS_A21B_0002,train,DAMIMAS,lnk-1,0,b4,1,b0,0
DAMIMAS_A21B_0002,train,DAMIMAS,lnk-2,1,b0,2,b2,0
DAMIMAS_A21B_0002,train,DAMIMAS,lnk-3,0,b1,1,b4,0
DAMIMAS_A21B_0002,train,DAMIMAS,lnk-4,1,b4,2,b3,0
DAMIMAS_A21B_0002,train,DAMIMAS,lnk-5,1,b1,2,b5,0
DAMIMAS_A21B_0002,train,DAMIMAS,lnk-6,1,b2,2,b6,0
DAMIMAS_A21B_0002,train,DAMIMAS,lnk-7,2,b6,3,b3,0
DAMIMAS_A21B_0002,train,DAMIMAS,lnk-8,1,b5,2,b0,0
DAMIMAS_A21B_0002,train,DAMIMAS,lnk-9,2,b0,3,b0,0
DAMIMAS_A21B_0002,train,DAMIMAS,lnk-10,3,b0,0,b2,0
DAMIMAS_A21B_0002,train,DAMIMAS,lnk-11,2,b7,3,b4,0
DAMIMAS_A21B_0002,train,DAMIMAS,lnk-12,2,b1,3,b1,0
DAMIMAS_A21B_0003,train,DAMIMAS,lnk-0,0,b0,1,b0,0
DAMIMAS_A21B_0003,train,DAMIMAS,lnk-1,0,b2,1,b2,0
DAMIMAS_A21B_0003,train,DAMIMAS,lnk-2,1,b3,2,b0,0
DAMIMAS_A21B_0003,train,DAMIMAS,lnk-3,1,b4,2,b1,0
DAMIMAS_A21B_0003,train,DAMIMAS,lnk-4,1,b1,2,b4,0
DAMIMAS_A21B_0003,train,DAMIMAS,lnk-5,2,b4,3,b0,0
DAMIMAS_A21B_0003,train,DAMIMAS,lnk-6,2,b2,3,b4,0
DAMIMAS_A21B_0003,train,DAMIMAS,lnk-7,2,b3,3,b1,0
DAMIMAS_A21B_0003,train,DAMIMAS,lnk-8,3,b1,0,b4,0
DAMIMAS_A21B_0003,train,DAMIMAS,lnk-9,3,b3,0,b1,0
DAMIMAS_A21B_0003,train,DAMIMAS,lnk-10,3,b2,0,b3,0
DAMIMAS_A21B_0004,train,DAMIMAS,lnk-0,0,b0,1,b1,0
DAMIMAS_A21B_0004,train,DAMIMAS,lnk-1,0,b1,1,b2,0
DAMIMAS_A21B_0004,train,DAMIMAS,lnk-2,1,b0,2,b2,0
DAMIMAS_A21B_0004,train,DAMIMAS,lnk-3,2,b0,3,b0,0
DAMIMAS_A21B_0004,train,DAMIMAS,lnk-4,2,b3,3,b1,0
DAMIMAS_A21B_0004,train,DAMIMAS,lnk-5,3,b2,0,b3,0
DAMIMAS_A21B_0004,train,DAMIMAS,lnk-6,3,b3,0,b2,0
DAMIMAS_A21B_0005,test,DAMIMAS,lnk-0,0,b2,1,b0,0
DAMIMAS_A21B_0005,test,DAMIMAS,lnk-1,1,b0,2,b3,0
DAMIMAS_A21B_0005,test,DAMIMAS,lnk-2,1,b1,2,b1,0
DAMIMAS_A21B_0005,test,DAMIMAS,lnk-3,2,b1,3,b4,0
DAMIMAS_A21B_0005,test,DAMIMAS,lnk-4,2,b0,3,b2,0
DAMIMAS_A21B_0005,test,DAMIMAS,lnk-5,3,b0,0,b3,0
DAMIMAS_A21B_0005,test,DAMIMAS,lnk-6,3,b1,0,b0,0
DAMIMAS_A21B_0006,train,DAMIMAS,lnk-0,0,b1,1,b2,0
DAMIMAS_A21B_0006,train,DAMIMAS,lnk-1,1,b2,2,b3,0
DAMIMAS_A21B_0006,train,DAMIMAS,lnk-2,0,b2,1,b0,0
DAMIMAS_A21B_0006,train,DAMIMAS,lnk-3,1,b0,2,b1,0
DAMIMAS_A21B_0006,train,DAMIMAS,lnk-4,2,b0,3,b0,0
DAMIMAS_A21B_0006,train,DAMIMAS,lnk-5,3,b3,0,b3,0
DAMIMAS_A21B_0006,train,DAMIMAS,lnk-6,3,b2,0,b0,0
DAMIMAS_A21B_0007,train,DAMIMAS,lnk-0,0,b1,1,b2,0
DAMIMAS_A21B_0007,train,DAMIMAS,lnk-1,0,b3,1,b4,0
DAMIMAS_A21B_0007,train,DAMIMAS,lnk-2,0,b2,1,b7,0
DAMIMAS_A21B_0007,train,DAMIMAS,lnk-3,1,b0,2,b0,0
DAMIMAS_A21B_0007,train,DAMIMAS,lnk-4,1,b1,2,b3,0
DAMIMAS_A21B_0007,train,DAMIMAS,lnk-5,1,b6,2,b6,0
DAMIMAS_A21B_0007,train,DAMIMAS,lnk-6,2,b1,3,b3,0
DAMIMAS_A21B_0007,train,DAMIMAS,lnk-7,2,b5,3,b4,0
DAMIMAS_A21B_0007,train,DAMIMAS,lnk-8,2,b4,3,b6,0
DAMIMAS_A21B_0007,train,DAMIMAS,lnk-9,3,b0,0,b0,0
DAMIMAS_A21B_0007,train,DAMIMAS,lnk-10,3,b1,0,b6,0
DAMIMAS_A21B_0007,train,DAMIMAS,lnk-11,3,b2,0,b4,0
DAMIMAS_A21B_0008,train,DAMIMAS,lnk-0,0,b2,1,b4,0
DAMIMAS_A21B_0008,train,DAMIMAS,lnk-1,0,b3,1,b3,0
DAMIMAS_A21B_0008,train,DAMIMAS,lnk-2,0,b1,1,b5,0
DAMIMAS_A21B_0008,train,DAMIMAS,lnk-3,1,b0,2,b0,0
DAMIMAS_A21B_0008,train,DAMIMAS,lnk-4,1,b1,2,b2,0
DAMIMAS_A21B_0008,train,DAMIMAS,lnk-5,1,b2,2,b4,0
DAMIMAS_A21B_0008,train,DAMIMAS,lnk-6,2,b1,3,b0,0
DAMIMAS_A21B_0008,train,DAMIMAS,lnk-7,2,b3,3,b2,0
DAMIMAS_A21B_0008,train,DAMIMAS,lnk-8,3,b1,0,b0,0
DAMIMAS_A21B_0009,train,DAMIMAS,lnk-0,0,b0,1,b0,0
DAMIMAS_A21B_0009,train,DAMIMAS,lnk-1,1,b1,2,b0,0
DAMIMAS_A21B_0009,train,DAMIMAS,lnk-2,1,b2,2,b1,0
DAMIMAS_A21B_0009,train,DAMIMAS,lnk-3,2,b1,3,b2,0
DAMIMAS_A21B_0010,train,DAMIMAS,lnk-0,0,b0,1,b0,0
DAMIMAS_A21B_0010,train,DAMIMAS,lnk-1,1,b0,2,b0,0
DAMIMAS_A21B_0010,train,DAMIMAS,lnk-2,0,b3,1,b1,0
DAMIMAS_A21B_0010,train,DAMIMAS,lnk-3,0,b4,1,b4,0
DAMIMAS_A21B_0010,train,DAMIMAS,lnk-4,1,b3,2,b2,0
DAMIMAS_A21B_0010,train,DAMIMAS,lnk-5,1,b2,2,b1,0
DAMIMAS_A21B_0010,train,DAMIMAS,lnk-6,2,b1,3,b3,0
DAMIMAS_A21B_0010,train,DAMIMAS,lnk-7,1,b5,2,b4,0
DAMIMAS_A21B_0010,train,DAMIMAS,lnk-8,2,b3,3,b2,0
DAMIMAS_A21B_0010,train,DAMIMAS,lnk-9,3,b0,0,b1,0
DAMIMAS_A21B_0010,train,DAMIMAS,lnk-10,3,b4,0,b5,0
DAMIMAS_A21B_0011,train,DAMIMAS,lnk-0,0,b1,1,b0,0
DAMIMAS_A21B_0011,train,DAMIMAS,lnk-1,3,b1,0,b1,0
DAMIMAS_A21B_0011,train,DAMIMAS,lnk-2,0,b2,1,b3,0
DAMIMAS_A21B_0011,train,DAMIMAS,lnk-3,1,b4,2,b0,0
DAMIMAS_A21B_0011,train,DAMIMAS,lnk-4,1,b1,2,b1,0
DAMIMAS_A21B_0011,train,DAMIMAS,lnk-5,2,b1,3,b2,0
DAMIMAS_A21B_0011,train,DAMIMAS,lnk-6,3,b0,0,b0,0
DAMIMAS_A21B_0012,test,DAMIMAS,lnk-0,0,b2,1,b0,0
DAMIMAS_A21B_0012,test,DAMIMAS,lnk-1,1,b1,2,b2,0
DAMIMAS_A21B_0012,test,DAMIMAS,lnk-2,2,b0,3,b0,0
DAMIMAS_A21B_0012,test,DAMIMAS,lnk-3,3,b0,0,b0,0
DAMIMAS_A21B_0012,test,DAMIMAS,lnk-4,2,b4,3,b3,0
DAMIMAS_A21B_0012,test,DAMIMAS,lnk-5,3,b3,0,b3,0
DAMIMAS_A21B_0012,test,DAMIMAS,lnk-6,3,b2,0,b1,0
DAMIMAS_A21B_0013,val,DAMIMAS,lnk-0,0,b1,1,b2,0
DAMIMAS_A21B_0013,val,DAMIMAS,lnk-1,1,b1,2,b0,0
DAMIMAS_A21B_0013,val,DAMIMAS,lnk-2,1,b0,2,b1,0
DAMIMAS_A21B_0013,val,DAMIMAS,lnk-3,1,b3,2,b2,0
DAMIMAS_A21B_0013,val,DAMIMAS,lnk-4,2,b4,3,b0,0
DAMIMAS_A21B_0013,val,DAMIMAS,lnk-5,2,b3,3,b3,0
DAMIMAS_A21B_0013,val,DAMIMAS,lnk-6,3,b1,0,b2,0
DAMIMAS_A21B_0013,val,DAMIMAS,lnk-7,3,b2,0,b3,0
DAMIMAS_A21B_0014,test,DAMIMAS,lnk-0,0,b1,1,b1,0
DAMIMAS_A21B_0014,test,DAMIMAS,lnk-1,0,b4,1,b3,0
DAMIMAS_A21B_0014,test,DAMIMAS,lnk-2,0,b0,1,b0,0
DAMIMAS_A21B_0014,test,DAMIMAS,lnk-3,1,b2,2,b3,0
DAMIMAS_A21B_0014,test,DAMIMAS,lnk-4,1,b4,2,b2,0
DAMIMAS_A21B_0014,test,DAMIMAS,lnk-5,2,b1,3,b1,0
DAMIMAS_A21B_0014,test,DAMIMAS,lnk-6,2,b0,3,b0,0
DAMIMAS_A21B_0014,test,DAMIMAS,lnk-7,3,b3,0,b2,0
DAMIMAS_A21B_0014,test,DAMIMAS,lnk-8,3,b2,0,b3,0
DAMIMAS_A21B_0015,test,DAMIMAS,lnk-0,0,b0,1,b0,0
DAMIMAS_A21B_0015,test,DAMIMAS,lnk-1,1,b0,2,b0,0
DAMIMAS_A21B_0015,test,DAMIMAS,lnk-2,0,b5,1,b5,0
DAMIMAS_A21B_0015,test,DAMIMAS,lnk-3,0,b2,1,b3,0
DAMIMAS_A21B_0015,test,DAMIMAS,lnk-4,0,b1,1,b1,0
DAMIMAS_A21B_0015,test,DAMIMAS,lnk-5,1,b4,2,b4,0
DAMIMAS_A21B_0015,test,DAMIMAS,lnk-6,1,b2,2,b1,0
DAMIMAS_A21B_0015,test,DAMIMAS,lnk-7,2,b2,3,b2,0
DAMIMAS_A21B_0015,test,DAMIMAS,lnk-8,2,b3,3,b0,0
DAMIMAS_A21B_0015,test,DAMIMAS,lnk-9,2,b5,3,b3,0
DAMIMAS_A21B_0015,test,DAMIMAS,lnk-10,3,b1,0,b3,0
DAMIMAS_A21B_0015,test,DAMIMAS,lnk-11,3,b6,0,b4,0
DAMIMAS_A21B_0015,test,DAMIMAS,lnk-12,3,b5,0,b6,0
DAMIMAS_A21B_0016,train,DAMIMAS,lnk-0,0,b1,1,b0,0
DAMIMAS_A21B_0016,train,DAMIMAS,lnk-1,1,b1,2,b0,0
DAMIMAS_A21B_0016,train,DAMIMAS,lnk-2,3,b1,0,b0,0
DAMIMAS_A21B_0017,train,DAMIMAS,lnk-0,0,b0,1,b2,0
DAMIMAS_A21B_0017,train,DAMIMAS,lnk-1,0,b2,1,b1,0
DAMIMAS_A21B_0017,train,DAMIMAS,lnk-2,1,b0,2,b2,0
DAMIMAS_A21B_0017,train,DAMIMAS,lnk-3,2,b0,3,b0,0
DAMIMAS_A21B_0017,train,DAMIMAS,lnk-4,2,b3,3,b2,0
DAMIMAS_A21B_0017,train,DAMIMAS,lnk-5,3,b2,0,b4,0
DAMIMAS_A21B_0017,train,DAMIMAS,lnk-6,1,b3,2,b1,0
DAMIMAS_A21B_0017,train,DAMIMAS,lnk-7,3,b1,0,b1,0
DAMIMAS_A21B_0017,train,DAMIMAS,lnk-8,3,b3,0,b3,0
DAMIMAS_A21B_0018,train,DAMIMAS,lnk-0,0,b2,1,b2,0
DAMIMAS_A21B_0018,train,DAMIMAS,lnk-1,0,b1,1,b0,0
DAMIMAS_A21B_0018,train,DAMIMAS,lnk-2,1,b0,2,b0,0
DAMIMAS_A21B_0018,train,DAMIMAS,lnk-3,1,b1,2,b2,0
DAMIMAS_A21B_0018,train,DAMIMAS,lnk-4,2,b1,3,b1,0
DAMIMAS_A21B_0018,train,DAMIMAS,lnk-5,3,b0,0,b0,0
DAMIMAS_A21B_0019,train,DAMIMAS,lnk-0,0,b0,1,b0,0
DAMIMAS_A21B_0019,train,DAMIMAS,lnk-1,0,b2,1,b2,0
DAMIMAS_A21B_0019,train,DAMIMAS,lnk-2,0,b3,1,b6,0
DAMIMAS_A21B_0019,train,DAMIMAS,lnk-3,0,b4,1,b5,0
DAMIMAS_A21B_0019,train,DAMIMAS,lnk-4,1,b3,2,b1,0
DAMIMAS_A21B_0019,train,DAMIMAS,lnk-5,1,b1,2,b0,0
DAMIMAS_A21B_0019,train,DAMIMAS,lnk-6,1,b4,2,b4,0
DAMIMAS_A21B_0019,train,DAMIMAS,lnk-7,2,b3,3,b3,0
DAMIMAS_A21B_0019,train,DAMIMAS,lnk-8,2,b2,3,b0,0
DAMIMAS_A21B_0019,train,DAMIMAS,lnk-9,2,b5,3,b4,0
DAMIMAS_A21B_0019,train,DAMIMAS,lnk-10,3,b5,0,b5,0
DAMIMAS_A21B_0019,train,DAMIMAS,lnk-11,3,b1,0,b1,0
DAMIMAS_A21B_0020,train,DAMIMAS,lnk-0,0,b0,1,b0,0
DAMIMAS_A21B_0020,train,DAMIMAS,lnk-1,1,b1,2,b2,0
DAMIMAS_A21B_0020,train,DAMIMAS,lnk-2,1,b2,2,b3,0
DAMIMAS_A21B_0020,train,DAMIMAS,lnk-3,2,b1,3,b2,0
DAMIMAS_A21B_0020,train,DAMIMAS,lnk-4,2,b0,3,b1,0
DAMIMAS_A21B_0020,train,DAMIMAS,lnk-5,3,b0,0,b3,0
DAMIMAS_A21B_0020,train,DAMIMAS,lnk-6,3,b3,0,b2,0
DAMIMAS_A21B_0021,test,DAMIMAS,lnk-0,0,b0,1,b0,0
DAMIMAS_A21B_0021,test,DAMIMAS,lnk-1,1,b1,2,b0,0
DAMIMAS_A21B_0021,test,DAMIMAS,lnk-2,1,b3,2,b5,0
DAMIMAS_A21B_0021,test,DAMIMAS,lnk-3,2,b1,3,b0,0
DAMIMAS_A21B_0021,test,DAMIMAS,lnk-4,2,b2,3,b2,0
DAMIMAS_A21B_0021,test,DAMIMAS,lnk-5,2,b3,3,b1,0
DAMIMAS_A21B_0021,test,DAMIMAS,lnk-6,3,b4,0,b2,0
DAMIMAS_A21B_0021,test,DAMIMAS,lnk-7,3,b3,0,b1,0
DAMIMAS_A21B_0021,test,DAMIMAS,lnk-8,3,b5,0,b3,0
DAMIMAS_A21B_0022,test,DAMIMAS,lnk-0,0,b4,1,b1,0
DAMIMAS_A21B_0022,test,DAMIMAS,lnk-1,0,b0,1,b2,0
DAMIMAS_A21B_0022,test,DAMIMAS,lnk-2,0,b2,1,b3,0
DAMIMAS_A21B_0022,test,DAMIMAS,lnk-3,1,b0,2,b2,0
DAMIMAS_A21B_0022,test,DAMIMAS,lnk-4,1,b4,2,b0,0
DAMIMAS_A21B_0022,test,DAMIMAS,lnk-5,2,b1,3,b0,0
DAMIMAS_A21B_0022,test,DAMIMAS,lnk-6,3,b1,0,b1,0
DAMIMAS_A21B_0022,test,DAMIMAS,lnk-7,3,b2,0,b3,0
DAMIMAS_A21B_0023,train,DAMIMAS,lnk-0,0,b0,1,b0,0
DAMIMAS_A21B_0023,train,DAMIMAS,lnk-1,0,b1,1,b1,0
DAMIMAS_A21B_0023,train,DAMIMAS,lnk-2,1,b3,2,b0,0
DAMIMAS_A21B_0023,train,DAMIMAS,lnk-3,1,b2,2,b1,0
DAMIMAS_A21B_0023,train,DAMIMAS,lnk-4,2,b3,3,b0,0
DAMIMAS_A21B_0023,train,DAMIMAS,lnk-5,2,b4,3,b1,0
DAMIMAS_A21B_0023,train,DAMIMAS,lnk-6,3,b3,0,b2,0
DAMIMAS_A21B_0024,train,DAMIMAS,lnk-0,0,b4,1,b4,0
DAMIMAS_A21B_0024,train,DAMIMAS,lnk-1,3,b1,0,b4,0
DAMIMAS_A21B_0024,train,DAMIMAS,lnk-2,0,b0,1,b1,0
DAMIMAS_A21B_0024,train,DAMIMAS,lnk-3,1,b0,2,b1,0
DAMIMAS_A21B_0024,train,DAMIMAS,lnk-4,1,b3,2,b3,0
DAMIMAS_A21B_0024,train,DAMIMAS,lnk-5,2,b0,3,b0,0
DAMIMAS_A21B_0024,train,DAMIMAS,lnk-6,3,b0,0,b1,0
DAMIMAS_A21B_0024,train,DAMIMAS,lnk-7,2,b4,3,b4,0
DAMIMAS_A21B_0024,train,DAMIMAS,lnk-8,3,b3,0,b3,0
DAMIMAS_A21B_0024,train,DAMIMAS,lnk-9,3,b2,0,b2,0
DAMIMAS_A21B_0025,train,DAMIMAS,lnk-0,0,b1,1,b2,0
DAMIMAS_A21B_0025,train,DAMIMAS,lnk-1,0,b0,1,b0,0
DAMIMAS_A21B_0025,train,DAMIMAS,lnk-2,1,b0,2,b0,0
DAMIMAS_A21B_0025,train,DAMIMAS,lnk-3,2,b2,3,b1,0
DAMIMAS_A21B_0025,train,DAMIMAS,lnk-4,2,b1,3,b2,0
DAMIMAS_A21B_0026,val,DAMIMAS,lnk-0,0,b2,1,b1,0
DAMIMAS_A21B_0026,val,DAMIMAS,lnk-1,0,b1,1,b2,0
DAMIMAS_A21B_0026,val,DAMIMAS,lnk-2,1,b0,2,b0,0
DAMIMAS_A21B_0026,val,DAMIMAS,lnk-3,2,b1,3,b2,0
DAMIMAS_A21B_0026,val,DAMIMAS,lnk-4,2,b2,3,b1,0
DAMIMAS_A21B_0026,val,DAMIMAS,lnk-5,3,b0,0,b0,0
DAMIMAS_A21B_0027,train,DAMIMAS,lnk-0,0,b0,1,b0,0
DAMIMAS_A21B_0027,train,DAMIMAS,lnk-1,3,b0,0,b0,0
DAMIMAS_A21B_0027,train,DAMIMAS,lnk-2,0,b1,1,b1,0
DAMIMAS_A21B_0027,train,DAMIMAS,lnk-3,0,b3,1,b4,0
DAMIMAS_A21B_0027,train,DAMIMAS,lnk-4,1,b2,2,b0,0
DAMIMAS_A21B_0027,train,DAMIMAS,lnk-5,1,b6,2,b4,0
DAMIMAS_A21B_0027,train,DAMIMAS,lnk-6,2,b1,3,b3,0
DAMIMAS_A21B_0027,train,DAMIMAS,lnk-7,2,b2,3,b4,0
DAMIMAS_A21B_0027,train,DAMIMAS,lnk-8,2,b3,3,b2,0
DAMIMAS_A21B_0027,train,DAMIMAS,lnk-9,3,b1,0,b2,0
DAMIMAS_A21B_0028,val,DAMIMAS,lnk-0,0,b4,1,b0,0
DAMIMAS_A21B_0028,val,DAMIMAS,lnk-1,0,b3,1,b4,0
DAMIMAS_A21B_0028,val,DAMIMAS,lnk-2,1,b1,2,b0,0
DAMIMAS_A21B_0028,val,DAMIMAS,lnk-3,1,b5,2,b5,0
DAMIMAS_A21B_0028,val,DAMIMAS,lnk-4,1,b2,2,b1,0
DAMIMAS_A21B_0028,val,DAMIMAS,lnk-5,1,b3,2,b4,0
DAMIMAS_A21B_0028,val,DAMIMAS,lnk-6,2,b4,3,b0,0
DAMIMAS_A21B_0028,val,DAMIMAS,lnk-7,2,b2,3,b3,0
DAMIMAS_A21B_0028,val,DAMIMAS,lnk-8,3,b1,0,b1,0
DAMIMAS_A21B_0029,train,DAMIMAS,lnk-0,1,b4,2,b0,0
DAMIMAS_A21B_0029,train,DAMIMAS,lnk-1,0,b4,1,b4,0
DAMIMAS_A21B_0029,train,DAMIMAS,lnk-2,0,b3,1,b2,0
DAMIMAS_A21B_0029,train,DAMIMAS,lnk-3,0,b2,1,b3,0
DAMIMAS_A21B_0029,train,DAMIMAS,lnk-4,1,b5,2,b1,0
DAMIMAS_A21B_0029,train,DAMIMAS,lnk-5,1,b1,2,b4,0
DAMIMAS_A21B_0029,train,DAMIMAS,lnk-6,2,b4,3,b5,0
DAMIMAS_A21B_0029,train,DAMIMAS,lnk-7,1,b0,2,b2,0
DAMIMAS_A21B_0029,train,DAMIMAS,lnk-8,2,b2,3,b3,0
DAMIMAS_A21B_0029,train,DAMIMAS,lnk-9,2,b3,3,b4,0
DAMIMAS_A21B_0029,train,DAMIMAS,lnk-10,3,b1,0,b5,0
DAMIMAS_A21B_0029,train,DAMIMAS,lnk-11,3,b2,0,b1,0
DAMIMAS_A21B_0029,train,DAMIMAS,lnk-12,3,b0,0,b0,0
DAMIMAS_A21B_0030,train,DAMIMAS,lnk-0,0,b0,1,b0,0
DAMIMAS_A21B_0030,train,DAMIMAS,lnk-1,1,b2,2,b2,0
DAMIMAS_A21B_0030,train,DAMIMAS,lnk-2,2,b1,3,b0,0
DAMIMAS_A21B_0030,train,DAMIMAS,lnk-3,2,b0,3,b1,0
DAMIMAS_A21B_0030,train,DAMIMAS,lnk-4,3,b1,0,b1,0
DAMIMAS_A21B_0031,train,DAMIMAS,lnk-0,0,b2,1,b1,0
DAMIMAS_A21B_0031,train,DAMIMAS,lnk-1,0,b1,1,b0,0
DAMIMAS_A21B_0031,train,DAMIMAS,lnk-2,1,b0,2,b2,0
DAMIMAS_A21B_0031,train,DAMIMAS,lnk-3,0,b4,1,b3,0
DAMIMAS_A21B_0031,train,DAMIMAS,lnk-4,1,b2,2,b1,0
DAMIMAS_A21B_0031,train,DAMIMAS,lnk-5,2,b0,3,b0,0
DAMIMAS_A21B_0032,train,DAMIMAS,lnk-0,0,b2,1,b3,0
DAMIMAS_A21B_0032,train,DAMIMAS,lnk-1,0,b1,1,b1,0
DAMIMAS_A21B_0032,train,DAMIMAS,lnk-2,1,b0,2,b5,0
DAMIMAS_A21B_0032,train,DAMIMAS,lnk-3,1,b2,2,b4,0
DAMIMAS_A21B_0032,train,DAMIMAS,lnk-4,1,b4,2,b0,0
DAMIMAS_A21B_0032,train,DAMIMAS,lnk-5,2,b3,3,b4,0
DAMIMAS_A21B_0032,train,DAMIMAS,lnk-6,2,b2,3,b3,0
DAMIMAS_A21B_0032,train,DAMIMAS,lnk-7,2,b1,3,b2,0
DAMIMAS_A21B_0032,train,DAMIMAS,lnk-8,3,b0,0,b0,0
DAMIMAS_A21B_0032,train,DAMIMAS,lnk-9,3,b5,0,b4,0
DAMIMAS_A21B_0032,train,DAMIMAS,lnk-10,3,b1,0,b3,0
DAMIMAS_A21B_0033,train,DAMIMAS,lnk-0,0,b0,1,b0,0
DAMIMAS_A21B_0033,train,DAMIMAS,lnk-1,0,b1,1,b3,0
DAMIMAS_A21B_0033,train,DAMIMAS,lnk-2,1,b1,2,b0,0
DAMIMAS_A21B_0033,train,DAMIMAS,lnk-3,1,b2,2,b1,0
DAMIMAS_A21B_0033,train,DAMIMAS,lnk-4,2,b4,3,b3,0
DAMIMAS_A21B_0033,train,DAMIMAS,lnk-5,2,b2,3,b2,0
DAMIMAS_A21B_0033,train,DAMIMAS,lnk-6,3,b0,0,b3,0
DAMIMAS_A21B_0033,train,DAMIMAS,lnk-7,3,b1,0,b2,0
DAMIMAS_A21B_0034,train,DAMIMAS,lnk-0,0,b0,1,b0,0
DAMIMAS_A21B_0034,train,DAMIMAS,lnk-1,0,b1,1,b1,0
DAMIMAS_A21B_0034,train,DAMIMAS,lnk-2,1,b2,2,b0,0
DAMIMAS_A21B_0034,train,DAMIMAS,lnk-3,2,b2,3,b0,0
DAMIMAS_A21B_0034,train,DAMIMAS,lnk-4,2,b1,3,b1,0
DAMIMAS_A21B_0034,train,DAMIMAS,lnk-5,2,b3,3,b3,0
DAMIMAS_A21B_0035,train,DAMIMAS,lnk-0,0,b0,1,b3,0
DAMIMAS_A21B_0035,train,DAMIMAS,lnk-1,0,b2,1,b2,0
DAMIMAS_A21B_0035,train,DAMIMAS,lnk-2,1,b0,2,b1,0
DAMIMAS_A21B_0035,train,DAMIMAS,lnk-3,2,b0,3,b1,0
DAMIMAS_A21B_0036,train,DAMIMAS,lnk-0,0,b0,1,b1,0
DAMIMAS_A21B_0036,train,DAMIMAS,lnk-1,0,b1,1,b2,0
DAMIMAS_A21B_0036,train,DAMIMAS,lnk-2,1,b0,2,b3,0
DAMIMAS_A21B_0036,train,DAMIMAS,lnk-3,2,b1,3,b3,0
DAMIMAS_A21B_0036,train,DAMIMAS,lnk-4,2,b0,3,b2,0
DAMIMAS_A21B_0036,train,DAMIMAS,lnk-5,3,b1,0,b3,0
DAMIMAS_A21B_0036,train,DAMIMAS,lnk-6,3,b0,0,b2,0
DAMIMAS_A21B_0037,val,DAMIMAS,lnk-0,0,b1,1,b0,0
DAMIMAS_A21B_0037,val,DAMIMAS,lnk-1,0,b2,1,b2,0
DAMIMAS_A21B_0037,val,DAMIMAS,lnk-2,1,b3,2,b4,0
DAMIMAS_A21B_0037,val,DAMIMAS,lnk-3,1,b4,2,b1,0
DAMIMAS_A21B_0037,val,DAMIMAS,lnk-4,2,b1,3,b0,0
DAMIMAS_A21B_0037,val,DAMIMAS,lnk-5,1,b1,2,b0,0
DAMIMAS_A21B_0037,val,DAMIMAS,lnk-6,2,b2,3,b3,0
DAMIMAS_A21B_0037,val,DAMIMAS,lnk-7,2,b3,3,b2,0
DAMIMAS_A21B_0037,val,DAMIMAS,lnk-8,3,b1,0,b0,0
DAMIMAS_A21B_0037,val,DAMIMAS,lnk-9,3,b4,0,b4,0
DAMIMAS_A21B_0038,val,DAMIMAS,lnk-0,0,b0,1,b0,0
DAMIMAS_A21B_0038,val,DAMIMAS,lnk-1,0,b3,1,b3,0
DAMIMAS_A21B_0038,val,DAMIMAS,lnk-2,3,b2,0,b3,0
DAMIMAS_A21B_0038,val,DAMIMAS,lnk-3,0,b1,1,b2,0
DAMIMAS_A21B_0038,val,DAMIMAS,lnk-4,1,b4,2,b2,0
DAMIMAS_A21B_0038,val,DAMIMAS,lnk-5,1,b1,2,b1,0
DAMIMAS_A21B_0038,val,DAMIMAS,lnk-6,2,b0,3,b0,0
DAMIMAS_A21B_0038,val,DAMIMAS,lnk-7,3,b3,0,b2,0
DAMIMAS_A21B_0038,val,DAMIMAS,lnk-8,3,b4,0,b4,0
DAMIMAS_A21B_0039,test,DAMIMAS,lnk-0,0,b1,1,b0,0
DAMIMAS_A21B_0039,test,DAMIMAS,lnk-1,0,b2,1,b1,0
DAMIMAS_A21B_0039,test,DAMIMAS,lnk-2,2,b0,3,b0,0
DAMIMAS_A21B_0039,test,DAMIMAS,lnk-3,1,b2,2,b3,0
DAMIMAS_A21B_0039,test,DAMIMAS,lnk-4,1,b3,2,b2,0
DAMIMAS_A21B_0039,test,DAMIMAS,lnk-5,3,b2,0,b3,0
DAMIMAS_A21B_0040,train,DAMIMAS,lnk-0,0,b0,1,b0,0
DAMIMAS_A21B_0040,train,DAMIMAS,lnk-1,0,b5,1,b4,0
DAMIMAS_A21B_0040,train,DAMIMAS,lnk-2,0,b4,1,b1,0
DAMIMAS_A21B_0040,train,DAMIMAS,lnk-3,1,b2,2,b1,0
DAMIMAS_A21B_0040,train,DAMIMAS,lnk-4,1,b3,2,b3,0
DAMIMAS_A21B_0040,train,DAMIMAS,lnk-5,2,b0,3,b0,0
DAMIMAS_A21B_0040,train,DAMIMAS,lnk-6,2,b4,3,b4,0
DAMIMAS_A21B_0040,train,DAMIMAS,lnk-7,3,b1,0,b1,0
DAMIMAS_A21B_0040,train,DAMIMAS,lnk-8,3,b2,0,b2,0
DAMIMAS_A21B_0040,train,DAMIMAS,lnk-9,3,b3,0,b3,0
DAMIMAS_A21B_0041,test,DAMIMAS,lnk-0,0,b3,1,b1,0
DAMIMAS_A21B_0041,test,DAMIMAS,lnk-1,0,b4,1,b4,0
DAMIMAS_A21B_0041,test,DAMIMAS,lnk-2,1,b0,2,b2,0
DAMIMAS_A21B_0041,test,DAMIMAS,lnk-3,1,b3,2,b3,0
DAMIMAS_A21B_0041,test,DAMIMAS,lnk-4,2,b1,3,b1,0
DAMIMAS_A21B_0041,test,DAMIMAS,lnk-5,2,b0,3,b0,0
DAMIMAS_A21B_0041,test,DAMIMAS,lnk-6,2,b5,3,b3,0
DAMIMAS_A21B_0041,test,DAMIMAS,lnk-7,3,b3,0,b1,0
DAMIMAS_A21B_0041,test,DAMIMAS,lnk-8,3,b2,0,b5,0
DAMIMAS_A21B_0042,train,DAMIMAS,lnk-0,0,b1,1,b1,0
DAMIMAS_A21B_0042,train,DAMIMAS,lnk-1,1,b0,2,b1,0
DAMIMAS_A21B_0042,train,DAMIMAS,lnk-2,1,b2,2,b4,0
DAMIMAS_A21B_0042,train,DAMIMAS,lnk-3,2,b0,3,b0,0
DAMIMAS_A21B_0042,train,DAMIMAS,lnk-4,3,b0,0,b0,0
DAMIMAS_A21B_0042,train,DAMIMAS,lnk-5,2,b2,3,b1,0
DAMIMAS_A21B_0042,train,DAMIMAS,lnk-6,3,b2,0,b3,0
DAMIMAS_A21B_0043,train,DAMIMAS,lnk-0,0,b1,1,b0,0
DAMIMAS_A21B_0043,train,DAMIMAS,lnk-1,3,b1,0,b1,0
DAMIMAS_A21B_0043,train,DAMIMAS,lnk-2,0,b3,1,b5,0
DAMIMAS_A21B_0043,train,DAMIMAS,lnk-3,0,b2,1,b1,0
DAMIMAS_A21B_0043,train,DAMIMAS,lnk-4,1,b1,2,b0,0
DAMIMAS_A21B_0043,train,DAMIMAS,lnk-5,1,b2,2,b1,0
DAMIMAS_A21B_0043,train,DAMIMAS,lnk-6,1,b3,2,b4,0
DAMIMAS_A21B_0043,train,DAMIMAS,lnk-7,2,b2,3,b4,0
DAMIMAS_A21B_0043,train,DAMIMAS,lnk-8,2,b3,3,b3,0
DAMIMAS_A21B_0043,train,DAMIMAS,lnk-9,3,b3,0,b4,0
DAMIMAS_A21B_0043,train,DAMIMAS,lnk-10,3,b0,0,b0,0
DAMIMAS_A21B_0043,train,DAMIMAS,lnk-11,3,b5,0,b5,0
DAMIMAS_A21B_0044,test,DAMIMAS,lnk-0,0,b0,1,b0,0
DAMIMAS_A21B_0044,test,DAMIMAS,lnk-1,0,b2,1,b3,0
DAMIMAS_A21B_0044,test,DAMIMAS,lnk-2,1,b2,2,b2,0
DAMIMAS_A21B_0044,test,DAMIMAS,lnk-3,1,b1,2,b1,0
DAMIMAS_A21B_0044,test,DAMIMAS,lnk-4,2,b0,3,b2,0
DAMIMAS_A21B_0044,test,DAMIMAS,lnk-5,2,b3,3,b3,0
DAMIMAS_A21B_0044,test,DAMIMAS,lnk-6,3,b1,0,b1,0
DAMIMAS_A21B_0044,test,DAMIMAS,lnk-7,3,b0,0,b3,0
DAMIMAS_A21B_0045,train,DAMIMAS,lnk-0,0,b0,1,b0,0
DAMIMAS_A21B_0045,train,DAMIMAS,lnk-1,0,b5,1,b5,0
DAMIMAS_A21B_0045,train,DAMIMAS,lnk-2,0,b6,1,b4,0
DAMIMAS_A21B_0045,train,DAMIMAS,lnk-3,0,b7,1,b6,0
DAMIMAS_A21B_0045,train,DAMIMAS,lnk-4,1,b3,2,b5,0
DAMIMAS_A21B_0045,train,DAMIMAS,lnk-5,1,b1,2,b4,0
DAMIMAS_A21B_0045,train,DAMIMAS,lnk-6,1,b2,2,b6,0
DAMIMAS_A21B_0045,train,DAMIMAS,lnk-7,2,b0,3,b4,0
DAMIMAS_A21B_0045,train,DAMIMAS,lnk-8,2,b1,3,b6,0
DAMIMAS_A21B_0045,train,DAMIMAS,lnk-9,2,b2,3,b3,0
DAMIMAS_A21B_0045,train,DAMIMAS,lnk-10,3,b5,0,b3,0
DAMIMAS_A21B_0045,train,DAMIMAS,lnk-11,3,b0,0,b4,0
DAMIMAS_A21B_0045,train,DAMIMAS,lnk-12,3,b1,0,b1,0
DAMIMAS_A21B_0045,train,DAMIMAS,lnk-13,3,b2,0,b2,0
DAMIMAS_A21B_0046,test,DAMIMAS,lnk-0,0,b0,1,b2,0
DAMIMAS_A21B_0046,test,DAMIMAS,lnk-1,0,b2,1,b0,0
DAMIMAS_A21B_0046,test,DAMIMAS,lnk-2,1,b1,2,b0,0
DAMIMAS_A21B_0046,test,DAMIMAS,lnk-3,1,b3,2,b1,0
DAMIMAS_A21B_0046,test,DAMIMAS,lnk-4,2,b1,3,b1,0
DAMIMAS_A21B_0046,test,DAMIMAS,lnk-5,2,b2,3,b0,0
DAMIMAS_A21B_0046,test,DAMIMAS,lnk-6,3,b0,0,b1,0
DAMIMAS_A21B_0046,test,DAMIMAS,lnk-7,3,b2,0,b3,0
DAMIMAS_A21B_0047,val,DAMIMAS,lnk-0,0,b2,1,b0,0
DAMIMAS_A21B_0047,val,DAMIMAS,lnk-1,0,b3,1,b1,0
DAMIMAS_A21B_0047,val,DAMIMAS,lnk-2,1,b2,2,b2,0
DAMIMAS_A21B_0047,val,DAMIMAS,lnk-3,2,b1,3,b1,0
DAMIMAS_A21B_0047,val,DAMIMAS,lnk-4,2,b0,3,b0,0
DAMIMAS_A21B_0047,val,DAMIMAS,lnk-5,3,b0,0,b0,0
DAMIMAS_A21B_0047,val,DAMIMAS,lnk-6,3,b2,0,b1,0
DAMIMAS_A21B_0048,val,DAMIMAS,lnk-0,0,b0,1,b0,0
DAMIMAS_A21B_0048,val,DAMIMAS,lnk-1,3,b0,0,b0,0
DAMIMAS_A21B_0048,val,DAMIMAS,lnk-2,0,b1,1,b1,0
DAMIMAS_A21B_0048,val,DAMIMAS,lnk-3,1,b2,2,b1,0
DAMIMAS_A21B_0048,val,DAMIMAS,lnk-4,1,b3,2,b0,0
DAMIMAS_A21B_0048,val,DAMIMAS,lnk-5,2,b0,3,b1,0
DAMIMAS_A21B_0048,val,DAMIMAS,lnk-6,2,b3,3,b4,0
DAMIMAS_A21B_0048,val,DAMIMAS,lnk-7,3,b5,0,b3,0
DAMIMAS_A21B_0049,train,DAMIMAS,lnk-0,0,b0,1,b3,0
DAMIMAS_A21B_0049,train,DAMIMAS,lnk-1,0,b1,1,b0,0
DAMIMAS_A21B_0049,train,DAMIMAS,lnk-2,1,b0,2,b2,0
DAMIMAS_A21B_0049,train,DAMIMAS,lnk-3,2,b0,3,b2,0
DAMIMAS_A21B_0049,train,DAMIMAS,lnk-4,3,b0,0,b2,0
DAMIMAS_A21B_0050,train,DAMIMAS,lnk-0,0,b1,1,b1,0
DAMIMAS_A21B_0050,train,DAMIMAS,lnk-1,1,b0,2,b0,0
DAMIMAS_A21B_0050,train,DAMIMAS,lnk-2,1,b2,2,b1,0
DAMIMAS_A21B_0050,train,DAMIMAS,lnk-3,1,b3,2,b2,0
DAMIMAS_A21B_0050,train,DAMIMAS,lnk-4,2,b2,3,b1,0
DAMIMAS_A21B_0050,train,DAMIMAS,lnk-5,2,b3,3,b2,0
DAMIMAS_A21B_0050,train,DAMIMAS,lnk-6,3,b0,0,b0,0
DAMIMAS_A21B_0050,train,DAMIMAS,lnk-7,3,b3,0,b2,0
DAMIMAS_A21B_0051,train,DAMIMAS,lnk-0,0,b1,1,b4,0
DAMIMAS_A21B_0051,train,DAMIMAS,lnk-1,0,b0,1,b0,0
DAMIMAS_A21B_0051,train,DAMIMAS,lnk-2,1,b3,2,b5,0
DAMIMAS_A21B_0051,train,DAMIMAS,lnk-3,1,b1,2,b0,0
DAMIMAS_A21B_0051,train,DAMIMAS,lnk-4,1,b2,2,b3,0
DAMIMAS_A21B_0051,train,DAMIMAS,lnk-5,2,b2,3,b3,0
DAMIMAS_A21B_0051,train,DAMIMAS,lnk-6,2,b1,3,b1,0
DAMIMAS_A21B_0051,train,DAMIMAS,lnk-7,2,b6,3,b5,0
DAMIMAS_A21B_0051,train,DAMIMAS,lnk-8,2,b4,3,b4,0
DAMIMAS_A21B_0051,train,DAMIMAS,lnk-9,3,b0,0,b5,0
DAMIMAS_A21B_0051,train,DAMIMAS,lnk-10,3,b2,0,b4,0
DAMIMAS_A21B_0052,train,DAMIMAS,lnk-0,0,b0,1,b1,0
DAMIMAS_A21B_0052,train,DAMIMAS,lnk-1,0,b5,1,b3,0
DAMIMAS_A21B_0052,train,DAMIMAS,lnk-2,1,b2,2,b4,0
DAMIMAS_A21B_0052,train,DAMIMAS,lnk-3,1,b0,2,b0,0
DAMIMAS_A21B_0052,train,DAMIMAS,lnk-4,2,b0,3,b6,0
DAMIMAS_A21B_0052,train,DAMIMAS,lnk-5,2,b2,3,b5,0
DAMIMAS_A21B_0052,train,DAMIMAS,lnk-6,2,b1,3,b4,0
DAMIMAS_A21B_0052,train,DAMIMAS,lnk-7,3,b0,0,b2,0
DAMIMAS_A21B_0052,train,DAMIMAS,lnk-8,3,b2,0,b4,0
DAMIMAS_A21B_0052,train,DAMIMAS,lnk-9,3,b1,0,b6,0
DAMIMAS_A21B_0053,train,DAMIMAS,lnk-0,0,b0,1,b1,0
DAMIMAS_A21B_0053,train,DAMIMAS,lnk-1,1,b3,2,b2,0
DAMIMAS_A21B_0053,train,DAMIMAS,lnk-2,2,b0,3,b0,0
DAMIMAS_A21B_0053,train,DAMIMAS,lnk-3,2,b1,3,b1,0
DAMIMAS_A21B_0053,train,DAMIMAS,lnk-4,3,b2,0,b2,0
DAMIMAS_A21B_0053,train,DAMIMAS,lnk-5,3,b3,0,b1,0
DAMIMAS_A21B_0054,test,DAMIMAS,lnk-0,0,b0,1,b1,0
DAMIMAS_A21B_0054,test,DAMIMAS,lnk-1,0,b5,1,b2,0
DAMIMAS_A21B_0054,test,DAMIMAS,lnk-2,1,b3,2,b0,0
DAMIMAS_A21B_0054,test,DAMIMAS,lnk-3,2,b1,3,b0,0
DAMIMAS_A21B_0054,test,DAMIMAS,lnk-4,3,b0,0,b2,0
DAMIMAS_A21B_0054,test,DAMIMAS,lnk-5,2,b2,3,b2,0
DAMIMAS_A21B_0054,test,DAMIMAS,lnk-6,3,b2,0,b3,0
DAMIMAS_A21B_0054,test,DAMIMAS,lnk-7,3,b4,0,b1,0
DAMIMAS_A21B_0054,test,DAMIMAS,lnk-8,3,b3,0,b4,0
DAMIMAS_A21B_0055,train,DAMIMAS,lnk-0,0,b0,1,b0,0
DAMIMAS_A21B_0055,train,DAMIMAS,lnk-1,0,b1,1,b2,0
DAMIMAS_A21B_0055,train,DAMIMAS,lnk-2,0,b4,1,b5,0
DAMIMAS_A21B_0055,train,DAMIMAS,lnk-3,1,b1,2,b0,0
DAMIMAS_A21B_0055,train,DAMIMAS,lnk-4,1,b4,2,b5,0
DAMIMAS_A21B_0055,train,DAMIMAS,lnk-5,1,b3,2,b3,0
DAMIMAS_A21B_0055,train,DAMIMAS,lnk-6,2,b1,3,b0,0
DAMIMAS_A21B_0055,train,DAMIMAS,lnk-7,2,b2,3,b2,0
DAMIMAS_A21B_0055,train,DAMIMAS,lnk-8,3,b3,0,b2,0
DAMIMAS_A21B_0056,train,DAMIMAS,lnk-0,0,b0,1,b1,0
DAMIMAS_A21B_0056,train,DAMIMAS,lnk-1,0,b1,1,b3,0
DAMIMAS_A21B_0056,train,DAMIMAS,lnk-2,1,b2,2,b1,0
DAMIMAS_A21B_0056,train,DAMIMAS,lnk-3,2,b0,3,b2,0
DAMIMAS_A21B_0056,train,DAMIMAS,lnk-4,2,b2,3,b3,0
DAMIMAS_A21B_0056,train,DAMIMAS,lnk-5,3,b1,0,b3,0
DAMIMAS_A21B_0056,train,DAMIMAS,lnk-6,3,b0,0,b2,0
DAMIMAS_A21B_0057,train,DAMIMAS,lnk-0,0,b1,1,b1,0
DAMIMAS_A21B_0057,train,DAMIMAS,lnk-1,0,b2,1,b0,0
DAMIMAS_A21B_0057,train,DAMIMAS,lnk-2,0,b3,1,b5,0
DAMIMAS_A21B_0057,train,DAMIMAS,lnk-3,0,b0,1,b4,0
DAMIMAS_A21B_0057,train,DAMIMAS,lnk-4,1,b2,2,b6,0
DAMIMAS_A21B_0057,train,DAMIMAS,lnk-5,1,b3,2,b5,0
DAMIMAS_A21B_0057,train,DAMIMAS,lnk-6,2,b0,3,b0,0
DAMIMAS_A21B_0057,train,DAMIMAS,lnk-7,2,b3,3,b1,0
DAMIMAS_A21B_0057,train,DAMIMAS,lnk-8,2,b2,3,b2,0
DAMIMAS_A21B_0057,train,DAMIMAS,lnk-9,3,b3,0,b5,0
DAMIMAS_A21B_0057,train,DAMIMAS,lnk-10,2,b1,3,b4,0
DAMIMAS_A21B_0058,train,DAMIMAS,lnk-0,0,b1,1,b3,0
DAMIMAS_A21B_0058,train,DAMIMAS,lnk-1,3,b3,0,b1,0
DAMIMAS_A21B_0058,train,DAMIMAS,lnk-2,0,b2,1,b1,0
DAMIMAS_A21B_0058,train,DAMIMAS,lnk-3,1,b0,2,b0,0
DAMIMAS_A21B_0058,train,DAMIMAS,lnk-4,1,b2,2,b4,0
DAMIMAS_A21B_0058,train,DAMIMAS,lnk-5,2,b2,3,b1,0
DAMIMAS_A21B_0058,train,DAMIMAS,lnk-6,2,b3,3,b2,0
DAMIMAS_A21B_0058,train,DAMIMAS,lnk-7,2,b1,3,b0,0
DAMIMAS_A21B_0058,train,DAMIMAS,lnk-8,3,b0,0,b0,0
DAMIMAS_A21B_0059,test,DAMIMAS,lnk-0,0,b0,1,b0,0
DAMIMAS_A21B_0059,test,DAMIMAS,lnk-1,3,b1,0,b0,0
DAMIMAS_A21B_0059,test,DAMIMAS,lnk-2,0,b1,1,b1,0
DAMIMAS_A21B_0059,test,DAMIMAS,lnk-3,1,b1,2,b1,0
DAMIMAS_A21B_0059,test,DAMIMAS,lnk-4,2,b0,3,b0,0
DAMIMAS_A21B_0059,test,DAMIMAS,lnk-5,3,b2,0,b2,0
DAMIMAS_A21B_0060,val,DAMIMAS,lnk-0,0,b2,1,b3,0
DAMIMAS_A21B_0060,val,DAMIMAS,lnk-1,3,b2,0,b2,0
DAMIMAS_A21B_0060,val,DAMIMAS,lnk-2,0,b1,1,b2,0
DAMIMAS_A21B_0060,val,DAMIMAS,lnk-3,3,b3,0,b1,0
DAMIMAS_A21B_0060,val,DAMIMAS,lnk-4,0,b0,1,b1,0
DAMIMAS_A21B_0060,val,DAMIMAS,lnk-5,1,b1,2,b3,0
DAMIMAS_A21B_0060,val,DAMIMAS,lnk-6,1,b0,2,b0,0
DAMIMAS_A21B_0060,val,DAMIMAS,lnk-7,2,b2,3,b0,0
DAMIMAS_A21B_0060,val,DAMIMAS,lnk-8,3,b1,0,b3,0
DAMIMAS_A21B_0061,train,DAMIMAS,lnk-0,0,b0,1,b0,0
DAMIMAS_A21B_0061,train,DAMIMAS,lnk-1,0,b1,1,b3,0
DAMIMAS_A21B_0061,train,DAMIMAS,lnk-2,1,b1,2,b0,0
DAMIMAS_A21B_0061,train,DAMIMAS,lnk-3,1,b2,2,b4,0
DAMIMAS_A21B_0061,train,DAMIMAS,lnk-4,2,b1,3,b4,0
DAMIMAS_A21B_0061,train,DAMIMAS,lnk-5,2,b3,3,b2,0
DAMIMAS_A21B_0061,train,DAMIMAS,lnk-6,3,b2,0,b4,0
DAMIMAS_A21B_0061,train,DAMIMAS,lnk-7,2,b2,3,b3,0
DAMIMAS_A21B_0061,train,DAMIMAS,lnk-8,3,b1,0,b5,0
DAMIMAS_A21B_0061,train,DAMIMAS,lnk-9,3,b0,0,b3,0
DAMIMAS_A21B_0061,train,DAMIMAS,lnk-10,0,b2,1,b4,0
DAMIMAS_A21B_0062,train,DAMIMAS,lnk-0,0,b2,1,b1,0
DAMIMAS_A21B_0062,train,DAMIMAS,lnk-1,1,b1,2,b3,0
DAMIMAS_A21B_0062,train,DAMIMAS,lnk-2,1,b0,2,b0,0
DAMIMAS_A21B_0062,train,DAMIMAS,lnk-3,2,b0,3,b0,0
DAMIMAS_A21B_0062,train,DAMIMAS,lnk-4,2,b1,3,b2,0
DAMIMAS_A21B_0062,train,DAMIMAS,lnk-5,2,b2,3,b1,0
DAMIMAS_A21B_0062,train,DAMIMAS,lnk-6,3,b1,0,b0,0
DAMIMAS_A21B_0062,train,DAMIMAS,lnk-7,3,b5,0,b1,0
DAMIMAS_A21B_0062,train,DAMIMAS,lnk-8,3,b3,0,b3,0
DAMIMAS_A21B_0063,val,DAMIMAS,lnk-0,0,b0,1,b1,0
DAMIMAS_A21B_0063,val,DAMIMAS,lnk-1,0,b3,1,b4,0
DAMIMAS_A21B_0063,val,DAMIMAS,lnk-2,0,b2,1,b2,0
DAMIMAS_A21B_0063,val,DAMIMAS,lnk-3,1,b3,2,b3,0
DAMIMAS_A21B_0063,val,DAMIMAS,lnk-4,1,b0,2,b0,0
DAMIMAS_A21B_0063,val,DAMIMAS,lnk-5,2,b1,3,b2,0
DAMIMAS_A21B_0063,val,DAMIMAS,lnk-6,2,b2,3,b0,0
DAMIMAS_A21B_0063,val,DAMIMAS,lnk-7,3,b1,0,b1,0
DAMIMAS_A21B_0064,train,DAMIMAS,lnk-0,0,b0,1,b3,0
DAMIMAS_A21B_0064,train,DAMIMAS,lnk-1,0,b1,1,b2,0
DAMIMAS_A21B_0064,train,DAMIMAS,lnk-2,1,b1,2,b2,0
DAMIMAS_A21B_0064,train,DAMIMAS,lnk-3,1,b0,2,b0,0
DAMIMAS_A21B_0064,train,DAMIMAS,lnk-4,2,b0,3,b0,0
DAMIMAS_A21B_0064,train,DAMIMAS,lnk-5,2,b1,3,b2,0
DAMIMAS_A21B_0064,train,DAMIMAS,lnk-6,3,b1,0,b2,0
DAMIMAS_A21B_0065,train,DAMIMAS,lnk-0,0,b0,1,b0,0
DAMIMAS_A21B_0065,train,DAMIMAS,lnk-1,3,b2,0,b0,0
DAMIMAS_A21B_0065,train,DAMIMAS,lnk-2,0,b4,1,b2,0
DAMIMAS_A21B_0065,train,DAMIMAS,lnk-3,0,b3,1,b1,0
DAMIMAS_A21B_0065,train,DAMIMAS,lnk-4,1,b3,2,b1,0
DAMIMAS_A21B_0065,train,DAMIMAS,lnk-5,1,b5,2,b4,0
DAMIMAS_A21B_0065,train,DAMIMAS,lnk-6,1,b4,2,b5,0
DAMIMAS_A21B_0065,train,DAMIMAS,lnk-7,2,b2,3,b6,0
DAMIMAS_A21B_0065,train,DAMIMAS,lnk-8,2,b3,3,b5,0
DAMIMAS_A21B_0065,train,DAMIMAS,lnk-9,2,b0,3,b0,0
DAMIMAS_A21B_0065,train,DAMIMAS,lnk-10,3,b1,0,b2,0
DAMIMAS_A21B_0065,train,DAMIMAS,lnk-11,3,b3,0,b1,0
DAMIMAS_A21B_0065,train,DAMIMAS,lnk-12,3,b4,0,b5,0
DAMIMAS_A21B_0066,train,DAMIMAS,lnk-0,0,b0,1,b0,0
DAMIMAS_A21B_0066,train,DAMIMAS,lnk-1,0,b3,1,b5,0
DAMIMAS_A21B_0066,train,DAMIMAS,lnk-2,0,b4,1,b4,0
DAMIMAS_A21B_0066,train,DAMIMAS,lnk-3,1,b2,2,b2,0
DAMIMAS_A21B_0066,train,DAMIMAS,lnk-4,1,b1,2,b0,0
DAMIMAS_A21B_0066,train,DAMIMAS,lnk-5,1,b3,2,b6,0
DAMIMAS_A21B_0066,train,DAMIMAS,lnk-6,2,b1,3,b0,0
DAMIMAS_A21B_0066,train,DAMIMAS,lnk-7,2,b3,3,b7,0
DAMIMAS_A21B_0066,train,DAMIMAS,lnk-8,2,b5,3,b4,0
DAMIMAS_A21B_0066,train,DAMIMAS,lnk-9,2,b4,3,b2,0
DAMIMAS_A21B_0066,train,DAMIMAS,lnk-10,3,b3,0,b2,0
DAMIMAS_A21B_0066,train,DAMIMAS,lnk-11,3,b6,0,b5,0
DAMIMAS_A21B_0066,train,DAMIMAS,lnk-12,3,b1,0,b1,0
DAMIMAS_A21B_0067,train,DAMIMAS,lnk-0,0,b0,1,b1,0
DAMIMAS_A21B_0067,train,DAMIMAS,lnk-1,0,b5,1,b4,0
DAMIMAS_A21B_0067,train,DAMIMAS,lnk-2,3,b5,0,b5,0
DAMIMAS_A21B_0067,train,DAMIMAS,lnk-3,0,b1,1,b2,0
DAMIMAS_A21B_0067,train,DAMIMAS,lnk-4,0,b2,1,b0,0
DAMIMAS_A21B_0067,train,DAMIMAS,lnk-5,1,b0,2,b0,0
DAMIMAS_A21B_0067,train,DAMIMAS,lnk-6,1,b3,2,b2,0
DAMIMAS_A21B_0067,train,DAMIMAS,lnk-7,1,b5,2,b6,0
DAMIMAS_A21B_0067,train,DAMIMAS,lnk-8,2,b1,3,b0,0
DAMIMAS_A21B_0067,train,DAMIMAS,lnk-9,2,b4,3,b3,0
DAMIMAS_A21B_0067,train,DAMIMAS,lnk-10,2,b3,3,b2,0
DAMIMAS_A21B_0067,train,DAMIMAS,lnk-11,3,b1,0,b4,0
DAMIMAS_A21B_0067,train,DAMIMAS,lnk-12,3,b4,0,b3,0
DAMIMAS_A21B_0068,train,DAMIMAS,lnk-0,0,b0,1,b1,0
DAMIMAS_A21B_0068,train,DAMIMAS,lnk-1,1,b5,2,b4,0
DAMIMAS_A21B_0068,train,DAMIMAS,lnk-2,1,b0,2,b0,0
DAMIMAS_A21B_0068,train,DAMIMAS,lnk-3,2,b2,3,b0,0
DAMIMAS_A21B_0068,train,DAMIMAS,lnk-4,2,b1,3,b2,0
DAMIMAS_A21B_0068,train,DAMIMAS,lnk-5,2,b3,3,b3,0
DAMIMAS_A21B_0068,train,DAMIMAS,lnk-6,3,b3,0,b2,0
DAMIMAS_A21B_0068,train,DAMIMAS,lnk-7,3,b1,0,b1,0
DAMIMAS_A21B_0069,train,DAMIMAS,lnk-0,0,b0,1,b0,0
DAMIMAS_A21B_0069,train,DAMIMAS,lnk-1,3,b0,0,b0,0
DAMIMAS_A21B_0069,train,DAMIMAS,lnk-2,0,b1,1,b3,0
DAMIMAS_A21B_0069,train,DAMIMAS,lnk-3,1,b1,2,b0,0
DAMIMAS_A21B_0069,train,DAMIMAS,lnk-4,1,b2,2,b4,0
DAMIMAS_A21B_0069,train,DAMIMAS,lnk-5,2,b1,3,b4,0
DAMIMAS_A21B_0069,train,DAMIMAS,lnk-6,2,b3,3,b2,0
DAMIMAS_A21B_0069,train,DAMIMAS,lnk-7,3,b3,0,b4,0
DAMIMAS_A21B_0069,train,DAMIMAS,lnk-8,3,b1,0,b2,0
DAMIMAS_A21B_0070,train,DAMIMAS,lnk-0,0,b0,1,b1,0
DAMIMAS_A21B_0070,train,DAMIMAS,lnk-1,1,b1,2,b3,0
DAMIMAS_A21B_0070,train,DAMIMAS,lnk-2,1,b2,2,b2,0
DAMIMAS_A21B_0070,train,DAMIMAS,lnk-3,1,b0,2,b0,0
DAMIMAS_A21B_0070,train,DAMIMAS,lnk-4,2,b0,3,b1,0
DAMIMAS_A21B_0070,train,DAMIMAS,lnk-5,2,b1,3,b2,0
DAMIMAS_A21B_0070,train,DAMIMAS,lnk-6,3,b3,0,b2,0
DAMIMAS_A21B_0070,train,DAMIMAS,lnk-7,3,b0,0,b1,0
DAMIMAS_A21B_0070,train,DAMIMAS,lnk-8,3,b4,0,b3,0
DAMIMAS_A21B_0071,train,DAMIMAS,lnk-0,0,b0,1,b0,0
DAMIMAS_A21B_0071,train,DAMIMAS,lnk-1,0,b2,1,b1,0
DAMIMAS_A21B_0071,train,DAMIMAS,lnk-2,3,b2,0,b2,0
DAMIMAS_A21B_0071,train,DAMIMAS,lnk-3,0,b1,1,b5,0
DAMIMAS_A21B_0071,train,DAMIMAS,lnk-4,1,b2,2,b0,0
DAMIMAS_A21B_0071,train,DAMIMAS,lnk-5,1,b3,2,b1,0
DAMIMAS_A21B_0071,train,DAMIMAS,lnk-6,1,b4,2,b2,0
DAMIMAS_A21B_0071,train,DAMIMAS,lnk-7,2,b2,3,b0,0
DAMIMAS_A21B_0071,train,DAMIMAS,lnk-8,2,b3,3,b3,0
DAMIMAS_A21B_0071,train,DAMIMAS,lnk-9,3,b1,0,b3,0
DAMIMAS_A21B_0072,train,DAMIMAS,lnk-0,0,b2,1,b1,0
DAMIMAS_A21B_0072,train,DAMIMAS,lnk-1,0,b3,1,b3,0
DAMIMAS_A21B_0072,train,DAMIMAS,lnk-2,1,b0,2,b2,0
DAMIMAS_A21B_0072,train,DAMIMAS,lnk-3,1,b2,2,b1,0
DAMIMAS_A21B_0072,train,DAMIMAS,lnk-4,1,b4,2,b3,0
DAMIMAS_A21B_0072,train,DAMIMAS,lnk-5,2,b0,3,b0,0
DAMIMAS_A21B_0072,train,DAMIMAS,lnk-6,2,b4,3,b2,0
DAMIMAS_A21B_0072,train,DAMIMAS,lnk-7,2,b5,3,b5,0
DAMIMAS_A21B_0072,train,DAMIMAS,lnk-8,3,b1,0,b0,0
DAMIMAS_A21B_0072,train,DAMIMAS,lnk-9,3,b3,0,b4,0
DAMIMAS_A21B_0072,train,DAMIMAS,lnk-10,3,b4,0,b1,0
DAMIMAS_A21B_0073,test,DAMIMAS,lnk-0,0,b2,1,b0,0
DAMIMAS_A21B_0073,test,DAMIMAS,lnk-1,1,b3,2,b0,0
DAMIMAS_A21B_0073,test,DAMIMAS,lnk-2,0,b3,1,b4,0
DAMIMAS_A21B_0073,test,DAMIMAS,lnk-3,2,b1,3,b4,0
DAMIMAS_A21B_0073,test,DAMIMAS,lnk-4,3,b3,0,b0,0
DAMIMAS_A21B_0073,test,DAMIMAS,lnk-5,3,b2,0,b1,0
DAMIMAS_A21B_0075,train,DAMIMAS,lnk-0,0,b0,1,b7,0
DAMIMAS_A21B_0075,train,DAMIMAS,lnk-1,3,b1,0,b0,0
DAMIMAS_A21B_0075,train,DAMIMAS,lnk-2,0,b1,1,b4,0
DAMIMAS_A21B_0075,train,DAMIMAS,lnk-3,0,b4,1,b5,0
DAMIMAS_A21B_0075,train,DAMIMAS,lnk-4,1,b0,2,b1,0
DAMIMAS_A21B_0075,train,DAMIMAS,lnk-5,1,b1,2,b5,0
DAMIMAS_A21B_0075,train,DAMIMAS,lnk-6,1,b6,2,b6,0
DAMIMAS_A21B_0075,train,DAMIMAS,lnk-7,1,b2,2,b4,0
DAMIMAS_A21B_0075,train,DAMIMAS,lnk-8,2,b0,3,b0,0
DAMIMAS_A21B_0075,train,DAMIMAS,lnk-9,2,b2,3,b7,0
DAMIMAS_A21B_0075,train,DAMIMAS,lnk-10,2,b3,3,b6,0
DAMIMAS_A21B_0075,train,DAMIMAS,lnk-11,3,b2,0,b2,0
DAMIMAS_A21B_0075,train,DAMIMAS,lnk-12,3,b3,0,b3,0
DAMIMAS_A21B_0075,train,DAMIMAS,lnk-13,3,b5,0,b5,0
DAMIMAS_A21B_0076,test,DAMIMAS,lnk-0,0,b1,1,b0,0
DAMIMAS_A21B_0076,test,DAMIMAS,lnk-1,0,b4,1,b4,0
DAMIMAS_A21B_0076,test,DAMIMAS,lnk-2,1,b2,2,b0,0
DAMIMAS_A21B_0076,test,DAMIMAS,lnk-3,1,b3,2,b4,0
DAMIMAS_A21B_0076,test,DAMIMAS,lnk-4,2,b1,3,b1,0
DAMIMAS_A21B_0076,test,DAMIMAS,lnk-5,2,b2,3,b0,0
DAMIMAS_A21B_0076,test,DAMIMAS,lnk-6,3,b0,0,b0,0
DAMIMAS_A21B_0076,test,DAMIMAS,lnk-7,2,b3,3,b4,0
DAMIMAS_A21B_0076,test,DAMIMAS,lnk-8,3,b3,0,b3,0
DAMIMAS_A21B_0076,test,DAMIMAS,lnk-9,3,b2,0,b2,0
DAMIMAS_A21B_0076,test,DAMIMAS,lnk-10,3,b5,0,b5,0
DAMIMAS_A21B_0077,train,DAMIMAS,lnk-0,0,b0,1,b0,0
DAMIMAS_A21B_0077,train,DAMIMAS,lnk-1,1,b1,2,b4,0
DAMIMAS_A21B_0077,train,DAMIMAS,lnk-2,1,b3,2,b3,0
DAMIMAS_A21B_0077,train,DAMIMAS,lnk-3,2,b2,3,b1,0
DAMIMAS_A21B_0077,train,DAMIMAS,lnk-4,2,b1,3,b2,0
DAMIMAS_A21B_0077,train,DAMIMAS,lnk-5,2,b0,3,b0,0
DAMIMAS_A21B_0077,train,DAMIMAS,lnk-6,3,b0,0,b1,0
DAMIMAS_A21B_0077,train,DAMIMAS,lnk-7,3,b3,0,b2,0
DAMIMAS_A21B_0078,train,DAMIMAS,lnk-0,0,b4,1,b0,0
DAMIMAS_A21B_0078,train,DAMIMAS,lnk-1,1,b0,2,b5,0
DAMIMAS_A21B_0078,train,DAMIMAS,lnk-2,0,b2,1,b2,0
DAMIMAS_A21B_0078,train,DAMIMAS,lnk-3,1,b4,2,b2,0
DAMIMAS_A21B_0078,train,DAMIMAS,lnk-4,1,b1,2,b1,0
DAMIMAS_A21B_0078,train,DAMIMAS,lnk-5,2,b0,3,b0,0
DAMIMAS_A21B_0078,train,DAMIMAS,lnk-6,2,b4,3,b3,0
DAMIMAS_A21B_0078,train,DAMIMAS,lnk-7,2,b3,3,b2,0
DAMIMAS_A21B_0078,train,DAMIMAS,lnk-8,3,b1,0,b0,0
DAMIMAS_A21B_0078,train,DAMIMAS,lnk-9,3,b4,0,b1,0
DAMIMAS_A21B_0079,train,DAMIMAS,lnk-0,0,b0,1,b0,0
DAMIMAS_A21B_0079,train,DAMIMAS,lnk-1,1,b0,2,b0,0
DAMIMAS_A21B_0079,train,DAMIMAS,lnk-2,0,b4,1,b4,0
DAMIMAS_A21B_0079,train,DAMIMAS,lnk-3,0,b1,1,b1,0
DAMIMAS_A21B_0079,train,DAMIMAS,lnk-4,0,b5,1,b2,0
DAMIMAS_A21B_0079,train,DAMIMAS,lnk-5,1,b2,2,b5,0
DAMIMAS_A21B_0079,train,DAMIMAS,lnk-6,1,b5,2,b4,0
DAMIMAS_A21B_0079,train,DAMIMAS,lnk-7,2,b4,3,b6,0
DAMIMAS_A21B_0079,train,DAMIMAS,lnk-8,2,b1,3,b0,0
DAMIMAS_A21B_0079,train,DAMIMAS,lnk-9,2,b3,3,b2,0
DAMIMAS_A21B_0079,train,DAMIMAS,lnk-10,3,b4,0,b6,0
DAMIMAS_A21B_0079,train,DAMIMAS,lnk-11,3,b1,0,b2,0
DAMIMAS_A21B_0079,train,DAMIMAS,lnk-12,3,b3,0,b3,0
DAMIMAS_A21B_0080,train,DAMIMAS,lnk-0,0,b0,1,b0,0
DAMIMAS_A21B_0080,train,DAMIMAS,lnk-1,0,b3,1,b1,0
DAMIMAS_A21B_0080,train,DAMIMAS,lnk-2,1,b2,2,b0,0
DAMIMAS_A21B_0080,train,DAMIMAS,lnk-3,1,b4,2,b1,0
DAMIMAS_A21B_0080,train,DAMIMAS,lnk-4,2,b3,3,b0,0
DAMIMAS_A21B_0080,train,DAMIMAS,lnk-5,2,b2,3,b4,0
DAMIMAS_A21B_0080,train,DAMIMAS,lnk-6,2,b4,3,b1,0
DAMIMAS_A21B_0080,train,DAMIMAS,lnk-7,3,b3,0,b4,0
DAMIMAS_A21B_0080,train,DAMIMAS,lnk-8,3,b2,0,b2,0
DAMIMAS_A21B_0081,train,DAMIMAS,lnk-0,0,b1,1,b3,0
DAMIMAS_A21B_0081,train,DAMIMAS,lnk-1,0,b2,1,b2,0
DAMIMAS_A21B_0081,train,DAMIMAS,lnk-2,1,b0,2,b1,0
DAMIMAS_A21B_0081,train,DAMIMAS,lnk-3,1,b1,2,b0,0
DAMIMAS_A21B_0081,train,DAMIMAS,lnk-4,2,b0,3,b1,0
DAMIMAS_A21B_0081,train,DAMIMAS,lnk-5,1,b5,2,b2,0
DAMIMAS_A21B_0081,train,DAMIMAS,lnk-6,2,b2,3,b5,0
DAMIMAS_A21B_0081,train,DAMIMAS,lnk-7,1,b4,2,b3,0
DAMIMAS_A21B_0081,train,DAMIMAS,lnk-8,2,b4,3,b4,0
DAMIMAS_A21B_0082,train,DAMIMAS,lnk-0,0,b1,1,b1,0
DAMIMAS_A21B_0082,train,DAMIMAS,lnk-1,0,b2,1,b0,0
DAMIMAS_A21B_0082,train,DAMIMAS,lnk-2,2,b0,3,b2,0
DAMIMAS_A21B_0082,train,DAMIMAS,lnk-3,2,b2,3,b3,0
DAMIMAS_A21B_0082,train,DAMIMAS,lnk-4,2,b1,3,b1,0
DAMIMAS_A21B_0082,train,DAMIMAS,lnk-5,3,b0,0,b0,0
DAMIMAS_A21B_0083,train,DAMIMAS,lnk-0,0,b1,1,b1,0
DAMIMAS_A21B_0083,train,DAMIMAS,lnk-1,0,b4,1,b4,0
DAMIMAS_A21B_0083,train,DAMIMAS,lnk-2,0,b3,1,b3,0
DAMIMAS_A21B_0083,train,DAMIMAS,lnk-3,0,b2,1,b5,0
DAMIMAS_A21B_0083,train,DAMIMAS,lnk-4,1,b0,2,b3,0
DAMIMAS_A21B_0083,train,DAMIMAS,lnk-5,1,b2,2,b2,0
DAMIMAS_A21B_0083,train,DAMIMAS,lnk-6,2,b0,3,b1,0
DAMIMAS_A21B_0083,train,DAMIMAS,lnk-7,2,b1,3,b2,0
DAMIMAS_A21B_0083,train,DAMIMAS,lnk-8,3,b0,0,b0,0
DAMIMAS_A21B_0083,train,DAMIMAS,lnk-9,3,b3,0,b5,0
DAMIMAS_A21B_0084,train,DAMIMAS,lnk-0,0,b1,1,b0,0
DAMIMAS_A21B_0084,train,DAMIMAS,lnk-1,0,b2,1,b1,0
DAMIMAS_A21B_0084,train,DAMIMAS,lnk-2,1,b1,2,b1,0
DAMIMAS_A21B_0084,train,DAMIMAS,lnk-3,1,b2,2,b0,0
DAMIMAS_A21B_0084,train,DAMIMAS,lnk-4,2,b2,3,b0,0
DAMIMAS_A21B_0084,train,DAMIMAS,lnk-5,3,b1,0,b0,0
DAMIMAS_A21B_0085,train,DAMIMAS,lnk-0,0,b0,1,b0,0
DAMIMAS_A21B_0085,train,DAMIMAS,lnk-1,3,b0,0,b0,0
DAMIMAS_A21B_0085,train,DAMIMAS,lnk-2,0,b2,1,b5,0
DAMIMAS_A21B_0085,train,DAMIMAS,lnk-3,0,b1,1,b4,0
DAMIMAS_A21B_0085,train,DAMIMAS,lnk-4,1,b3,2,b5,0
DAMIMAS_A21B_0085,train,DAMIMAS,lnk-5,1,b2,2,b0,0
DAMIMAS_A21B_0085,train,DAMIMAS,lnk-6,1,b1,2,b1,0
DAMIMAS_A21B_0085,train,DAMIMAS,lnk-7,2,b1,3,b4,0
DAMIMAS_A21B_0085,train,DAMIMAS,lnk-8,1,b6,2,b4,0
DAMIMAS_A21B_0085,train,DAMIMAS,lnk-9,2,b2,3,b3,0
DAMIMAS_A21B_0085,train,DAMIMAS,lnk-10,2,b3,3,b6,0
DAMIMAS_A21B_0085,train,DAMIMAS,lnk-11,3,b2,0,b5,0
DAMIMAS_A21B_0085,train,DAMIMAS,lnk-12,3,b1,0,b4,0
DAMIMAS_A21B_0085,train,DAMIMAS,lnk-13,3,b7,0,b3,0
DAMIMAS_A21B_0086,train,DAMIMAS,lnk-0,0,b0,1,b0,0
DAMIMAS_A21B_0086,train,DAMIMAS,lnk-1,0,b4,1,b1,0
DAMIMAS_A21B_0086,train,DAMIMAS,lnk-2,0,b2,1,b2,0
DAMIMAS_A21B_0086,train,DAMIMAS,lnk-3,1,b3,2,b0,0
DAMIMAS_A21B_0086,train,DAMIMAS,lnk-4,1,b4,2,b3,0
DAMIMAS_A21B_0086,train,DAMIMAS,lnk-5,2,b3,3,b0,0
DAMIMAS_A21B_0086,train,DAMIMAS,lnk-6,2,b2,3,b3,0
DAMIMAS_A21B_0086,train,DAMIMAS,lnk-7,2,b1,3,b1,0
DAMIMAS_A21B_0086,train,DAMIMAS,lnk-8,3,b4,0,b1,0
DAMIMAS_A21B_0086,train,DAMIMAS,lnk-9,3,b2,0,b3,0
DAMIMAS_A21B_0087,train,DAMIMAS,lnk-0,0,b1,1,b1,0
DAMIMAS_A21B_0087,train,DAMIMAS,lnk-1,0,b4,1,b5,0
DAMIMAS_A21B_0087,train,DAMIMAS,lnk-2,0,b2,1,b4,0
DAMIMAS_A21B_0087,train,DAMIMAS,lnk-3,0,b3,1,b5,0
DAMIMAS_A21B_0087,train,DAMIMAS,lnk-4,1,b2,2,b3,0
DAMIMAS_A21B_0087,train,DAMIMAS,lnk-5,1,b3,2,b5,0
DAMIMAS_A21B_0087,train,DAMIMAS,lnk-6,2,b1,3,b2,0
DAMIMAS_A21B_0087,train,DAMIMAS,lnk-7,2,b4,3,b5,0
DAMIMAS_A21B_0087,train,DAMIMAS,lnk-8,2,b0,3,b0,0
DAMIMAS_A21B_0087,train,DAMIMAS,lnk-9,2,b2,3,b3,0
DAMIMAS_A21B_0087,train,DAMIMAS,lnk-10,3,b1,0,b0,0
DAMIMAS_A21B_0087,train,DAMIMAS,lnk-11,3,b4,0,b5,0
DAMIMAS_A21B_0088,test,DAMIMAS,lnk-0,0,b0,1,b4,0
DAMIMAS_A21B_0088,test,DAMIMAS,lnk-1,0,b1,1,b2,0
DAMIMAS_A21B_0088,test,DAMIMAS,lnk-2,0,b2,1,b3,0
DAMIMAS_A21B_0088,test,DAMIMAS,lnk-3,2,b0,3,b0,0
DAMIMAS_A21B_0088,test,DAMIMAS,lnk-4,2,b2,3,b1,0
DAMIMAS_A21B_0088,test,DAMIMAS,lnk-5,2,b1,3,b2,0
DAMIMAS_A21B_0088,test,DAMIMAS,lnk-6,3,b3,0,b4,0
DAMIMAS_A21B_0088,test,DAMIMAS,lnk-7,3,b4,0,b3,0
DAMIMAS_A21B_0088,test,DAMIMAS,lnk-8,1,b0,2,b3,0
DAMIMAS_A21B_0088,test,DAMIMAS,lnk-9,1,b1,2,b4,0
DAMIMAS_A21B_0089,test,DAMIMAS,lnk-0,0,b1,1,b1,0
DAMIMAS_A21B_0089,test,DAMIMAS,lnk-1,0,b0,1,b2,0
DAMIMAS_A21B_0089,test,DAMIMAS,lnk-2,1,b3,2,b5,0
DAMIMAS_A21B_0089,test,DAMIMAS,lnk-3,1,b0,2,b4,0
DAMIMAS_A21B_0089,test,DAMIMAS,lnk-4,1,b4,2,b2,0
DAMIMAS_A21B_0089,test,DAMIMAS,lnk-5,2,b2,3,b3,0
DAMIMAS_A21B_0089,test,DAMIMAS,lnk-6,2,b0,3,b0,0
DAMIMAS_A21B_0089,test,DAMIMAS,lnk-7,2,b1,3,b2,0
DAMIMAS_A21B_0089,test,DAMIMAS,lnk-8,2,b3,3,b6,0
DAMIMAS_A21B_0089,test,DAMIMAS,lnk-9,3,b4,0,b3,0
DAMIMAS_A21B_0089,test,DAMIMAS,lnk-10,3,b5,0,b2,0
DAMIMAS_A21B_0089,test,DAMIMAS,lnk-11,3,b1,0,b4,0
DAMIMAS_A21B_0090,train,DAMIMAS,lnk-0,0,b0,1,b1,0
DAMIMAS_A21B_0090,train,DAMIMAS,lnk-1,0,b2,1,b0,0
DAMIMAS_A21B_0090,train,DAMIMAS,lnk-2,1,b0,2,b0,0
DAMIMAS_A21B_0090,train,DAMIMAS,lnk-3,2,b1,3,b1,0
DAMIMAS_A21B_0090,train,DAMIMAS,lnk-4,2,b2,3,b0,0
DAMIMAS_A21B_0090,train,DAMIMAS,lnk-5,3,b0,0,b1,0
DAMIMAS_A21B_0091,train,DAMIMAS,lnk-0,0,b1,1,b1,0
DAMIMAS_A21B_0091,train,DAMIMAS,lnk-1,0,b4,1,b5,0
DAMIMAS_A21B_0091,train,DAMIMAS,lnk-2,0,b0,1,b2,0
DAMIMAS_A21B_0091,train,DAMIMAS,lnk-3,1,b0,2,b0,0
DAMIMAS_A21B_0091,train,DAMIMAS,lnk-4,1,b3,2,b3,0
DAMIMAS_A21B_0091,train,DAMIMAS,lnk-5,1,b4,2,b4,0
DAMIMAS_A21B_0091,train,DAMIMAS,lnk-6,2,b1,3,b3,0
DAMIMAS_A21B_0091,train,DAMIMAS,lnk-7,2,b2,3,b2,0
DAMIMAS_A21B_0091,train,DAMIMAS,lnk-8,3,b0,0,b3,0
DAMIMAS_A21B_0091,train,DAMIMAS,lnk-9,3,b1,0,b2,0
DAMIMAS_A21B_0092,test,DAMIMAS,lnk-0,0,b2,1,b2,0
DAMIMAS_A21B_0092,test,DAMIMAS,lnk-1,0,b4,1,b3,0
DAMIMAS_A21B_0092,test,DAMIMAS,lnk-2,0,b1,1,b5,0
DAMIMAS_A21B_0092,test,DAMIMAS,lnk-3,1,b0,2,b1,0
DAMIMAS_A21B_0092,test,DAMIMAS,lnk-4,1,b1,2,b0,0
DAMIMAS_A21B_0092,test,DAMIMAS,lnk-5,1,b4,2,b2,0
DAMIMAS_A21B_0092,test,DAMIMAS,lnk-6,2,b3,3,b1,0
DAMIMAS_A21B_0092,test,DAMIMAS,lnk-7,2,b4,3,b0,0
DAMIMAS_A21B_0092,test,DAMIMAS,lnk-8,3,b3,0,b0,0
DAMIMAS_A21B_0092,test,DAMIMAS,lnk-9,3,b2,0,b5,0
DAMIMAS_A21B_0093,train,DAMIMAS,lnk-0,0,b2,1,b4,0
DAMIMAS_A21B_0093,train,DAMIMAS,lnk-1,0,b0,1,b5,0
DAMIMAS_A21B_0093,train,DAMIMAS,lnk-2,0,b1,1,b3,0
DAMIMAS_A21B_0093,train,DAMIMAS,lnk-3,1,b0,2,b3,0
DAMIMAS_A21B_0093,train,DAMIMAS,lnk-4,1,b2,2,b4,0
DAMIMAS_A21B_0093,train,DAMIMAS,lnk-5,1,b1,2,b2,0
DAMIMAS_A21B_0093,train,DAMIMAS,lnk-6,2,b0,3,b1,0
DAMIMAS_A21B_0093,train,DAMIMAS,lnk-7,2,b1,3,b2,0
DAMIMAS_A21B_0093,train,DAMIMAS,lnk-8,3,b0,0,b3,0
DAMIMAS_A21B_0094,test,DAMIMAS,lnk-0,0,b3,1,b0,0
DAMIMAS_A21B_0094,test,DAMIMAS,lnk-1,0,b5,1,b4,0
DAMIMAS_A21B_0094,test,DAMIMAS,lnk-2,1,b1,2,b1,0
DAMIMAS_A21B_0094,test,DAMIMAS,lnk-3,1,b2,2,b6,0
DAMIMAS_A21B_0094,test,DAMIMAS,lnk-4,2,b0,3,b0,0
DAMIMAS_A21B_0094,test,DAMIMAS,lnk-5,2,b3,3,b5,0
DAMIMAS_A21B_0094,test,DAMIMAS,lnk-6,2,b2,3,b4,0
DAMIMAS_A21B_0094,test,DAMIMAS,lnk-7,2,b5,3,b6,0
DAMIMAS_A21B_0094,test,DAMIMAS,lnk-8,3,b2,0,b4,0
DAMIMAS_A21B_0094,test,DAMIMAS,lnk-9,3,b1,0,b0,0
DAMIMAS_A21B_0094,test,DAMIMAS,lnk-10,0,b1,1,b3,0
DAMIMAS_A21B_0094,test,DAMIMAS,lnk-11,0,b2,1,b5,0
DAMIMAS_A21B_0095,train,DAMIMAS,lnk-0,0,b0,1,b1,0
DAMIMAS_A21B_0095,train,DAMIMAS,lnk-1,1,b0,2,b3,0
DAMIMAS_A21B_0095,train,DAMIMAS,lnk-2,1,b2,2,b2,0
DAMIMAS_A21B_0095,train,DAMIMAS,lnk-3,1,b3,2,b1,0
DAMIMAS_A21B_0095,train,DAMIMAS,lnk-4,2,b0,3,b0,0
DAMIMAS_A21B_0095,train,DAMIMAS,lnk-5,3,b1,0,b2,0
DAMIMAS_A21B_0095,train,DAMIMAS,lnk-6,3,b2,0,b1,0
DAMIMAS_A21B_0096,test,DAMIMAS,lnk-0,0,b3,1,b1,0
DAMIMAS_A21B_0096,test,DAMIMAS,lnk-1,1,b0,2,b3,0
DAMIMAS_A21B_0096,test,DAMIMAS,lnk-2,1,b2,2,b0,0
DAMIMAS_A21B_0096,test,DAMIMAS,lnk-3,1,b3,2,b4,0
DAMIMAS_A21B_0096,test,DAMIMAS,lnk-4,2,b1,3,b4,0
DAMIMAS_A21B_0096,test,DAMIMAS,lnk-5,2,b2,3,b3,0
DAMIMAS_A21B_0096,test,DAMIMAS,lnk-6,3,b0,0,b1,0
DAMIMAS_A21B_0096,test,DAMIMAS,lnk-7,3,b1,0,b2,0
DAMIMAS_A21B_0097,train,DAMIMAS,lnk-0,0,b0,1,b4,0
DAMIMAS_A21B_0097,train,DAMIMAS,lnk-1,0,b1,1,b3,0
DAMIMAS_A21B_0097,train,DAMIMAS,lnk-2,1,b3,2,b4,0
DAMIMAS_A21B_0097,train,DAMIMAS,lnk-3,0,b2,1,b2,0
DAMIMAS_A21B_0097,train,DAMIMAS,lnk-4,1,b0,2,b0,0
DAMIMAS_A21B_0097,train,DAMIMAS,lnk-5,1,b1,2,b3,0
DAMIMAS_A21B_0097,train,DAMIMAS,lnk-6,2,b1,3,b4,0
DAMIMAS_A21B_0097,train,DAMIMAS,lnk-7,2,b2,3,b3,0
DAMIMAS_A21B_0097,train,DAMIMAS,lnk-8,3,b5,0,b4,0
DAMIMAS_A21B_0097,train,DAMIMAS,lnk-9,3,b1,0,b5,0
DAMIMAS_A21B_0098,train,DAMIMAS,lnk-0,0,b2,1,b3,0
DAMIMAS_A21B_0098,train,DAMIMAS,lnk-1,0,b5,1,b2,0
DAMIMAS_A21B_0098,train,DAMIMAS,lnk-2,1,b0,2,b2,0
DAMIMAS_A21B_0098,train,DAMIMAS,lnk-3,1,b1,2,b1,0
DAMIMAS_A21B_0098,train,DAMIMAS,lnk-4,2,b3,3,b3,0
DAMIMAS_A21B_0098,train,DAMIMAS,lnk-5,2,b0,3,b2,0
DAMIMAS_A21B_0098,train,DAMIMAS,lnk-6,3,b0,0,b4,0
DAMIMAS_A21B_0098,train,DAMIMAS,lnk-7,3,b1,0,b3,0
DAMIMAS_A21B_0098,train,DAMIMAS,lnk-8,3,b4,0,b0,0
DAMIMAS_A21B_0099,train,DAMIMAS,lnk-0,0,b0,1,b0,0
DAMIMAS_A21B_0099,train,DAMIMAS,lnk-1,3,b6,0,b0,0
DAMIMAS_A21B_0099,train,DAMIMAS,lnk-2,0,b2,1,b4,0
DAMIMAS_A21B_0099,train,DAMIMAS,lnk-3,0,b5,1,b1,0
DAMIMAS_A21B_0099,train,DAMIMAS,lnk-4,1,b3,2,b0,0
DAMIMAS_A21B_0099,train,DAMIMAS,lnk-5,1,b2,2,b3,0
DAMIMAS_A21B_0099,train,DAMIMAS,lnk-6,2,b4,3,b5,0
DAMIMAS_A21B_0099,train,DAMIMAS,lnk-7,2,b1,3,b4,0
DAMIMAS_A21B_0099,train,DAMIMAS,lnk-8,2,b2,3,b0,0
DAMIMAS_A21B_0099,train,DAMIMAS,lnk-9,3,b0,0,b4,0
DAMIMAS_A21B_0099,train,DAMIMAS,lnk-10,3,b1,0,b3,0
DAMIMAS_A21B_0099,train,DAMIMAS,lnk-11,3,b2,0,b1,0
DAMIMAS_A21B_0100,val,DAMIMAS,lnk-0,0,b0,1,b1,0
DAMIMAS_A21B_0100,val,DAMIMAS,lnk-1,0,b7,1,b3,0
DAMIMAS_A21B_0100,val,DAMIMAS,lnk-2,0,b6,1,b2,0
DAMIMAS_A21B_0100,val,DAMIMAS,lnk-3,1,b0,2,b0,0
DAMIMAS_A21B_0100,val,DAMIMAS,lnk-4,1,b4,2,b5,0
DAMIMAS_A21B_0100,val,DAMIMAS,lnk-5,1,b5,2,b4,0
DAMIMAS_A21B_0100,val,DAMIMAS,lnk-6,2,b3,3,b5,0
DAMIMAS_A21B_0100,val,DAMIMAS,lnk-7,2,b2,3,b4,0
DAMIMAS_A21B_0100,val,DAMIMAS,lnk-8,2,b6,3,b0,0
DAMIMAS_A21B_0100,val,DAMIMAS,lnk-9,3,b1,0,b4,0
DAMIMAS_A21B_0100,val,DAMIMAS,lnk-10,3,b3,0,b5,0
DAMIMAS_A21B_0100,val,DAMIMAS,lnk-11,2,b1,3,b2,0
DAMIMAS_A21B_0101,train,DAMIMAS,lnk-0,0,b0,1,b3,0
DAMIMAS_A21B_0101,train,DAMIMAS,lnk-1,3,b3,0,b0,0
DAMIMAS_A21B_0101,train,DAMIMAS,lnk-2,0,b1,1,b2,0
DAMIMAS_A21B_0101,train,DAMIMAS,lnk-3,1,b0,2,b2,0
DAMIMAS_A21B_0101,train,DAMIMAS,lnk-4,1,b1,2,b3,0
DAMIMAS_A21B_0101,train,DAMIMAS,lnk-5,2,b0,3,b0,0
DAMIMAS_A21B_0101,train,DAMIMAS,lnk-6,2,b1,3,b2,0
DAMIMAS_A21B_0101,train,DAMIMAS,lnk-7,3,b1,0,b2,0
DAMIMAS_A21B_0102,train,DAMIMAS,lnk-0,0,b0,1,b0,0
DAMIMAS_A21B_0102,train,DAMIMAS,lnk-1,0,b1,1,b4,0
DAMIMAS_A21B_0102,train,DAMIMAS,lnk-2,1,b1,2,b1,0
DAMIMAS_A21B_0102,train,DAMIMAS,lnk-3,1,b3,2,b4,0
DAMIMAS_A21B_0102,train,DAMIMAS,lnk-4,1,b2,2,b0,0
DAMIMAS_A21B_0102,train,DAMIMAS,lnk-5,2,b0,3,b1,0
DAMIMAS_A21B_0102,train,DAMIMAS,lnk-6,2,b3,3,b3,0
DAMIMAS_A21B_0102,train,DAMIMAS,lnk-7,2,b2,3,b0,0
DAMIMAS_A21B_0102,train,DAMIMAS,lnk-8,3,b0,0,b3,0
DAMIMAS_A21B_0102,train,DAMIMAS,lnk-9,3,b2,0,b2,0
DAMIMAS_A21B_0103,val,DAMIMAS,lnk-0,0,b5,1,b4,0
DAMIMAS_A21B_0103,val,DAMIMAS,lnk-1,3,b2,0,b5,0
DAMIMAS_A21B_0103,val,DAMIMAS,lnk-2,0,b2,1,b5,0
DAMIMAS_A21B_0103,val,DAMIMAS,lnk-3,0,b0,1,b1,0
DAMIMAS_A21B_0103,val,DAMIMAS,lnk-4,1,b2,2,b4,0
DAMIMAS_A21B_0103,val,DAMIMAS,lnk-5,1,b0,2,b0,0
DAMIMAS_A21B_0103,val,DAMIMAS,lnk-6,1,b6,2,b6,0
DAMIMAS_A21B_0103,val,DAMIMAS,lnk-7,1,b3,2,b3,0
DAMIMAS_A21B_0103,val,DAMIMAS,lnk-8,2,b1,3,b4,0
DAMIMAS_A21B_0103,val,DAMIMAS,lnk-9,2,b2,3,b5,0
DAMIMAS_A21B_0103,val,DAMIMAS,lnk-10,3,b6,0,b4,0
DAMIMAS_A21B_0103,val,DAMIMAS,lnk-11,3,b7,0,b3,0
DAMIMAS_A21B_0104,train,DAMIMAS,lnk-0,0,b1,1,b0,0
DAMIMAS_A21B_0104,train,DAMIMAS,lnk-1,0,b2,1,b1,0
DAMIMAS_A21B_0104,train,DAMIMAS,lnk-2,1,b1,2,b2,0
DAMIMAS_A21B_0104,train,DAMIMAS,lnk-3,0,b3,1,b3,0
DAMIMAS_A21B_0104,train,DAMIMAS,lnk-4,1,b4,2,b1,0
DAMIMAS_A21B_0104,train,DAMIMAS,lnk-5,1,b2,2,b5,0
DAMIMAS_A21B_0104,train,DAMIMAS,lnk-6,2,b0,3,b2,0
DAMIMAS_A21B_0104,train,DAMIMAS,lnk-7,2,b4,3,b3,0
DAMIMAS_A21B_0104,train,DAMIMAS,lnk-8,2,b3,3,b6,0
DAMIMAS_A21B_0104,train,DAMIMAS,lnk-9,3,b0,0,b0,0
DAMIMAS_A21B_0104,train,DAMIMAS,lnk-10,3,b4,0,b5,0
DAMIMAS_A21B_0104,train,DAMIMAS,lnk-11,3,b5,0,b4,0
DAMIMAS_A21B_0105,train,DAMIMAS,lnk-0,0,b2,1,b4,0
DAMIMAS_A21B_0105,train,DAMIMAS,lnk-1,0,b3,1,b3,0
DAMIMAS_A21B_0105,train,DAMIMAS,lnk-2,1,b0,2,b0,0
DAMIMAS_A21B_0105,train,DAMIMAS,lnk-3,1,b1,2,b1,0
DAMIMAS_A21B_0105,train,DAMIMAS,lnk-4,3,b0,0,b0,0
DAMIMAS_A21B_0105,train,DAMIMAS,lnk-5,3,b3,0,b5,0
DAMIMAS_A21B_0105,train,DAMIMAS,lnk-6,3,b2,0,b1,0
DAMIMAS_A21B_0105,train,DAMIMAS,lnk-7,2,b4,3,b1,0
DAMIMAS_A21B_0106,test,DAMIMAS,lnk-0,3,b0,0,b0,0
DAMIMAS_A21B_0106,test,DAMIMAS,lnk-1,3,b2,0,b2,0
DAMIMAS_A21B_0106,test,DAMIMAS,lnk-2,3,b4,0,b1,0
DAMIMAS_A21B_0106,test,DAMIMAS,lnk-3,0,b3,1,b5,0
DAMIMAS_A21B_0106,test,DAMIMAS,lnk-4,0,b4,1,b1,0
DAMIMAS_A21B_0106,test,DAMIMAS,lnk-5,1,b0,2,b0,0
DAMIMAS_A21B_0106,test,DAMIMAS,lnk-6,1,b2,2,b4,0
DAMIMAS_A21B_0106,test,DAMIMAS,lnk-7,1,b3,2,b1,0
DAMIMAS_A21B_0106,test,DAMIMAS,lnk-8,2,b2,3,b1,0
DAMIMAS_A21B_0106,test,DAMIMAS,lnk-9,2,b3,3,b3,0
DAMIMAS_A21B_0107,val,DAMIMAS,lnk-0,0,b1,1,b1,0
DAMIMAS_A21B_0107,val,DAMIMAS,lnk-1,0,b2,1,b4,0
DAMIMAS_A21B_0107,val,DAMIMAS,lnk-2,0,b3,1,b5,0
DAMIMAS_A21B_0107,val,DAMIMAS,lnk-3,1,b0,2,b0,0
DAMIMAS_A21B_0107,val,DAMIMAS,lnk-4,1,b2,2,b4,0
DAMIMAS_A21B_0107,val,DAMIMAS,lnk-5,1,b3,2,b5,0
DAMIMAS_A21B_0107,val,DAMIMAS,lnk-6,2,b1,3,b0,0
DAMIMAS_A21B_0107,val,DAMIMAS,lnk-7,2,b3,3,b3,0
DAMIMAS_A21B_0107,val,DAMIMAS,lnk-8,2,b6,3,b5,0
DAMIMAS_A21B_0107,val,DAMIMAS,lnk-9,3,b1,0,b0,0
DAMIMAS_A21B_0107,val,DAMIMAS,lnk-10,3,b7,0,b4,0
DAMIMAS_A21B_0107,val,DAMIMAS,lnk-11,3,b4,0,b5,0
DAMIMAS_A21B_0108,train,DAMIMAS,lnk-0,1,b0,2,b0,0
DAMIMAS_A21B_0108,train,DAMIMAS,lnk-1,2,b0,3,b3,0
DAMIMAS_A21B_0108,train,DAMIMAS,lnk-2,1,b1,2,b2,0
DAMIMAS_A21B_0108,train,DAMIMAS,lnk-3,2,b3,3,b2,0
DAMIMAS_A21B_0108,train,DAMIMAS,lnk-4,3,b0,0,b2,0
DAMIMAS_A21B_0108,train,DAMIMAS,lnk-5,3,b1,0,b3,0
DAMIMAS_A21B_0108,train,DAMIMAS,lnk-6,0,b4,1,b3,0
DAMIMAS_A21B_0108,train,DAMIMAS,lnk-7,0,b0,1,b2,0
DAMIMAS_A21B_0109,train,DAMIMAS,lnk-0,0,b0,1,b4,0
DAMIMAS_A21B_0109,train,DAMIMAS,lnk-1,3,b4,0,b0,0
DAMIMAS_A21B_0109,train,DAMIMAS,lnk-2,0,b3,1,b3,0
DAMIMAS_A21B_0109,train,DAMIMAS,lnk-3,1,b0,2,b2,0
DAMIMAS_A21B_0109,train,DAMIMAS,lnk-4,1,b5,2,b1,0
DAMIMAS_A21B_0109,train,DAMIMAS,lnk-5,2,b0,3,b0,0
DAMIMAS_A21B_0109,train,DAMIMAS,lnk-6,2,b3,3,b2,0
DAMIMAS_A21B_0109,train,DAMIMAS,lnk-7,3,b3,0,b1,0
DAMIMAS_A21B_0109,train,DAMIMAS,lnk-8,3,b1,0,b2,0
DAMIMAS_A21B_0110,train,DAMIMAS,lnk-0,0,b0,1,b0,0
DAMIMAS_A21B_0110,train,DAMIMAS,lnk-1,1,b0,2,b1,0
DAMIMAS_A21B_0110,train,DAMIMAS,lnk-2,1,b1,2,b2,0
DAMIMAS_A21B_0110,train,DAMIMAS,lnk-3,2,b0,3,b0,0
DAMIMAS_A21B_0111,train,DAMIMAS,lnk-0,0,b3,1,b4,0
DAMIMAS_A21B_0111,train,DAMIMAS,lnk-1,0,b0,1,b1,0
DAMIMAS_A21B_0111,train,DAMIMAS,lnk-2,1,b2,2,b4,0
DAMIMAS_A21B_0111,train,DAMIMAS,lnk-3,1,b3,2,b5,0
DAMIMAS_A21B_0111,train,DAMIMAS,lnk-4,1,b0,2,b1,0
DAMIMAS_A21B_0111,train,DAMIMAS,lnk-5,2,b2,3,b2,0
DAMIMAS_A21B_0111,train,DAMIMAS,lnk-6,2,b6,3,b3,0
DAMIMAS_A21B_0111,train,DAMIMAS,lnk-7,2,b0,3,b4,0
DAMIMAS_A21B_0111,train,DAMIMAS,lnk-8,2,b3,3,b5,0
DAMIMAS_A21B_0111,train,DAMIMAS,lnk-9,3,b0,0,b1,0
DAMIMAS_A21B_0111,train,DAMIMAS,lnk-10,3,b1,0,b4,0
DAMIMAS_A21B_0111,train,DAMIMAS,lnk-11,3,b6,0,b2,0
DAMIMAS_A21B_0112,train,DAMIMAS,lnk-0,3,b0,0,b0,0
DAMIMAS_A21B_0112,train,DAMIMAS,lnk-1,3,b1,0,b1,0
DAMIMAS_A21B_0112,train,DAMIMAS,lnk-2,0,b1,1,b0,0
DAMIMAS_A21B_0112,train,DAMIMAS,lnk-3,0,b2,1,b2,0
DAMIMAS_A21B_0112,train,DAMIMAS,lnk-4,1,b1,2,b2,0
DAMIMAS_A21B_0112,train,DAMIMAS,lnk-5,1,b3,2,b0,0
DAMIMAS_A21B_0113,train,DAMIMAS,lnk-0,0,b0,1,b0,0
DAMIMAS_A21B_0113,train,DAMIMAS,lnk-1,0,b1,1,b3,0
DAMIMAS_A21B_0113,train,DAMIMAS,lnk-2,1,b2,2,b2,0
DAMIMAS_A21B_0113,train,DAMIMAS,lnk-3,1,b1,2,b1,0
DAMIMAS_A21B_0113,train,DAMIMAS,lnk-4,2,b0,3,b0,0
DAMIMAS_A21B_0113,train,DAMIMAS,lnk-5,3,b3,0,b2,0
DAMIMAS_A21B_0113,train,DAMIMAS,lnk-6,3,b1,0,b3,0
DAMIMAS_A21B_0114,train,DAMIMAS,lnk-0,0,b0,1,b1,0
DAMIMAS_A21B_0114,train,DAMIMAS,lnk-1,3,b2,0,b0,0
DAMIMAS_A21B_0114,train,DAMIMAS,lnk-2,1,b0,2,b0,0
DAMIMAS_A21B_0114,train,DAMIMAS,lnk-3,2,b1,3,b0,0
DAMIMAS_A21B_0114,train,DAMIMAS,lnk-4,3,b1,0,b1,0
DAMIMAS_A21B_0115,train,DAMIMAS,lnk-0,1,b0,2,b0,0
DAMIMAS_A21B_0115,train,DAMIMAS,lnk-1,2,b1,3,b1,0
DAMIMAS_A21B_0116,val,DAMIMAS,lnk-0,0,b0,1,b1,0
DAMIMAS_A21B_0116,val,DAMIMAS,lnk-1,0,b2,1,b6,0
DAMIMAS_A21B_0116,val,DAMIMAS,lnk-2,0,b3,1,b2,0
DAMIMAS_A21B_0116,val,DAMIMAS,lnk-3,0,b5,1,b7,0
DAMIMAS_A21B_0116,val,DAMIMAS,lnk-4,1,b5,2,b3,0
DAMIMAS_A21B_0116,val,DAMIMAS,lnk-5,0,b4,1,b5,0
DAMIMAS_A21B_0116,val,DAMIMAS,lnk-6,1,b3,2,b4,0
DAMIMAS_A21B_0116,val,DAMIMAS,lnk-7,1,b0,2,b0,0
DAMIMAS_A21B_0116,val,DAMIMAS,lnk-8,1,b4,2,b2,0
DAMIMAS_A21B_0116,val,DAMIMAS,lnk-9,2,b2,3,b1,0
DAMIMAS_A21B_0116,val,DAMIMAS,lnk-10,2,b5,3,b2,0
DAMIMAS_A21B_0116,val,DAMIMAS,lnk-11,2,b1,3,b4,0
DAMIMAS_A21B_0116,val,DAMIMAS,lnk-12,3,b0,0,b1,0
DAMIMAS_A21B_0117,val,DAMIMAS,lnk-0,0,b0,1,b0,0
DAMIMAS_A21B_0117,val,DAMIMAS,lnk-1,2,b0,3,b0,0
DAMIMAS_A21B_0117,val,DAMIMAS,lnk-2,2,b1,3,b1,0
DAMIMAS_A21B_0117,val,DAMIMAS,lnk-3,3,b2,0,b1,0
DAMIMAS_A21B_0118,train,DAMIMAS,lnk-0,0,b0,1,b3,0
DAMIMAS_A21B_0118,train,DAMIMAS,lnk-1,0,b3,1,b2,0
DAMIMAS_A21B_0118,train,DAMIMAS,lnk-2,1,b0,2,b0,0
DAMIMAS_A21B_0118,train,DAMIMAS,lnk-3,2,b0,3,b0,0
DAMIMAS_A21B_0118,train,DAMIMAS,lnk-4,1,b5,2,b1,0
DAMIMAS_A21B_0118,train,DAMIMAS,lnk-5,1,b1,2,b2,0
DAMIMAS_A21B_0118,train,DAMIMAS,lnk-6,2,b3,3,b1,0
DAMIMAS_A21B_0118,train,DAMIMAS,lnk-7,3,b2,0,b2,0
DAMIMAS_A21B_0118,train,DAMIMAS,lnk-8,3,b4,0,b1,0
DAMIMAS_A21B_0119,train,DAMIMAS,lnk-0,2,b0,3,b0,0
DAMIMAS_A21B_0119,train,DAMIMAS,lnk-1,1,b0,2,b0,0
DAMIMAS_A21B_0119,train,DAMIMAS,lnk-2,2,b3,3,b3,0
DAMIMAS_A21B_0119,train,DAMIMAS,lnk-3,2,b1,3,b1,0
DAMIMAS_A21B_0119,train,DAMIMAS,lnk-4,3,b1,0,b1,0
DAMIMAS_A21B_0119,train,DAMIMAS,lnk-5,3,b4,0,b4,0
DAMIMAS_A21B_0119,train,DAMIMAS,lnk-6,3,b2,0,b3,0
DAMIMAS_A21B_0119,train,DAMIMAS,lnk-7,0,b3,1,b4,0
DAMIMAS_A21B_0119,train,DAMIMAS,lnk-8,0,b0,1,b1,0
DAMIMAS_A21B_0119,train,DAMIMAS,lnk-9,0,b2,1,b3,0
DAMIMAS_A21B_0119,train,DAMIMAS,lnk-10,1,b2,2,b2,0
DAMIMAS_A21B_0120,train,DAMIMAS,lnk-0,0,b0,1,b1,0
DAMIMAS_A21B_0120,train,DAMIMAS,lnk-2,0,b1,1,b2,0
DAMIMAS_A21B_0120,train,DAMIMAS,lnk-3,2,b0,3,b1,0
DAMIMAS_A21B_0120,train,DAMIMAS,lnk-5,3,b0,0,b0,0
DAMIMAS_A21B_0121,train,DAMIMAS,lnk-0,0,b0,1,b2,0
DAMIMAS_A21B_0121,train,DAMIMAS,lnk-1,0,b2,1,b3,0
DAMIMAS_A21B_0121,train,DAMIMAS,lnk-2,0,b3,1,b4,0
DAMIMAS_A21B_0121,train,DAMIMAS,lnk-3,3,b2,0,b3,0
DAMIMAS_A21B_0121,train,DAMIMAS,lnk-4,1,b0,2,b0,0
DAMIMAS_A21B_0121,train,DAMIMAS,lnk-5,1,b1,2,b4,0
DAMIMAS_A21B_0121,train,DAMIMAS,lnk-6,2,b5,3,b4,0
DAMIMAS_A21B_0121,train,DAMIMAS,lnk-7,2,b1,3,b0,0
DAMIMAS_A21B_0121,train,DAMIMAS,lnk-8,2,b3,3,b3,0
DAMIMAS_A21B_0121,train,DAMIMAS,lnk-9,3,b3,0,b1,0
DAMIMAS_A21B_0121,train,DAMIMAS,lnk-10,2,b2,3,b5,0
DAMIMAS_A21B_0122,train,DAMIMAS,lnk-0,1,b3,2,b1,0
DAMIMAS_A21B_0122,train,DAMIMAS,lnk-1,1,b2,2,b2,0
DAMIMAS_A21B_0122,train,DAMIMAS,lnk-2,3,b2,0,b2,0
DAMIMAS_A21B_0122,train,DAMIMAS,lnk-3,3,b0,0,b0,0
DAMIMAS_A21B_0122,train,DAMIMAS,lnk-4,0,b1,1,b0,0
DAMIMAS_A21B_0123,train,DAMIMAS,lnk-0,0,b0,1,b1,0
DAMIMAS_A21B_0123,train,DAMIMAS,lnk-1,0,b4,1,b4,0
DAMIMAS_A21B_0123,train,DAMIMAS,lnk-2,0,b1,1,b0,0
DAMIMAS_A21B_0123,train,DAMIMAS,lnk-3,1,b0,2,b1,0
DAMIMAS_A21B_0123,train,DAMIMAS,lnk-4,2,b0,3,b2,0
DAMIMAS_A21B_0123,train,DAMIMAS,lnk-5,2,b2,3,b3,0
DAMIMAS_A21B_0123,train,DAMIMAS,lnk-6,3,b0,0,b0,0
DAMIMAS_A21B_0123,train,DAMIMAS,lnk-7,3,b1,0,b3,0
DAMIMAS_A21B_0124,train,DAMIMAS,lnk-0,0,b1,1,b5,0
DAMIMAS_A21B_0124,train,DAMIMAS,lnk-1,0,b2,1,b1,0
DAMIMAS_A21B_0124,train,DAMIMAS,lnk-2,0,b0,1,b0,0
DAMIMAS_A21B_0124,train,DAMIMAS,lnk-3,1,b2,2,b3,0
DAMIMAS_A21B_0124,train,DAMIMAS,lnk-4,1,b4,2,b2,0
DAMIMAS_A21B_0124,train,DAMIMAS,lnk-5,1,b3,2,b1,0
DAMIMAS_A21B_0124,train,DAMIMAS,lnk-7,2,b1,3,b0,0
DAMIMAS_A21B_0124,train,DAMIMAS,lnk-8,2,b4,3,b1,0
DAMIMAS_A21B_0124,train,DAMIMAS,lnk-9,2,b0,3,b2,0
DAMIMAS_A21B_0124,train,DAMIMAS,lnk-10,3,b3,0,b3,0
DAMIMAS_A21B_0124,train,DAMIMAS,lnk-11,3,b4,0,b1,0
DAMIMAS_A21B_0125,train,DAMIMAS,lnk-0,0,b0,1,b0,0
DAMIMAS_A21B_0125,train,DAMIMAS,lnk-1,0,b2,1,b2,0
DAMIMAS_A21B_0125,train,DAMIMAS,lnk-2,0,b3,1,b3,0
DAMIMAS_A21B_0125,train,DAMIMAS,lnk-4,1,b4,2,b4,0
DAMIMAS_A21B_0125,train,DAMIMAS,lnk-5,1,b1,2,b1,0
DAMIMAS_A21B_0125,train,DAMIMAS,lnk-6,2,b0,3,b0,0
DAMIMAS_A21B_0125,train,DAMIMAS,lnk-8,2,b2,3,b4,0
DAMIMAS_A21B_0125,train,DAMIMAS,lnk-9,2,b3,3,b3,0
DAMIMAS_A21B_0125,train,DAMIMAS,lnk-10,3,b0,0,b1,0
DAMIMAS_A21B_0125,train,DAMIMAS,lnk-12,3,b2,0,b2,0
DAMIMAS_A21B_0125,train,DAMIMAS,lnk-13,3,b1,0,b4,0
DAMIMAS_A21B_0126,train,DAMIMAS,lnk-0,0,b2,1,b2,0
DAMIMAS_A21B_0126,train,DAMIMAS,lnk-1,0,b3,1,b1,0
DAMIMAS_A21B_0126,train,DAMIMAS,lnk-2,0,b4,1,b3,0
DAMIMAS_A21B_0126,train,DAMIMAS,lnk-3,1,b0,2,b0,0
DAMIMAS_A21B_0126,train,DAMIMAS,lnk-4,1,b3,2,b1,0
DAMIMAS_A21B_0126,train,DAMIMAS,lnk-5,1,b4,2,b2,0
DAMIMAS_A21B_0126,train,DAMIMAS,lnk-6,2,b0,3,b1,0
DAMIMAS_A21B_0126,train,DAMIMAS,lnk-7,2,b4,3,b2,0
DAMIMAS_A21B_0126,train,DAMIMAS,lnk-8,2,b5,3,b3,0
DAMIMAS_A21B_0126,train,DAMIMAS,lnk-9,2,b3,3,b4,0
DAMIMAS_A21B_0126,train,DAMIMAS,lnk-10,3,b5,0,b1,0
DAMIMAS_A21B_0126,train,DAMIMAS,lnk-11,3,b0,0,b0,0
DAMIMAS_A21B_0127,train,DAMIMAS,lnk-2,0,b3,1,b2,0
DAMIMAS_A21B_0127,train,DAMIMAS,lnk-3,0,b2,1,b4,0
DAMIMAS_A21B_0127,train,DAMIMAS,lnk-7,1,b2,2,b3,0
DAMIMAS_A21B_0127,train,DAMIMAS,lnk-9,1,b1,2,b5,0
DAMIMAS_A21B_0127,train,DAMIMAS,lnk-10,1,b0,2,b0,0
DAMIMAS_A21B_0127,train,DAMIMAS,lnk-11,2,b1,3,b1,0
DAMIMAS_A21B_0127,train,DAMIMAS,lnk-13,2,b4,3,b5,0
DAMIMAS_A21B_0127,train,DAMIMAS,lnk-14,2,b2,3,b2,0
DAMIMAS_A21B_0127,train,DAMIMAS,lnk-16,3,b3,0,b4,0
DAMIMAS_A21B_0127,train,DAMIMAS,lnk-18,3,b0,0,b0,0
DAMIMAS_A21B_0127,train,DAMIMAS,lnk-20,3,b4,0,b1,0
DAMIMAS_A21B_0128,train,DAMIMAS,lnk-0,0,b0,1,b0,0
DAMIMAS_A21B_0128,train,DAMIMAS,lnk-1,0,b4,1,b2,0
DAMIMAS_A21B_0128,train,DAMIMAS,lnk-2,0,b2,1,b1,0
DAMIMAS_A21B_0128,train,DAMIMAS,lnk-3,1,b1,2,b3,0
DAMIMAS_A21B_0128,train,DAMIMAS,lnk-4,1,b3,2,b0,0
DAMIMAS_A21B_0128,train,DAMIMAS,lnk-5,2,b1,3,b1,0
DAMIMAS_A21B_0128,train,DAMIMAS,lnk-7,2,b0,3,b2,0
DAMIMAS_A21B_0128,train,DAMIMAS,lnk-8,3,b0,0,b1,0
DAMIMAS_A21B_0128,train,DAMIMAS,lnk-9,3,b3,0,b3,0
DAMIMAS_A21B_0129,train,DAMIMAS,lnk-0,0,b1,1,b2,0
DAMIMAS_A21B_0129,train,DAMIMAS,lnk-1,0,b2,1,b0,0
DAMIMAS_A21B_0129,train,DAMIMAS,lnk-2,1,b1,2,b0,0
DAMIMAS_A21B_0129,train,DAMIMAS,lnk-3,2,b1,3,b1,0
DAMIMAS_A21B_0129,train,DAMIMAS,lnk-4,3,b0,0,b0,0
DAMIMAS_A21B_0130,train,DAMIMAS,lnk-0,1,b2,2,b0,0
DAMIMAS_A21B_0130,train,DAMIMAS,lnk-1,2,b1,3,b1,0
DAMIMAS_A21B_0130,train,DAMIMAS,lnk-2,2,b2,3,b2,0
DAMIMAS_A21B_0130,train,DAMIMAS,lnk-3,3,b0,0,b0,0
DAMIMAS_A21B_0130,train,DAMIMAS,lnk-4,3,b3,0,b1,0
DAMIMAS_A21B_0130,train,DAMIMAS,lnk-5,0,b2,1,b0,0
DAMIMAS_A21B_0130,train,DAMIMAS,lnk-6,0,b3,1,b1,0
DAMIMAS_A21B_0131,train,DAMIMAS,lnk-1,0,b4,1,b1,0
DAMIMAS_A21B_0131,train,DAMIMAS,lnk-2,0,b0,1,b2,0
DAMIMAS_A21B_0131,train,DAMIMAS,lnk-4,1,b0,2,b0,0
DAMIMAS_A21B_0131,train,DAMIMAS,lnk-6,1,b3,2,b4,0
DAMIMAS_A21B_0131,train,DAMIMAS,lnk-7,2,b1,3,b2,0
DAMIMAS_A21B_0131,train,DAMIMAS,lnk-8,2,b2,3,b3,0
DAMIMAS_A21B_0131,train,DAMIMAS,lnk-9,2,b3,3,b0,0
DAMIMAS_A21B_0131,train,DAMIMAS,lnk-10,3,b0,0,b1,0
DAMIMAS_A21B_0131,train,DAMIMAS,lnk-11,3,b1,0,b2,0
DAMIMAS_A21B_0132,train,DAMIMAS,lnk-0,1,b0,2,b1,0
DAMIMAS_A21B_0132,train,DAMIMAS,lnk-1,1,b2,2,b3,0
DAMIMAS_A21B_0132,train,DAMIMAS,lnk-2,1,b1,2,b2,0
DAMIMAS_A21B_0132,train,DAMIMAS,lnk-4,2,b0,3,b0,0
DAMIMAS_A21B_0132,train,DAMIMAS,lnk-5,2,b4,3,b3,0
DAMIMAS_A21B_0132,train,DAMIMAS,lnk-6,3,b0,0,b3,0
DAMIMAS_A21B_0132,train,DAMIMAS,lnk-7,3,b2,0,b4,0
DAMIMAS_A21B_0132,train,DAMIMAS,lnk-8,3,b1,0,b1,0
DAMIMAS_A21B_0133,train,DAMIMAS,lnk-0,0,b0,1,b0,0
DAMIMAS_A21B_0133,train,DAMIMAS,lnk-1,0,b1,1,b2,0
DAMIMAS_A21B_0133,train,DAMIMAS,lnk-2,0,b4,1,b1,0
DAMIMAS_A21B_0133,train,DAMIMAS,lnk-3,0,b5,1,b4,0
DAMIMAS_A21B_0133,train,DAMIMAS,lnk-4,1,b2,2,b3,0
DAMIMAS_A21B_0133,train,DAMIMAS,lnk-5,1,b3,2,b2,0
DAMIMAS_A21B_0133,train,DAMIMAS,lnk-6,1,b5,2,b1,0
DAMIMAS_A21B_0133,train,DAMIMAS,lnk-7,2,b1,3,b3,0
DAMIMAS_A21B_0133,train,DAMIMAS,lnk-8,2,b4,3,b1,0
DAMIMAS_A21B_0133,train,DAMIMAS,lnk-9,2,b0,3,b2,0
DAMIMAS_A21B_0133,train,DAMIMAS,lnk-10,3,b2,0,b3,0
DAMIMAS_A21B_0133,train,DAMIMAS,lnk-11,3,b0,0,b2,0
DAMIMAS_A21B_0134,train,DAMIMAS,lnk-0,0,b1,1,b2,0
DAMIMAS_A21B_0134,train,DAMIMAS,lnk-1,0,b2,1,b0,0
DAMIMAS_A21B_0134,train,DAMIMAS,lnk-2,1,b0,2,b0,0
DAMIMAS_A21B_0134,train,DAMIMAS,lnk-3,1,b3,2,b2,0
DAMIMAS_A21B_0134,train,DAMIMAS,lnk-4,2,b0,3,b3,0
DAMIMAS_A21B_0134,train,DAMIMAS,lnk-5,2,b2,3,b2,0
DAMIMAS_A21B_0134,train,DAMIMAS,lnk-6,2,b1,3,b0,0
DAMIMAS_A21B_0134,train,DAMIMAS,lnk-7,3,b2,0,b3,0
DAMIMAS_A21B_0134,train,DAMIMAS,lnk-8,3,b0,0,b0,0
DAMIMAS_A21B_0135,train,DAMIMAS,lnk-0,0,b2,1,b5,0
DAMIMAS_A21B_0135,train,DAMIMAS,lnk-1,0,b5,1,b4,0
DAMIMAS_A21B_0135,train,DAMIMAS,lnk-2,0,b1,1,b0,0
DAMIMAS_A21B_0135,train,DAMIMAS,lnk-3,1,b0,2,b3,0
DAMIMAS_A21B_0135,train,DAMIMAS,lnk-4,1,b2,2,b2,0
DAMIMAS_A21B_0135,train,DAMIMAS,lnk-5,1,b1,2,b0,0
DAMIMAS_A21B_0135,train,DAMIMAS,lnk-6,2,b0,3,b1,0
DAMIMAS_A21B_0135,train,DAMIMAS,lnk-7,1,b3,2,b1,0
DAMIMAS_A21B_0135,train,DAMIMAS,lnk-8,2,b4,3,b2,0
DAMIMAS_A21B_0135,train,DAMIMAS,lnk-9,3,b0,0,b0,0
DAMIMAS_A21B_0135,train,DAMIMAS,lnk-10,3,b3,0,b3,0
DAMIMAS_A21B_0135,train,DAMIMAS,lnk-11,3,b4,0,b4,0
DAMIMAS_A21B_0136,train,DAMIMAS,lnk-0,0,b0,1,b0,0
DAMIMAS_A21B_0136,train,DAMIMAS,lnk-1,0,b2,1,b3,0
DAMIMAS_A21B_0136,train,DAMIMAS,lnk-2,0,b1,1,b2,0
DAMIMAS_A21B_0136,train,DAMIMAS,lnk-3,1,b5,2,b5,0
DAMIMAS_A21B_0136,train,DAMIMAS,lnk-4,1,b1,2,b0,0
DAMIMAS_A21B_0136,train,DAMIMAS,lnk-5,1,b4,2,b2,0
DAMIMAS_A21B_0136,train,DAMIMAS,lnk-6,1,b2,2,b4,0
DAMIMAS_A21B_0136,train,DAMIMAS,lnk-7,2,b2,3,b4,0
DAMIMAS_A21B_0136,train,DAMIMAS,lnk-9,2,b1,3,b2,0
DAMIMAS_A21B_0136,train,DAMIMAS,lnk-10,2,b3,3,b3,0
DAMIMAS_A21B_0136,train,DAMIMAS,lnk-11,3,b1,0,b4,0
DAMIMAS_A21B_0136,train,DAMIMAS,lnk-12,3,b0,0,b3,0
DAMIMAS_A21B_0137,train,DAMIMAS,lnk-0,0,b0,1,b1,0
DAMIMAS_A21B_0137,train,DAMIMAS,lnk-1,0,b1,1,b2,0
DAMIMAS_A21B_0137,train,DAMIMAS,lnk-2,1,b4,2,b2,0
DAMIMAS_A21B_0137,train,DAMIMAS,lnk-3,1,b0,2,b3,0
DAMIMAS_A21B_0137,train,DAMIMAS,lnk-4,1,b5,2,b1,0
DAMIMAS_A21B_0137,train,DAMIMAS,lnk-5,2,b1,3,b4,0
DAMIMAS_A21B_0137,train,DAMIMAS,lnk-6,2,b0,3,b3,0
DAMIMAS_A21B_0137,train,DAMIMAS,lnk-7,2,b4,3,b2,0
DAMIMAS_A21B_0137,train,DAMIMAS,lnk-8,3,b0,0,b2,0
DAMIMAS_A21B_0137,train,DAMIMAS,lnk-9,3,b1,0,b3,0
DAMIMAS_A21B_0138,train,DAMIMAS,lnk-0,0,b1,1,b3,0
DAMIMAS_A21B_0138,train,DAMIMAS,lnk-1,0,b3,1,b2,0
DAMIMAS_A21B_0138,train,DAMIMAS,lnk-2,1,b1,2,b2,0
DAMIMAS_A21B_0138,train,DAMIMAS,lnk-3,1,b0,2,b1,0
DAMIMAS_A21B_0138,train,DAMIMAS,lnk-4,2,b1,3,b2,0
DAMIMAS_A21B_0138,train,DAMIMAS,lnk-5,2,b0,3,b0,0
DAMIMAS_A21B_0138,train,DAMIMAS,lnk-6,2,b3,3,b1,0
DAMIMAS_A21B_0138,train,DAMIMAS,lnk-7,3,b0,0,b0,0
DAMIMAS_A21B_0138,train,DAMIMAS,lnk-8,3,b1,0,b2,0
DAMIMAS_A21B_0139,train,DAMIMAS,lnk-0,0,b2,1,b4,0
DAMIMAS_A21B_0139,train,DAMIMAS,lnk-1,0,b0,1,b0,0
DAMIMAS_A21B_0139,train,DAMIMAS,lnk-2,0,b3,1,b3,0
DAMIMAS_A21B_0139,train,DAMIMAS,lnk-3,1,b0,2,b0,0
DAMIMAS_A21B_0139,train,DAMIMAS,lnk-4,1,b3,2,b3,0
DAMIMAS_A21B_0139,train,DAMIMAS,lnk-5,1,b2,2,b1,0
DAMIMAS_A21B_0139,train,DAMIMAS,lnk-6,2,b1,3,b0,0
DAMIMAS_A21B_0139,train,DAMIMAS,lnk-7,2,b4,3,b1,0
DAMIMAS_A21B_0139,train,DAMIMAS,lnk-8,2,b2,3,b2,0
DAMIMAS_A21B_0139,train,DAMIMAS,lnk-9,3,b1,0,b5,0
DAMIMAS_A21B_0139,train,DAMIMAS,lnk-10,3,b2,0,b4,0
DAMIMAS_A21B_0139,train,DAMIMAS,lnk-11,3,b3,0,b1,0
DAMIMAS_A21B_0140,train,DAMIMAS,lnk-0,0,b4,1,b2,0
DAMIMAS_A21B_0140,train,DAMIMAS,lnk-1,0,b0,1,b3,0
DAMIMAS_A21B_0140,train,DAMIMAS,lnk-2,0,b3,1,b5,0
DAMIMAS_A21B_0140,train,DAMIMAS,lnk-3,0,b1,1,b1,0
DAMIMAS_A21B_0140,train,DAMIMAS,lnk-4,1,b0,2,b1,0
DAMIMAS_A21B_0140,train,DAMIMAS,lnk-5,1,b4,2,b4,0
DAMIMAS_A21B_0140,train,DAMIMAS,lnk-6,1,b6,2,b2,0
DAMIMAS_A21B_0140,train,DAMIMAS,lnk-7,2,b0,3,b2,0
DAMIMAS_A21B_0140,train,DAMIMAS,lnk-8,2,b3,3,b6,0
DAMIMAS_A21B_0140,train,DAMIMAS,lnk-9,2,b6,3,b3,0
DAMIMAS_A21B_0140,train,DAMIMAS,lnk-10,2,b5,3,b4,0
DAMIMAS_A21B_0140,train,DAMIMAS,lnk-11,3,b0,0,b2,0
DAMIMAS_A21B_0140,train,DAMIMAS,lnk-12,3,b1,0,b5,0
DAMIMAS_A21B_0140,train,DAMIMAS,lnk-13,3,b5,0,b4,0
DAMIMAS_A21B_0141,train,DAMIMAS,lnk-0,0,b0,1,b3,0
DAMIMAS_A21B_0141,train,DAMIMAS,lnk-1,0,b1,1,b2,0
DAMIMAS_A21B_0141,train,DAMIMAS,lnk-2,0,b4,1,b5,0
DAMIMAS_A21B_0141,train,DAMIMAS,lnk-3,1,b2,2,b3,0
DAMIMAS_A21B_0141,train,DAMIMAS,lnk-4,1,b0,2,b0,0
DAMIMAS_A21B_0141,train,DAMIMAS,lnk-5,1,b4,2,b2,0
DAMIMAS_A21B_0141,train,DAMIMAS,lnk-6,1,b1,2,b1,0
DAMIMAS_A21B_0141,train,DAMIMAS,lnk-7,2,b1,3,b2,0
DAMIMAS_A21B_0141,train,DAMIMAS,lnk-8,2,b2,3,b3,0
DAMIMAS_A21B_0141,train,DAMIMAS,lnk-9,2,b4,3,b1,0
DAMIMAS_A21B_0141,train,DAMIMAS,lnk-10,3,b0,0,b3,0
DAMIMAS_A21B_0141,train,DAMIMAS,lnk-11,3,b4,0,b2,0
DAMIMAS_A21B_0141,train,DAMIMAS,lnk-12,3,b1,0,b5,0
DAMIMAS_A21B_0142,train,DAMIMAS,lnk-0,0,b0,1,b0,0
DAMIMAS_A21B_0142,train,DAMIMAS,lnk-1,1,b1,2,b2,0
DAMIMAS_A21B_0142,train,DAMIMAS,lnk-2,2,b1,3,b0,0
DAMIMAS_A21B_0142,train,DAMIMAS,lnk-3,3,b0,0,b1,0
DAMIMAS_A21B_0143,train,DAMIMAS,lnk-0,0,b1,1,b2,0
DAMIMAS_A21B_0143,train,DAMIMAS,lnk-1,0,b3,1,b3,0
DAMIMAS_A21B_0143,train,DAMIMAS,lnk-2,1,b0,2,b0,0
DAMIMAS_A21B_0143,train,DAMIMAS,lnk-3,1,b1,2,b1,0
DAMIMAS_A21B_0143,train,DAMIMAS,lnk-4,1,b3,2,b4,0
DAMIMAS_A21B_0143,train,DAMIMAS,lnk-5,1,b4,2,b5,0
DAMIMAS_A21B_0143,train,DAMIMAS,lnk-7,2,b3,3,b0,0
DAMIMAS_A21B_0143,train,DAMIMAS,lnk-8,2,b2,3,b3,0
DAMIMAS_A21B_0143,train,DAMIMAS,lnk-9,2,b1,3,b2,0
DAMIMAS_A21B_0143,train,DAMIMAS,lnk-10,3,b0,0,b2,0
DAMIMAS_A21B_0143,train,DAMIMAS,lnk-11,3,b1,0,b0,0
DAMIMAS_A21B_0144,val,DAMIMAS,lnk-0,0,b3,1,b3,0
DAMIMAS_A21B_0144,val,DAMIMAS,lnk-1,0,b1,1,b1,0
DAMIMAS_A21B_0144,val,DAMIMAS,lnk-3,1,b0,2,b1,0
DAMIMAS_A21B_0144,val,DAMIMAS,lnk-4,1,b4,2,b2,0
DAMIMAS_A21B_0144,val,DAMIMAS,lnk-5,1,b2,2,b0,0
DAMIMAS_A21B_0144,val,DAMIMAS,lnk-6,2,b0,3,b1,0
DAMIMAS_A21B_0144,val,DAMIMAS,lnk-7,2,b2,3,b4,0
DAMIMAS_A21B_0144,val,DAMIMAS,lnk-8,3,b0,0,b0,0
DAMIMAS_A21B_0144,val,DAMIMAS,lnk-10,3,b3,0,b2,0
DAMIMAS_A21B_0144,val,DAMIMAS,lnk-11,3,b2,0,b4,0
DAMIMAS_A21B_0145,val,DAMIMAS,lnk-0,0,b0,1,b4,0
DAMIMAS_A21B_0145,val,DAMIMAS,lnk-1,0,b1,1,b3,0
DAMIMAS_A21B_0145,val,DAMIMAS,lnk-2,0,b2,1,b5,0
DAMIMAS_A21B_0145,val,DAMIMAS,lnk-3,1,b0,2,b0,0
DAMIMAS_A21B_0145,val,DAMIMAS,lnk-4,1,b2,2,b4,0
DAMIMAS_A21B_0145,val,DAMIMAS,lnk-5,1,b1,2,b1,0
DAMIMAS_A21B_0145,val,DAMIMAS,lnk-6,2,b3,3,b1,0
DAMIMAS_A21B_0145,val,DAMIMAS,lnk-7,2,b2,3,b3,0
DAMIMAS_A21B_0145,val,DAMIMAS,lnk-8,3,b0,0,b4,0
DAMIMAS_A21B_0145,val,DAMIMAS,lnk-9,3,b2,0,b3,0
DAMIMAS_A21B_0146,val,DAMIMAS,lnk-0,0,b0,1,b0,0
DAMIMAS_A21B_0146,val,DAMIMAS,lnk-1,0,b2,1,b5,0
DAMIMAS_A21B_0146,val,DAMIMAS,lnk-2,0,b3,1,b4,0
DAMIMAS_A21B_0146,val,DAMIMAS,lnk-6,1,b1,2,b5,0
DAMIMAS_A21B_0146,val,DAMIMAS,lnk-7,1,b3,2,b4,0
DAMIMAS_A21B_0146,val,DAMIMAS,lnk-8,1,b2,2,b0,0
DAMIMAS_A21B_0146,val,DAMIMAS,lnk-9,2,b0,3,b3,0
DAMIMAS_A21B_0146,val,DAMIMAS,lnk-10,2,b3,3,b4,0
DAMIMAS_A21B_0146,val,DAMIMAS,lnk-11,2,b2,3,b2,0
DAMIMAS_A21B_0146,val,DAMIMAS,lnk-12,2,b1,3,b0,0
DAMIMAS_A21B_0146,val,DAMIMAS,lnk-13,3,b5,0,b4,0
DAMIMAS_A21B_0146,val,DAMIMAS,lnk-14,3,b1,0,b1,0
DAMIMAS_A21B_0147,val,DAMIMAS,lnk-0,0,b1,1,b5,0
DAMIMAS_A21B_0147,val,DAMIMAS,lnk-1,0,b2,1,b3,0
DAMIMAS_A21B_0147,val,DAMIMAS,lnk-2,0,b0,1,b0,0
DAMIMAS_A21B_0147,val,DAMIMAS,lnk-3,0,b3,1,b1,0
DAMIMAS_A21B_0147,val,DAMIMAS,lnk-4,1,b1,2,b2,0
DAMIMAS_A21B_0147,val,DAMIMAS,lnk-5,1,b2,2,b1,0
DAMIMAS_A21B_0147,val,DAMIMAS,lnk-6,1,b4,2,b3,0
DAMIMAS_A21B_0147,val,DAMIMAS,lnk-7,2,b0,3,b0,0
DAMIMAS_A21B_0147,val,DAMIMAS,lnk-8,2,b5,3,b6,0
DAMIMAS_A21B_0147,val,DAMIMAS,lnk-9,2,b4,3,b1,0
DAMIMAS_A21B_0147,val,DAMIMAS,lnk-10,3,b4,0,b6,0
DAMIMAS_A21B_0147,val,DAMIMAS,lnk-11,3,b5,0,b4,0
DAMIMAS_A21B_0147,val,DAMIMAS,lnk-12,3,b2,0,b5,0
DAMIMAS_A21B_0147,val,DAMIMAS,lnk-13,3,b3,0,b1,0
DAMIMAS_A21B_0148,val,DAMIMAS,lnk-0,0,b0,1,b1,0
DAMIMAS_A21B_0148,val,DAMIMAS,lnk-1,0,b4,1,b4,0
DAMIMAS_A21B_0148,val,DAMIMAS,lnk-2,0,b3,1,b3,0
DAMIMAS_A21B_0148,val,DAMIMAS,lnk-3,1,b0,2,b0,0
DAMIMAS_A21B_0148,val,DAMIMAS,lnk-4,1,b2,2,b3,0
DAMIMAS_A21B_0148,val,DAMIMAS,lnk-5,2,b2,3,b1,0
DAMIMAS_A21B_0148,val,DAMIMAS,lnk-6,2,b1,3,b2,0
DAMIMAS_A21B_0148,val,DAMIMAS,lnk-7,3,b0,0,b2,0
DAMIMAS_A21B_0148,val,DAMIMAS,lnk-8,3,b3,0,b1,0
DAMIMAS_A21B_0149,val,DAMIMAS,lnk-1,0,b0,1,b0,0
DAMIMAS_A21B_0149,val,DAMIMAS,lnk-2,0,b1,1,b1,0
DAMIMAS_A21B_0149,val,DAMIMAS,lnk-3,0,b2,1,b4,0
DAMIMAS_A21B_0149,val,DAMIMAS,lnk-4,1,b0,2,b0,0
DAMIMAS_A21B_0149,val,DAMIMAS,lnk-5,1,b2,2,b1,0
DAMIMAS_A21B_0149,val,DAMIMAS,lnk-6,1,b3,2,b3,0
DAMIMAS_A21B_0149,val,DAMIMAS,lnk-7,2,b3,3,b3,0
DAMIMAS_A21B_0149,val,DAMIMAS,lnk-8,2,b2,3,b2,0
DAMIMAS_A21B_0149,val,DAMIMAS,lnk-9,2,b4,3,b0,0
DAMIMAS_A21B_0149,val,DAMIMAS,lnk-10,3,b5,0,b6,0
DAMIMAS_A21B_0149,val,DAMIMAS,lnk-11,3,b1,0,b4,0
DAMIMAS_A21B_0149,val,DAMIMAS,lnk-12,3,b4,0,b5,0
DAMIMAS_A21B_0150,val,DAMIMAS,lnk-0,0,b4,1,b0,0
DAMIMAS_A21B_0150,val,DAMIMAS,lnk-1,1,b0,2,b5,0
DAMIMAS_A21B_0150,val,DAMIMAS,lnk-2,0,b3,1,b1,0
DAMIMAS_A21B_0150,val,DAMIMAS,lnk-3,0,b5,1,b5,0
DAMIMAS_A21B_0150,val,DAMIMAS,lnk-4,1,b4,2,b3,0
DAMIMAS_A21B_0150,val,DAMIMAS,lnk-5,1,b3,2,b6,0
DAMIMAS_A21B_0150,val,DAMIMAS,lnk-6,1,b6,2,b4,0
DAMIMAS_A21B_0150,val,DAMIMAS,lnk-10,3,b3,0,b2,0
DAMIMAS_A21B_0150,val,DAMIMAS,lnk-11,3,b4,0,b0,0
DAMIMAS_A21B_0150,val,DAMIMAS,lnk-12,3,b5,0,b1,0
DAMIMAS_A21B_0150,val,DAMIMAS,lnk-15,2,b2,3,b6,0
DAMIMAS_A21B_0150,val,DAMIMAS,lnk-16,2,b1,3,b1,0
DAMIMAS_A21B_0150,val,DAMIMAS,lnk-17,2,b0,3,b0,0
DAMIMAS_A21B_0151,val,DAMIMAS,lnk-6,0,b2,1,b0,0
DAMIMAS_A21B_0151,val,DAMIMAS,lnk-8,1,b0,2,b0,0
DAMIMAS_A21B_0151,val,DAMIMAS,lnk-9,1,b1,2,b1,0
DAMIMAS_A21B_0151,val,DAMIMAS,lnk-10,1,b2,2,b2,0
DAMIMAS_A21B_0151,val,DAMIMAS,lnk-14,2,b2,3,b1,0
DAMIMAS_A21B_0151,val,DAMIMAS,lnk-15,2,b3,3,b0,0
DAMIMAS_A21B_0151,val,DAMIMAS,lnk-16,2,b4,3,b2,0
DAMIMAS_A21B_0151,val,DAMIMAS,lnk-17,2,b5,3,b3,0
DAMIMAS_A21B_0151,val,DAMIMAS,lnk-18,3,b5,0,b0,0
DAMIMAS_A21B_0151,val,DAMIMAS,lnk-19,3,b4,0,b3,0
DAMIMAS_A21B_0151,val,DAMIMAS,lnk-20,0,b1,1,b3,0
DAMIMAS_A21B_0151,val,DAMIMAS,lnk-21,0,b4,1,b4,0
DAMIMAS_A21B_0151,val,DAMIMAS,lnk-22,0,b5,1,b1,0
DAMIMAS_A21B_0152,val,DAMIMAS,lnk-0,0,b5,1,b5,0
DAMIMAS_A21B_0152,val,DAMIMAS,lnk-1,0,b2,1,b0,0
DAMIMAS_A21B_0152,val,DAMIMAS,lnk-2,1,b1,2,b0,0
DAMIMAS_A21B_0152,val,DAMIMAS,lnk-3,1,b0,2,b1,0
DAMIMAS_A21B_0152,val,DAMIMAS,lnk-4,1,b2,2,b2,0
DAMIMAS_A21B_0152,val,DAMIMAS,lnk-5,1,b5,2,b5,0
DAMIMAS_A21B_0152,val,DAMIMAS,lnk-6,1,b4,2,b4,0
DAMIMAS_A21B_0152,val,DAMIMAS,lnk-7,1,b3,2,b3,0
DAMIMAS_A21B_0152,val,DAMIMAS,lnk-8,3,b0,0,b0,0
DAMIMAS_A21B_0152,val,DAMIMAS,lnk-9,3,b5,0,b1,0
DAMIMAS_A21B_0152,val,DAMIMAS,lnk-10,3,b1,0,b4,0
DAMIMAS_A21B_0152,val,DAMIMAS,lnk-11,2,b3,3,b2,0
DAMIMAS_A21B_0152,val,DAMIMAS,lnk-12,2,b2,3,b4,0
DAMIMAS_A21B_0152,val,DAMIMAS,lnk-13,2,b0,3,b3,0
DAMIMAS_A21B_0153,val,DAMIMAS,lnk-0,0,b4,1,b3,0
DAMIMAS_A21B_0153,val,DAMIMAS,lnk-1,0,b0,1,b2,0
DAMIMAS_A21B_0153,val,DAMIMAS,lnk-2,0,b1,1,b0,0
DAMIMAS_A21B_0153,val,DAMIMAS,lnk-3,1,b0,2,b2,0
DAMIMAS_A21B_0153,val,DAMIMAS,lnk-4,1,b1,2,b0,0
DAMIMAS_A21B_0153,val,DAMIMAS,lnk-5,2,b0,3,b4,0
DAMIMAS_A21B_0153,val,DAMIMAS,lnk-6,2,b1,3,b0,0
DAMIMAS_A21B_0153,val,DAMIMAS,lnk-7,3,b1,0,b2,0
DAMIMAS_A21B_0153,val,DAMIMAS,lnk-8,3,b2,0,b3,0
DAMIMAS_A21B_0154,val,DAMIMAS,lnk-1,0,b0,1,b0,0
DAMIMAS_A21B_0154,val,DAMIMAS,lnk-2,0,b3,1,b5,0
DAMIMAS_A21B_0154,val,DAMIMAS,lnk-3,0,b4,1,b1,0
DAMIMAS_A21B_0154,val,DAMIMAS,lnk-4,0,b5,1,b4,0
DAMIMAS_A21B_0154,val,DAMIMAS,lnk-5,1,b6,2,b6,0
DAMIMAS_A21B_0154,val,DAMIMAS,lnk-6,1,b2,2,b1,0
DAMIMAS_A21B_0154,val,DAMIMAS,lnk-7,1,b3,2,b2,0
DAMIMAS_A21B_0154,val,DAMIMAS,lnk-8,2,b0,3,b0,0
DAMIMAS_A21B_0154,val,DAMIMAS,lnk-9,2,b3,3,b1,0
DAMIMAS_A21B_0154,val,DAMIMAS,lnk-10,2,b4,3,b5,0
DAMIMAS_A21B_0154,val,DAMIMAS,lnk-11,3,b3,0,b2,0
DAMIMAS_A21B_0154,val,DAMIMAS,lnk-12,3,b2,0,b1,0
DAMIMAS_A21B_0154,val,DAMIMAS,lnk-13,3,b4,0,b3,0
DAMIMAS_A21B_0155,val,DAMIMAS,lnk-1,0,b3,1,b1,0
DAMIMAS_A21B_0155,val,DAMIMAS,lnk-2,0,b0,1,b0,0
DAMIMAS_A21B_0155,val,DAMIMAS,lnk-3,1,b4,2,b3,0
DAMIMAS_A21B_0155,val,DAMIMAS,lnk-4,1,b2,2,b1,0
DAMIMAS_A21B_0155,val,DAMIMAS,lnk-5,1,b3,2,b2,0
DAMIMAS_A21B_0155,val,DAMIMAS,lnk-6,1,b5,2,b0,0
DAMIMAS_A21B_0155,val,DAMIMAS,lnk-7,2,b0,3,b2,0
DAMIMAS_A21B_0155,val,DAMIMAS,lnk-8,2,b5,3,b3,0
DAMIMAS_A21B_0155,val,DAMIMAS,lnk-9,3,b1,0,b2,0
DAMIMAS_A21B_0155,val,DAMIMAS,lnk-10,3,b4,0,b4,0
DAMIMAS_A21B_0155,val,DAMIMAS,lnk-11,3,b5,0,b1,0
DAMIMAS_A21B_0156,val,DAMIMAS,lnk-0,0,b2,1,b1,0
DAMIMAS_A21B_0156,val,DAMIMAS,lnk-1,0,b1,1,b4,0
DAMIMAS_A21B_0156,val,DAMIMAS,lnk-2,1,b0,2,b0,0
DAMIMAS_A21B_0156,val,DAMIMAS,lnk-3,1,b1,2,b3,0
DAMIMAS_A21B_0156,val,DAMIMAS,lnk-4,1,b3,2,b2,0
DAMIMAS_A21B_0156,val,DAMIMAS,lnk-5,2,b1,3,b0,0
DAMIMAS_A21B_0156,val,DAMIMAS,lnk-6,2,b2,3,b2,0
DAMIMAS_A21B_0156,val,DAMIMAS,lnk-7,2,b0,3,b1,0
DAMIMAS_A21B_0156,val,DAMIMAS,lnk-8,3,b3,0,b4,0
DAMIMAS_A21B_0156,val,DAMIMAS,lnk-9,3,b4,0,b3,0
DAMIMAS_A21B_0157,val,DAMIMAS,lnk-0,0,b0,1,b0,0
DAMIMAS_A21B_0157,val,DAMIMAS,lnk-1,0,b1,1,b3,0
DAMIMAS_A21B_0157,val,DAMIMAS,lnk-2,0,b6,1,b2,0
DAMIMAS_A21B_0157,val,DAMIMAS,lnk-3,1,b0,2,b5,0
DAMIMAS_A21B_0157,val,DAMIMAS,lnk-4,1,b1,2,b4,0
DAMIMAS_A21B_0157,val,DAMIMAS,lnk-5,2,b0,3,b0,0
DAMIMAS_A21B_0157,val,DAMIMAS,lnk-6,2,b1,3,b6,0
DAMIMAS_A21B_0157,val,DAMIMAS,lnk-7,2,b3,3,b5,0
DAMIMAS_A21B_0157,val,DAMIMAS,lnk-10,3,b3,0,b4,0
DAMIMAS_A21B_0157,val,DAMIMAS,lnk-11,3,b2,0,b5,0
DAMIMAS_A21B_0157,val,DAMIMAS,lnk-12,0,b3,1,b4,0
DAMIMAS_A21B_0157,val,DAMIMAS,lnk-13,0,b2,1,b5,0
DAMIMAS_A21B_0158,val,DAMIMAS,lnk-0,0,b0,1,b0,0
DAMIMAS_A21B_0158,val,DAMIMAS,lnk-1,0,b3,1,b1,0
DAMIMAS_A21B_0158,val,DAMIMAS,lnk-2,0,b1,1,b4,0
DAMIMAS_A21B_0158,val,DAMIMAS,lnk-4,1,b2,2,b2,0
DAMIMAS_A21B_0158,val,DAMIMAS,lnk-5,2,b0,3,b2,0
DAMIMAS_A21B_0158,val,DAMIMAS,lnk-6,2,b3,3,b3,0
DAMIMAS_A21B_0158,val,DAMIMAS,lnk-7,2,b1,3,b0,0
DAMIMAS_A21B_0158,val,DAMIMAS,lnk-8,3,b1,0,b2,0
DAMIMAS_A21B_0158,val,DAMIMAS,lnk-9,3,b4,0,b4,0
DAMIMAS_A21B_0159,val,DAMIMAS,lnk-0,2,b0,3,b1,0
DAMIMAS_A21B_0159,val,DAMIMAS,lnk-1,3,b0,0,b1,0
DAMIMAS_A21B_0159,val,DAMIMAS,lnk-2,3,b2,0,b2,0
DAMIMAS_A21B_0159,val,DAMIMAS,lnk-3,0,b3,1,b0,0
DAMIMAS_A21B_0160,val,DAMIMAS,lnk-0,1,b2,2,b0,0
DAMIMAS_A21B_0160,val,DAMIMAS,lnk-1,2,b0,3,b2,0
DAMIMAS_A21B_0160,val,DAMIMAS,lnk-2,1,b1,2,b1,0
DAMIMAS_A21B_0160,val,DAMIMAS,lnk-3,2,b2,3,b1,0
DAMIMAS_A21B_0160,val,DAMIMAS,lnk-4,2,b3,3,b0,0
DAMIMAS_A21B_0160,val,DAMIMAS,lnk-6,0,b2,1,b0,0
DAMIMAS_A21B_0160,val,DAMIMAS,lnk-8,3,b0,0,b1,0
DAMIMAS_A21B_0160,val,DAMIMAS,lnk-9,3,b3,0,b0,0
DAMIMAS_A21B_0161,val,DAMIMAS,lnk-0,0,b2,1,b3,0
DAMIMAS_A21B_0161,val,DAMIMAS,lnk-1,0,b0,1,b2,0
DAMIMAS_A21B_0161,val,DAMIMAS,lnk-2,0,b1,1,b1,0
DAMIMAS_A21B_0161,val,DAMIMAS,lnk-3,1,b1,2,b6,0
DAMIMAS_A21B_0161,val,DAMIMAS,lnk-4,1,b0,2,b5,0
DAMIMAS_A21B_0161,val,DAMIMAS,lnk-5,1,b4,2,b3,0
DAMIMAS_A21B_0161,val,DAMIMAS,lnk-10,2,b0,3,b3,0
DAMIMAS_A21B_0161,val,DAMIMAS,lnk-12,2,b3,3,b5,0
DAMIMAS_A21B_0161,val,DAMIMAS,lnk-13,2,b2,3,b4,0
DAMIMAS_A21B_0161,val,DAMIMAS,lnk-14,2,b1,3,b1,0
DAMIMAS_A21B_0162,val,DAMIMAS,lnk-0,0,b0,1,b3,0
DAMIMAS_A21B_0162,val,DAMIMAS,lnk-1,0,b2,1,b0,0
DAMIMAS_A21B_0162,val,DAMIMAS,lnk-2,1,b0,2,b3,0
DAMIMAS_A21B_0162,val,DAMIMAS,lnk-3,1,b2,2,b1,0
DAMIMAS_A21B_0162,val,DAMIMAS,lnk-4,1,b1,2,b0,0
DAMIMAS_A21B_0162,val,DAMIMAS,lnk-5,2,b2,3,b0,0
DAMIMAS_A21B_0162,val,DAMIMAS,lnk-6,2,b0,3,b1,0
DAMIMAS_A21B_0162,val,DAMIMAS,lnk-7,3,b0,0,b4,0
DAMIMAS_A21B_0162,val,DAMIMAS,lnk-8,3,b2,0,b3,0
DAMIMAS_A21B_0162,val,DAMIMAS,lnk-9,3,b3,0,b0,0
DAMIMAS_A21B_0163,val,DAMIMAS,lnk-0,0,b1,1,b1,0
DAMIMAS_A21B_0163,val,DAMIMAS,lnk-1,0,b5,1,b6,0
DAMIMAS_A21B_0163,val,DAMIMAS,lnk-2,0,b2,1,b0,0
DAMIMAS_A21B_0163,val,DAMIMAS,lnk-3,1,b4,2,b0,0
DAMIMAS_A21B_0163,val,DAMIMAS,lnk-4,1,b3,2,b4,0
DAMIMAS_A21B_0163,val,DAMIMAS,lnk-5,1,b2,2,b3,0
DAMIMAS_A21B_0163,val,DAMIMAS,lnk-6,1,b5,2,b8,0
DAMIMAS_A21B_0163,val,DAMIMAS,lnk-7,1,b7,2,b7,0
DAMIMAS_A21B_0163,val,DAMIMAS,lnk-8,1,b0,2,b2,0
DAMIMAS_A21B_0163,val,DAMIMAS,lnk-9,2,b0,3,b0,0
DAMIMAS_A21B_0163,val,DAMIMAS,lnk-10,2,b5,3,b6,0
DAMIMAS_A21B_0163,val,DAMIMAS,lnk-11,2,b1,3,b7,0
DAMIMAS_A21B_0163,val,DAMIMAS,lnk-12,2,b6,3,b4,0
DAMIMAS_A21B_0163,val,DAMIMAS,lnk-13,3,b2,0,b6,0
DAMIMAS_A21B_0163,val,DAMIMAS,lnk-14,3,b5,0,b3,0
DAMIMAS_A21B_0163,val,DAMIMAS,lnk-15,3,b1,0,b0,0
DAMIMAS_A21B_0163,val,DAMIMAS,lnk-16,3,b3,0,b4,0
DAMIMAS_A21B_0164,val,DAMIMAS,lnk-0,0,b2,1,b5,0
DAMIMAS_A21B_0164,val,DAMIMAS,lnk-1,0,b4,1,b4,0
DAMIMAS_A21B_0164,val,DAMIMAS,lnk-2,0,b1,1,b0,0
DAMIMAS_A21B_0164,val,DAMIMAS,lnk-3,1,b2,2,b3,0
DAMIMAS_A21B_0164,val,DAMIMAS,lnk-4,1,b1,2,b0,0
DAMIMAS_A21B_0164,val,DAMIMAS,lnk-5,1,b3,2,b2,0
DAMIMAS_A21B_0164,val,DAMIMAS,lnk-6,2,b1,3,b0,0
DAMIMAS_A21B_0164,val,DAMIMAS,lnk-7,2,b5,3,b5,0
DAMIMAS_A21B_0164,val,DAMIMAS,lnk-8,2,b4,3,b1,0
DAMIMAS_A21B_0164,val,DAMIMAS,lnk-9,3,b2,0,b0,0
DAMIMAS_A21B_0164,val,DAMIMAS,lnk-10,3,b4,0,b5,0
DAMIMAS_A21B_0164,val,DAMIMAS,lnk-11,3,b3,0,b3,0
DAMIMAS_A21B_0165,val,DAMIMAS,lnk-2,1,b0,2,b0,0
DAMIMAS_A21B_0165,val,DAMIMAS,lnk-4,1,b3,2,b4,0
DAMIMAS_A21B_0165,val,DAMIMAS,lnk-5,1,b1,2,b2,0
DAMIMAS_A21B_0165,val,DAMIMAS,lnk-6,2,b1,3,b5,0
DAMIMAS_A21B_0165,val,DAMIMAS,lnk-7,2,b2,3,b4,0
DAMIMAS_A21B_0165,val,DAMIMAS,lnk-8,2,b3,3,b0,0
DAMIMAS_A21B_0165,val,DAMIMAS,lnk-9,0,b3,1,b2,0
DAMIMAS_A21B_0165,val,DAMIMAS,lnk-10,0,b1,1,b3,0
DAMIMAS_A21B_0165,val,DAMIMAS,lnk-11,0,b0,1,b0,0
DAMIMAS_A21B_0165,val,DAMIMAS,lnk-12,3,b6,0,b4,0
DAMIMAS_A21B_0165,val,DAMIMAS,lnk-14,3,b2,0,b3,0
DAMIMAS_A21B_0165,val,DAMIMAS,lnk-15,3,b1,0,b5,0
DAMIMAS_A21B_0165,val,DAMIMAS,lnk-16,3,b7,0,b2,0
DAMIMAS_A21B_0166,val,DAMIMAS,lnk-0,0,b3,1,b0,0
DAMIMAS_A21B_0166,val,DAMIMAS,lnk-1,0,b2,1,b2,0
DAMIMAS_A21B_0166,val,DAMIMAS,lnk-2,1,b0,2,b3,0
DAMIMAS_A21B_0166,val,DAMIMAS,lnk-3,1,b1,2,b2,0
DAMIMAS_A21B_0166,val,DAMIMAS,lnk-4,2,b1,3,b3,0
DAMIMAS_A21B_0166,val,DAMIMAS,lnk-5,2,b0,3,b2,0
DAMIMAS_A21B_0166,val,DAMIMAS,lnk-6,3,b1,0,b4,0
DAMIMAS_A21B_0166,val,DAMIMAS,lnk-7,3,b0,0,b0,0
DAMIMAS_A21B_0167,val,DAMIMAS,lnk-0,0,b0,1,b1,0
DAMIMAS_A21B_0167,val,DAMIMAS,lnk-1,0,b2,1,b4,0
DAMIMAS_A21B_0167,val,DAMIMAS,lnk-2,0,b1,1,b3,0
DAMIMAS_A21B_0167,val,DAMIMAS,lnk-3,1,b0,2,b0,0
DAMIMAS_A21B_0167,val,DAMIMAS,lnk-4,1,b5,2,b4,0
DAMIMAS_A21B_0167,val,DAMIMAS,lnk-5,2,b1,3,b2,0
DAMIMAS_A21B_0167,val,DAMIMAS,lnk-6,2,b2,3,b1,0
DAMIMAS_A21B_0167,val,DAMIMAS,lnk-7,2,b3,3,b0,0
DAMIMAS_A21B_0167,val,DAMIMAS,lnk-8,3,b0,0,b5,0
DAMIMAS_A21B_0167,val,DAMIMAS,lnk-10,3,b4,0,b4,0
DAMIMAS_A21B_0167,val,DAMIMAS,lnk-11,3,b3,0,b3,0
DAMIMAS_A21B_0168,val,DAMIMAS,lnk-0,0,b0,1,b1,0
DAMIMAS_A21B_0168,val,DAMIMAS,lnk-1,0,b2,1,b0,0
DAMIMAS_A21B_0168,val,DAMIMAS,lnk-2,0,b5,1,b5,0
DAMIMAS_A21B_0168,val,DAMIMAS,lnk-3,0,b3,1,b4,0
DAMIMAS_A21B_0168,val,DAMIMAS,lnk-4,1,b3,2,b2,0
DAMIMAS_A21B_0168,val,DAMIMAS,lnk-5,1,b0,2,b3,0
DAMIMAS_A21B_0168,val,DAMIMAS,lnk-6,1,b2,2,b1,0
DAMIMAS_A21B_0168,val,DAMIMAS,lnk-7,2,b0,3,b0,0
DAMIMAS_A21B_0168,val,DAMIMAS,lnk-9,2,b1,3,b2,0
DAMIMAS_A21B_0168,val,DAMIMAS,lnk-10,2,b4,3,b4,0
DAMIMAS_A21B_0168,val,DAMIMAS,lnk-13,3,b1,0,b1,0
DAMIMAS_A21B_0168,val,DAMIMAS,lnk-14,3,b5,0,b4,0
DAMIMAS_A21B_0169,val,DAMIMAS,lnk-0,0,b2,1,b6,0
DAMIMAS_A21B_0169,val,DAMIMAS,lnk-1,0,b4,1,b7,0
DAMIMAS_A21B_0169,val,DAMIMAS,lnk-2,0,b3,1,b5,0
DAMIMAS_A21B_0169,val,DAMIMAS,lnk-3,2,b3,3,b3,0
DAMIMAS_A21B_0169,val,DAMIMAS,lnk-4,2,b4,3,b0,0
DAMIMAS_A21B_0169,val,DAMIMAS,lnk-5,2,b5,3,b2,0
DAMIMAS_A21B_0169,val,DAMIMAS,lnk-6,3,b4,0,b1,0
DAMIMAS_A21B_0169,val,DAMIMAS,lnk-7,3,b5,0,b0,0
DAMIMAS_A21B_0169,val,DAMIMAS,lnk-8,3,b6,0,b6,0
DAMIMAS_A21B_0169,val,DAMIMAS,lnk-9,3,b1,0,b7,0
DAMIMAS_A21B_0169,val,DAMIMAS,lnk-10,1,b2,2,b2,0
DAMIMAS_A21B_0169,val,DAMIMAS,lnk-11,1,b3,2,b0,0
DAMIMAS_A21B_0169,val,DAMIMAS,lnk-12,1,b0,2,b1,0
DAMIMAS_A21B_0170,val,DAMIMAS,lnk-0,0,b4,1,b3,0
DAMIMAS_A21B_0170,val,DAMIMAS,lnk-1,0,b2,1,b2,0
DAMIMAS_A21B_0170,val,DAMIMAS,lnk-2,0,b3,1,b4,0
DAMIMAS_A21B_0170,val,DAMIMAS,lnk-3,1,b0,2,b0,0
DAMIMAS_A21B_0170,val,DAMIMAS,lnk-4,1,b4,2,b6,0
DAMIMAS_A21B_0170,val,DAMIMAS,lnk-5,1,b5,2,b1,0
DAMIMAS_A21B_0170,val,DAMIMAS,lnk-6,1,b1,2,b5,0
DAMIMAS_A21B_0170,val,DAMIMAS,lnk-7,2,b2,3,b1,0
DAMIMAS_A21B_0170,val,DAMIMAS,lnk-8,2,b5,3,b3,0
DAMIMAS_A21B_0170,val,DAMIMAS,lnk-9,2,b4,3,b2,0
DAMIMAS_A21B_0170,val,DAMIMAS,lnk-10,2,b3,3,b0,0
DAMIMAS_A21B_0170,val,DAMIMAS,lnk-12,3,b5,0,b5,0
DAMIMAS_A21B_0170,val,DAMIMAS,lnk-13,3,b4,0,b1,0
DAMIMAS_A21B_0171,val,DAMIMAS,lnk-3,3,b2,0,b3,0
DAMIMAS_A21B_0171,val,DAMIMAS,lnk-4,3,b1,0,b0,0
DAMIMAS_A21B_0171,val,DAMIMAS,lnk-5,0,b1,1,b0,0
DAMIMAS_A21B_0171,val,DAMIMAS,lnk-6,0,b2,1,b1,0
DAMIMAS_A21B_0171,val,DAMIMAS,lnk-7,1,b2,2,b0,0
DAMIMAS_A21B_0171,val,DAMIMAS,lnk-8,2,b1,3,b0,0
DAMIMAS_A21B_0172,val,DAMIMAS,lnk-0,0,b3,1,b5,0
DAMIMAS_A21B_0172,val,DAMIMAS,lnk-1,0,b1,1,b0,0
DAMIMAS_A21B_0172,val,DAMIMAS,lnk-2,0,b5,1,b6,0
DAMIMAS_A21B_0172,val,DAMIMAS,lnk-3,0,b2,1,b1,0
DAMIMAS_A21B_0172,val,DAMIMAS,lnk-4,1,b2,2,b3,0
DAMIMAS_A21B_0172,val,DAMIMAS,lnk-5,1,b3,2,b2,0
DAMIMAS_A21B_0172,val,DAMIMAS,lnk-6,1,b4,2,b4,0
DAMIMAS_A21B_0172,val,DAMIMAS,lnk-7,2,b1,3,b3,0
DAMIMAS_A21B_0172,val,DAMIMAS,lnk-8,2,b0,3,b1,0
DAMIMAS_A21B_0172,val,DAMIMAS,lnk-9,3,b0,0,b0,0
DAMIMAS_A21B_0172,val,DAMIMAS,lnk-10,3,b2,0,b4,0
DAMIMAS_A21B_0173,val,DAMIMAS,lnk-0,0,b6,1,b2,0
DAMIMAS_A21B_0173,val,DAMIMAS,lnk-1,0,b1,1,b3,0
DAMIMAS_A21B_0173,val,DAMIMAS,lnk-2,1,b1,2,b1,0
DAMIMAS_A21B_0173,val,DAMIMAS,lnk-3,1,b0,2,b0,0
DAMIMAS_A21B_0173,val,DAMIMAS,lnk-4,1,b5,2,b2,0
DAMIMAS_A21B_0173,val,DAMIMAS,lnk-5,1,b4,2,b4,0
DAMIMAS_A21B_0173,val,DAMIMAS,lnk-6,1,b2,2,b3,0
DAMIMAS_A21B_0173,val,DAMIMAS,lnk-7,2,b0,3,b0,0
DAMIMAS_A21B_0173,val,DAMIMAS,lnk-8,2,b4,3,b1,0
DAMIMAS_A21B_0173,val,DAMIMAS,lnk-9,2,b5,3,b2,0
DAMIMAS_A21B_0173,val,DAMIMAS,lnk-10,3,b3,0,b4,0
DAMIMAS_A21B_0173,val,DAMIMAS,lnk-11,3,b4,0,b3,0
DAMIMAS_A21B_0174,val,DAMIMAS,lnk-1,0,b4,1,b5,0
DAMIMAS_A21B_0174,val,DAMIMAS,lnk-2,0,b3,1,b4,0
DAMIMAS_A21B_0174,val,DAMIMAS,lnk-3,0,b6,1,b1,0
DAMIMAS_A21B_0174,val,DAMIMAS,lnk-4,1,b0,2,b0,0
DAMIMAS_A21B_0174,val,DAMIMAS,lnk-5,1,b2,2,b2,0
DAMIMAS_A21B_0174,val,DAMIMAS,lnk-6,1,b3,2,b1,0
DAMIMAS_A21B_0174,val,DAMIMAS,lnk-7,2,b4,3,b4,0
DAMIMAS_A21B_0174,val,DAMIMAS,lnk-8,2,b5,3,b3,0
DAMIMAS_A21B_0174,val,DAMIMAS,lnk-9,2,b6,3,b7,0
DAMIMAS_A21B_0174,val,DAMIMAS,lnk-10,3,b0,0,b0,0
DAMIMAS_A21B_0174,val,DAMIMAS,lnk-11,3,b2,0,b1,0
DAMIMAS_A21B_0174,val,DAMIMAS,lnk-12,3,b1,0,b5,0
DAMIMAS_A21B_0174,val,DAMIMAS,lnk-13,3,b6,0,b2,0
DAMIMAS_A21B_0175,val,DAMIMAS,lnk-5,0,b3,1,b5,0
DAMIMAS_A21B_0175,val,DAMIMAS,lnk-6,0,b4,1,b2,0
DAMIMAS_A21B_0175,val,DAMIMAS,lnk-7,0,b0,1,b1,0
DAMIMAS_A21B_0175,val,DAMIMAS,lnk-8,0,b1,1,b0,0
DAMIMAS_A21B_0175,val,DAMIMAS,lnk-9,1,b0,2,b3,0
DAMIMAS_A21B_0175,val,DAMIMAS,lnk-10,1,b3,2,b4,0
DAMIMAS_A21B_0175,val,DAMIMAS,lnk-11,1,b4,2,b2,0
DAMIMAS_A21B_0175,val,DAMIMAS,lnk-12,2,b0,3,b0,0
DAMIMAS_A21B_0175,val,DAMIMAS,lnk-13,2,b1,3,b5,0
DAMIMAS_A21B_0175,val,DAMIMAS,lnk-14,3,b3,0,b0,0
DAMIMAS_A21B_0175,val,DAMIMAS,lnk-15,3,b2,0,b2,0
DAMIMAS_A21B_0175,val,DAMIMAS,lnk-16,3,b6,0,b3,0
DAMIMAS_A21B_0175,val,DAMIMAS,lnk-17,3,b4,0,b4,0
DAMIMAS_A21B_0176,val,DAMIMAS,lnk-0,0,b0,1,b0,0
DAMIMAS_A21B_0176,val,DAMIMAS,lnk-1,0,b4,1,b2,0
DAMIMAS_A21B_0176,val,DAMIMAS,lnk-2,1,b1,2,b3,0
DAMIMAS_A21B_0176,val,DAMIMAS,lnk-3,1,b3,2,b1,0
DAMIMAS_A21B_0176,val,DAMIMAS,lnk-4,2,b0,3,b0,0
DAMIMAS_A21B_0176,val,DAMIMAS,lnk-5,2,b2,3,b3,0
DAMIMAS_A21B_0176,val,DAMIMAS,lnk-6,3,b4,0,b0,0
DAMIMAS_A21B_0176,val,DAMIMAS,lnk-7,3,b1,0,b1,0
DAMIMAS_A21B_0177,val,DAMIMAS,lnk-4,0,b3,1,b6,0
DAMIMAS_A21B_0177,val,DAMIMAS,lnk-5,0,b2,1,b2,0
DAMIMAS_A21B_0177,val,DAMIMAS,lnk-6,0,b1,1,b0,0
DAMIMAS_A21B_0177,val,DAMIMAS,lnk-7,0,b0,1,b1,0
DAMIMAS_A21B_0177,val,DAMIMAS,lnk-8,2,b0,3,b0,0
DAMIMAS_A21B_0177,val,DAMIMAS,lnk-9,2,b2,3,b4,0
DAMIMAS_A21B_0177,val,DAMIMAS,lnk-10,2,b1,3,b1,0
DAMIMAS_A21B_0178,val,DAMIMAS,lnk-0,0,b2,1,b2,0
DAMIMAS_A21B_0178,val,DAMIMAS,lnk-1,0,b3,1,b4,0
DAMIMAS_A21B_0178,val,DAMIMAS,lnk-2,1,b2,2,b1,0
DAMIMAS_A21B_0178,val,DAMIMAS,lnk-3,1,b4,2,b2,0
DAMIMAS_A21B_0178,val,DAMIMAS,lnk-4,1,b3,2,b0,0
DAMIMAS_A21B_0178,val,DAMIMAS,lnk-5,2,b4,3,b1,0
DAMIMAS_A21B_0178,val,DAMIMAS,lnk-6,2,b0,3,b4,0
DAMIMAS_A21B_0178,val,DAMIMAS,lnk-7,3,b0,0,b0,0
DAMIMAS_A21B_0178,val,DAMIMAS,lnk-8,3,b3,0,b4,0
DAMIMAS_A21B_0178,val,DAMIMAS,lnk-9,3,b2,0,b1,0
DAMIMAS_A21B_0179,val,DAMIMAS,lnk-2,0,b1,1,b2,0
DAMIMAS_A21B_0179,val,DAMIMAS,lnk-3,0,b2,1,b3,0
DAMIMAS_A21B_0179,val,DAMIMAS,lnk-4,0,b5,1,b4,0
DAMIMAS_A21B_0179,val,DAMIMAS,lnk-5,1,b0,2,b2,0
DAMIMAS_A21B_0179,val,DAMIMAS,lnk-6,1,b1,2,b1,0
DAMIMAS_A21B_0179,val,DAMIMAS,lnk-8,2,b4,3,b0,0
DAMIMAS_A21B_0179,val,DAMIMAS,lnk-9,2,b0,3,b2,0
DAMIMAS_A21B_0179,val,DAMIMAS,lnk-10,2,b3,3,b1,0
DAMIMAS_A21B_0179,val,DAMIMAS,lnk-11,3,b0,0,b0,0
DAMIMAS_A21B_0179,val,DAMIMAS,lnk-12,3,b4,0,b3,0
DAMIMAS_A21B_0179,val,DAMIMAS,lnk-13,3,b3,0,b4,0
DAMIMAS_A21B_0180,val,DAMIMAS,lnk-0,0,b0,1,b0,0
DAMIMAS_A21B_0180,val,DAMIMAS,lnk-1,0,b1,1,b2,0
DAMIMAS_A21B_0180,val,DAMIMAS,lnk-2,0,b2,1,b5,0
DAMIMAS_A21B_0180,val,DAMIMAS,lnk-3,0,b5,1,b3,0
DAMIMAS_A21B_0180,val,DAMIMAS,lnk-4,1,b3,2,b1,0
DAMIMAS_A21B_0180,val,DAMIMAS,lnk-5,1,b4,2,b2,0
DAMIMAS_A21B_0180,val,DAMIMAS,lnk-6,2,b4,3,b4,0
DAMIMAS_A21B_0180,val,DAMIMAS,lnk-7,2,b2,3,b5,0
DAMIMAS_A21B_0180,val,DAMIMAS,lnk-8,2,b0,3,b0,0
DAMIMAS_A21B_0180,val,DAMIMAS,lnk-9,2,b5,3,b3,0
DAMIMAS_A21B_0180,val,DAMIMAS,lnk-10,3,b2,0,b3,0
DAMIMAS_A21B_0180,val,DAMIMAS,lnk-11,3,b1,0,b4,0
DAMIMAS_A21B_0181,val,DAMIMAS,lnk-0,0,b0,1,b3,0
DAMIMAS_A21B_0181,val,DAMIMAS,lnk-1,0,b1,1,b1,0
DAMIMAS_A21B_0181,val,DAMIMAS,lnk-2,1,b0,2,b4,0
DAMIMAS_A21B_0181,val,DAMIMAS,lnk-3,1,b4,2,b3,0
DAMIMAS_A21B_0181,val,DAMIMAS,lnk-4,2,b1,3,b0,0
DAMIMAS_A21B_0181,val,DAMIMAS,lnk-5,2,b2,3,b2,0
DAMIMAS_A21B_0181,val,DAMIMAS,lnk-6,2,b0,3,b1,0
DAMIMAS_A21B_0181,val,DAMIMAS,lnk-7,3,b4,0,b4,0
DAMIMAS_A21B_0181,val,DAMIMAS,lnk-8,3,b3,0,b3,0
DAMIMAS_A21B_0181,val,DAMIMAS,lnk-9,3,b5,0,b2,0
DAMIMAS_A21B_0182,val,DAMIMAS,lnk-0,0,b0,1,b3,0
DAMIMAS_A21B_0182,val,DAMIMAS,lnk-1,0,b5,1,b2,0
DAMIMAS_A21B_0182,val,DAMIMAS,lnk-2,1,b0,2,b1,0
DAMIMAS_A21B_0182,val,DAMIMAS,lnk-3,1,b1,2,b4,0
DAMIMAS_A21B_0182,val,DAMIMAS,lnk-4,2,b2,3,b4,0
DAMIMAS_A21B_0182,val,DAMIMAS,lnk-5,2,b0,3,b0,0
DAMIMAS_A21B_0182,val,DAMIMAS,lnk-6,2,b3,3,b3,0
DAMIMAS_A21B_0182,val,DAMIMAS,lnk-7,3,b0,0,b2,0
DAMIMAS_A21B_0182,val,DAMIMAS,lnk-8,3,b2,0,b3,0
DAMIMAS_A21B_0182,val,DAMIMAS,lnk-9,3,b1,0,b1,0
DAMIMAS_A21B_0183,val,DAMIMAS,lnk-0,0,b0,1,b6,0
DAMIMAS_A21B_0183,val,DAMIMAS,lnk-1,0,b5,1,b0,0
DAMIMAS_A21B_0183,val,DAMIMAS,lnk-2,0,b6,1,b5,0
DAMIMAS_A21B_0183,val,DAMIMAS,lnk-6,1,b1,2,b2,0
DAMIMAS_A21B_0183,val,DAMIMAS,lnk-7,1,b3,2,b4,0
DAMIMAS_A21B_0183,val,DAMIMAS,lnk-8,1,b4,2,b1,0
DAMIMAS_A21B_0183,val,DAMIMAS,lnk-9,2,b0,3,b0,0
DAMIMAS_A21B_0183,val,DAMIMAS,lnk-10,2,b3,3,b1,0
DAMIMAS_A21B_0183,val,DAMIMAS,lnk-11,2,b5,3,b2,0
DAMIMAS_A21B_0183,val,DAMIMAS,lnk-12,3,b2,0,b2,0
DAMIMAS_A21B_0183,val,DAMIMAS,lnk-13,3,b5,0,b1,0
DAMIMAS_A21B_0183,val,DAMIMAS,lnk-14,3,b3,0,b3,0
DAMIMAS_A21B_0183,val,DAMIMAS,lnk-15,3,b6,0,b4,0
DAMIMAS_A21B_0184,val,DAMIMAS,lnk-0,0,b0,1,b2,0
DAMIMAS_A21B_0184,val,DAMIMAS,lnk-1,0,b2,1,b1,0
DAMIMAS_A21B_0184,val,DAMIMAS,lnk-2,1,b1,2,b2,0
DAMIMAS_A21B_0184,val,DAMIMAS,lnk-3,1,b0,2,b1,0
DAMIMAS_A21B_0184,val,DAMIMAS,lnk-4,2,b0,3,b1,0
DAMIMAS_A21B_0184,val,DAMIMAS,lnk-5,3,b0,0,b1,0
DAMIMAS_A21B_0185,val,DAMIMAS,lnk-0,0,b1,1,b2,0
DAMIMAS_A21B_0185,val,DAMIMAS,lnk-1,0,b0,1,b3,0
DAMIMAS_A21B_0185,val,DAMIMAS,lnk-2,0,b4,1,b1,0
DAMIMAS_A21B_0185,val,DAMIMAS,lnk-3,1,b4,2,b1,0
DAMIMAS_A21B_0185,val,DAMIMAS,lnk-4,1,b0,2,b0,0
DAMIMAS_A21B_0185,val,DAMIMAS,lnk-5,1,b5,2,b3,0
DAMIMAS_A21B_0185,val,DAMIMAS,lnk-6,2,b2,3,b3,0
DAMIMAS_A21B_0185,val,DAMIMAS,lnk-7,2,b4,3,b2,0
DAMIMAS_A21B_0185,val,DAMIMAS,lnk-8,2,b5,3,b0,0
DAMIMAS_A21B_0185,val,DAMIMAS,lnk-11,3,b0,0,b5,0
DAMIMAS_A21B_0185,val,DAMIMAS,lnk-12,3,b1,0,b2,0
DAMIMAS_A21B_0186,val,DAMIMAS,lnk-0,0,b3,1,b0,0
DAMIMAS_A21B_0186,val,DAMIMAS,lnk-1,0,b1,1,b1,0
DAMIMAS_A21B_0186,val,DAMIMAS,lnk-2,0,b0,1,b2,0
DAMIMAS_A21B_0186,val,DAMIMAS,lnk-3,0,b2,1,b3,0
DAMIMAS_A21B_0186,val,DAMIMAS,lnk-4,1,b0,2,b0,0
DAMIMAS_A21B_0186,val,DAMIMAS,lnk-6,1,b1,2,b3,0
DAMIMAS_A21B_0186,val,DAMIMAS,lnk-7,2,b1,3,b0,0
DAMIMAS_A21B_0186,val,DAMIMAS,lnk-8,3,b1,0,b2,0
DAMIMAS_A21B_0187,val,DAMIMAS,lnk-1,1,b2,2,b0,0
DAMIMAS_A21B_0187,val,DAMIMAS,lnk-2,0,b0,1,b0,0
DAMIMAS_A21B_0188,val,DAMIMAS,lnk-0,0,b2,1,b0,0
DAMIMAS_A21B_0188,val,DAMIMAS,lnk-1,1,b0,2,b1,0
DAMIMAS_A21B_0188,val,DAMIMAS,lnk-2,2,b0,3,b1,0
DAMIMAS_A21B_0188,val,DAMIMAS,lnk-4,2,b2,3,b3,0
DAMIMAS_A21B_0188,val,DAMIMAS,lnk-5,3,b2,0,b1,0
DAMIMAS_A21B_0188,val,DAMIMAS,lnk-6,3,b0,0,b0,0
DAMIMAS_A21B_0189,val,DAMIMAS,lnk-0,0,b1,1,b0,0
DAMIMAS_A21B_0189,val,DAMIMAS,lnk-1,0,b2,1,b2,0
DAMIMAS_A21B_0189,val,DAMIMAS,lnk-2,1,b0,2,b1,0
DAMIMAS_A21B_0189,val,DAMIMAS,lnk-3,1,b1,2,b0,0
DAMIMAS_A21B_0189,val,DAMIMAS,lnk-7,2,b2,3,b0,0
DAMIMAS_A21B_0189,val,DAMIMAS,lnk-8,3,b1,0,b0,0
DAMIMAS_A21B_0190,val,DAMIMAS,lnk-0,0,b2,1,b1,0
DAMIMAS_A21B_0190,val,DAMIMAS,lnk-1,1,b2,2,b3,0
DAMIMAS_A21B_0190,val,DAMIMAS,lnk-2,1,b0,2,b1,0
DAMIMAS_A21B_0190,val,DAMIMAS,lnk-3,1,b3,2,b4,0
DAMIMAS_A21B_0190,val,DAMIMAS,lnk-4,2,b0,3,b2,0
DAMIMAS_A21B_0190,val,DAMIMAS,lnk-5,2,b2,3,b3,0
DAMIMAS_A21B_0190,val,DAMIMAS,lnk-6,3,b0,0,b0,0
DAMIMAS_A21B_0190,val,DAMIMAS,lnk-7,3,b1,0,b3,0
DAMIMAS_A21B_0190,val,DAMIMAS,lnk-8,3,b4,0,b1,0
DAMIMAS_A21B_0191,val,DAMIMAS,lnk-0,0,b2,1,b0,0
DAMIMAS_A21B_0191,val,DAMIMAS,lnk-2,1,b1,2,b0,0
DAMIMAS_A21B_0191,val,DAMIMAS,lnk-3,1,b2,2,b1,0
DAMIMAS_A21B_0191,val,DAMIMAS,lnk-4,2,b2,3,b0,0
DAMIMAS_A21B_0191,val,DAMIMAS,lnk-6,3,b1,0,b0,0
DAMIMAS_A21B_0192,val,DAMIMAS,lnk-3,0,b0,1,b0,0
DAMIMAS_A21B_0192,val,DAMIMAS,lnk-6,1,b2,2,b1,0
DAMIMAS_A21B_0192,val,DAMIMAS,lnk-7,1,b1,2,b0,0
DAMIMAS_A21B_0192,val,DAMIMAS,lnk-8,2,b2,3,b0,0
DAMIMAS_A21B_0192,val,DAMIMAS,lnk-9,3,b1,0,b2,0
DAMIMAS_A21B_0192,val,DAMIMAS,lnk-10,3,b2,0,b1,0
DAMIMAS_A21B_0193,val,DAMIMAS,lnk-4,0,b6,1,b0,0
DAMIMAS_A21B_0193,val,DAMIMAS,lnk-5,0,b5,1,b3,0
DAMIMAS_A21B_0193,val,DAMIMAS,lnk-6,0,b4,1,b2,0
DAMIMAS_A21B_0193,val,DAMIMAS,lnk-7,1,b4,2,b4,0
DAMIMAS_A21B_0193,val,DAMIMAS,lnk-8,1,b5,2,b5,0
DAMIMAS_A21B_0193,val,DAMIMAS,lnk-10,1,b6,2,b3,0
DAMIMAS_A21B_0193,val,DAMIMAS,lnk-11,2,b1,3,b4,0
DAMIMAS_A21B_0193,val,DAMIMAS,lnk-12,2,b2,3,b5,0
DAMIMAS_A21B_0193,val,DAMIMAS,lnk-13,2,b0,3,b3,0
DAMIMAS_A21B_0193,val,DAMIMAS,lnk-14,3,b1,0,b2,0
DAMIMAS_A21B_0193,val,DAMIMAS,lnk-15,3,b3,0,b1,0
DAMIMAS_A21B_0193,val,DAMIMAS,lnk-16,3,b2,0,b7,0
DAMIMAS_A21B_0193,val,DAMIMAS,lnk-17,3,b0,0,b0,0
DAMIMAS_A21B_0194,test,DAMIMAS,lnk-0,0,b1,1,b2,0
DAMIMAS_A21B_0194,test,DAMIMAS,lnk-1,0,b0,1,b3,0
DAMIMAS_A21B_0194,test,DAMIMAS,lnk-2,1,b0,2,b2,0
DAMIMAS_A21B_0194,test,DAMIMAS,lnk-3,2,b1,3,b1,0
DAMIMAS_A21B_0194,test,DAMIMAS,lnk-4,2,b0,3,b2,0
DAMIMAS_A21B_0194,test,DAMIMAS,lnk-5,3,b0,0,b2,0
DAMIMAS_A21B_0195,test,DAMIMAS,lnk-0,0,b3,1,b3,0
DAMIMAS_A21B_0195,test,DAMIMAS,lnk-1,0,b1,1,b0,0
DAMIMAS_A21B_0195,test,DAMIMAS,lnk-2,1,b0,2,b2,0
DAMIMAS_A21B_0195,test,DAMIMAS,lnk-3,1,b2,2,b3,0
DAMIMAS_A21B_0195,test,DAMIMAS,lnk-4,1,b1,2,b1,0
DAMIMAS_A21B_0195,test,DAMIMAS,lnk-6,2,b1,3,b4,0
DAMIMAS_A21B_0195,test,DAMIMAS,lnk-8,2,b5,3,b1,0
DAMIMAS_A21B_0195,test,DAMIMAS,lnk-9,2,b0,3,b0,0
DAMIMAS_A21B_0195,test,DAMIMAS,lnk-10,3,b0,0,b0,0
DAMIMAS_A21B_0195,test,DAMIMAS,lnk-11,3,b3,0,b2,0
DAMIMAS_A21B_0195,test,DAMIMAS,lnk-12,3,b2,0,b3,0
DAMIMAS_A21B_0196,test,DAMIMAS,lnk-8,0,b0,1,b3,0
DAMIMAS_A21B_0196,test,DAMIMAS,lnk-9,0,b2,1,b1,0
DAMIMAS_A21B_0196,test,DAMIMAS,lnk-10,1,b0,2,b0,0
DAMIMAS_A21B_0196,test,DAMIMAS,lnk-11,2,b1,3,b1,0
DAMIMAS_A21B_0196,test,DAMIMAS,lnk-12,2,b2,3,b0,0
DAMIMAS_A21B_0196,test,DAMIMAS,lnk-13,3,b3,0,b0,0
DAMIMAS_A21B_0196,test,DAMIMAS,lnk-14,3,b2,0,b1,0
DAMIMAS_A21B_0197,test,DAMIMAS,lnk-0,1,b0,2,b2,0
DAMIMAS_A21B_0197,test,DAMIMAS,lnk-1,1,b3,2,b0,0
DAMIMAS_A21B_0197,test,DAMIMAS,lnk-2,2,b3,3,b0,0
DAMIMAS_A21B_0197,test,DAMIMAS,lnk-3,2,b1,3,b3,0
DAMIMAS_A21B_0197,test,DAMIMAS,lnk-4,3,b1,0,b3,0
DAMIMAS_A21B_0197,test,DAMIMAS,lnk-5,3,b2,0,b4,0
DAMIMAS_A21B_0197,test,DAMIMAS,lnk-6,3,b4,0,b1,0
DAMIMAS_A21B_0197,test,DAMIMAS,lnk-7,0,b2,1,b1,0
DAMIMAS_A21B_0197,test,DAMIMAS,lnk-8,0,b0,1,b2,0
DAMIMAS_A21B_0198,test,DAMIMAS,lnk-0,0,b5,1,b2,0
DAMIMAS_A21B_0198,test,DAMIMAS,lnk-1,0,b1,1,b0,0
DAMIMAS_A21B_0198,test,DAMIMAS,lnk-2,0,b0,1,b1,0
DAMIMAS_A21B_0198,test,DAMIMAS,lnk-3,1,b1,2,b2,0
DAMIMAS_A21B_0198,test,DAMIMAS,lnk-5,2,b0,3,b0,0
DAMIMAS_A21B_0198,test,DAMIMAS,lnk-6,2,b1,3,b3,0
DAMIMAS_A21B_0198,test,DAMIMAS,lnk-7,2,b3,3,b2,0
DAMIMAS_A21B_0198,test,DAMIMAS,lnk-8,3,b4,0,b4,0
DAMIMAS_A21B_0198,test,DAMIMAS,lnk-9,3,b1,0,b2,0
DAMIMAS_A21B_0199,test,DAMIMAS,lnk-1,0,b0,1,b5,0
DAMIMAS_A21B_0199,test,DAMIMAS,lnk-3,0,b2,1,b4,0
DAMIMAS_A21B_0199,test,DAMIMAS,lnk-4,0,b1,1,b2,0
DAMIMAS_A21B_0199,test,DAMIMAS,lnk-5,1,b3,2,b3,0
DAMIMAS_A21B_0199,test,DAMIMAS,lnk-8,1,b0,2,b0,0
DAMIMAS_A21B_0199,test,DAMIMAS,lnk-9,1,b1,2,b4,0
DAMIMAS_A21B_0199,test,DAMIMAS,lnk-10,1,b2,2,b1,0
DAMIMAS_A21B_0199,test,DAMIMAS,lnk-11,2,b0,3,b0,0
DAMIMAS_A21B_0199,test,DAMIMAS,lnk-13,2,b2,3,b4,0
DAMIMAS_A21B_0199,test,DAMIMAS,lnk-14,2,b5,3,b1,0
DAMIMAS_A21B_0199,test,DAMIMAS,lnk-15,3,b3,0,b3,0
DAMIMAS_A21B_0200,test,DAMIMAS,lnk-0,1,b1,2,b3,0
DAMIMAS_A21B_0200,test,DAMIMAS,lnk-1,1,b0,2,b0,0
DAMIMAS_A21B_0200,test,DAMIMAS,lnk-2,2,b2,3,b0,0
DAMIMAS_A21B_0200,test,DAMIMAS,lnk-3,3,b0,0,b0,0
DAMIMAS_A21B_0200,test,DAMIMAS,lnk-4,2,b1,3,b1,0
DAMIMAS_A21B_0200,test,DAMIMAS,lnk-6,0,b2,1,b2,0
DAMIMAS_A21B_0201,test,DAMIMAS,lnk-0,0,b0,1,b0,0
DAMIMAS_A21B_0201,test,DAMIMAS,lnk-1,1,b0,2,b0,0
DAMIMAS_A21B_0201,test,DAMIMAS,lnk-2,1,b2,2,b6,0
DAMIMAS_A21B_0201,test,DAMIMAS,lnk-3,1,b1,2,b5,0
DAMIMAS_A21B_0201,test,DAMIMAS,lnk-4,1,b4,2,b1,0
DAMIMAS_A21B_0201,test,DAMIMAS,lnk-5,1,b3,2,b4,0
DAMIMAS_A21B_0201,test,DAMIMAS,lnk-6,2,b4,3,b3,0
DAMIMAS_A21B_0201,test,DAMIMAS,lnk-7,2,b2,3,b2,0
DAMIMAS_A21B_0201,test,DAMIMAS,lnk-8,2,b3,3,b1,0
DAMIMAS_A21B_0201,test,DAMIMAS,lnk-9,3,b1,0,b1,0
DAMIMAS_A21B_0201,test,DAMIMAS,lnk-10,3,b0,0,b2,0
DAMIMAS_A21B_0201,test,DAMIMAS,lnk-11,0,b3,1,b5,0
DAMIMAS_A21B_0202,test,DAMIMAS,lnk-0,0,b1,1,b1,0
DAMIMAS_A21B_0202,test,DAMIMAS,lnk-1,1,b0,2,b0,0
DAMIMAS_A21B_0202,test,DAMIMAS,lnk-2,2,b1,3,b0,0
DAMIMAS_A21B_0203,test,DAMIMAS,lnk-0,0,b0,1,b0,0
DAMIMAS_A21B_0203,test,DAMIMAS,lnk-1,1,b1,2,b0,0
DAMIMAS_A21B_0203,test,DAMIMAS,lnk-2,1,b0,2,b2,0
DAMIMAS_A21B_0203,test,DAMIMAS,lnk-3,2,b0,3,b0,0
DAMIMAS_A21B_0203,test,DAMIMAS,lnk-4,2,b1,3,b1,0
DAMIMAS_A21B_0203,test,DAMIMAS,lnk-5,3,b2,0,b2,0
DAMIMAS_A21B_0203,test,DAMIMAS,lnk-6,3,b3,0,b1,0
DAMIMAS_A21B_0204,test,DAMIMAS,lnk-1,0,b1,1,b3,0
DAMIMAS_A21B_0204,test,DAMIMAS,lnk-2,0,b2,1,b1,0
DAMIMAS_A21B_0204,test,DAMIMAS,lnk-6,1,b2,2,b3,0
DAMIMAS_A21B_0204,test,DAMIMAS,lnk-7,1,b4,2,b2,0
DAMIMAS_A21B_0204,test,DAMIMAS,lnk-8,1,b0,2,b4,0
DAMIMAS_A21B_0204,test,DAMIMAS,lnk-9,2,b0,3,b2,0
DAMIMAS_A21B_0204,test,DAMIMAS,lnk-10,2,b5,3,b3,0
DAMIMAS_A21B_0204,test,DAMIMAS,lnk-11,2,b1,3,b1,0
DAMIMAS_A21B_0204,test,DAMIMAS,lnk-12,3,b1,0,b3,0
DAMIMAS_A21B_0204,test,DAMIMAS,lnk-13,3,b0,0,b0,0
DAMIMAS_A21B_0205,test,DAMIMAS,lnk-0,0,b0,1,b2,0
DAMIMAS_A21B_0205,test,DAMIMAS,lnk-1,0,b3,1,b0,0
DAMIMAS_A21B_0205,test,DAMIMAS,lnk-2,1,b0,2,b3,0
DAMIMAS_A21B_0205,test,DAMIMAS,lnk-3,1,b1,2,b2,0
DAMIMAS_A21B_0205,test,DAMIMAS,lnk-4,2,b0,3,b3,0
DAMIMAS_A21B_0205,test,DAMIMAS,lnk-5,2,b1,3,b2,0
DAMIMAS_A21B_0205,test,DAMIMAS,lnk-6,3,b1,0,b2,0
DAMIMAS_A21B_0205,test,DAMIMAS,lnk-7,3,b0,0,b1,0
DAMIMAS_A21B_0206,test,DAMIMAS,lnk-0,0,b0,1,b4,0
DAMIMAS_A21B_0206,test,DAMIMAS,lnk-7,2,b0,3,b0,0
DAMIMAS_A21B_0206,test,DAMIMAS,lnk-9,1,b0,2,b0,0
DAMIMAS_A21B_0206,test,DAMIMAS,lnk-10,1,b1,2,b4,0
DAMIMAS_A21B_0206,test,DAMIMAS,lnk-11,1,b2,2,b3,0
DAMIMAS_A21B_0206,test,DAMIMAS,lnk-13,0,b2,1,b5,0
DAMIMAS_A21B_0206,test,DAMIMAS,lnk-14,0,b1,1,b3,0
DAMIMAS_A21B_0206,test,DAMIMAS,lnk-15,2,b2,3,b1,0
DAMIMAS_A21B_0206,test,DAMIMAS,lnk-16,2,b1,3,b2,0
DAMIMAS_A21B_0206,test,DAMIMAS,lnk-17,3,b2,0,b4,0
DAMIMAS_A21B_0206,test,DAMIMAS,lnk-18,3,b4,0,b3,0
DAMIMAS_A21B_0207,test,DAMIMAS,lnk-0,0,b1,1,b3,0
DAMIMAS_A21B_0207,test,DAMIMAS,lnk-1,0,b2,1,b0,0
DAMIMAS_A21B_0207,test,DAMIMAS,lnk-2,1,b1,2,b0,0
DAMIMAS_A21B_0207,test,DAMIMAS,lnk-3,1,b2,2,b3,0
DAMIMAS_A21B_0207,test,DAMIMAS,lnk-10,2,b0,3,b0,0
DAMIMAS_A21B_0207,test,DAMIMAS,lnk-11,2,b3,3,b5,0
DAMIMAS_A21B_0207,test,DAMIMAS,lnk-12,2,b2,3,b6,0
DAMIMAS_A21B_0207,test,DAMIMAS,lnk-13,2,b1,3,b2,0
DAMIMAS_A21B_0207,test,DAMIMAS,lnk-15,3,b1,0,b0,0
DAMIMAS_A21B_0207,test,DAMIMAS,lnk-16,3,b3,0,b4,0
DAMIMAS_A21B_0208,test,DAMIMAS,lnk-0,0,b0,1,b0,0
DAMIMAS_A21B_0208,test,DAMIMAS,lnk-1,0,b3,1,b1,0
DAMIMAS_A21B_0208,test,DAMIMAS,lnk-2,1,b2,2,b5,0
DAMIMAS_A21B_0208,test,DAMIMAS,lnk-3,1,b3,2,b0,0
DAMIMAS_A21B_0208,test,DAMIMAS,lnk-4,1,b5,2,b1,0
DAMIMAS_A21B_0208,test,DAMIMAS,lnk-5,1,b4,2,b3,0
DAMIMAS_A21B_0208,test,DAMIMAS,lnk-6,2,b3,3,b4,0
DAMIMAS_A21B_0208,test,DAMIMAS,lnk-7,2,b2,3,b2,0
DAMIMAS_A21B_0208,test,DAMIMAS,lnk-8,2,b4,3,b1,0
DAMIMAS_A21B_0208,test,DAMIMAS,lnk-10,3,b0,0,b2,0
DAMIMAS_A21B_0208,test,DAMIMAS,lnk-11,3,b1,0,b4,0
DAMIMAS_A21B_0208,test,DAMIMAS,lnk-12,3,b3,0,b1,0
DAMIMAS_A21B_0209,test,DAMIMAS,lnk-0,0,b0,1,b0,0
DAMIMAS_A21B_0209,test,DAMIMAS,lnk-1,0,b1,1,b3,0
DAMIMAS_A21B_0209,test,DAMIMAS,lnk-2,1,b0,2,b2,0
DAMIMAS_A21B_0209,test,DAMIMAS,lnk-3,1,b2,2,b3,0
DAMIMAS_A21B_0209,test,DAMIMAS,lnk-4,1,b1,2,b1,0
DAMIMAS_A21B_0209,test,DAMIMAS,lnk-7,2,b0,3,b3,0
DAMIMAS_A21B_0209,test,DAMIMAS,lnk-8,3,b0,0,b3,0
DAMIMAS_A21B_0209,test,DAMIMAS,lnk-9,3,b2,0,b2,0
DAMIMAS_A21B_0209,test,DAMIMAS,lnk-10,3,b1,0,b4,0
DAMIMAS_A21B_0210,test,DAMIMAS,lnk-1,0,b3,1,b2,0
DAMIMAS_A21B_0210,test,DAMIMAS,lnk-2,1,b0,2,b0,0
DAMIMAS_A21B_0210,test,DAMIMAS,lnk-3,1,b3,2,b5,0
DAMIMAS_A21B_0210,test,DAMIMAS,lnk-4,1,b1,2,b4,0
DAMIMAS_A21B_0210,test,DAMIMAS,lnk-6,2,b1,3,b4,0
DAMIMAS_A21B_0210,test,DAMIMAS,lnk-7,2,b2,3,b2,0
DAMIMAS_A21B_0210,test,DAMIMAS,lnk-8,2,b3,3,b0,0
DAMIMAS_A21B_0210,test,DAMIMAS,lnk-9,3,b1,0,b1,0
DAMIMAS_A21B_0210,test,DAMIMAS,lnk-11,0,b0,1,b4,0
DAMIMAS_A21B_0210,test,DAMIMAS,lnk-12,3,b3,0,b2,0
DAMIMAS_A21B_0211,test,DAMIMAS,lnk-3,0,b1,1,b0,0
DAMIMAS_A21B_0211,test,DAMIMAS,lnk-4,0,b6,1,b1,0
DAMIMAS_A21B_0211,test,DAMIMAS,lnk-5,0,b5,1,b2,0
DAMIMAS_A21B_0211,test,DAMIMAS,lnk-6,1,b5,2,b2,0
DAMIMAS_A21B_0211,test,DAMIMAS,lnk-7,1,b4,2,b4,0
DAMIMAS_A21B_0211,test,DAMIMAS,lnk-8,2,b1,3,b4,0
DAMIMAS_A21B_0211,test,DAMIMAS,lnk-9,2,b5,3,b3,0
DAMIMAS_A21B_0211,test,DAMIMAS,lnk-10,2,b0,3,b0,0
DAMIMAS_A21B_0211,test,DAMIMAS,lnk-13,3,b0,0,b0,0
DAMIMAS_A21B_0211,test,DAMIMAS,lnk-15,3,b5,0,b4,0
DAMIMAS_A21B_0211,test,DAMIMAS,lnk-16,3,b1,0,b2,0
DAMIMAS_A21B_0211,test,DAMIMAS,lnk-17,3,b2,0,b3,0
DAMIMAS_A21B_0212,test,DAMIMAS,lnk-0,0,b1,1,b2,0
DAMIMAS_A21B_0212,test,DAMIMAS,lnk-1,0,b4,1,b1,0
DAMIMAS_A21B_0212,test,DAMIMAS,lnk-2,1,b0,2,b2,0
DAMIMAS_A21B_0212,test,DAMIMAS,lnk-3,1,b1,2,b3,0
DAMIMAS_A21B_0212,test,DAMIMAS,lnk-4,2,b0,3,b3,0
DAMIMAS_A21B_0212,test,DAMIMAS,lnk-5,2,b1,3,b2,0
DAMIMAS_A21B_0212,test,DAMIMAS,lnk-6,3,b0,0,b0,0
DAMIMAS_A21B_0212,test,DAMIMAS,lnk-7,3,b1,0,b3,0
DAMIMAS_A21B_0213,test,DAMIMAS,lnk-0,0,b1,1,b0,0
DAMIMAS_A21B_0213,test,DAMIMAS,lnk-1,1,b0,2,b6,0
DAMIMAS_A21B_0213,test,DAMIMAS,lnk-2,1,b2,2,b5,0
DAMIMAS_A21B_0213,test,DAMIMAS,lnk-3,1,b3,2,b4,0
DAMIMAS_A21B_0213,test,DAMIMAS,lnk-4,1,b1,2,b3,0
DAMIMAS_A21B_0213,test,DAMIMAS,lnk-5,2,b0,3,b2,0
DAMIMAS_A21B_0213,test,DAMIMAS,lnk-7,2,b2,3,b1,0
DAMIMAS_A21B_0213,test,DAMIMAS,lnk-8,3,b0,0,b5,0
DAMIMAS_A21B_0213,test,DAMIMAS,lnk-9,3,b3,0,b4,0
DAMIMAS_A21B_0214,test,DAMIMAS,lnk-0,0,b0,1,b0,0
DAMIMAS_A21B_0214,test,DAMIMAS,lnk-1,0,b2,1,b1,0
DAMIMAS_A21B_0214,test,DAMIMAS,lnk-2,0,b4,1,b2,0
DAMIMAS_A21B_0214,test,DAMIMAS,lnk-3,1,b4,2,b2,0
DAMIMAS_A21B_0214,test,DAMIMAS,lnk-4,2,b1,3,b0,0
DAMIMAS_A21B_0214,test,DAMIMAS,lnk-5,2,b2,3,b1,0
DAMIMAS_A21B_0214,test,DAMIMAS,lnk-6,3,b3,0,b1,0
DAMIMAS_A21B_0215,test,DAMIMAS,lnk-0,0,b0,1,b0,0
DAMIMAS_A21B_0215,test,DAMIMAS,lnk-1,0,b1,1,b5,0
DAMIMAS_A21B_0215,test,DAMIMAS,lnk-2,0,b3,1,b4,0
DAMIMAS_A21B_0215,test,DAMIMAS,lnk-3,1,b3,2,b0,0
DAMIMAS_A21B_0215,test,DAMIMAS,lnk-5,1,b2,2,b3,0
DAMIMAS_A21B_0215,test,DAMIMAS,lnk-6,1,b1,2,b2,0
DAMIMAS_A21B_0215,test,DAMIMAS,lnk-7,2,b0,3,b0,0
DAMIMAS_A21B_0215,test,DAMIMAS,lnk-8,2,b3,3,b4,0
DAMIMAS_A21B_0215,test,DAMIMAS,lnk-10,2,b1,3,b1,0
DAMIMAS_A21B_0215,test,DAMIMAS,lnk-11,3,b3,0,b2,0
DAMIMAS_A21B_0216,test,DAMIMAS,lnk-1,0,b3,1,b0,0
DAMIMAS_A21B_0216,test,DAMIMAS,lnk-2,0,b1,1,b4,0
DAMIMAS_A21B_0216,test,DAMIMAS,lnk-3,1,b3,2,b0,0
DAMIMAS_A21B_0216,test,DAMIMAS,lnk-4,1,b1,2,b4,0
DAMIMAS_A21B_0216,test,DAMIMAS,lnk-5,1,b2,2,b3,0
DAMIMAS_A21B_0216,test,DAMIMAS,lnk-6,2,b0,3,b4,0
DAMIMAS_A21B_0216,test,DAMIMAS,lnk-7,2,b2,3,b3,0
DAMIMAS_A21B_0216,test,DAMIMAS,lnk-8,2,b1,3,b1,0
DAMIMAS_A21B_0216,test,DAMIMAS,lnk-9,2,b5,3,b2,0
DAMIMAS_A21B_0216,test,DAMIMAS,lnk-10,3,b0,0,b0,0
DAMIMAS_A21B_0217,test,DAMIMAS,lnk-0,0,b0,1,b0,0
DAMIMAS_A21B_0217,test,DAMIMAS,lnk-1,0,b1,1,b4,0
DAMIMAS_A21B_0217,test,DAMIMAS,lnk-2,0,b5,1,b2,0
DAMIMAS_A21B_0217,test,DAMIMAS,lnk-3,1,b1,2,b1,0
DAMIMAS_A21B_0217,test,DAMIMAS,lnk-4,1,b3,2,b4,0
DAMIMAS_A21B_0217,test,DAMIMAS,lnk-6,2,b2,3,b1,0
DAMIMAS_A21B_0217,test,DAMIMAS,lnk-7,2,b0,3,b0,0
DAMIMAS_A21B_0217,test,DAMIMAS,lnk-8,3,b0,0,b4,0
DAMIMAS_A21B_0217,test,DAMIMAS,lnk-9,3,b3,0,b3,0
DAMIMAS_A21B_0217,test,DAMIMAS,lnk-10,3,b4,0,b2,0
DAMIMAS_A21B_0218,test,DAMIMAS,lnk-0,0,b0,1,b0,0
DAMIMAS_A21B_0218,test,DAMIMAS,lnk-1,0,b1,1,b4,0
DAMIMAS_A21B_0218,test,DAMIMAS,lnk-2,1,b1,2,b1,0
DAMIMAS_A21B_0218,test,DAMIMAS,lnk-3,1,b3,2,b2,0
DAMIMAS_A21B_0218,test,DAMIMAS,lnk-4,1,b2,2,b0,0
DAMIMAS_A21B_0218,test,DAMIMAS,lnk-5,2,b0,3,b2,0
DAMIMAS_A21B_0218,test,DAMIMAS,lnk-6,2,b3,3,b1,0
DAMIMAS_A21B_0218,test,DAMIMAS,lnk-7,3,b3,0,b4,0
DAMIMAS_A21B_0219,test,DAMIMAS,lnk-0,0,b0,1,b1,0
DAMIMAS_A21B_0219,test,DAMIMAS,lnk-1,0,b3,1,b6,0
DAMIMAS_A21B_0219,test,DAMIMAS,lnk-2,0,b1,1,b5,0
DAMIMAS_A21B_0219,test,DAMIMAS,lnk-3,1,b0,2,b0,0
DAMIMAS_A21B_0219,test,DAMIMAS,lnk-4,1,b7,2,b3,0
DAMIMAS_A21B_0219,test,DAMIMAS,lnk-5,1,b3,2,b4,0
DAMIMAS_A21B_0219,test,DAMIMAS,lnk-6,2,b1,3,b3,0
DAMIMAS_A21B_0219,test,DAMIMAS,lnk-7,2,b2,3,b2,0
DAMIMAS_A21B_0219,test,DAMIMAS,lnk-8,3,b0,0,b2,0
DAMIMAS_A21B_0219,test,DAMIMAS,lnk-9,3,b1,0,b4,0
DAMIMAS_A21B_0220,test,DAMIMAS,lnk-0,0,b1,1,b1,0
DAMIMAS_A21B_0220,test,DAMIMAS,lnk-1,1,b0,2,b2,0
DAMIMAS_A21B_0220,test,DAMIMAS,lnk-2,2,b0,3,b0,0
DAMIMAS_A21B_0220,test,DAMIMAS,lnk-3,2,b1,3,b1,0
DAMIMAS_A21B_0221,test,DAMIMAS,lnk-0,0,b1,1,b5,0
DAMIMAS_A21B_0221,test,DAMIMAS,lnk-1,0,b2,1,b3,0
DAMIMAS_A21B_0221,test,DAMIMAS,lnk-2,0,b3,1,b4,0
DAMIMAS_A21B_0221,test,DAMIMAS,lnk-3,1,b0,2,b4,0
DAMIMAS_A21B_0221,test,DAMIMAS,lnk-4,1,b1,2,b3,0
DAMIMAS_A21B_0221,test,DAMIMAS,lnk-5,2,b0,3,b2,0
DAMIMAS_A21B_0221,test,DAMIMAS,lnk-6,2,b2,3,b5,0
DAMIMAS_A21B_0221,test,DAMIMAS,lnk-7,3,b0,0,b0,0
DAMIMAS_A21B_0222,test,DAMIMAS,lnk-0,0,b0,1,b0,0
DAMIMAS_A21B_0222,test,DAMIMAS,lnk-1,0,b3,1,b1,0
DAMIMAS_A21B_0222,test,DAMIMAS,lnk-2,1,b3,2,b3,0
DAMIMAS_A21B_0222,test,DAMIMAS,lnk-3,1,b2,2,b1,0
DAMIMAS_A21B_0222,test,DAMIMAS,lnk-4,2,b0,3,b0,0
DAMIMAS_A21B_0222,test,DAMIMAS,lnk-5,2,b2,3,b1,0
DAMIMAS_A21B_0222,test,DAMIMAS,lnk-7,3,b3,0,b2,0
DAMIMAS_A21B_0222,test,DAMIMAS,lnk-8,3,b7,0,b1,0
DAMIMAS_A21B_0222,test,DAMIMAS,lnk-9,3,b5,0,b4,0
DAMIMAS_A21B_0223,test,DAMIMAS,lnk-0,0,b1,1,b2,0
DAMIMAS_A21B_0223,test,DAMIMAS,lnk-1,0,b0,1,b3,0
DAMIMAS_A21B_0223,test,DAMIMAS,lnk-2,1,b0,2,b0,0
DAMIMAS_A21B_0223,test,DAMIMAS,lnk-3,2,b1,3,b3,0
DAMIMAS_A21B_0223,test,DAMIMAS,lnk-4,2,b2,3,b2,0
DAMIMAS_A21B_0224,test,DAMIMAS,lnk-3,2,b0,3,b2,0
DAMIMAS_A21B_0224,test,DAMIMAS,lnk-4,2,b2,3,b1,0
DAMIMAS_A21B_0224,test,DAMIMAS,lnk-5,3,b3,0,b0,0
DAMIMAS_A21B_0224,test,DAMIMAS,lnk-6,3,b4,0,b2,0
DAMIMAS_A21B_0224,test,DAMIMAS,lnk-7,3,b5,0,b3,0
DAMIMAS_A21B_0224,test,DAMIMAS,lnk-8,0,b0,1,b1,0
DAMIMAS_A21B_0224,test,DAMIMAS,lnk-9,0,b4,1,b0,0
DAMIMAS_A21B_0224,test,DAMIMAS,lnk-10,1,b2,2,b3,0
DAMIMAS_A21B_0224,test,DAMIMAS,lnk-11,1,b3,2,b1,0
DAMIMAS_A21B_0224,test,DAMIMAS,lnk-13,1,b4,2,b4,0
DAMIMAS_A21B_0224,test,DAMIMAS,lnk-14,0,b1,1,b4,0
DAMIMAS_A21B_0225,test,DAMIMAS,lnk-0,0,b1,1,b1,0
DAMIMAS_A21B_0225,test,DAMIMAS,lnk-2,0,b0,1,b2,0
DAMIMAS_A21B_0225,test,DAMIMAS,lnk-3,1,b0,2,b0,0
DAMIMAS_A21B_0225,test,DAMIMAS,lnk-4,2,b1,3,b0,0
DAMIMAS_A21B_0225,test,DAMIMAS,lnk-5,2,b2,3,b2,0
DAMIMAS_A21B_0225,test,DAMIMAS,lnk-6,3,b1,0,b2,0
DAMIMAS_A21B_0226,test,DAMIMAS,lnk-0,0,b3,1,b2,0
DAMIMAS_A21B_0226,test,DAMIMAS,lnk-3,1,b0,2,b1,0
DAMIMAS_A21B_0226,test,DAMIMAS,lnk-4,1,b1,2,b3,0
DAMIMAS_A21B_0226,test,DAMIMAS,lnk-5,2,b0,3,b3,0
DAMIMAS_A21B_0226,test,DAMIMAS,lnk-6,3,b0,0,b2,0
DAMIMAS_A21B_0226,test,DAMIMAS,lnk-7,3,b2,0,b1,0
DAMIMAS_A21B_0226,test,DAMIMAS,lnk-8,3,b1,0,b0,0
DAMIMAS_A21B_0227,test,DAMIMAS,lnk-0,0,b0,1,b1,0
DAMIMAS_A21B_0227,test,DAMIMAS,lnk-1,1,b0,2,b0,0
DAMIMAS_A21B_0227,test,DAMIMAS,lnk-2,1,b2,2,b1,0
DAMIMAS_A21B_0228,test,DAMIMAS,lnk-0,0,b1,1,b1,0
DAMIMAS_A21B_0228,test,DAMIMAS,lnk-1,0,b2,1,b3,0
DAMIMAS_A21B_0228,test,DAMIMAS,lnk-2,2,b0,3,b1,0
DAMIMAS_A21B_0228,test,DAMIMAS,lnk-3,2,b1,3,b3,0
DAMIMAS_A21B_0228,test,DAMIMAS,lnk-4,3,b0,0,b0,0
DAMIMAS_A21B_0228,test,DAMIMAS,lnk-5,1,b2,2,b2,0
DAMIMAS_A21B_0229,test,DAMIMAS,lnk-0,0,b0,1,b1,0
DAMIMAS_A21B_0229,test,DAMIMAS,lnk-1,0,b1,1,b5,0
DAMIMAS_A21B_0229,test,DAMIMAS,lnk-2,0,b2,1,b2,0
DAMIMAS_A21B_0229,test,DAMIMAS,lnk-3,1,b0,2,b0,0
DAMIMAS_A21B_0229,test,DAMIMAS,lnk-4,1,b3,2,b3,0
DAMIMAS_A21B_0229,test,DAMIMAS,lnk-5,1,b4,2,b4,0
DAMIMAS_A21B_0229,test,DAMIMAS,lnk-6,2,b1,3,b3,0
DAMIMAS_A21B_0229,test,DAMIMAS,lnk-7,2,b2,3,b1,0
DAMIMAS_A21B_0229,test,DAMIMAS,lnk-8,3,b0,0,b5,0
DAMIMAS_A21B_0229,test,DAMIMAS,lnk-9,3,b4,0,b4,0
DAMIMAS_A21B_0229,test,DAMIMAS,lnk-10,3,b2,0,b3,0
DAMIMAS_A21B_0231,train,DAMIMAS,lnk-0,0,b0,1,b3,0
DAMIMAS_A21B_0231,train,DAMIMAS,lnk-1,0,b3,1,b2,0
DAMIMAS_A21B_0231,train,DAMIMAS,lnk-2,1,b1,2,b3,0
DAMIMAS_A21B_0231,train,DAMIMAS,lnk-3,1,b0,2,b2,0
DAMIMAS_A21B_0231,train,DAMIMAS,lnk-4,2,b1,3,b3,0
DAMIMAS_A21B_0231,train,DAMIMAS,lnk-5,2,b0,3,b0,0
DAMIMAS_A21B_0231,train,DAMIMAS,lnk-6,3,b1,0,b2,0
DAMIMAS_A21B_0231,train,DAMIMAS,lnk-7,3,b2,0,b1,0
DAMIMAS_A21B_0232,test,DAMIMAS,lnk-0,1,b0,2,b2,0
DAMIMAS_A21B_0232,test,DAMIMAS,lnk-1,2,b1,3,b4,0
DAMIMAS_A21B_0232,test,DAMIMAS,lnk-2,2,b0,3,b1,0
DAMIMAS_A21B_0233,test,DAMIMAS,lnk-0,0,b2,1,b3,0
DAMIMAS_A21B_0233,test,DAMIMAS,lnk-1,0,b3,1,b0,0
DAMIMAS_A21B_0233,test,DAMIMAS,lnk-2,0,b4,1,b4,0
DAMIMAS_A21B_0233,test,DAMIMAS,lnk-3,1,b1,2,b3,0
DAMIMAS_A21B_0233,test,DAMIMAS,lnk-4,1,b2,2,b5,0
DAMIMAS_A21B_0233,test,DAMIMAS,lnk-5,2,b0,3,b2,0
DAMIMAS_A21B_0233,test,DAMIMAS,lnk-6,2,b1,3,b4,0
DAMIMAS_A21B_0233,test,DAMIMAS,lnk-8,2,b6,3,b3,0
DAMIMAS_A21B_0233,test,DAMIMAS,lnk-9,3,b0,0,b0,0
DAMIMAS_A21B_0233,test,DAMIMAS,lnk-10,3,b5,0,b1,0
DAMIMAS_A21B_0234,test,DAMIMAS,lnk-0,0,b0,1,b1,0
DAMIMAS_A21B_0234,test,DAMIMAS,lnk-1,2,b3,3,b4,0
DAMIMAS_A21B_0234,test,DAMIMAS,lnk-2,3,b1,0,b1,0
DAMIMAS_A21B_0234,test,DAMIMAS,lnk-3,3,b3,0,b2,0
DAMIMAS_A21B_0235,test,DAMIMAS,lnk-0,0,b3,1,b0,0
DAMIMAS_A21B_0235,test,DAMIMAS,lnk-1,0,b5,1,b3,0
DAMIMAS_A21B_0235,test,DAMIMAS,lnk-2,1,b1,2,b4,0
DAMIMAS_A21B_0235,test,DAMIMAS,lnk-3,1,b2,2,b3,0
DAMIMAS_A21B_0235,test,DAMIMAS,lnk-4,2,b0,3,b0,0
DAMIMAS_A21B_0235,test,DAMIMAS,lnk-5,2,b1,3,b1,0
DAMIMAS_A21B_0235,test,DAMIMAS,lnk-6,2,b2,3,b2,0
DAMIMAS_A21B_0235,test,DAMIMAS,lnk-7,2,b3,3,b3,0
DAMIMAS_A21B_0235,test,DAMIMAS,lnk-8,3,b6,0,b0,0
DAMIMAS_A21B_0235,test,DAMIMAS,lnk-9,3,b4,0,b4,0
DAMIMAS_A21B_0235,test,DAMIMAS,lnk-11,3,b5,0,b1,0
DAMIMAS_A21B_0236,test,DAMIMAS,lnk-0,0,b4,1,b4,0
DAMIMAS_A21B_0236,test,DAMIMAS,lnk-1,0,b0,1,b3,0
DAMIMAS_A21B_0236,test,DAMIMAS,lnk-2,0,b1,1,b2,0
DAMIMAS_A21B_0236,test,DAMIMAS,lnk-3,1,b0,2,b0,0
DAMIMAS_A21B_0236,test,DAMIMAS,lnk-4,1,b1,2,b1,0
DAMIMAS_A21B_0236,test,DAMIMAS,lnk-5,1,b6,2,b2,0
DAMIMAS_A21B_0236,test,DAMIMAS,lnk-36,2,b2,3,b5,0
DAMIMAS_A21B_0236,test,DAMIMAS,lnk-37,2,b0,3,b0,0
DAMIMAS_A21B_0236,test,DAMIMAS,lnk-38,2,b3,3,b4,0
DAMIMAS_A21B_0236,test,DAMIMAS,lnk-39,2,b4,3,b1,0
DAMIMAS_A21B_0236,test,DAMIMAS,lnk-41,3,b1,0,b2,0
DAMIMAS_A21B_0236,test,DAMIMAS,lnk-42,3,b3,0,b3,0
DAMIMAS_A21B_0237,test,DAMIMAS,lnk-0,0,b0,1,b4,0
DAMIMAS_A21B_0237,test,DAMIMAS,lnk-1,0,b1,1,b0,0
DAMIMAS_A21B_0237,test,DAMIMAS,lnk-2,0,b2,1,b3,0
DAMIMAS_A21B_0237,test,DAMIMAS,lnk-3,1,b0,2,b0,0
DAMIMAS_A21B_0237,test,DAMIMAS,lnk-5,1,b3,2,b4,0
DAMIMAS_A21B_0237,test,DAMIMAS,lnk-6,1,b2,2,b3,0
DAMIMAS_A21B_0237,test,DAMIMAS,lnk-7,1,b1,2,b1,0
DAMIMAS_A21B_0237,test,DAMIMAS,lnk-8,2,b1,3,b2,0
DAMIMAS_A21B_0237,test,DAMIMAS,lnk-9,2,b2,3,b1,0
DAMIMAS_A21B_0237,test,DAMIMAS,lnk-10,3,b4,0,b3,0
DAMIMAS_A21B_0237,test,DAMIMAS,lnk-11,3,b1,0,b4,0
DAMIMAS_A21B_0237,test,DAMIMAS,lnk-12,3,b0,0,b0,0
DAMIMAS_A21B_0237,test,DAMIMAS,lnk-13,3,b3,0,b2,0
DAMIMAS_A21B_0238,test,DAMIMAS,lnk-0,0,b1,1,b0,0
DAMIMAS_A21B_0238,test,DAMIMAS,lnk-1,0,b3,1,b1,0
DAMIMAS_A21B_0238,test,DAMIMAS,lnk-2,1,b2,2,b0,0
DAMIMAS_A21B_0238,test,DAMIMAS,lnk-3,2,b3,3,b4,0
DAMIMAS_A21B_0238,test,DAMIMAS,lnk-5,3,b2,0,b2,0
DAMIMAS_A21B_0238,test,DAMIMAS,lnk-6,3,b3,0,b0,0
DAMIMAS_A21B_0238,test,DAMIMAS,lnk-7,3,b5,0,b4,0
DAMIMAS_A21B_0238,test,DAMIMAS,lnk-8,1,b4,2,b2,0
DAMIMAS_A21B_0238,test,DAMIMAS,lnk-9,1,b5,2,b1,0
DAMIMAS_A21B_0238,test,DAMIMAS,lnk-10,2,b4,3,b0,0
DAMIMAS_A21B_0239,test,DAMIMAS,lnk-0,0,b1,1,b0,0
DAMIMAS_A21B_0239,test,DAMIMAS,lnk-1,0,b2,1,b1,0
DAMIMAS_A21B_0239,test,DAMIMAS,lnk-2,1,b3,2,b0,0
DAMIMAS_A21B_0239,test,DAMIMAS,lnk-4,1,b2,2,b1,0
DAMIMAS_A21B_0239,test,DAMIMAS,lnk-5,2,b0,3,b0,0
DAMIMAS_A21B_0239,test,DAMIMAS,lnk-7,2,b2,3,b1,0
DAMIMAS_A21B_0239,test,DAMIMAS,lnk-8,3,b3,0,b0,0
DAMIMAS_A21B_0239,test,DAMIMAS,lnk-9,3,b4,0,b3,0
DAMIMAS_A21B_0240,train,DAMIMAS,lnk-0,0,b1,1,b2,0
DAMIMAS_A21B_0240,train,DAMIMAS,lnk-1,0,b0,1,b0,0
DAMIMAS_A21B_0240,train,DAMIMAS,lnk-2,1,b0,2,b3,0
DAMIMAS_A21B_0240,train,DAMIMAS,lnk-3,1,b1,2,b1,0
DAMIMAS_A21B_0240,train,DAMIMAS,lnk-4,2,b2,3,b3,0
DAMIMAS_A21B_0240,train,DAMIMAS,lnk-5,3,b2,0,b2,0
DAMIMAS_A21B_0241,val,DAMIMAS,lnk-0,0,b0,1,b4,0
DAMIMAS_A21B_0241,val,DAMIMAS,lnk-1,0,b2,1,b3,0
DAMIMAS_A21B_0241,val,DAMIMAS,lnk-2,0,b1,1,b2,0
DAMIMAS_A21B_0241,val,DAMIMAS,lnk-3,1,b1,2,b1,0
DAMIMAS_A21B_0241,val,DAMIMAS,lnk-4,1,b0,2,b2,0
DAMIMAS_A21B_0241,val,DAMIMAS,lnk-6,2,b2,3,b3,0
DAMIMAS_A21B_0241,val,DAMIMAS,lnk-7,2,b0,3,b1,0
DAMIMAS_A21B_0241,val,DAMIMAS,lnk-8,3,b0,0,b3,0
DAMIMAS_A21B_0242,train,DAMIMAS,lnk-0,0,b1,1,b2,0
DAMIMAS_A21B_0242,train,DAMIMAS,lnk-1,0,b0,1,b1,0
DAMIMAS_A21B_0242,train,DAMIMAS,lnk-2,1,b0,2,b1,0
DAMIMAS_A21B_0242,train,DAMIMAS,lnk-3,1,b3,2,b2,0
DAMIMAS_A21B_0242,train,DAMIMAS,lnk-4,2,b0,3,b2,0
DAMIMAS_A21B_0242,train,DAMIMAS,lnk-5,3,b0,0,b3,0
DAMIMAS_A21B_0242,train,DAMIMAS,lnk-6,3,b3,0,b2,0
DAMIMAS_A21B_0243,val,DAMIMAS,lnk-0,3,b1,0,b1,0
DAMIMAS_A21B_0243,val,DAMIMAS,lnk-1,3,b2,0,b2,0
DAMIMAS_A21B_0243,val,DAMIMAS,lnk-2,3,b0,0,b0,0
DAMIMAS_A21B_0243,val,DAMIMAS,lnk-3,3,b3,0,b3,0
DAMIMAS_A21B_0243,val,DAMIMAS,lnk-4,0,b0,1,b3,0
DAMIMAS_A21B_0243,val,DAMIMAS,lnk-5,0,b3,1,b2,0
DAMIMAS_A21B_0243,val,DAMIMAS,lnk-6,0,b4,1,b1,0
DAMIMAS_A21B_0243,val,DAMIMAS,lnk-7,1,b1,2,b1,0
DAMIMAS_A21B_0243,val,DAMIMAS,lnk-8,1,b4,2,b2,0
DAMIMAS_A21B_0243,val,DAMIMAS,lnk-9,1,b0,2,b0,0
DAMIMAS_A21B_0243,val,DAMIMAS,lnk-10,2,b0,3,b5,0
DAMIMAS_A21B_0243,val,DAMIMAS,lnk-11,2,b3,3,b4,0
DAMIMAS_A21B_0243,val,DAMIMAS,lnk-12,2,b4,3,b1,0
DAMIMAS_A21B_0244,train,DAMIMAS,lnk-0,2,b2,3,b0,0
DAMIMAS_A21B_0244,train,DAMIMAS,lnk-1,2,b3,3,b3,0
DAMIMAS_A21B_0244,train,DAMIMAS,lnk-2,0,b1,1,b0,0
DAMIMAS_A21B_0244,train,DAMIMAS,lnk-3,1,b0,2,b1,0
DAMIMAS_A21B_0244,train,DAMIMAS,lnk-4,1,b1,2,b0,0
DAMIMAS_A21B_0244,train,DAMIMAS,lnk-5,3,b1,0,b2,0
DAMIMAS_A21B_0244,train,DAMIMAS,lnk-6,0,b2,1,b1,0
DAMIMAS_A21B_0244,train,DAMIMAS,lnk-7,0,b0,1,b2,0
DAMIMAS_A21B_0245,train,DAMIMAS,lnk-0,0,b0,1,b0,0
DAMIMAS_A21B_0245,train,DAMIMAS,lnk-1,1,b0,2,b1,0
DAMIMAS_A21B_0245,train,DAMIMAS,lnk-2,3,b0,0,b0,0
DAMIMAS_A21B_0245,train,DAMIMAS,lnk-3,2,b0,3,b2,0
DAMIMAS_A21B_0245,train,DAMIMAS,lnk-4,3,b3,0,b1,0
DAMIMAS_A21B_0246,test,DAMIMAS,lnk-0,0,b4,1,b5,0
DAMIMAS_A21B_0246,test,DAMIMAS,lnk-1,1,b3,2,b1,0
DAMIMAS_A21B_0246,test,DAMIMAS,lnk-2,2,b0,3,b2,0
DAMIMAS_A21B_0246,test,DAMIMAS,lnk-3,2,b2,3,b3,0
DAMIMAS_A21B_0246,test,DAMIMAS,lnk-4,2,b3,3,b0,0
DAMIMAS_A21B_0246,test,DAMIMAS,lnk-5,3,b1,0,b1,0
DAMIMAS_A21B_0247,test,DAMIMAS,lnk-0,0,b0,1,b0,0
DAMIMAS_A21B_0247,test,DAMIMAS,lnk-1,0,b3,1,b4,0
DAMIMAS_A21B_0247,test,DAMIMAS,lnk-2,3,b4,0,b3,0
DAMIMAS_A21B_0247,test,DAMIMAS,lnk-3,1,b2,2,b0,0
DAMIMAS_A21B_0247,test,DAMIMAS,lnk-4,2,b0,3,b0,0
DAMIMAS_A21B_0247,test,DAMIMAS,lnk-5,1,b1,2,b4,0
DAMIMAS_A21B_0247,test,DAMIMAS,lnk-6,2,b1,3,b3,0
DAMIMAS_A21B_0247,test,DAMIMAS,lnk-7,3,b3,0,b4,0
DAMIMAS_A21B_0247,test,DAMIMAS,lnk-8,3,b1,0,b1,0
DAMIMAS_A21B_0247,test,DAMIMAS,lnk-9,3,b2,0,b2,0
DAMIMAS_A21B_0248,train,DAMIMAS,lnk-0,0,b0,1,b1,0
DAMIMAS_A21B_0248,train,DAMIMAS,lnk-1,0,b2,1,b2,0
DAMIMAS_A21B_0248,train,DAMIMAS,lnk-2,1,b0,2,b4,0
DAMIMAS_A21B_0248,train,DAMIMAS,lnk-3,2,b2,3,b2,0
DAMIMAS_A21B_0248,train,DAMIMAS,lnk-4,2,b0,3,b3,0
DAMIMAS_A21B_0248,train,DAMIMAS,lnk-5,3,b1,0,b4,0
DAMIMAS_A21B_0248,train,DAMIMAS,lnk-6,3,b0,0,b3,0
DAMIMAS_A21B_0249,train,DAMIMAS,lnk-0,0,b1,1,b1,0
DAMIMAS_A21B_0249,train,DAMIMAS,lnk-1,0,b0,1,b3,0
DAMIMAS_A21B_0249,train,DAMIMAS,lnk-2,0,b4,1,b2,0
DAMIMAS_A21B_0249,train,DAMIMAS,lnk-3,1,b2,2,b3,0
DAMIMAS_A21B_0249,train,DAMIMAS,lnk-4,1,b0,2,b4,0
DAMIMAS_A21B_0249,train,DAMIMAS,lnk-5,2,b1,3,b2,0
DAMIMAS_A21B_0249,train,DAMIMAS,lnk-6,2,b2,3,b1,0
DAMIMAS_A21B_0249,train,DAMIMAS,lnk-7,3,b0,0,b3,0
DAMIMAS_A21B_0250,test,DAMIMAS,lnk-0,0,b2,1,b5,0
DAMIMAS_A21B_0250,test,DAMIMAS,lnk-1,0,b4,1,b6,0
DAMIMAS_A21B_0250,test,DAMIMAS,lnk-2,0,b1,1,b7,0
DAMIMAS_A21B_0250,test,DAMIMAS,lnk-3,1,b0,2,b0,0
DAMIMAS_A21B_0250,test,DAMIMAS,lnk-4,1,b2,2,b6,0
DAMIMAS_A21B_0250,test,DAMIMAS,lnk-5,1,b4,2,b5,0
DAMIMAS_A21B_0250,test,DAMIMAS,lnk-6,2,b2,3,b4,0
DAMIMAS_A21B_0250,test,DAMIMAS,lnk-7,2,b1,3,b6,0
DAMIMAS_A21B_0250,test,DAMIMAS,lnk-8,2,b3,3,b5,0
DAMIMAS_A21B_0250,test,DAMIMAS,lnk-9,3,b1,0,b6,0
DAMIMAS_A21B_0250,test,DAMIMAS,lnk-10,3,b3,0,b5,0
DAMIMAS_A21B_0251,train,DAMIMAS,lnk-0,0,b2,1,b0,0
DAMIMAS_A21B_0251,train,DAMIMAS,lnk-1,1,b1,2,b0,0
DAMIMAS_A21B_0251,train,DAMIMAS,lnk-2,1,b2,2,b2,0
DAMIMAS_A21B_0251,train,DAMIMAS,lnk-3,1,b5,2,b1,0
DAMIMAS_A21B_0251,train,DAMIMAS,lnk-4,2,b3,3,b2,0
DAMIMAS_A21B_0251,train,DAMIMAS,lnk-5,2,b4,3,b3,0
DAMIMAS_A21B_0251,train,DAMIMAS,lnk-6,3,b0,0,b0,0
DAMIMAS_A21B_0251,train,DAMIMAS,lnk-7,3,b4,0,b3,0
DAMIMAS_A21B_0251,train,DAMIMAS,lnk-8,3,b1,0,b4,0
DAMIMAS_A21B_0252,train,DAMIMAS,lnk-0,0,b4,1,b2,0
DAMIMAS_A21B_0252,train,DAMIMAS,lnk-1,1,b1,2,b1,0
DAMIMAS_A21B_0252,train,DAMIMAS,lnk-2,2,b0,3,b2,0
DAMIMAS_A21B_0252,train,DAMIMAS,lnk-3,3,b0,0,b2,0
DAMIMAS_A21B_0252,train,DAMIMAS,lnk-4,3,b3,0,b3,0
DAMIMAS_A21B_0253,train,DAMIMAS,lnk-0,0,b0,1,b2,0
DAMIMAS_A21B_0253,train,DAMIMAS,lnk-1,1,b0,2,b2,0
DAMIMAS_A21B_0253,train,DAMIMAS,lnk-2,1,b1,2,b0,0
DAMIMAS_A21B_0253,train,DAMIMAS,lnk-3,2,b1,3,b1,0
DAMIMAS_A21B_0253,train,DAMIMAS,lnk-4,3,b0,0,b2,0
DAMIMAS_A21B_0254,test,DAMIMAS,lnk-0,1,b0,2,b0,0
DAMIMAS_A21B_0254,test,DAMIMAS,lnk-1,2,b2,3,b1,0
DAMIMAS_A21B_0254,test,DAMIMAS,lnk-2,3,b1,0,b5,0
DAMIMAS_A21B_0254,test,DAMIMAS,lnk-3,2,b4,3,b4,0
DAMIMAS_A21B_0254,test,DAMIMAS,lnk-4,3,b0,0,b0,0
DAMIMAS_A21B_0254,test,DAMIMAS,lnk-5,3,b6,0,b1,0
DAMIMAS_A21B_0254,test,DAMIMAS,lnk-6,3,b2,0,b2,0
DAMIMAS_A21B_0254,test,DAMIMAS,lnk-7,3,b5,0,b6,0
DAMIMAS_A21B_0254,test,DAMIMAS,lnk-8,3,b3,0,b3,0
DAMIMAS_A21B_0255,train,DAMIMAS,lnk-0,0,b4,1,b0,0
DAMIMAS_A21B_0255,train,DAMIMAS,lnk-1,1,b1,2,b1,0
DAMIMAS_A21B_0255,train,DAMIMAS,lnk-2,1,b2,2,b0,0
DAMIMAS_A21B_0255,train,DAMIMAS,lnk-3,2,b4,3,b3,0
DAMIMAS_A21B_0255,train,DAMIMAS,lnk-4,2,b3,3,b2,0
DAMIMAS_A21B_0255,train,DAMIMAS,lnk-5,3,b1,0,b2,0
DAMIMAS_A21B_0255,train,DAMIMAS,lnk-6,3,b0,0,b3,0
DAMIMAS_A21B_0256,train,DAMIMAS,lnk-0,0,b0,1,b0,0
DAMIMAS_A21B_0257,train,DAMIMAS,lnk-0,0,b1,1,b0,0
DAMIMAS_A21B_0257,train,DAMIMAS,lnk-1,1,b2,2,b2,0
DAMIMAS_A21B_0257,train,DAMIMAS,lnk-2,2,b0,3,b4,0
DAMIMAS_A21B_0257,train,DAMIMAS,lnk-3,2,b1,3,b3,0
DAMIMAS_A21B_0257,train,DAMIMAS,lnk-4,3,b0,0,b0,0
DAMIMAS_A21B_0258,train,DAMIMAS,lnk-0,0,b2,1,b0,0
DAMIMAS_A21B_0258,train,DAMIMAS,lnk-1,1,b1,2,b3,0
DAMIMAS_A21B_0258,train,DAMIMAS,lnk-2,1,b3,2,b0,0
DAMIMAS_A21B_0258,train,DAMIMAS,lnk-3,2,b2,3,b3,0
DAMIMAS_A21B_0258,train,DAMIMAS,lnk-4,2,b1,3,b2,0
DAMIMAS_A21B_0258,train,DAMIMAS,lnk-5,3,b0,0,b0,0
DAMIMAS_A21B_0259,train,DAMIMAS,lnk-0,0,b3,1,b4,0
DAMIMAS_A21B_0259,train,DAMIMAS,lnk-1,0,b4,1,b3,0
DAMIMAS_A21B_0259,train,DAMIMAS,lnk-2,1,b0,2,b0,0
DAMIMAS_A21B_0259,train,DAMIMAS,lnk-3,1,b1,2,b1,0
DAMIMAS_A21B_0259,train,DAMIMAS,lnk-4,2,b3,3,b1,0
DAMIMAS_A21B_0259,train,DAMIMAS,lnk-5,3,b3,0,b0,0
DAMIMAS_A21B_0260,train,DAMIMAS,lnk-0,0,b1,1,b4,0
DAMIMAS_A21B_0260,train,DAMIMAS,lnk-1,1,b3,2,b4,0
DAMIMAS_A21B_0260,train,DAMIMAS,lnk-2,1,b2,2,b3,0
DAMIMAS_A21B_0260,train,DAMIMAS,lnk-3,1,b0,2,b1,0
DAMIMAS_A21B_0260,train,DAMIMAS,lnk-4,2,b0,3,b2,0
DAMIMAS_A21B_0260,train,DAMIMAS,lnk-5,2,b2,3,b1,0
DAMIMAS_A21B_0260,train,DAMIMAS,lnk-6,3,b0,0,b3,0
DAMIMAS_A21B_0260,train,DAMIMAS,lnk-7,3,b3,0,b4,0
DAMIMAS_A21B_0260,train,DAMIMAS,lnk-8,3,b4,0,b0,0
DAMIMAS_A21B_0261,train,DAMIMAS,lnk-0,0,b1,1,b0,0
DAMIMAS_A21B_0261,train,DAMIMAS,lnk-1,1,b0,2,b5,0
DAMIMAS_A21B_0261,train,DAMIMAS,lnk-2,0,b6,1,b6,0
DAMIMAS_A21B_0261,train,DAMIMAS,lnk-3,1,b1,2,b1,0
DAMIMAS_A21B_0261,train,DAMIMAS,lnk-4,1,b4,2,b3,0
DAMIMAS_A21B_0261,train,DAMIMAS,lnk-5,1,b5,2,b4,0
DAMIMAS_A21B_0261,train,DAMIMAS,lnk-6,2,b2,3,b5,0
DAMIMAS_A21B_0261,train,DAMIMAS,lnk-7,2,b0,3,b0,0
DAMIMAS_A21B_0261,train,DAMIMAS,lnk-8,3,b2,0,b5,0
DAMIMAS_A21B_0261,train,DAMIMAS,lnk-9,3,b3,0,b4,0
DAMIMAS_A21B_0261,train,DAMIMAS,lnk-10,3,b4,0,b2,0
DAMIMAS_A21B_0262,train,DAMIMAS,lnk-0,0,b1,1,b3,0
DAMIMAS_A21B_0262,train,DAMIMAS,lnk-1,0,b2,1,b4,0
DAMIMAS_A21B_0262,train,DAMIMAS,lnk-2,1,b0,2,b0,0
DAMIMAS_A21B_0262,train,DAMIMAS,lnk-3,1,b1,2,b5,0
DAMIMAS_A21B_0262,train,DAMIMAS,lnk-4,1,b2,2,b6,0
DAMIMAS_A21B_0262,train,DAMIMAS,lnk-5,2,b4,3,b2,0
DAMIMAS_A21B_0262,train,DAMIMAS,lnk-6,2,b2,3,b0,0
DAMIMAS_A21B_0262,train,DAMIMAS,lnk-7,2,b3,3,b1,0
DAMIMAS_A21B_0262,train,DAMIMAS,lnk-8,3,b4,0,b3,0
DAMIMAS_A21B_0262,train,DAMIMAS,lnk-9,3,b3,0,b0,0
DAMIMAS_A21B_0262,train,DAMIMAS,lnk-10,3,b5,0,b4,0
DAMIMAS_A21B_0263,val,DAMIMAS,lnk-0,0,b3,1,b0,0
DAMIMAS_A21B_0263,val,DAMIMAS,lnk-1,0,b1,1,b1,0
DAMIMAS_A21B_0263,val,DAMIMAS,lnk-2,1,b2,2,b0,0
DAMIMAS_A21B_0263,val,DAMIMAS,lnk-3,1,b3,2,b2,0
DAMIMAS_A21B_0263,val,DAMIMAS,lnk-4,1,b4,2,b1,0
DAMIMAS_A21B_0263,val,DAMIMAS,lnk-5,2,b1,3,b0,0
DAMIMAS_A21B_0263,val,DAMIMAS,lnk-6,2,b3,3,b1,0
DAMIMAS_A21B_0263,val,DAMIMAS,lnk-7,2,b4,3,b3,0
DAMIMAS_A21B_0263,val,DAMIMAS,lnk-8,3,b4,0,b0,0
DAMIMAS_A21B_0263,val,DAMIMAS,lnk-9,3,b5,0,b4,0
DAMIMAS_A21B_0264,train,DAMIMAS,lnk-0,0,b2,1,b3,0
DAMIMAS_A21B_0264,train,DAMIMAS,lnk-1,0,b0,1,b4,0
DAMIMAS_A21B_0264,train,DAMIMAS,lnk-2,1,b0,2,b5,0
DAMIMAS_A21B_0264,train,DAMIMAS,lnk-3,1,b1,2,b0,0
DAMIMAS_A21B_0264,train,DAMIMAS,lnk-4,1,b5,2,b1,0
DAMIMAS_A21B_0264,train,DAMIMAS,lnk-5,2,b2,3,b0,0
DAMIMAS_A21B_0264,train,DAMIMAS,lnk-6,2,b4,3,b2,0
DAMIMAS_A21B_0264,train,DAMIMAS,lnk-7,2,b3,3,b5,0
DAMIMAS_A21B_0264,train,DAMIMAS,lnk-8,3,b1,0,b1,0
DAMIMAS_A21B_0264,train,DAMIMAS,lnk-9,3,b3,0,b3,0
DAMIMAS_A21B_0265,train,DAMIMAS,lnk-0,0,b1,1,b3,0
DAMIMAS_A21B_0265,train,DAMIMAS,lnk-1,0,b2,1,b5,0
DAMIMAS_A21B_0265,train,DAMIMAS,lnk-2,1,b4,2,b4,0
DAMIMAS_A21B_0265,train,DAMIMAS,lnk-3,1,b0,2,b0,0
DAMIMAS_A21B_0265,train,DAMIMAS,lnk-4,1,b1,2,b3,0
DAMIMAS_A21B_0265,train,DAMIMAS,lnk-5,1,b2,2,b2,0
DAMIMAS_A21B_0265,train,DAMIMAS,lnk-6,2,b1,3,b3,0
DAMIMAS_A21B_0265,train,DAMIMAS,lnk-7,3,b2,0,b3,0
DAMIMAS_A21B_0265,train,DAMIMAS,lnk-8,3,b4,0,b5,0
DAMIMAS_A21B_0265,train,DAMIMAS,lnk-9,3,b0,0,b0,0
DAMIMAS_A21B_0266,train,DAMIMAS,lnk-0,0,b1,1,b5,0
DAMIMAS_A21B_0266,train,DAMIMAS,lnk-1,0,b0,1,b4,0
DAMIMAS_A21B_0266,train,DAMIMAS,lnk-2,1,b0,2,b4,0
DAMIMAS_A21B_0266,train,DAMIMAS,lnk-3,1,b3,2,b3,0
DAMIMAS_A21B_0266,train,DAMIMAS,lnk-4,1,b1,2,b1,0
DAMIMAS_A21B_0266,train,DAMIMAS,lnk-5,2,b0,3,b0,0
DAMIMAS_A21B_0266,train,DAMIMAS,lnk-6,2,b2,3,b2,0
DAMIMAS_A21B_0266,train,DAMIMAS,lnk-7,3,b1,0,b5,0
DAMIMAS_A21B_0266,train,DAMIMAS,lnk-8,3,b3,0,b4,0
DAMIMAS_A21B_0267,train,DAMIMAS,lnk-0,0,b0,1,b0,0
DAMIMAS_A21B_0267,train,DAMIMAS,lnk-1,3,b3,0,b0,0
DAMIMAS_A21B_0267,train,DAMIMAS,lnk-2,0,b4,1,b1,0
DAMIMAS_A21B_0267,train,DAMIMAS,lnk-3,1,b1,2,b0,0
DAMIMAS_A21B_0267,train,DAMIMAS,lnk-4,1,b2,2,b1,0
DAMIMAS_A21B_0267,train,DAMIMAS,lnk-5,1,b6,2,b4,0
DAMIMAS_A21B_0267,train,DAMIMAS,lnk-6,2,b2,3,b1,0
DAMIMAS_A21B_0267,train,DAMIMAS,lnk-7,2,b3,3,b0,0
DAMIMAS_A21B_0267,train,DAMIMAS,lnk-8,3,b2,0,b2,0
DAMIMAS_A21B_0268,train,DAMIMAS,lnk-0,0,b0,1,b5,0
DAMIMAS_A21B_0268,train,DAMIMAS,lnk-1,1,b2,2,b0,0
DAMIMAS_A21B_0268,train,DAMIMAS,lnk-2,2,b0,3,b0,0
DAMIMAS_A21B_0268,train,DAMIMAS,lnk-3,1,b3,2,b4,0
DAMIMAS_A21B_0268,train,DAMIMAS,lnk-4,2,b4,3,b7,0
DAMIMAS_A21B_0268,train,DAMIMAS,lnk-5,1,b4,2,b3,0
DAMIMAS_A21B_0268,train,DAMIMAS,lnk-6,2,b6,3,b8,0
DAMIMAS_A21B_0268,train,DAMIMAS,lnk-7,3,b1,0,b1,0
DAMIMAS_A21B_0268,train,DAMIMAS,lnk-8,3,b6,0,b5,0
DAMIMAS_A21B_0269,train,DAMIMAS,lnk-0,0,b1,1,b0,0
DAMIMAS_A21B_0269,train,DAMIMAS,lnk-1,3,b0,0,b1,0
DAMIMAS_A21B_0269,train,DAMIMAS,lnk-2,1,b1,2,b2,0
DAMIMAS_A21B_0269,train,DAMIMAS,lnk-3,2,b1,3,b3,0
DAMIMAS_A21B_0269,train,DAMIMAS,lnk-4,2,b0,3,b2,0
DAMIMAS_A21B_0269,train,DAMIMAS,lnk-5,3,b1,0,b0,0
DAMIMAS_A21B_0270,test,DAMIMAS,lnk-0,0,b2,1,b0,0
DAMIMAS_A21B_0270,test,DAMIMAS,lnk-1,0,b1,1,b3,0
DAMIMAS_A21B_0270,test,DAMIMAS,lnk-2,1,b1,2,b3,0
DAMIMAS_A21B_0270,test,DAMIMAS,lnk-3,2,b0,3,b0,0
DAMIMAS_A21B_0270,test,DAMIMAS,lnk-4,2,b4,3,b1,0
DAMIMAS_A21B_0270,test,DAMIMAS,lnk-5,3,b1,0,b0,0
DAMIMAS_A21B_0271,test,DAMIMAS,lnk-0,0,b5,1,b0,0
DAMIMAS_A21B_0271,test,DAMIMAS,lnk-1,1,b2,2,b3,0
DAMIMAS_A21B_0271,test,DAMIMAS,lnk-2,1,b1,2,b2,0
DAMIMAS_A21B_0271,test,DAMIMAS,lnk-3,1,b4,2,b1,0
DAMIMAS_A21B_0271,test,DAMIMAS,lnk-4,2,b1,3,b1,0
DAMIMAS_A21B_0271,test,DAMIMAS,lnk-5,1,b5,2,b0,0
DAMIMAS_A21B_0271,test,DAMIMAS,lnk-6,2,b0,3,b0,0
DAMIMAS_A21B_0272,val,DAMIMAS,lnk-0,0,b1,1,b0,0
DAMIMAS_A21B_0272,val,DAMIMAS,lnk-1,1,b1,2,b4,0
DAMIMAS_A21B_0272,val,DAMIMAS,lnk-2,1,b2,2,b3,0
DAMIMAS_A21B_0272,val,DAMIMAS,lnk-3,1,b3,2,b0,0
DAMIMAS_A21B_0272,val,DAMIMAS,lnk-4,2,b0,3,b3,0
DAMIMAS_A21B_0272,val,DAMIMAS,lnk-5,2,b2,3,b2,0
DAMIMAS_A21B_0272,val,DAMIMAS,lnk-6,2,b1,3,b1,0
DAMIMAS_A21B_0272,val,DAMIMAS,lnk-7,3,b0,0,b0,0
DAMIMAS_A21B_0273,train,DAMIMAS,lnk-0,0,b1,1,b3,0
DAMIMAS_A21B_0273,train,DAMIMAS,lnk-1,1,b1,2,b2,0
DAMIMAS_A21B_0273,train,DAMIMAS,lnk-2,1,b0,2,b3,0
DAMIMAS_A21B_0273,train,DAMIMAS,lnk-3,2,b3,3,b2,0
DAMIMAS_A21B_0273,train,DAMIMAS,lnk-4,3,b2,0,b3,0
DAMIMAS_A21B_0273,train,DAMIMAS,lnk-5,2,b1,3,b0,0
DAMIMAS_A21B_0273,train,DAMIMAS,lnk-6,3,b0,0,b2,0
DAMIMAS_A21B_0273,train,DAMIMAS,lnk-7,2,b0,3,b1,0
DAMIMAS_A21B_0273,train,DAMIMAS,lnk-8,3,b1,0,b0,0
DAMIMAS_A21B_0274,train,DAMIMAS,lnk-0,0,b0,1,b1,0
DAMIMAS_A21B_0274,train,DAMIMAS,lnk-1,1,b2,2,b3,0
DAMIMAS_A21B_0274,train,DAMIMAS,lnk-2,1,b0,2,b4,0
DAMIMAS_A21B_0274,train,DAMIMAS,lnk-3,1,b3,2,b2,0
DAMIMAS_A21B_0274,train,DAMIMAS,lnk-4,1,b4,2,b0,0
DAMIMAS_A21B_0274,train,DAMIMAS,lnk-5,2,b1,3,b3,0
DAMIMAS_A21B_0274,train,DAMIMAS,lnk-6,3,b0,0,b3,0
DAMIMAS_A21B_0274,train,DAMIMAS,lnk-7,3,b1,0,b2,0
DAMIMAS_A21B_0275,test,DAMIMAS,lnk-0,0,b3,1,b1,0
DAMIMAS_A21B_0275,test,DAMIMAS,lnk-1,0,b1,1,b0,0
DAMIMAS_A21B_0275,test,DAMIMAS,lnk-2,1,b2,2,b5,0
DAMIMAS_A21B_0275,test,DAMIMAS,lnk-3,1,b4,2,b7,0
DAMIMAS_A21B_0275,test,DAMIMAS,lnk-4,1,b3,2,b4,0
DAMIMAS_A21B_0275,test,DAMIMAS,lnk-5,2,b3,3,b4,0
DAMIMAS_A21B_0275,test,DAMIMAS,lnk-6,2,b0,3,b0,0
DAMIMAS_A21B_0275,test,DAMIMAS,lnk-7,2,b2,3,b3,0
DAMIMAS_A21B_0275,test,DAMIMAS,lnk-8,3,b1,0,b0,0
DAMIMAS_A21B_0276,train,DAMIMAS,lnk-0,0,b1,1,b2,0
DAMIMAS_A21B_0276,train,DAMIMAS,lnk-1,1,b1,2,b1,0
DAMIMAS_A21B_0276,train,DAMIMAS,lnk-2,1,b0,2,b2,0
DAMIMAS_A21B_0276,train,DAMIMAS,lnk-3,2,b0,3,b0,0
DAMIMAS_A21B_0276,train,DAMIMAS,lnk-4,3,b0,0,b2,0
DAMIMAS_A21B_0277,val,DAMIMAS,lnk-0,0,b0,1,b4,0
DAMIMAS_A21B_0277,val,DAMIMAS,lnk-1,3,b0,0,b0,0
DAMIMAS_A21B_0277,val,DAMIMAS,lnk-2,0,b3,1,b2,0
DAMIMAS_A21B_0277,val,DAMIMAS,lnk-3,1,b1,2,b2,0
DAMIMAS_A21B_0277,val,DAMIMAS,lnk-4,1,b0,2,b0,0
DAMIMAS_A21B_0277,val,DAMIMAS,lnk-5,1,b3,2,b1,0
DAMIMAS_A21B_0277,val,DAMIMAS,lnk-6,2,b1,3,b4,0
DAMIMAS_A21B_0277,val,DAMIMAS,lnk-7,3,b1,0,b2,0
DAMIMAS_A21B_0278,val,DAMIMAS,lnk-0,0,b0,1,b0,0
DAMIMAS_A21B_0278,val,DAMIMAS,lnk-1,1,b0,2,b3,0
DAMIMAS_A21B_0278,val,DAMIMAS,lnk-2,0,b1,1,b1,0
DAMIMAS_A21B_0278,val,DAMIMAS,lnk-3,1,b2,2,b2,0
DAMIMAS_A21B_0278,val,DAMIMAS,lnk-4,1,b3,2,b1,0
DAMIMAS_A21B_0278,val,DAMIMAS,lnk-5,2,b0,3,b0,0
DAMIMAS_A21B_0278,val,DAMIMAS,lnk-6,2,b5,3,b4,0
DAMIMAS_A21B_0278,val,DAMIMAS,lnk-7,2,b4,3,b1,0
DAMIMAS_A21B_0279,test,DAMIMAS,lnk-0,0,b0,1,b1,0
DAMIMAS_A21B_0279,test,DAMIMAS,lnk-1,0,b6,1,b2,0
DAMIMAS_A21B_0279,test,DAMIMAS,lnk-2,1,b3,2,b3,0
DAMIMAS_A21B_0279,test,DAMIMAS,lnk-3,1,b0,2,b0,0
DAMIMAS_A21B_0279,test,DAMIMAS,lnk-4,1,b4,2,b4,0
DAMIMAS_A21B_0279,test,DAMIMAS,lnk-5,2,b2,3,b3,0
DAMIMAS_A21B_0279,test,DAMIMAS,lnk-6,2,b5,3,b0,0
DAMIMAS_A21B_0279,test,DAMIMAS,lnk-7,3,b5,0,b5,0
DAMIMAS_A21B_0279,test,DAMIMAS,lnk-8,3,b2,0,b2,0
DAMIMAS_A21B_0279,test,DAMIMAS,lnk-9,3,b6,0,b3,0
DAMIMAS_A21B_0280,test,DAMIMAS,lnk-0,0,b5,1,b3,0
DAMIMAS_A21B_0280,test,DAMIMAS,lnk-1,1,b4,2,b1,0
DAMIMAS_A21B_0280,test,DAMIMAS,lnk-2,1,b0,2,b4,0
DAMIMAS_A21B_0280,test,DAMIMAS,lnk-3,1,b2,2,b0,0
DAMIMAS_A21B_0280,test,DAMIMAS,lnk-4,2,b0,3,b0,0
DAMIMAS_A21B_0280,test,DAMIMAS,lnk-5,3,b2,0,b3,0
DAMIMAS_A21B_0280,test,DAMIMAS,lnk-6,3,b3,0,b1,0
DAMIMAS_A21B_0281,train,DAMIMAS,lnk-0,0,b3,1,b4,0
DAMIMAS_A21B_0281,train,DAMIMAS,lnk-1,1,b2,2,b2,0
DAMIMAS_A21B_0281,train,DAMIMAS,lnk-2,1,b0,2,b5,0
DAMIMAS_A21B_0281,train,DAMIMAS,lnk-3,1,b1,2,b6,0
DAMIMAS_A21B_0281,train,DAMIMAS,lnk-4,2,b1,3,b0,0
DAMIMAS_A21B_0281,train,DAMIMAS,lnk-5,2,b0,3,b4,0
DAMIMAS_A21B_0281,train,DAMIMAS,lnk-6,2,b4,3,b3,0
DAMIMAS_A21B_0281,train,DAMIMAS,lnk-7,3,b2,0,b5,0
DAMIMAS_A21B_0282,train,DAMIMAS,lnk-0,0,b1,1,b2,0
DAMIMAS_A21B_0282,train,DAMIMAS,lnk-1,0,b2,1,b3,0
DAMIMAS_A21B_0282,train,DAMIMAS,lnk-2,1,b0,2,b0,0
DAMIMAS_A21B_0282,train,DAMIMAS,lnk-3,1,b4,2,b4,0
DAMIMAS_A21B_0282,train,DAMIMAS,lnk-4,2,b1,3,b0,0
DAMIMAS_A21B_0282,train,DAMIMAS,lnk-5,2,b2,3,b1,0
DAMIMAS_A21B_0282,train,DAMIMAS,lnk-6,3,b2,0,b0,0
DAMIMAS_A21B_0282,train,DAMIMAS,lnk-7,3,b3,0,b3,0
DAMIMAS_A21B_0283,val,DAMIMAS,lnk-0,0,b0,1,b0,0
DAMIMAS_A21B_0283,val,DAMIMAS,lnk-1,1,b1,2,b0,0
DAMIMAS_A21B_0283,val,DAMIMAS,lnk-2,1,b4,2,b4,0
DAMIMAS_A21B_0283,val,DAMIMAS,lnk-3,1,b2,2,b1,0
DAMIMAS_A21B_0283,val,DAMIMAS,lnk-4,2,b1,3,b0,0
DAMIMAS_A21B_0283,val,DAMIMAS,lnk-5,2,b2,3,b1,0
DAMIMAS_A21B_0283,val,DAMIMAS,lnk-6,2,b3,3,b3,0
DAMIMAS_A21B_0283,val,DAMIMAS,lnk-7,3,b4,0,b1,0
DAMIMAS_A21B_0283,val,DAMIMAS,lnk-8,3,b2,0,b4,0
DAMIMAS_A21B_0284,test,DAMIMAS,lnk-0,0,b0,1,b1,0
DAMIMAS_A21B_0284,test,DAMIMAS,lnk-1,1,b2,2,b3,0
DAMIMAS_A21B_0284,test,DAMIMAS,lnk-2,1,b0,2,b0,0
DAMIMAS_A21B_0284,test,DAMIMAS,lnk-3,2,b0,3,b1,0
DAMIMAS_A21B_0284,test,DAMIMAS,lnk-4,2,b1,3,b2,0
DAMIMAS_A21B_0284,test,DAMIMAS,lnk-5,3,b2,0,b4,0
DAMIMAS_A21B_0284,test,DAMIMAS,lnk-6,2,b2,3,b3,0
DAMIMAS_A21B_0284,test,DAMIMAS,lnk-7,3,b3,0,b3,0
DAMIMAS_A21B_0284,test,DAMIMAS,lnk-8,3,b0,0,b1,0
DAMIMAS_A21B_0285,train,DAMIMAS,lnk-0,0,b0,1,b1,0
DAMIMAS_A21B_0285,train,DAMIMAS,lnk-1,2,b0,3,b0,0
DAMIMAS_A21B_0285,train,DAMIMAS,lnk-2,3,b0,0,b0,0
DAMIMAS_A21B_0285,train,DAMIMAS,lnk-3,0,b6,1,b0,0
DAMIMAS_A21B_0285,train,DAMIMAS,lnk-4,0,b5,1,b2,0
DAMIMAS_A21B_0285,train,DAMIMAS,lnk-5,2,b2,3,b2,0
DAMIMAS_A21B_0285,train,DAMIMAS,lnk-6,3,b2,0,b5,0
DAMIMAS_A21B_0285,train,DAMIMAS,lnk-7,1,b6,2,b6,0
DAMIMAS_A21B_0285,train,DAMIMAS,lnk-8,2,b6,3,b5,0
DAMIMAS_A21B_0285,train,DAMIMAS,lnk-9,1,b4,2,b5,0
DAMIMAS_A21B_0285,train,DAMIMAS,lnk-10,2,b5,3,b4,0
DAMIMAS_A21B_0285,train,DAMIMAS,lnk-11,2,b3,3,b1,0
DAMIMAS_A21B_0285,train,DAMIMAS,lnk-12,2,b4,3,b3,0
DAMIMAS_A21B_0285,train,DAMIMAS,lnk-13,3,b3,0,b4,0
DAMIMAS_A21B_0286,train,DAMIMAS,lnk-0,0,b3,1,b3,0
DAMIMAS_A21B_0286,train,DAMIMAS,lnk-1,1,b0,2,b0,0
DAMIMAS_A21B_0286,train,DAMIMAS,lnk-2,2,b0,3,b0,0
DAMIMAS_A21B_0286,train,DAMIMAS,lnk-3,1,b1,2,b1,0
DAMIMAS_A21B_0286,train,DAMIMAS,lnk-4,1,b2,2,b2,0
DAMIMAS_A21B_0286,train,DAMIMAS,lnk-5,1,b4,2,b3,0
DAMIMAS_A21B_0286,train,DAMIMAS,lnk-6,2,b3,3,b2,0
DAMIMAS_A21B_0286,train,DAMIMAS,lnk-7,3,b3,0,b1,0
DAMIMAS_A21B_0286,train,DAMIMAS,lnk-8,3,b4,0,b2,0
DAMIMAS_A21B_0287,train,DAMIMAS,lnk-0,0,b0,1,b0,0
DAMIMAS_A21B_0287,train,DAMIMAS,lnk-1,1,b0,2,b0,0
DAMIMAS_A21B_0287,train,DAMIMAS,lnk-2,2,b0,3,b0,0
DAMIMAS_A21B_0287,train,DAMIMAS,lnk-3,3,b2,0,b0,0
DAMIMAS_A21B_0287,train,DAMIMAS,lnk-4,0,b1,1,b1,0
DAMIMAS_A21B_0287,train,DAMIMAS,lnk-5,1,b1,2,b1,0
DAMIMAS_A21B_0287,train,DAMIMAS,lnk-6,2,b1,3,b4,0
DAMIMAS_A21B_0287,train,DAMIMAS,lnk-7,0,b2,1,b2,0
DAMIMAS_A21B_0287,train,DAMIMAS,lnk-8,1,b2,2,b2,0
DAMIMAS_A21B_0288,test,DAMIMAS,lnk-0,0,b3,1,b4,0
DAMIMAS_A21B_0288,test,DAMIMAS,lnk-1,0,b2,1,b3,0
DAMIMAS_A21B_0288,test,DAMIMAS,lnk-2,1,b2,2,b3,0
DAMIMAS_A21B_0288,test,DAMIMAS,lnk-3,1,b0,2,b1,0
DAMIMAS_A21B_0288,test,DAMIMAS,lnk-4,1,b1,2,b0,0
DAMIMAS_A21B_0288,test,DAMIMAS,lnk-5,2,b2,3,b5,0
DAMIMAS_A21B_0288,test,DAMIMAS,lnk-6,3,b2,0,b5,0
DAMIMAS_A21B_0288,test,DAMIMAS,lnk-7,3,b0,0,b1,0
DAMIMAS_A21B_0289,val,DAMIMAS,lnk-0,0,b3,1,b3,0
DAMIMAS_A21B_0289,val,DAMIMAS,lnk-1,1,b0,2,b1,0
DAMIMAS_A21B_0289,val,DAMIMAS,lnk-2,2,b0,3,b0,0
DAMIMAS_A21B_0289,val,DAMIMAS,lnk-3,3,b2,0,b0,0
DAMIMAS_A21B_0290,train,DAMIMAS,lnk-0,0,b0,1,b1,0
DAMIMAS_A21B_0290,train,DAMIMAS,lnk-1,3,b0,0,b0,0
DAMIMAS_A21B_0290,train,DAMIMAS,lnk-2,1,b2,2,b0,0
DAMIMAS_A21B_0290,train,DAMIMAS,lnk-3,1,b0,2,b3,0
DAMIMAS_A21B_0290,train,DAMIMAS,lnk-4,2,b1,3,b3,0
DAMIMAS_A21B_0290,train,DAMIMAS,lnk-5,3,b1,0,b1,0
DAMIMAS_A21B_0290,train,DAMIMAS,lnk-6,3,b2,0,b2,0
DAMIMAS_A21B_0291,train,DAMIMAS,lnk-0,0,b0,1,b0,0
DAMIMAS_A21B_0291,train,DAMIMAS,lnk-1,0,b1,1,b5,0
DAMIMAS_A21B_0291,train,DAMIMAS,lnk-2,0,b2,1,b1,0
DAMIMAS_A21B_0291,train,DAMIMAS,lnk-3,1,b3,2,b0,0
DAMIMAS_A21B_0291,train,DAMIMAS,lnk-4,1,b4,2,b2,0
DAMIMAS_A21B_0291,train,DAMIMAS,lnk-5,2,b1,3,b1,0
DAMIMAS_A21B_0291,train,DAMIMAS,lnk-6,3,b2,0,b3,0
DAMIMAS_A21B_0292,train,DAMIMAS,lnk-0,0,b0,1,b3,0
DAMIMAS_A21B_0292,train,DAMIMAS,lnk-1,1,b3,2,b4,0
DAMIMAS_A21B_0292,train,DAMIMAS,lnk-2,0,b4,1,b4,0
DAMIMAS_A21B_0292,train,DAMIMAS,lnk-3,1,b5,2,b3,0
DAMIMAS_A21B_0292,train,DAMIMAS,lnk-4,1,b2,2,b2,0
DAMIMAS_A21B_0292,train,DAMIMAS,lnk-5,1,b0,2,b0,0
DAMIMAS_A21B_0292,train,DAMIMAS,lnk-6,2,b5,3,b4,0
DAMIMAS_A21B_0292,train,DAMIMAS,lnk-7,2,b1,3,b3,0
DAMIMAS_A21B_0292,train,DAMIMAS,lnk-8,3,b1,0,b2,0
DAMIMAS_A21B_0292,train,DAMIMAS,lnk-9,3,b0,0,b1,0
DAMIMAS_A21B_0293,train,DAMIMAS,lnk-0,1,b1,2,b4,0
DAMIMAS_A21B_0293,train,DAMIMAS,lnk-1,1,b2,2,b5,0
DAMIMAS_A21B_0293,train,DAMIMAS,lnk-2,2,b0,3,b5,0
DAMIMAS_A21B_0293,train,DAMIMAS,lnk-3,2,b3,3,b4,0
DAMIMAS_A21B_0293,train,DAMIMAS,lnk-4,2,b6,3,b1,0
DAMIMAS_A21B_0294,test,DAMIMAS,lnk-0,0,b4,1,b5,0
DAMIMAS_A21B_0294,test,DAMIMAS,lnk-1,0,b0,1,b4,0
DAMIMAS_A21B_0294,test,DAMIMAS,lnk-2,0,b1,1,b0,0
DAMIMAS_A21B_0294,test,DAMIMAS,lnk-3,1,b2,2,b4,0
DAMIMAS_A21B_0294,test,DAMIMAS,lnk-4,3,b0,0,b2,0
DAMIMAS_A21B_0294,test,DAMIMAS,lnk-5,3,b6,0,b3,0
DAMIMAS_A21B_0294,test,DAMIMAS,lnk-6,2,b3,3,b1,0
DAMIMAS_A21B_0294,test,DAMIMAS,lnk-7,2,b2,3,b2,0
DAMIMAS_A21B_0294,test,DAMIMAS,lnk-8,2,b0,3,b3,0
DAMIMAS_A21B_0295,train,DAMIMAS,lnk-0,0,b3,1,b0,0
DAMIMAS_A21B_0295,train,DAMIMAS,lnk-1,1,b5,2,b0,0
DAMIMAS_A21B_0295,train,DAMIMAS,lnk-2,2,b0,3,b0,0
DAMIMAS_A21B_0295,train,DAMIMAS,lnk-3,2,b2,3,b1,0
DAMIMAS_A21B_0295,train,DAMIMAS,lnk-4,3,b2,0,b0,0
DAMIMAS_A21B_0296,test,DAMIMAS,lnk-0,0,b1,1,b0,0
DAMIMAS_A21B_0296,test,DAMIMAS,lnk-1,0,b2,1,b2,0
DAMIMAS_A21B_0296,test,DAMIMAS,lnk-2,3,b0,0,b2,0
DAMIMAS_A21B_0296,test,DAMIMAS,lnk-3,0,b0,1,b1,0
DAMIMAS_A21B_0296,test,DAMIMAS,lnk-4,1,b1,2,b1,0
DAMIMAS_A21B_0296,test,DAMIMAS,lnk-5,2,b0,3,b2,0
DAMIMAS_A21B_0297,train,DAMIMAS,lnk-0,0,b3,1,b4,0
DAMIMAS_A21B_0297,train,DAMIMAS,lnk-1,1,b1,2,b3,0
DAMIMAS_A21B_0297,train,DAMIMAS,lnk-2,1,b3,2,b2,0
DAMIMAS_A21B_0297,train,DAMIMAS,lnk-3,1,b0,2,b0,0
DAMIMAS_A21B_0297,train,DAMIMAS,lnk-4,2,b0,3,b1,0
DAMIMAS_A21B_0297,train,DAMIMAS,lnk-5,1,b2,2,b1,0
DAMIMAS_A21B_0297,train,DAMIMAS,lnk-6,3,b0,0,b1,0
DAMIMAS_A21B_0297,train,DAMIMAS,lnk-7,3,b2,0,b2,0
DAMIMAS_A21B_0298,train,DAMIMAS,lnk-0,0,b0,1,b0,0
DAMIMAS_A21B_0298,train,DAMIMAS,lnk-1,1,b0,2,b4,0
DAMIMAS_A21B_0298,train,DAMIMAS,lnk-2,3,b0,0,b0,0
DAMIMAS_A21B_0298,train,DAMIMAS,lnk-3,0,b1,1,b1,0
DAMIMAS_A21B_0298,train,DAMIMAS,lnk-4,2,b3,3,b2,0
DAMIMAS_A21B_0298,train,DAMIMAS,lnk-5,3,b2,0,b1,0
DAMIMAS_A21B_0298,train,DAMIMAS,lnk-6,0,b4,1,b3,0
DAMIMAS_A21B_0298,train,DAMIMAS,lnk-7,0,b3,1,b2,0
DAMIMAS_A21B_0298,train,DAMIMAS,lnk-8,1,b4,2,b1,0
DAMIMAS_A21B_0298,train,DAMIMAS,lnk-9,2,b0,3,b3,0
DAMIMAS_A21B_0298,train,DAMIMAS,lnk-10,2,b2,3,b4,0
DAMIMAS_A21B_0298,train,DAMIMAS,lnk-11,3,b5,0,b2,0
DAMIMAS_A21B_0299,train,DAMIMAS,lnk-0,0,b0,1,b0,0
DAMIMAS_A21B_0299,train,DAMIMAS,lnk-1,3,b0,0,b0,0
DAMIMAS_A21B_0299,train,DAMIMAS,lnk-2,0,b4,1,b1,0
DAMIMAS_A21B_0299,train,DAMIMAS,lnk-3,1,b2,2,b3,0
DAMIMAS_A21B_0299,train,DAMIMAS,lnk-4,2,b0,3,b1,0
DAMIMAS_A21B_0299,train,DAMIMAS,lnk-5,2,b1,3,b2,0
DAMIMAS_A21B_0299,train,DAMIMAS,lnk-6,3,b5,0,b3,0
DAMIMAS_A21B_0299,train,DAMIMAS,lnk-7,3,b3,0,b1,0
DAMIMAS_A21B_0299,train,DAMIMAS,lnk-8,3,b4,0,b2,0
DAMIMAS_A21B_0300,train,DAMIMAS,lnk-0,0,b0,1,b0,0
DAMIMAS_A21B_0300,train,DAMIMAS,lnk-1,0,b1,1,b1,0
DAMIMAS_A21B_0300,train,DAMIMAS,lnk-2,1,b1,2,b1,0
DAMIMAS_A21B_0300,train,DAMIMAS,lnk-3,2,b0,3,b4,0
DAMIMAS_A21B_0300,train,DAMIMAS,lnk-4,3,b2,0,b2,0
DAMIMAS_A21B_0301,train,DAMIMAS,lnk-0,0,b0,1,b1,0
DAMIMAS_A21B_0301,train,DAMIMAS,lnk-1,0,b1,1,b2,0
DAMIMAS_A21B_0301,train,DAMIMAS,lnk-2,0,b2,1,b3,0
DAMIMAS_A21B_0301,train,DAMIMAS,lnk-3,1,b4,2,b3,0
DAMIMAS_A21B_0301,train,DAMIMAS,lnk-4,2,b0,3,b4,0
DAMIMAS_A21B_0301,train,DAMIMAS,lnk-5,3,b1,0,b4,0
DAMIMAS_A21B_0301,train,DAMIMAS,lnk-6,3,b5,0,b3,0
DAMIMAS_A21B_0302,test,DAMIMAS,lnk-0,0,b0,1,b3,0
DAMIMAS_A21B_0302,test,DAMIMAS,lnk-1,1,b2,2,b3,0
DAMIMAS_A21B_0302,test,DAMIMAS,lnk-2,1,b1,2,b0,0
DAMIMAS_A21B_0302,test,DAMIMAS,lnk-3,2,b0,3,b0,0
DAMIMAS_A21B_0302,test,DAMIMAS,lnk-4,2,b1,3,b1,0
DAMIMAS_A21B_0302,test,DAMIMAS,lnk-5,3,b3,0,b1,0
DAMIMAS_A21B_0303,train,DAMIMAS,lnk-0,0,b2,1,b3,0
DAMIMAS_A21B_0303,train,DAMIMAS,lnk-1,0,b3,1,b2,0
DAMIMAS_A21B_0303,train,DAMIMAS,lnk-2,0,b0,1,b4,0
DAMIMAS_A21B_0303,train,DAMIMAS,lnk-3,1,b0,2,b0,0
DAMIMAS_A21B_0303,train,DAMIMAS,lnk-4,2,b0,3,b0,0
DAMIMAS_A21B_0303,train,DAMIMAS,lnk-5,2,b2,3,b1,0
DAMIMAS_A21B_0303,train,DAMIMAS,lnk-6,3,b1,0,b6,0
DAMIMAS_A21B_0303,train,DAMIMAS,lnk-7,2,b1,3,b2,0
DAMIMAS_A21B_0303,train,DAMIMAS,lnk-8,3,b2,0,b1,0
DAMIMAS_A21B_0303,train,DAMIMAS,lnk-9,2,b3,3,b3,0
DAMIMAS_A21B_0303,train,DAMIMAS,lnk-10,3,b3,0,b5,0
DAMIMAS_A21B_0304,test,DAMIMAS,lnk-0,0,b3,1,b3,0
DAMIMAS_A21B_0304,test,DAMIMAS,lnk-1,0,b2,1,b1,0
DAMIMAS_A21B_0304,test,DAMIMAS,lnk-2,1,b2,2,b0,0
DAMIMAS_A21B_0304,test,DAMIMAS,lnk-3,1,b0,2,b1,0
DAMIMAS_A21B_0304,test,DAMIMAS,lnk-4,2,b1,3,b0,0
DAMIMAS_A21B_0304,test,DAMIMAS,lnk-5,1,b4,2,b2,0
DAMIMAS_A21B_0304,test,DAMIMAS,lnk-6,2,b3,3,b2,0
DAMIMAS_A21B_0304,test,DAMIMAS,lnk-7,3,b1,0,b1,0
DAMIMAS_A21B_0304,test,DAMIMAS,lnk-8,3,b3,0,b4,0
DAMIMAS_A21B_0305,train,DAMIMAS,lnk-0,0,b0,1,b0,0
DAMIMAS_A21B_0305,train,DAMIMAS,lnk-1,0,b3,1,b3,0
DAMIMAS_A21B_0305,train,DAMIMAS,lnk-2,0,b4,1,b1,0
DAMIMAS_A21B_0305,train,DAMIMAS,lnk-3,0,b2,1,b4,0
DAMIMAS_A21B_0305,train,DAMIMAS,lnk-4,1,b2,2,b3,0
DAMIMAS_A21B_0305,train,DAMIMAS,lnk-5,1,b5,2,b2,0
DAMIMAS_A21B_0305,train,DAMIMAS,lnk-6,2,b1,3,b5,0
DAMIMAS_A21B_0305,train,DAMIMAS,lnk-7,2,b0,3,b4,0
DAMIMAS_A21B_0305,train,DAMIMAS,lnk-8,3,b0,0,b1,0
DAMIMAS_A21B_0305,train,DAMIMAS,lnk-9,3,b1,0,b5,0
DAMIMAS_A21B_0305,train,DAMIMAS,lnk-10,3,b3,0,b6,0
DAMIMAS_A21B_0306,train,DAMIMAS,lnk-0,0,b1,1,b0,0
DAMIMAS_A21B_0306,train,DAMIMAS,lnk-1,1,b0,2,b2,0
DAMIMAS_A21B_0306,train,DAMIMAS,lnk-2,2,b0,3,b0,0
DAMIMAS_A21B_0306,train,DAMIMAS,lnk-3,3,b1,0,b0,0
DAMIMAS_A21B_0307,train,DAMIMAS,lnk-0,0,b0,1,b0,0
DAMIMAS_A21B_0307,train,DAMIMAS,lnk-1,1,b0,2,b0,0
DAMIMAS_A21B_0307,train,DAMIMAS,lnk-2,0,b1,1,b2,0
DAMIMAS_A21B_0307,train,DAMIMAS,lnk-3,1,b1,2,b2,0
DAMIMAS_A21B_0307,train,DAMIMAS,lnk-4,2,b1,3,b0,0
DAMIMAS_A21B_0307,train,DAMIMAS,lnk-5,2,b3,3,b1,0
DAMIMAS_A21B_0307,train,DAMIMAS,lnk-6,3,b3,0,b2,0
DAMIMAS_A21B_0308,val,DAMIMAS,lnk-0,0,b1,1,b1,0
DAMIMAS_A21B_0308,val,DAMIMAS,lnk-1,1,b2,2,b3,0
DAMIMAS_A21B_0308,val,DAMIMAS,lnk-2,1,b0,2,b0,0
DAMIMAS_A21B_0308,val,DAMIMAS,lnk-3,2,b2,3,b1,0
DAMIMAS_A21B_0308,val,DAMIMAS,lnk-4,2,b1,3,b2,0
DAMIMAS_A21B_0308,val,DAMIMAS,lnk-5,3,b0,0,b0,0
DAMIMAS_A21B_0308,val,DAMIMAS,lnk-6,0,b3,1,b3,0
DAMIMAS_A21B_0309,train,DAMIMAS,lnk-0,0,b0,1,b0,0
DAMIMAS_A21B_0309,train,DAMIMAS,lnk-1,1,b0,2,b0,0
DAMIMAS_A21B_0309,train,DAMIMAS,lnk-2,2,b4,3,b0,0
DAMIMAS_A21B_0309,train,DAMIMAS,lnk-3,3,b0,0,b0,0
DAMIMAS_A21B_0309,train,DAMIMAS,lnk-4,0,b4,1,b2,0
DAMIMAS_A21B_0309,train,DAMIMAS,lnk-5,1,b1,2,b1,0
DAMIMAS_A21B_0309,train,DAMIMAS,lnk-6,2,b1,3,b3,0
DAMIMAS_A21B_0309,train,DAMIMAS,lnk-7,2,b2,3,b2,0
DAMIMAS_A21B_0309,train,DAMIMAS,lnk-8,2,b3,3,b1,0
DAMIMAS_A21B_0310,train,DAMIMAS,lnk-0,0,b0,1,b0,0
DAMIMAS_A21B_0310,train,DAMIMAS,lnk-1,1,b0,2,b0,0
DAMIMAS_A21B_0310,train,DAMIMAS,lnk-2,0,b1,1,b1,0
DAMIMAS_A21B_0310,train,DAMIMAS,lnk-3,0,b2,1,b4,0
DAMIMAS_A21B_0310,train,DAMIMAS,lnk-4,0,b4,1,b2,0
DAMIMAS_A21B_0310,train,DAMIMAS,lnk-5,1,b3,2,b2,0
DAMIMAS_A21B_0310,train,DAMIMAS,lnk-6,2,b4,3,b2,0
DAMIMAS_A21B_0310,train,DAMIMAS,lnk-7,2,b1,3,b3,0
DAMIMAS_A21B_0310,train,DAMIMAS,lnk-8,2,b3,3,b0,0
DAMIMAS_A21B_0310,train,DAMIMAS,lnk-9,3,b1,0,b3,0
DAMIMAS_A21B_0311,val,DAMIMAS,lnk-0,0,b1,1,b0,0
DAMIMAS_A21B_0311,val,DAMIMAS,lnk-1,1,b0,2,b0,0
DAMIMAS_A21B_0311,val,DAMIMAS,lnk-2,2,b0,3,b1,0
DAMIMAS_A21B_0311,val,DAMIMAS,lnk-3,1,b1,2,b1,0
DAMIMAS_A21B_0311,val,DAMIMAS,lnk-4,2,b1,3,b2,0
DAMIMAS_A21B_0311,val,DAMIMAS,lnk-5,3,b2,0,b0,0
DAMIMAS_A21B_0312,train,DAMIMAS,lnk-0,0,b1,1,b0,0
DAMIMAS_A21B_0312,train,DAMIMAS,lnk-1,0,b0,1,b2,0
DAMIMAS_A21B_0312,train,DAMIMAS,lnk-2,1,b2,2,b4,0
DAMIMAS_A21B_0312,train,DAMIMAS,lnk-3,1,b1,2,b1,0
DAMIMAS_A21B_0312,train,DAMIMAS,lnk-4,2,b0,3,b0,0
DAMIMAS_A21B_0312,train,DAMIMAS,lnk-5,2,b3,3,b1,0
DAMIMAS_A21B_0312,train,DAMIMAS,lnk-6,2,b2,3,b2,0
DAMIMAS_A21B_0312,train,DAMIMAS,lnk-7,3,b3,0,b3,0
DAMIMAS_A21B_0312,train,DAMIMAS,lnk-8,3,b4,0,b2,0
DAMIMAS_A21B_0313,train,DAMIMAS,lnk-0,0,b0,1,b0,0
DAMIMAS_A21B_0313,train,DAMIMAS,lnk-1,0,b1,1,b5,0
DAMIMAS_A21B_0313,train,DAMIMAS,lnk-2,1,b1,2,b0,0
DAMIMAS_A21B_0313,train,DAMIMAS,lnk-3,2,b0,3,b0,0
DAMIMAS_A21B_0313,train,DAMIMAS,lnk-4,1,b3,2,b3,0
DAMIMAS_A21B_0313,train,DAMIMAS,lnk-5,1,b2,2,b4,0
DAMIMAS_A21B_0313,train,DAMIMAS,lnk-6,2,b2,3,b1,0
DAMIMAS_A21B_0313,train,DAMIMAS,lnk-7,2,b1,3,b2,0
DAMIMAS_A21B_0313,train,DAMIMAS,lnk-8,3,b2,0,b5,0
DAMIMAS_A21B_0313,train,DAMIMAS,lnk-9,3,b4,0,b4,0
DAMIMAS_A21B_0313,train,DAMIMAS,lnk-10,3,b3,0,b3,0
DAMIMAS_A21B_0314,train,DAMIMAS,lnk-0,0,b0,1,b0,0
DAMIMAS_A21B_0314,train,DAMIMAS,lnk-1,1,b0,2,b4,0
DAMIMAS_A21B_0314,train,DAMIMAS,lnk-2,0,b4,1,b4,0
DAMIMAS_A21B_0314,train,DAMIMAS,lnk-3,0,b2,1,b5,0
DAMIMAS_A21B_0314,train,DAMIMAS,lnk-4,1,b1,2,b3,0
DAMIMAS_A21B_0314,train,DAMIMAS,lnk-5,1,b2,2,b0,0
DAMIMAS_A21B_0314,train,DAMIMAS,lnk-6,2,b0,3,b4,0
DAMIMAS_A21B_0314,train,DAMIMAS,lnk-7,2,b1,3,b3,0
DAMIMAS_A21B_0314,train,DAMIMAS,lnk-8,2,b2,3,b1,0
DAMIMAS_A21B_0314,train,DAMIMAS,lnk-9,3,b2,0,b3,0
DAMIMAS_A21B_0314,train,DAMIMAS,lnk-10,3,b0,0,b5,0
DAMIMAS_A21B_0315,train,DAMIMAS,lnk-0,2,b3,3,b0,0
DAMIMAS_A21B_0315,train,DAMIMAS,lnk-1,2,b4,3,b1,0
DAMIMAS_A21B_0315,train,DAMIMAS,lnk-2,2,b5,3,b2,0
DAMIMAS_A21B_0315,train,DAMIMAS,lnk-3,3,b3,0,b4,0
DAMIMAS_A21B_0315,train,DAMIMAS,lnk-4,3,b4,0,b7,0
DAMIMAS_A21B_0315,train,DAMIMAS,lnk-5,3,b5,0,b6,0
DAMIMAS_A21B_0315,train,DAMIMAS,lnk-6,0,b0,1,b0,0
DAMIMAS_A21B_0315,train,DAMIMAS,lnk-7,0,b1,1,b3,0
DAMIMAS_A21B_0315,train,DAMIMAS,lnk-8,0,b2,1,b4,0
DAMIMAS_A21B_0316,train,DAMIMAS,lnk-0,0,b1,1,b5,0
DAMIMAS_A21B_0316,train,DAMIMAS,lnk-1,1,b0,2,b0,0
DAMIMAS_A21B_0316,train,DAMIMAS,lnk-2,1,b4,2,b3,0
DAMIMAS_A21B_0316,train,DAMIMAS,lnk-3,1,b1,2,b2,0
DAMIMAS_A21B_0316,train,DAMIMAS,lnk-4,2,b2,3,b6,0
DAMIMAS_A21B_0316,train,DAMIMAS,lnk-5,1,b2,2,b4,0
DAMIMAS_A21B_0316,train,DAMIMAS,lnk-6,2,b4,3,b4,0
DAMIMAS_A21B_0316,train,DAMIMAS,lnk-7,2,b1,3,b0,0
DAMIMAS_A21B_0316,train,DAMIMAS,lnk-8,3,b1,0,b4,0
DAMIMAS_A21B_0316,train,DAMIMAS,lnk-9,3,b3,0,b2,0
DAMIMAS_A21B_0316,train,DAMIMAS,lnk-10,3,b2,0,b0,0
DAMIMAS_A21B_0317,train,DAMIMAS,lnk-0,0,b0,1,b3,0
DAMIMAS_A21B_0317,train,DAMIMAS,lnk-1,3,b1,0,b0,0
DAMIMAS_A21B_0317,train,DAMIMAS,lnk-2,1,b2,2,b1,0
DAMIMAS_A21B_0317,train,DAMIMAS,lnk-3,1,b0,2,b0,0
DAMIMAS_A21B_0317,train,DAMIMAS,lnk-4,2,b2,3,b3,0
DAMIMAS_A21B_0317,train,DAMIMAS,lnk-5,3,b0,0,b1,0
DAMIMAS_A21B_0317,train,DAMIMAS,lnk-6,3,b2,0,b2,0
DAMIMAS_A21B_0318,train,DAMIMAS,lnk-0,0,b0,1,b0,0
DAMIMAS_A21B_0318,train,DAMIMAS,lnk-1,0,b1,1,b1,0
DAMIMAS_A21B_0318,train,DAMIMAS,lnk-2,1,b2,2,b0,0
DAMIMAS_A21B_0318,train,DAMIMAS,lnk-3,1,b3,2,b1,0
DAMIMAS_A21B_0318,train,DAMIMAS,lnk-4,2,b4,3,b2,0
DAMIMAS_A21B_0318,train,DAMIMAS,lnk-5,3,b1,0,b3,0
DAMIMAS_A21B_0318,train,DAMIMAS,lnk-6,3,b0,0,b2,0
DAMIMAS_A21B_0319,train,DAMIMAS,lnk-0,0,b2,1,b0,0
DAMIMAS_A21B_0319,train,DAMIMAS,lnk-1,1,b0,2,b0,0
DAMIMAS_A21B_0319,train,DAMIMAS,lnk-2,1,b1,2,b1,0
DAMIMAS_A21B_0319,train,DAMIMAS,lnk-3,2,b1,3,b0,0
DAMIMAS_A21B_0319,train,DAMIMAS,lnk-4,1,b2,2,b2,0
DAMIMAS_A21B_0319,train,DAMIMAS,lnk-5,2,b2,3,b1,0
DAMIMAS_A21B_0319,train,DAMIMAS,lnk-6,2,b3,3,b4,0
DAMIMAS_A21B_0319,train,DAMIMAS,lnk-7,3,b2,0,b0,0
DAMIMAS_A21B_0319,train,DAMIMAS,lnk-8,3,b3,0,b1,0
DAMIMAS_A21B_0320,train,DAMIMAS,lnk-0,3,b0,0,b5,0
DAMIMAS_A21B_0320,train,DAMIMAS,lnk-1,0,b5,1,b0,0
DAMIMAS_A21B_0320,train,DAMIMAS,lnk-2,1,b0,2,b0,0
DAMIMAS_A21B_0320,train,DAMIMAS,lnk-4,3,b6,0,b3,0
DAMIMAS_A21B_0320,train,DAMIMAS,lnk-5,0,b3,1,b3,0
DAMIMAS_A21B_0320,train,DAMIMAS,lnk-6,1,b3,2,b4,0
DAMIMAS_A21B_0320,train,DAMIMAS,lnk-7,2,b4,3,b5,0
DAMIMAS_A21B_0320,train,DAMIMAS,lnk-8,2,b3,3,b1,0
DAMIMAS_A21B_0321,test,DAMIMAS,lnk-0,0,b0,1,b0,0
DAMIMAS_A21B_0321,test,DAMIMAS,lnk-1,1,b0,2,b0,0
DAMIMAS_A21B_0321,test,DAMIMAS,lnk-2,2,b0,3,b0,0
DAMIMAS_A21B_0321,test,DAMIMAS,lnk-4,0,b6,1,b2,0
DAMIMAS_A21B_0321,test,DAMIMAS,lnk-5,3,b2,0,b6,0
DAMIMAS_A21B_0321,test,DAMIMAS,lnk-6,0,b5,1,b3,0
DAMIMAS_A21B_0321,test,DAMIMAS,lnk-7,1,b3,2,b1,0
DAMIMAS_A21B_0321,test,DAMIMAS,lnk-8,0,b3,1,b4,0
DAMIMAS_A21B_0323,test,DAMIMAS,lnk-0,0,b1,1,b0,0
DAMIMAS_A21B_0323,test,DAMIMAS,lnk-1,1,b2,2,b1,0
DAMIMAS_A21B_0323,test,DAMIMAS,lnk-2,2,b1,3,b1,0
DAMIMAS_A21B_0323,test,DAMIMAS,lnk-3,3,b1,0,b1,0
DAMIMAS_A21B_0323,test,DAMIMAS,lnk-4,0,b2,1,b1,0
DAMIMAS_A21B_0323,test,DAMIMAS,lnk-5,1,b1,2,b0,0
DAMIMAS_A21B_0323,test,DAMIMAS,lnk-6,2,b0,3,b0,0
DAMIMAS_A21B_0323,test,DAMIMAS,lnk-7,2,b2,3,b2,0
DAMIMAS_A21B_0323,test,DAMIMAS,lnk-8,3,b2,0,b2,0
DAMIMAS_A21B_0323,test,DAMIMAS,lnk-9,3,b0,0,b0,0
DAMIMAS_A21B_0324,train,DAMIMAS,lnk-0,1,b3,2,b2,0
DAMIMAS_A21B_0324,train,DAMIMAS,lnk-1,1,b0,2,b0,0
DAMIMAS_A21B_0324,train,DAMIMAS,lnk-2,2,b0,3,b2,0
DAMIMAS_A21B_0324,train,DAMIMAS,lnk-3,3,b3,0,b2,0
DAMIMAS_A21B_0324,train,DAMIMAS,lnk-4,3,b0,0,b1,0
DAMIMAS_A21B_0324,train,DAMIMAS,lnk-5,0,b1,1,b1,0
DAMIMAS_A21B_0324,train,DAMIMAS,lnk-6,3,b1,0,b0,0
DAMIMAS_A21B_0324,train,DAMIMAS,lnk-7,0,b0,1,b2,0
DAMIMAS_A21B_0325,test,DAMIMAS,lnk-0,0,b2,1,b1,0
DAMIMAS_A21B_0325,test,DAMIMAS,lnk-1,1,b1,2,b2,0
DAMIMAS_A21B_0325,test,DAMIMAS,lnk-2,2,b2,3,b4,0
DAMIMAS_A21B_0325,test,DAMIMAS,lnk-3,0,b3,1,b0,0
DAMIMAS_A21B_0325,test,DAMIMAS,lnk-4,1,b0,2,b1,0
DAMIMAS_A21B_0325,test,DAMIMAS,lnk-5,2,b1,3,b0,0
DAMIMAS_A21B_0325,test,DAMIMAS,lnk-6,1,b2,2,b0,0
DAMIMAS_A21B_0325,test,DAMIMAS,lnk-7,2,b0,3,b3,0
DAMIMAS_A21B_0325,test,DAMIMAS,lnk-8,3,b2,0,b0,0
DAMIMAS_A21B_0325,test,DAMIMAS,lnk-9,3,b1,0,b4,0
DAMIMAS_A21B_0326,train,DAMIMAS,lnk-0,0,b0,1,b0,0
DAMIMAS_A21B_0326,train,DAMIMAS,lnk-1,2,b0,3,b2,0
DAMIMAS_A21B_0326,train,DAMIMAS,lnk-2,3,b0,0,b2,0
DAMIMAS_A21B_0327,train,DAMIMAS,lnk-0,0,b1,1,b3,0
DAMIMAS_A21B_0327,train,DAMIMAS,lnk-1,1,b2,2,b0,0
DAMIMAS_A21B_0327,train,DAMIMAS,lnk-2,2,b0,3,b0,0
DAMIMAS_A21B_0327,train,DAMIMAS,lnk-3,2,b1,3,b1,0
DAMIMAS_A21B_0327,train,DAMIMAS,lnk-4,3,b3,0,b0,0
DAMIMAS_A21B_0328,train,DAMIMAS,lnk-0,0,b1,1,b0,0
DAMIMAS_A21B_0328,train,DAMIMAS,lnk-1,1,b3,2,b1,0
DAMIMAS_A21B_0328,train,DAMIMAS,lnk-2,1,b1,2,b0,0
DAMIMAS_A21B_0328,train,DAMIMAS,lnk-3,1,b2,2,b3,0
DAMIMAS_A21B_0328,train,DAMIMAS,lnk-4,2,b3,3,b1,0
DAMIMAS_A21B_0328,train,DAMIMAS,lnk-5,2,b2,3,b0,0
DAMIMAS_A21B_0328,train,DAMIMAS,lnk-6,3,b3,0,b2,0
DAMIMAS_A21B_0328,train,DAMIMAS,lnk-7,3,b2,0,b0,0
DAMIMAS_A21B_0329,train,DAMIMAS,lnk-0,0,b0,1,b0,0
DAMIMAS_A21B_0329,train,DAMIMAS,lnk-1,1,b0,2,b0,0
DAMIMAS_A21B_0329,train,DAMIMAS,lnk-2,3,b1,0,b0,0
DAMIMAS_A21B_0329,train,DAMIMAS,lnk-3,2,b1,3,b2,0
DAMIMAS_A21B_0329,train,DAMIMAS,lnk-4,2,b2,3,b0,0
DAMIMAS_A21B_0330,val,DAMIMAS,lnk-0,0,b3,1,b2,0
DAMIMAS_A21B_0330,val,DAMIMAS,lnk-1,0,b4,1,b1,0
DAMIMAS_A21B_0330,val,DAMIMAS,lnk-2,1,b0,2,b0,0
DAMIMAS_A21B_0330,val,DAMIMAS,lnk-3,1,b4,2,b1,0
DAMIMAS_A21B_0330,val,DAMIMAS,lnk-4,2,b4,3,b0,0
DAMIMAS_A21B_0330,val,DAMIMAS,lnk-5,3,b0,0,b0,0
DAMIMAS_A21B_0330,val,DAMIMAS,lnk-6,2,b5,3,b2,0
DAMIMAS_A21B_0330,val,DAMIMAS,lnk-7,3,b2,0,b2,0
DAMIMAS_A21B_0330,val,DAMIMAS,lnk-8,2,b3,3,b3,0
DAMIMAS_A21B_0330,val,DAMIMAS,lnk-9,2,b2,3,b5,0
DAMIMAS_A21B_0330,val,DAMIMAS,lnk-10,3,b1,0,b1,0
DAMIMAS_A21B_0331,test,DAMIMAS,lnk-0,0,b3,1,b0,0
DAMIMAS_A21B_0331,test,DAMIMAS,lnk-1,1,b2,2,b0,0
DAMIMAS_A21B_0331,test,DAMIMAS,lnk-2,2,b3,3,b0,0
DAMIMAS_A21B_0331,test,DAMIMAS,lnk-3,2,b1,3,b3,0
DAMIMAS_A21B_0331,test,DAMIMAS,lnk-4,3,b3,0,b0,0
DAMIMAS_A21B_0331,test,DAMIMAS,lnk-5,2,b2,3,b1,0
DAMIMAS_A21B_0331,test,DAMIMAS,lnk-6,3,b1,0,b1,0
DAMIMAS_A21B_0331,test,DAMIMAS,lnk-7,3,b2,0,b2,0
DAMIMAS_A21B_0332,train,DAMIMAS,lnk-0,0,b1,1,b1,0
DAMIMAS_A21B_0332,train,DAMIMAS,lnk-1,1,b2,2,b2,0
DAMIMAS_A21B_0332,train,DAMIMAS,lnk-2,1,b0,2,b1,0
DAMIMAS_A21B_0332,train,DAMIMAS,lnk-3,2,b0,3,b2,0
DAMIMAS_A21B_0332,train,DAMIMAS,lnk-4,3,b0,0,b0,0
DAMIMAS_A21B_0333,train,DAMIMAS,lnk-0,0,b0,1,b1,0
DAMIMAS_A21B_0333,train,DAMIMAS,lnk-1,1,b0,2,b1,0
DAMIMAS_A21B_0333,train,DAMIMAS,lnk-2,2,b0,3,b0,0
DAMIMAS_A21B_0333,train,DAMIMAS,lnk-3,3,b1,0,b1,0
DAMIMAS_A21B_0334,train,DAMIMAS,lnk-0,0,b0,1,b0,0
DAMIMAS_A21B_0334,train,DAMIMAS,lnk-1,0,b1,1,b1,0
DAMIMAS_A21B_0334,train,DAMIMAS,lnk-2,1,b3,2,b1,0
DAMIMAS_A21B_0334,train,DAMIMAS,lnk-3,2,b0,3,b3,0
DAMIMAS_A21B_0334,train,DAMIMAS,lnk-4,2,b3,3,b5,0
DAMIMAS_A21B_0334,train,DAMIMAS,lnk-5,2,b2,3,b4,0
DAMIMAS_A21B_0334,train,DAMIMAS,lnk-6,3,b0,0,b3,0
DAMIMAS_A21B_0335,train,DAMIMAS,lnk-0,1,b3,2,b1,0
DAMIMAS_A21B_0335,train,DAMIMAS,lnk-1,2,b1,3,b0,0
DAMIMAS_A21B_0335,train,DAMIMAS,lnk-2,3,b0,0,b1,0
DAMIMAS_A21B_0335,train,DAMIMAS,lnk-3,0,b0,1,b3,0
DAMIMAS_A21B_0335,train,DAMIMAS,lnk-4,0,b1,1,b0,0
DAMIMAS_A21B_0335,train,DAMIMAS,lnk-5,3,b1,0,b2,0
DAMIMAS_A21B_0335,train,DAMIMAS,lnk-6,0,b2,1,b1,0
DAMIMAS_A21B_0335,train,DAMIMAS,lnk-7,3,b2,0,b3,0
DAMIMAS_A21B_0335,train,DAMIMAS,lnk-8,0,b3,1,b2,0
DAMIMAS_A21B_0336,train,DAMIMAS,lnk-0,0,b0,1,b0,0
DAMIMAS_A21B_0336,train,DAMIMAS,lnk-1,2,b0,3,b0,0
DAMIMAS_A21B_0336,train,DAMIMAS,lnk-2,3,b0,0,b0,0
DAMIMAS_A21B_0336,train,DAMIMAS,lnk-3,1,b2,2,b0,0
DAMIMAS_A21B_0336,train,DAMIMAS,lnk-4,0,b4,1,b3,0
DAMIMAS_A21B_0336,train,DAMIMAS,lnk-5,2,b2,3,b4,0
DAMIMAS_A21B_0336,train,DAMIMAS,lnk-6,3,b4,0,b4,0
DAMIMAS_A21B_0336,train,DAMIMAS,lnk-7,0,b5,1,b1,0
DAMIMAS_A21B_0336,train,DAMIMAS,lnk-8,3,b2,0,b5,0
DAMIMAS_A21B_0336,train,DAMIMAS,lnk-9,1,b1,2,b1,0
DAMIMAS_A21B_0336,train,DAMIMAS,lnk-10,1,b4,2,b4,0
DAMIMAS_A21B_0337,train,DAMIMAS,lnk-0,0,b0,1,b0,0
DAMIMAS_A21B_0337,train,DAMIMAS,lnk-1,1,b0,2,b2,0
DAMIMAS_A21B_0337,train,DAMIMAS,lnk-2,0,b1,1,b1,0
DAMIMAS_A21B_0337,train,DAMIMAS,lnk-3,3,b2,0,b1,0
DAMIMAS_A21B_0337,train,DAMIMAS,lnk-4,1,b3,2,b1,0
DAMIMAS_A21B_0337,train,DAMIMAS,lnk-5,1,b2,2,b0,0
DAMIMAS_A21B_0337,train,DAMIMAS,lnk-6,2,b3,3,b4,0
DAMIMAS_A21B_0337,train,DAMIMAS,lnk-7,3,b1,0,b2,0
DAMIMAS_A21B_0338,val,DAMIMAS,lnk-0,0,b1,1,b2,0
DAMIMAS_A21B_0338,val,DAMIMAS,lnk-1,1,b0,2,b3,0
DAMIMAS_A21B_0338,val,DAMIMAS,lnk-2,1,b3,2,b4,0
DAMIMAS_A21B_0338,val,DAMIMAS,lnk-3,2,b2,3,b3,0
DAMIMAS_A21B_0338,val,DAMIMAS,lnk-4,2,b0,3,b2,0
DAMIMAS_A21B_0338,val,DAMIMAS,lnk-5,2,b1,3,b4,0
DAMIMAS_A21B_0338,val,DAMIMAS,lnk-6,3,b0,0,b2,0
DAMIMAS_A21B_0338,val,DAMIMAS,lnk-7,3,b1,0,b3,0
DAMIMAS_A21B_0339,train,DAMIMAS,lnk-0,0,b0,1,b0,0
DAMIMAS_A21B_0339,train,DAMIMAS,lnk-1,1,b0,2,b0,0
DAMIMAS_A21B_0339,train,DAMIMAS,lnk-2,0,b1,1,b1,0
DAMIMAS_A21B_0339,train,DAMIMAS,lnk-3,1,b2,2,b2,0
DAMIMAS_A21B_0339,train,DAMIMAS,lnk-4,2,b1,3,b0,0
DAMIMAS_A21B_0340,train,DAMIMAS,lnk-0,3,b2,0,b0,0
DAMIMAS_A21B_0340,train,DAMIMAS,lnk-1,1,b0,2,b1,0
DAMIMAS_A21B_0340,train,DAMIMAS,lnk-2,2,b1,3,b1,0
DAMIMAS_A21B_0340,train,DAMIMAS,lnk-3,2,b0,3,b0,0
DAMIMAS_A21B_0341,train,DAMIMAS,lnk-0,0,b2,1,b1,0
DAMIMAS_A21B_0341,train,DAMIMAS,lnk-1,1,b1,2,b4,0
DAMIMAS_A21B_0341,train,DAMIMAS,lnk-2,3,b1,0,b2,0
DAMIMAS_A21B_0341,train,DAMIMAS,lnk-3,0,b3,1,b2,0
DAMIMAS_A21B_0341,train,DAMIMAS,lnk-4,1,b2,2,b3,0
DAMIMAS_A21B_0341,train,DAMIMAS,lnk-5,1,b4,2,b2,0
DAMIMAS_A21B_0341,train,DAMIMAS,lnk-6,2,b2,3,b0,0
DAMIMAS_A21B_0341,train,DAMIMAS,lnk-7,1,b5,2,b1,0
DAMIMAS_A21B_0341,train,DAMIMAS,lnk-8,2,b1,3,b4,0
DAMIMAS_A21B_0341,train,DAMIMAS,lnk-9,1,b3,2,b5,0
DAMIMAS_A21B_0341,train,DAMIMAS,lnk-10,3,b3,0,b1,0
DAMIMAS_A21B_0341,train,DAMIMAS,lnk-11,2,b0,3,b3,0
DAMIMAS_A21B_0341,train,DAMIMAS,lnk-12,3,b2,0,b0,0
DAMIMAS_A21B_0342,val,DAMIMAS,lnk-0,0,b6,1,b1,0
DAMIMAS_A21B_0342,val,DAMIMAS,lnk-1,1,b1,2,b0,0
DAMIMAS_A21B_0342,val,DAMIMAS,lnk-2,2,b0,3,b2,0
DAMIMAS_A21B_0342,val,DAMIMAS,lnk-3,0,b5,1,b6,0
DAMIMAS_A21B_0342,val,DAMIMAS,lnk-4,1,b6,2,b2,0
DAMIMAS_A21B_0342,val,DAMIMAS,lnk-5,0,b4,1,b3,0
DAMIMAS_A21B_0342,val,DAMIMAS,lnk-6,1,b3,2,b5,0
DAMIMAS_A21B_0342,val,DAMIMAS,lnk-7,0,b3,1,b4,0
DAMIMAS_A21B_0342,val,DAMIMAS,lnk-8,0,b2,1,b2,0
DAMIMAS_A21B_0342,val,DAMIMAS,lnk-9,1,b2,2,b6,0
DAMIMAS_A21B_0342,val,DAMIMAS,lnk-10,0,b1,1,b5,0
DAMIMAS_A21B_0342,val,DAMIMAS,lnk-11,1,b0,2,b1,0
DAMIMAS_A21B_0342,val,DAMIMAS,lnk-12,2,b1,3,b0,0
DAMIMAS_A21B_0342,val,DAMIMAS,lnk-13,3,b0,0,b0,0
DAMIMAS_A21B_0342,val,DAMIMAS,lnk-14,2,b3,3,b1,0
DAMIMAS_A21B_0343,train,DAMIMAS,lnk-0,0,b0,1,b0,0
DAMIMAS_A21B_0343,train,DAMIMAS,lnk-1,3,b3,0,b0,0
DAMIMAS_A21B_0343,train,DAMIMAS,lnk-2,0,b2,1,b1,0
DAMIMAS_A21B_0343,train,DAMIMAS,lnk-3,0,b1,1,b2,0
DAMIMAS_A21B_0343,train,DAMIMAS,lnk-4,1,b2,2,b1,0
DAMIMAS_A21B_0343,train,DAMIMAS,lnk-5,1,b4,2,b0,0
DAMIMAS_A21B_0343,train,DAMIMAS,lnk-6,2,b0,3,b0,0
DAMIMAS_A21B_0343,train,DAMIMAS,lnk-7,1,b3,2,b2,0
DAMIMAS_A21B_0343,train,DAMIMAS,lnk-8,2,b3,3,b1,0
DAMIMAS_A21B_0343,train,DAMIMAS,lnk-9,2,b4,3,b2,0
DAMIMAS_A21B_0343,train,DAMIMAS,lnk-10,3,b2,0,b3,0
DAMIMAS_A21B_0344,val,DAMIMAS,lnk-0,0,b0,1,b4,0
DAMIMAS_A21B_0344,val,DAMIMAS,lnk-1,0,b4,1,b3,0
DAMIMAS_A21B_0344,val,DAMIMAS,lnk-2,1,b0,2,b2,0
DAMIMAS_A21B_0344,val,DAMIMAS,lnk-3,1,b1,2,b3,0
DAMIMAS_A21B_0344,val,DAMIMAS,lnk-4,2,b3,3,b4,0
DAMIMAS_A21B_0344,val,DAMIMAS,lnk-5,2,b0,3,b1,0
DAMIMAS_A21B_0344,val,DAMIMAS,lnk-6,3,b1,0,b6,0
DAMIMAS_A21B_0344,val,DAMIMAS,lnk-7,2,b1,3,b3,0
DAMIMAS_A21B_0344,val,DAMIMAS,lnk-8,3,b0,0,b2,0
DAMIMAS_A21B_0344,val,DAMIMAS,lnk-9,3,b2,0,b5,0
DAMIMAS_A21B_0345,train,DAMIMAS,lnk-0,0,b1,1,b3,0
DAMIMAS_A21B_0345,train,DAMIMAS,lnk-1,1,b3,2,b3,0
DAMIMAS_A21B_0345,train,DAMIMAS,lnk-2,1,b0,2,b0,0
DAMIMAS_A21B_0345,train,DAMIMAS,lnk-3,2,b0,3,b1,0
DAMIMAS_A21B_0345,train,DAMIMAS,lnk-4,1,b1,2,b1,0
DAMIMAS_A21B_0345,train,DAMIMAS,lnk-5,2,b1,3,b3,0
DAMIMAS_A21B_0345,train,DAMIMAS,lnk-6,1,b2,2,b2,0
DAMIMAS_A21B_0345,train,DAMIMAS,lnk-7,3,b0,0,b0,0
DAMIMAS_A21B_0345,train,DAMIMAS,lnk-8,3,b4,0,b2,0
DAMIMAS_A21B_0346,test,DAMIMAS,lnk-0,0,b0,1,b3,0
DAMIMAS_A21B_0346,test,DAMIMAS,lnk-1,3,b1,0,b0,0
DAMIMAS_A21B_0346,test,DAMIMAS,lnk-2,0,b3,1,b4,0
DAMIMAS_A21B_0346,test,DAMIMAS,lnk-3,0,b1,1,b1,0
DAMIMAS_A21B_0346,test,DAMIMAS,lnk-4,0,b2,1,b2,0
DAMIMAS_A21B_0346,test,DAMIMAS,lnk-5,1,b2,2,b4,0
DAMIMAS_A21B_0346,test,DAMIMAS,lnk-6,1,b0,2,b0,0
DAMIMAS_A21B_0346,test,DAMIMAS,lnk-7,2,b1,3,b5,0
DAMIMAS_A21B_0346,test,DAMIMAS,lnk-8,2,b5,3,b4,0
DAMIMAS_A21B_0346,test,DAMIMAS,lnk-9,2,b3,3,b0,0
DAMIMAS_A21B_0346,test,DAMIMAS,lnk-10,3,b0,0,b5,0
DAMIMAS_A21B_0346,test,DAMIMAS,lnk-11,2,b2,3,b3,0
DAMIMAS_A21B_0346,test,DAMIMAS,lnk-12,3,b2,0,b4,0
DAMIMAS_A21B_0347,train,DAMIMAS,lnk-0,0,b0,1,b0,0
DAMIMAS_A21B_0347,train,DAMIMAS,lnk-1,1,b0,2,b0,0
DAMIMAS_A21B_0347,train,DAMIMAS,lnk-2,0,b1,1,b1,0
DAMIMAS_A21B_0347,train,DAMIMAS,lnk-3,0,b2,1,b2,0
DAMIMAS_A21B_0347,train,DAMIMAS,lnk-4,3,b3,0,b2,0
DAMIMAS_A21B_0347,train,DAMIMAS,lnk-5,1,b3,2,b2,0
DAMIMAS_A21B_0347,train,DAMIMAS,lnk-6,1,b4,2,b3,0
DAMIMAS_A21B_0347,train,DAMIMAS,lnk-7,2,b1,3,b0,0
DAMIMAS_A21B_0347,train,DAMIMAS,lnk-8,3,b2,0,b3,0
DAMIMAS_A21B_0348,test,DAMIMAS,lnk-0,0,b0,1,b1,0
DAMIMAS_A21B_0348,test,DAMIMAS,lnk-1,0,b2,1,b4,0
DAMIMAS_A21B_0348,test,DAMIMAS,lnk-2,1,b2,2,b3,0
DAMIMAS_A21B_0348,test,DAMIMAS,lnk-3,1,b3,2,b1,0
DAMIMAS_A21B_0348,test,DAMIMAS,lnk-4,1,b0,2,b0,0
DAMIMAS_A21B_0348,test,DAMIMAS,lnk-5,2,b0,3,b0,0
DAMIMAS_A21B_0348,test,DAMIMAS,lnk-6,3,b0,0,b4,0
DAMIMAS_A21B_0348,test,DAMIMAS,lnk-7,2,b2,3,b2,0
DAMIMAS_A21B_0348,test,DAMIMAS,lnk-8,3,b1,0,b3,0
DAMIMAS_A21B_0348,test,DAMIMAS,lnk-9,3,b5,0,b5,0
DAMIMAS_A21B_0349,val,DAMIMAS,lnk-0,3,b0,0,b2,0
DAMIMAS_A21B_0349,val,DAMIMAS,lnk-1,0,b0,1,b0,0
DAMIMAS_A21B_0349,val,DAMIMAS,lnk-2,1,b1,2,b1,0
DAMIMAS_A21B_0350,train,DAMIMAS,lnk-0,0,b0,1,b0,0
DAMIMAS_A21B_0350,train,DAMIMAS,lnk-1,3,b0,0,b0,0
DAMIMAS_A21B_0350,train,DAMIMAS,lnk-2,0,b1,1,b2,0
DAMIMAS_A21B_0350,train,DAMIMAS,lnk-3,3,b1,0,b2,0
DAMIMAS_A21B_0351,train,DAMIMAS,lnk-0,0,b1,1,b0,0
DAMIMAS_A21B_0351,train,DAMIMAS,lnk-1,0,b3,1,b2,0
DAMIMAS_A21B_0351,train,DAMIMAS,lnk-2,0,b2,1,b1,0
DAMIMAS_A21B_0351,train,DAMIMAS,lnk-3,1,b3,2,b1,0
DAMIMAS_A21B_0351,train,DAMIMAS,lnk-4,1,b4,2,b0,0
DAMIMAS_A21B_0351,train,DAMIMAS,lnk-5,1,b5,2,b2,0
DAMIMAS_A21B_0351,train,DAMIMAS,lnk-6,2,b5,3,b0,0
DAMIMAS_A21B_0351,train,DAMIMAS,lnk-7,2,b4,3,b1,0
DAMIMAS_A21B_0351,train,DAMIMAS,lnk-8,2,b6,3,b3,0
DAMIMAS_A21B_0351,train,DAMIMAS,lnk-9,3,b2,0,b0,0
DAMIMAS_A21B_0351,train,DAMIMAS,lnk-10,3,b5,0,b4,0
DAMIMAS_A21B_0352,train,DAMIMAS,lnk-0,0,b0,1,b0,0
DAMIMAS_A21B_0352,train,DAMIMAS,lnk-1,1,b0,2,b0,0
DAMIMAS_A21B_0352,train,DAMIMAS,lnk-2,2,b0,3,b0,0
DAMIMAS_A21B_0352,train,DAMIMAS,lnk-3,0,b1,1,b3,0
DAMIMAS_A21B_0352,train,DAMIMAS,lnk-4,1,b3,2,b2,0
DAMIMAS_A21B_0352,train,DAMIMAS,lnk-5,0,b3,1,b2,0
DAMIMAS_A21B_0352,train,DAMIMAS,lnk-6,1,b2,2,b3,0
DAMIMAS_A21B_0352,train,DAMIMAS,lnk-7,0,b4,1,b7,0
DAMIMAS_A21B_0352,train,DAMIMAS,lnk-8,0,b2,1,b6,0
DAMIMAS_A21B_0352,train,DAMIMAS,lnk-9,1,b6,2,b5,0
DAMIMAS_A21B_0352,train,DAMIMAS,lnk-10,1,b5,2,b6,0
DAMIMAS_A21B_0352,train,DAMIMAS,lnk-11,2,b1,3,b3,0
DAMIMAS_A21B_0352,train,DAMIMAS,lnk-12,3,b1,0,b5,0
DAMIMAS_A21B_0353,train,DAMIMAS,lnk-0,0,b0,1,b0,0
DAMIMAS_A21B_0353,train,DAMIMAS,lnk-1,1,b0,2,b0,0
DAMIMAS_A21B_0353,train,DAMIMAS,lnk-2,2,b0,3,b0,0
DAMIMAS_A21B_0353,train,DAMIMAS,lnk-3,0,b2,1,b4,0
DAMIMAS_A21B_0353,train,DAMIMAS,lnk-4,1,b3,2,b2,0
DAMIMAS_A21B_0353,train,DAMIMAS,lnk-5,2,b2,3,b1,0
DAMIMAS_A21B_0353,train,DAMIMAS,lnk-6,1,b2,2,b1,0
DAMIMAS_A21B_0353,train,DAMIMAS,lnk-7,2,b1,3,b2,0
DAMIMAS_A21B_0353,train,DAMIMAS,lnk-8,3,b2,0,b4,0
DAMIMAS_A21B_0353,train,DAMIMAS,lnk-9,3,b3,0,b3,0
DAMIMAS_A21B_0354,train,DAMIMAS,lnk-0,0,b1,1,b7,0
DAMIMAS_A21B_0354,train,DAMIMAS,lnk-1,1,b7,2,b7,0
DAMIMAS_A21B_0354,train,DAMIMAS,lnk-2,0,b8,1,b5,0
DAMIMAS_A21B_0354,train,DAMIMAS,lnk-3,1,b5,2,b5,0
DAMIMAS_A21B_0354,train,DAMIMAS,lnk-4,0,b2,1,b6,0
DAMIMAS_A21B_0354,train,DAMIMAS,lnk-5,1,b6,2,b6,0
DAMIMAS_A21B_0354,train,DAMIMAS,lnk-6,1,b0,2,b0,0
DAMIMAS_A21B_0354,train,DAMIMAS,lnk-7,1,b1,2,b2,0
DAMIMAS_A21B_0354,train,DAMIMAS,lnk-8,2,b1,3,b6,0
DAMIMAS_A21B_0354,train,DAMIMAS,lnk-9,2,b4,3,b5,0
DAMIMAS_A21B_0354,train,DAMIMAS,lnk-10,3,b0,0,b0,0
DAMIMAS_A21B_0354,train,DAMIMAS,lnk-11,3,b2,0,b6,0
DAMIMAS_A21B_0354,train,DAMIMAS,lnk-12,3,b3,0,b7,0
DAMIMAS_A21B_0354,train,DAMIMAS,lnk-13,3,b1,0,b4,0
DAMIMAS_A21B_0355,test,DAMIMAS,lnk-0,0,b0,1,b0,0
DAMIMAS_A21B_0355,test,DAMIMAS,lnk-1,0,b3,1,b5,0
DAMIMAS_A21B_0355,test,DAMIMAS,lnk-2,1,b4,2,b1,0
DAMIMAS_A21B_0355,test,DAMIMAS,lnk-3,1,b1,2,b0,0
DAMIMAS_A21B_0355,test,DAMIMAS,lnk-4,2,b0,3,b0,0
DAMIMAS_A21B_0355,test,DAMIMAS,lnk-5,1,b2,2,b3,0
DAMIMAS_A21B_0355,test,DAMIMAS,lnk-6,2,b4,3,b1,0
DAMIMAS_A21B_0355,test,DAMIMAS,lnk-7,2,b5,3,b2,0
DAMIMAS_A21B_0355,test,DAMIMAS,lnk-8,2,b6,3,b4,0
DAMIMAS_A21B_0355,test,DAMIMAS,lnk-9,3,b3,0,b4,0
DAMIMAS_A21B_0356,train,DAMIMAS,lnk-0,0,b0,1,b1,0
DAMIMAS_A21B_0356,train,DAMIMAS,lnk-1,3,b0,0,b0,0
DAMIMAS_A21B_0356,train,DAMIMAS,lnk-2,0,b2,1,b2,0
DAMIMAS_A21B_0356,train,DAMIMAS,lnk-3,1,b0,2,b0,0
DAMIMAS_A21B_0356,train,DAMIMAS,lnk-4,1,b4,2,b1,0
DAMIMAS_A21B_0356,train,DAMIMAS,lnk-5,2,b2,3,b2,0
DAMIMAS_A21B_0356,train,DAMIMAS,lnk-6,2,b3,3,b1,0
DAMIMAS_A21B_0356,train,DAMIMAS,lnk-7,3,b1,0,b1,0
DAMIMAS_A21B_0356,train,DAMIMAS,lnk-8,2,b4,3,b3,0
DAMIMAS_A21B_0356,train,DAMIMAS,lnk-9,3,b4,0,b3,0
DAMIMAS_A21B_0357,train,DAMIMAS,lnk-0,0,b0,1,b3,0
DAMIMAS_A21B_0357,train,DAMIMAS,lnk-1,0,b1,1,b2,0
DAMIMAS_A21B_0357,train,DAMIMAS,lnk-2,1,b4,2,b0,0
DAMIMAS_A21B_0357,train,DAMIMAS,lnk-3,2,b0,3,b2,0
DAMIMAS_A21B_0357,train,DAMIMAS,lnk-4,1,b0,2,b4,0
DAMIMAS_A21B_0357,train,DAMIMAS,lnk-5,1,b6,2,b5,0
DAMIMAS_A21B_0357,train,DAMIMAS,lnk-6,2,b1,3,b1,0
DAMIMAS_A21B_0357,train,DAMIMAS,lnk-7,2,b2,3,b0,0
DAMIMAS_A21B_0357,train,DAMIMAS,lnk-8,3,b0,0,b3,0
DAMIMAS_A21B_0357,train,DAMIMAS,lnk-9,3,b3,0,b4,0
DAMIMAS_A21B_0358,train,DAMIMAS,lnk-0,0,b2,1,b3,0
DAMIMAS_A21B_0358,train,DAMIMAS,lnk-1,0,b1,1,b4,0
DAMIMAS_A21B_0358,train,DAMIMAS,lnk-2,1,b4,2,b4,0
DAMIMAS_A21B_0358,train,DAMIMAS,lnk-3,0,b3,1,b5,0
DAMIMAS_A21B_0358,train,DAMIMAS,lnk-4,0,b4,1,b6,0
DAMIMAS_A21B_0358,train,DAMIMAS,lnk-5,0,b0,1,b1,0
DAMIMAS_A21B_0358,train,DAMIMAS,lnk-6,1,b1,2,b1,0
DAMIMAS_A21B_0358,train,DAMIMAS,lnk-7,1,b0,2,b5,0
DAMIMAS_A21B_0358,train,DAMIMAS,lnk-8,1,b2,2,b3,0
DAMIMAS_A21B_0358,train,DAMIMAS,lnk-9,2,b0,3,b0,0
DAMIMAS_A21B_0358,train,DAMIMAS,lnk-10,2,b2,3,b4,0
DAMIMAS_A21B_0358,train,DAMIMAS,lnk-11,3,b2,0,b7,0
DAMIMAS_A21B_0358,train,DAMIMAS,lnk-12,3,b1,0,b5,0
DAMIMAS_A21B_0358,train,DAMIMAS,lnk-13,3,b3,0,b6,0
DAMIMAS_A21B_0359,val,DAMIMAS,lnk-0,0,b2,1,b2,0
DAMIMAS_A21B_0359,val,DAMIMAS,lnk-1,1,b2,2,b4,0
DAMIMAS_A21B_0359,val,DAMIMAS,lnk-2,2,b4,3,b3,0
DAMIMAS_A21B_0359,val,DAMIMAS,lnk-3,0,b0,1,b1,0
DAMIMAS_A21B_0359,val,DAMIMAS,lnk-4,1,b1,2,b2,0
DAMIMAS_A21B_0359,val,DAMIMAS,lnk-5,2,b2,3,b0,0
DAMIMAS_A21B_0359,val,DAMIMAS,lnk-6,3,b4,0,b0,0
DAMIMAS_A21B_0359,val,DAMIMAS,lnk-7,0,b3,1,b4,0
DAMIMAS_A21B_0359,val,DAMIMAS,lnk-8,0,b1,1,b5,0
DAMIMAS_A21B_0359,val,DAMIMAS,lnk-9,3,b5,0,b1,0
DAMIMAS_A21B_0359,val,DAMIMAS,lnk-10,1,b3,2,b5,0
DAMIMAS_A21B_0359,val,DAMIMAS,lnk-11,2,b5,3,b6,0
DAMIMAS_A21B_0360,train,DAMIMAS,lnk-0,0,b0,1,b2,0
DAMIMAS_A21B_0360,train,DAMIMAS,lnk-1,0,b1,1,b5,0
DAMIMAS_A21B_0360,train,DAMIMAS,lnk-2,0,b2,1,b7,0
DAMIMAS_A21B_0360,train,DAMIMAS,lnk-3,1,b3,2,b0,0
DAMIMAS_A21B_0360,train,DAMIMAS,lnk-4,2,b0,3,b1,0
DAMIMAS_A21B_0360,train,DAMIMAS,lnk-5,3,b1,0,b3,0
DAMIMAS_A21B_0360,train,DAMIMAS,lnk-6,1,b0,2,b1,0
DAMIMAS_A21B_0360,train,DAMIMAS,lnk-7,2,b1,3,b0,0
DAMIMAS_A21B_0360,train,DAMIMAS,lnk-8,1,b4,2,b3,0
DAMIMAS_A21B_0360,train,DAMIMAS,lnk-9,2,b3,3,b2,0
DAMIMAS_A21B_0360,train,DAMIMAS,lnk-10,1,b6,2,b2,0
DAMIMAS_A21B_0360,train,DAMIMAS,lnk-11,2,b6,3,b5,0
DAMIMAS_A21B_0360,train,DAMIMAS,lnk-12,3,b5,0,b4,0
DAMIMAS_A21B_0360,train,DAMIMAS,lnk-13,2,b4,3,b4,0
DAMIMAS_A21B_0360,train,DAMIMAS,lnk-14,3,b4,0,b5,0
DAMIMAS_A21B_0361,train,DAMIMAS,lnk-0,0,b3,1,b1,0
DAMIMAS_A21B_0361,train,DAMIMAS,lnk-1,1,b1,2,b1,0
DAMIMAS_A21B_0361,train,DAMIMAS,lnk-2,3,b1,0,b3,0
DAMIMAS_A21B_0361,train,DAMIMAS,lnk-3,0,b0,1,b0,0
DAMIMAS_A21B_0361,train,DAMIMAS,lnk-4,1,b0,2,b0,0
DAMIMAS_A21B_0361,train,DAMIMAS,lnk-5,3,b0,0,b0,0
DAMIMAS_A21B_0361,train,DAMIMAS,lnk-6,0,b1,1,b6,0
DAMIMAS_A21B_0361,train,DAMIMAS,lnk-7,1,b6,2,b3,0
DAMIMAS_A21B_0361,train,DAMIMAS,lnk-8,2,b4,3,b4,0
DAMIMAS_A21B_0361,train,DAMIMAS,lnk-9,3,b2,0,b5,0
DAMIMAS_A21B_0361,train,DAMIMAS,lnk-10,3,b3,0,b4,0
DAMIMAS_A21B_0362,train,DAMIMAS,lnk-0,0,b3,1,b4,0
DAMIMAS_A21B_0362,train,DAMIMAS,lnk-1,2,b4,3,b3,0
DAMIMAS_A21B_0362,train,DAMIMAS,lnk-2,2,b5,3,b2,0
DAMIMAS_A21B_0362,train,DAMIMAS,lnk-3,3,b3,0,b3,0
DAMIMAS_A21B_0362,train,DAMIMAS,lnk-4,1,b4,2,b5,0
DAMIMAS_A21B_0362,train,DAMIMAS,lnk-5,0,b0,1,b0,0
DAMIMAS_A21B_0362,train,DAMIMAS,lnk-6,0,b2,1,b5,0
DAMIMAS_A21B_0362,train,DAMIMAS,lnk-7,2,b3,3,b0,0
DAMIMAS_A21B_0362,train,DAMIMAS,lnk-8,2,b1,3,b1,0
DAMIMAS_A21B_0362,train,DAMIMAS,lnk-9,3,b0,0,b0,0
DAMIMAS_A21B_0362,train,DAMIMAS,lnk-10,1,b0,2,b1,0
DAMIMAS_A21B_0362,train,DAMIMAS,lnk-11,1,b5,2,b3,0
DAMIMAS_A21B_0362,train,DAMIMAS,lnk-12,0,b1,1,b6,0
DAMIMAS_A21B_0362,train,DAMIMAS,lnk-13,2,b2,3,b4,0
DAMIMAS_A21B_0362,train,DAMIMAS,lnk-14,3,b4,0,b4,0
DAMIMAS_A21B_0362,train,DAMIMAS,lnk-15,1,b6,2,b2,0
DAMIMAS_A21B_0362,train,DAMIMAS,lnk-16,2,b0,3,b6,0
DAMIMAS_A21B_0362,train,DAMIMAS,lnk-17,1,b1,2,b0,0
DAMIMAS_A21B_0362,train,DAMIMAS,lnk-18,1,b3,2,b6,0
DAMIMAS_A21B_0363,train,DAMIMAS,lnk-0,0,b2,1,b0,0
DAMIMAS_A21B_0363,train,DAMIMAS,lnk-1,0,b3,1,b1,0
DAMIMAS_A21B_0363,train,DAMIMAS,lnk-2,1,b1,2,b0,0
DAMIMAS_A21B_0363,train,DAMIMAS,lnk-3,1,b2,2,b1,0
DAMIMAS_A21B_0363,train,DAMIMAS,lnk-4,2,b2,3,b0,0
DAMIMAS_A21B_0363,train,DAMIMAS,lnk-5,3,b2,0,b1,0
DAMIMAS_A21B_0363,train,DAMIMAS,lnk-6,3,b1,0,b0,0
DAMIMAS_A21B_0364,train,DAMIMAS,lnk-0,0,b0,1,b0,0
DAMIMAS_A21B_0364,train,DAMIMAS,lnk-1,0,b3,1,b5,0
DAMIMAS_A21B_0364,train,DAMIMAS,lnk-2,0,b2,1,b2,0
DAMIMAS_A21B_0364,train,DAMIMAS,lnk-3,1,b1,2,b0,0
DAMIMAS_A21B_0364,train,DAMIMAS,lnk-4,2,b0,3,b0,0
DAMIMAS_A21B_0364,train,DAMIMAS,lnk-5,1,b3,2,b5,0
DAMIMAS_A21B_0364,train,DAMIMAS,lnk-6,1,b6,2,b1,0
DAMIMAS_A21B_0364,train,DAMIMAS,lnk-7,2,b1,3,b4,0
DAMIMAS_A21B_0364,train,DAMIMAS,lnk-8,2,b2,3,b3,0
DAMIMAS_A21B_0364,train,DAMIMAS,lnk-9,2,b4,3,b5,0
DAMIMAS_A21B_0364,train,DAMIMAS,lnk-10,2,b3,3,b2,0
DAMIMAS_A21B_0364,train,DAMIMAS,lnk-11,3,b2,0,b5,0
DAMIMAS_A21B_0364,train,DAMIMAS,lnk-12,3,b1,0,b4,0
DAMIMAS_A21B_0364,train,DAMIMAS,lnk-13,3,b6,0,b1,0
DAMIMAS_A21B_0365,train,DAMIMAS,lnk-0,0,b0,1,b5,0
DAMIMAS_A21B_0365,train,DAMIMAS,lnk-1,0,b5,1,b6,0
DAMIMAS_A21B_0365,train,DAMIMAS,lnk-2,0,b4,1,b7,0
DAMIMAS_A21B_0365,train,DAMIMAS,lnk-3,1,b0,2,b0,0
DAMIMAS_A21B_0365,train,DAMIMAS,lnk-4,1,b1,2,b4,0
DAMIMAS_A21B_0365,train,DAMIMAS,lnk-5,2,b1,3,b6,0
DAMIMAS_A21B_0365,train,DAMIMAS,lnk-6,2,b3,3,b2,0
DAMIMAS_A21B_0365,train,DAMIMAS,lnk-7,2,b2,3,b3,0
DAMIMAS_A21B_0365,train,DAMIMAS,lnk-8,3,b0,0,b1,0
DAMIMAS_A21B_0365,train,DAMIMAS,lnk-9,3,b5,0,b6,0
DAMIMAS_A21B_0365,train,DAMIMAS,lnk-10,3,b4,0,b2,0
DAMIMAS_A21B_0366,train,DAMIMAS,lnk-0,0,b1,1,b1,0
DAMIMAS_A21B_0366,train,DAMIMAS,lnk-1,0,b2,1,b0,0
DAMIMAS_A21B_0366,train,DAMIMAS,lnk-2,1,b0,2,b3,0
DAMIMAS_A21B_0366,train,DAMIMAS,lnk-3,2,b3,3,b2,0
DAMIMAS_A21B_0366,train,DAMIMAS,lnk-4,2,b2,3,b1,0
DAMIMAS_A21B_0366,train,DAMIMAS,lnk-5,2,b1,3,b0,0
DAMIMAS_A21B_0366,train,DAMIMAS,lnk-6,3,b0,0,b3,0
DAMIMAS_A21B_0366,train,DAMIMAS,lnk-7,3,b3,0,b0,0
DAMIMAS_A21B_0367,train,DAMIMAS,lnk-0,0,b1,1,b1,0
DAMIMAS_A21B_0367,train,DAMIMAS,lnk-1,0,b2,1,b0,0
DAMIMAS_A21B_0367,train,DAMIMAS,lnk-2,3,b3,0,b2,0
DAMIMAS_A21B_0367,train,DAMIMAS,lnk-3,1,b4,2,b0,0
DAMIMAS_A21B_0367,train,DAMIMAS,lnk-4,1,b5,2,b3,0
DAMIMAS_A21B_0367,train,DAMIMAS,lnk-5,2,b1,3,b0,0
DAMIMAS_A21B_0367,train,DAMIMAS,lnk-6,3,b1,0,b0,0
DAMIMAS_A21B_0368,train,DAMIMAS,lnk-0,0,b0,1,b1,0
DAMIMAS_A21B_0368,train,DAMIMAS,lnk-1,3,b1,0,b0,0
DAMIMAS_A21B_0368,train,DAMIMAS,lnk-2,0,b1,1,b5,0
DAMIMAS_A21B_0368,train,DAMIMAS,lnk-3,3,b5,0,b1,0
DAMIMAS_A21B_0368,train,DAMIMAS,lnk-4,0,b5,1,b2,0
DAMIMAS_A21B_0368,train,DAMIMAS,lnk-5,0,b2,1,b4,0
DAMIMAS_A21B_0368,train,DAMIMAS,lnk-6,1,b0,2,b4,0
DAMIMAS_A21B_0368,train,DAMIMAS,lnk-7,1,b6,2,b5,0
DAMIMAS_A21B_0368,train,DAMIMAS,lnk-8,2,b0,3,b2,0
DAMIMAS_A21B_0368,train,DAMIMAS,lnk-9,2,b3,3,b6,0
DAMIMAS_A21B_0368,train,DAMIMAS,lnk-10,3,b0,0,b3,0
DAMIMAS_A21B_0368,train,DAMIMAS,lnk-11,3,b4,0,b4,0
DAMIMAS_A21B_0368,train,DAMIMAS,lnk-12,3,b3,0,b6,0
DAMIMAS_A21B_0369,train,DAMIMAS,lnk-0,0,b2,1,b2,0
DAMIMAS_A21B_0369,train,DAMIMAS,lnk-1,1,b2,2,b3,0
DAMIMAS_A21B_0369,train,DAMIMAS,lnk-2,0,b1,1,b0,0
DAMIMAS_A21B_0369,train,DAMIMAS,lnk-3,1,b0,2,b4,0
DAMIMAS_A21B_0369,train,DAMIMAS,lnk-4,1,b1,2,b0,0
DAMIMAS_A21B_0369,train,DAMIMAS,lnk-5,2,b1,3,b1,0
DAMIMAS_A21B_0369,train,DAMIMAS,lnk-6,3,b0,0,b0,0
DAMIMAS_A21B_0369,train,DAMIMAS,lnk-7,3,b2,0,b3,0
DAMIMAS_A21B_0370,val,DAMIMAS,lnk-0,0,b0,1,b0,0
DAMIMAS_A21B_0370,val,DAMIMAS,lnk-1,1,b0,2,b5,0
DAMIMAS_A21B_0370,val,DAMIMAS,lnk-2,0,b2,1,b2,0
DAMIMAS_A21B_0370,val,DAMIMAS,lnk-3,3,b3,0,b2,0
DAMIMAS_A21B_0370,val,DAMIMAS,lnk-4,1,b3,2,b3,0
DAMIMAS_A21B_0370,val,DAMIMAS,lnk-5,1,b1,2,b0,0
DAMIMAS_A21B_0370,val,DAMIMAS,lnk-6,2,b2,3,b2,0
DAMIMAS_A21B_0370,val,DAMIMAS,lnk-7,3,b0,0,b1,0
DAMIMAS_A21B_0371,train,DAMIMAS,lnk-0,0,b2,1,b0,0
DAMIMAS_A21B_0371,train,DAMIMAS,lnk-1,1,b4,2,b0,0
DAMIMAS_A21B_0371,train,DAMIMAS,lnk-2,1,b1,2,b2,0
DAMIMAS_A21B_0371,train,DAMIMAS,lnk-3,1,b2,2,b1,0
DAMIMAS_A21B_0371,train,DAMIMAS,lnk-4,2,b1,3,b2,0
DAMIMAS_A21B_0371,train,DAMIMAS,lnk-5,2,b3,3,b0,0
DAMIMAS_A21B_0371,train,DAMIMAS,lnk-6,2,b4,3,b1,0
DAMIMAS_A21B_0371,train,DAMIMAS,lnk-7,2,b5,3,b3,0
DAMIMAS_A21B_0371,train,DAMIMAS,lnk-8,3,b4,0,b0,0
DAMIMAS_A21B_0371,train,DAMIMAS,lnk-9,3,b5,0,b3,0
DAMIMAS_A21B_0372,val,DAMIMAS,lnk-0,0,b1,1,b0,0
DAMIMAS_A21B_0372,val,DAMIMAS,lnk-1,0,b2,1,b2,0
DAMIMAS_A21B_0372,val,DAMIMAS,lnk-2,1,b1,2,b3,0
DAMIMAS_A21B_0372,val,DAMIMAS,lnk-3,2,b1,3,b0,0
DAMIMAS_A21B_0372,val,DAMIMAS,lnk-4,2,b0,3,b4,0
DAMIMAS_A21B_0372,val,DAMIMAS,lnk-5,2,b2,3,b2,0
DAMIMAS_A21B_0372,val,DAMIMAS,lnk-6,3,b1,0,b4,0
DAMIMAS_A21B_0373,train,DAMIMAS,lnk-0,0,b0,1,b1,0
DAMIMAS_A21B_0373,train,DAMIMAS,lnk-1,3,b0,0,b0,0
DAMIMAS_A21B_0373,train,DAMIMAS,lnk-2,0,b1,1,b2,0
DAMIMAS_A21B_0373,train,DAMIMAS,lnk-3,0,b3,1,b4,0
DAMIMAS_A21B_0373,train,DAMIMAS,lnk-4,1,b0,2,b0,0
DAMIMAS_A21B_0373,train,DAMIMAS,lnk-5,1,b3,2,b4,0
DAMIMAS_A21B_0373,train,DAMIMAS,lnk-6,2,b1,3,b4,0
DAMIMAS_A21B_0373,train,DAMIMAS,lnk-7,2,b2,3,b3,0
DAMIMAS_A21B_0373,train,DAMIMAS,lnk-8,3,b2,0,b4,0
DAMIMAS_A21B_0373,train,DAMIMAS,lnk-9,3,b1,0,b5,0
DAMIMAS_A21B_0374,train,DAMIMAS,lnk-0,0,b0,1,b6,0
DAMIMAS_A21B_0374,train,DAMIMAS,lnk-1,0,b1,1,b5,0
DAMIMAS_A21B_0374,train,DAMIMAS,lnk-2,0,b6,1,b4,0
DAMIMAS_A21B_0374,train,DAMIMAS,lnk-3,1,b0,2,b0,0
DAMIMAS_A21B_0374,train,DAMIMAS,lnk-4,1,b1,2,b1,0
DAMIMAS_A21B_0374,train,DAMIMAS,lnk-5,1,b3,2,b6,0
DAMIMAS_A21B_0374,train,DAMIMAS,lnk-6,1,b2,2,b2,0
DAMIMAS_A21B_0374,train,DAMIMAS,lnk-7,2,b5,3,b1,0
DAMIMAS_A21B_0374,train,DAMIMAS,lnk-8,2,b3,3,b5,0
DAMIMAS_A21B_0374,train,DAMIMAS,lnk-9,2,b4,3,b6,0
DAMIMAS_A21B_0374,train,DAMIMAS,lnk-10,3,b0,0,b2,0
DAMIMAS_A21B_0374,train,DAMIMAS,lnk-11,3,b2,0,b3,0
DAMIMAS_A21B_0374,train,DAMIMAS,lnk-12,3,b3,0,b4,0
DAMIMAS_A21B_0374,train,DAMIMAS,lnk-13,3,b4,0,b5,0
DAMIMAS_A21B_0375,val,DAMIMAS,lnk-0,0,b3,1,b4,0
DAMIMAS_A21B_0375,val,DAMIMAS,lnk-1,0,b2,1,b0,0
DAMIMAS_A21B_0375,val,DAMIMAS,lnk-2,1,b1,2,b1,0
DAMIMAS_A21B_0375,val,DAMIMAS,lnk-3,1,b3,2,b2,0
DAMIMAS_A21B_0375,val,DAMIMAS,lnk-4,1,b2,2,b0,0
DAMIMAS_A21B_0375,val,DAMIMAS,lnk-5,2,b4,3,b4,0
DAMIMAS_A21B_0375,val,DAMIMAS,lnk-6,2,b3,3,b0,0
DAMIMAS_A21B_0375,val,DAMIMAS,lnk-7,3,b3,0,b1,0
DAMIMAS_A21B_0375,val,DAMIMAS,lnk-8,3,b2,0,b0,0
DAMIMAS_A21B_0376,train,DAMIMAS,lnk-0,0,b2,1,b0,0
DAMIMAS_A21B_0376,train,DAMIMAS,lnk-1,0,b1,1,b3,0
DAMIMAS_A21B_0376,train,DAMIMAS,lnk-2,1,b4,2,b1,0
DAMIMAS_A21B_0376,train,DAMIMAS,lnk-3,1,b2,2,b0,0
DAMIMAS_A21B_0376,train,DAMIMAS,lnk-4,2,b3,3,b2,0
DAMIMAS_A21B_0376,train,DAMIMAS,lnk-5,2,b2,3,b1,0
DAMIMAS_A21B_0376,train,DAMIMAS,lnk-6,3,b0,0,b0,0
DAMIMAS_A21B_0376,train,DAMIMAS,lnk-7,3,b4,0,b4,0
DAMIMAS_A21B_0376,train,DAMIMAS,lnk-8,3,b3,0,b3,0
DAMIMAS_A21B_0377,train,DAMIMAS,lnk-0,0,b0,1,b3,0
DAMIMAS_A21B_0377,train,DAMIMAS,lnk-1,0,b1,1,b2,0
DAMIMAS_A21B_0377,train,DAMIMAS,lnk-2,3,b2,0,b1,0
DAMIMAS_A21B_0377,train,DAMIMAS,lnk-3,1,b0,2,b2,0
DAMIMAS_A21B_0377,train,DAMIMAS,lnk-4,1,b1,2,b0,0
DAMIMAS_A21B_0377,train,DAMIMAS,lnk-5,2,b0,3,b3,0
DAMIMAS_A21B_0377,train,DAMIMAS,lnk-6,2,b1,3,b1,0
DAMIMAS_A21B_0377,train,DAMIMAS,lnk-7,3,b0,0,b3,0
DAMIMAS_A21B_0378,test,DAMIMAS,lnk-0,0,b1,1,b4,0
DAMIMAS_A21B_0378,test,DAMIMAS,lnk-1,0,b4,1,b5,0
DAMIMAS_A21B_0378,test,DAMIMAS,lnk-2,0,b0,1,b3,0
DAMIMAS_A21B_0378,test,DAMIMAS,lnk-3,0,b5,1,b6,0
DAMIMAS_A21B_0378,test,DAMIMAS,lnk-4,1,b0,2,b0,0
DAMIMAS_A21B_0378,test,DAMIMAS,lnk-5,1,b2,2,b5,0
DAMIMAS_A21B_0378,test,DAMIMAS,lnk-6,1,b1,2,b4,0
DAMIMAS_A21B_0378,test,DAMIMAS,lnk-7,2,b1,3,b5,0
DAMIMAS_A21B_0378,test,DAMIMAS,lnk-8,2,b3,3,b6,0
DAMIMAS_A21B_0378,test,DAMIMAS,lnk-9,2,b2,3,b2,0
DAMIMAS_A21B_0378,test,DAMIMAS,lnk-10,3,b0,0,b2,0
DAMIMAS_A21B_0378,test,DAMIMAS,lnk-11,3,b1,0,b3,0
DAMIMAS_A21B_0379,train,DAMIMAS,lnk-0,0,b0,1,b0,0
DAMIMAS_A21B_0379,train,DAMIMAS,lnk-1,1,b0,2,b0,0
DAMIMAS_A21B_0379,train,DAMIMAS,lnk-2,3,b0,0,b0,0
DAMIMAS_A21B_0379,train,DAMIMAS,lnk-3,0,b1,1,b1,0
DAMIMAS_A21B_0379,train,DAMIMAS,lnk-4,1,b1,2,b1,0
DAMIMAS_A21B_0379,train,DAMIMAS,lnk-5,2,b1,3,b1,0
DAMIMAS_A21B_0380,test,DAMIMAS,lnk-0,0,b5,1,b4,0
DAMIMAS_A21B_0380,test,DAMIMAS,lnk-1,0,b3,1,b3,0
DAMIMAS_A21B_0380,test,DAMIMAS,lnk-2,3,b1,0,b3,0
DAMIMAS_A21B_0380,test,DAMIMAS,lnk-3,0,b1,1,b2,0
DAMIMAS_A21B_0380,test,DAMIMAS,lnk-4,0,b0,1,b0,0
DAMIMAS_A21B_0380,test,DAMIMAS,lnk-5,0,b4,1,b5,0
DAMIMAS_A21B_0380,test,DAMIMAS,lnk-6,1,b5,2,b4,0
DAMIMAS_A21B_0380,test,DAMIMAS,lnk-7,1,b1,2,b0,0
DAMIMAS_A21B_0380,test,DAMIMAS,lnk-8,2,b1,3,b4,0
DAMIMAS_A21B_0380,test,DAMIMAS,lnk-9,2,b2,3,b5,0
DAMIMAS_A21B_0380,test,DAMIMAS,lnk-10,3,b0,0,b2,0
DAMIMAS_A21B_0380,test,DAMIMAS,lnk-11,3,b2,0,b6,0
DAMIMAS_A21B_0381,test,DAMIMAS,lnk-0,0,b1,1,b4,0
DAMIMAS_A21B_0381,test,DAMIMAS,lnk-1,1,b0,2,b4,0
DAMIMAS_A21B_0381,test,DAMIMAS,lnk-2,1,b2,2,b3,0
DAMIMAS_A21B_0381,test,DAMIMAS,lnk-3,2,b0,3,b0,0
DAMIMAS_A21B_0381,test,DAMIMAS,lnk-4,2,b1,3,b5,0
DAMIMAS_A21B_0381,test,DAMIMAS,lnk-5,3,b1,0,b0,0
DAMIMAS_A21B_0381,test,DAMIMAS,lnk-6,3,b2,0,b3,0
DAMIMAS_A21B_0381,test,DAMIMAS,lnk-7,3,b3,0,b4,0
DAMIMAS_A21B_0382,train,DAMIMAS,lnk-0,0,b3,1,b0,0
DAMIMAS_A21B_0382,train,DAMIMAS,lnk-1,0,b2,1,b5,0
DAMIMAS_A21B_0382,train,DAMIMAS,lnk-2,0,b1,1,b4,0
DAMIMAS_A21B_0382,train,DAMIMAS,lnk-3,1,b1,2,b2,0
DAMIMAS_A21B_0382,train,DAMIMAS,lnk-4,1,b2,2,b3,0
DAMIMAS_A21B_0382,train,DAMIMAS,lnk-5,1,b3,2,b1,0
DAMIMAS_A21B_0382,train,DAMIMAS,lnk-6,2,b0,3,b1,0
DAMIMAS_A21B_0382,train,DAMIMAS,lnk-7,2,b6,3,b2,0
DAMIMAS_A21B_0382,train,DAMIMAS,lnk-8,2,b5,3,b5,0
DAMIMAS_A21B_0382,train,DAMIMAS,lnk-9,3,b0,0,b0,0
DAMIMAS_A21B_0382,train,DAMIMAS,lnk-10,3,b3,0,b6,0
DAMIMAS_A21B_0382,train,DAMIMAS,lnk-11,3,b4,0,b5,0
DAMIMAS_A21B_0383,train,DAMIMAS,lnk-0,0,b1,1,b0,0
DAMIMAS_A21B_0383,train,DAMIMAS,lnk-1,0,b2,1,b1,0
DAMIMAS_A21B_0383,train,DAMIMAS,lnk-2,1,b2,2,b0,0
DAMIMAS_A21B_0383,train,DAMIMAS,lnk-3,2,b3,3,b6,0
DAMIMAS_A21B_0383,train,DAMIMAS,lnk-4,2,b2,3,b1,0
DAMIMAS_A21B_0383,train,DAMIMAS,lnk-5,2,b1,3,b0,0
DAMIMAS_A21B_0383,train,DAMIMAS,lnk-6,2,b5,3,b3,0
DAMIMAS_A21B_0383,train,DAMIMAS,lnk-7,2,b4,3,b2,0
DAMIMAS_A21B_0383,train,DAMIMAS,lnk-8,3,b5,0,b0,0
DAMIMAS_A21B_0383,train,DAMIMAS,lnk-9,3,b4,0,b3,0
DAMIMAS_A21B_0384,train,DAMIMAS,lnk-0,0,b0,1,b5,0
DAMIMAS_A21B_0384,train,DAMIMAS,lnk-1,0,b6,1,b1,0
DAMIMAS_A21B_0384,train,DAMIMAS,lnk-2,1,b1,2,b0,0
DAMIMAS_A21B_0384,train,DAMIMAS,lnk-3,1,b3,2,b4,0
DAMIMAS_A21B_0384,train,DAMIMAS,lnk-4,1,b0,2,b5,0
DAMIMAS_A21B_0384,train,DAMIMAS,lnk-5,1,b2,2,b3,0
DAMIMAS_A21B_0384,train,DAMIMAS,lnk-6,2,b3,3,b3,0
DAMIMAS_A21B_0384,train,DAMIMAS,lnk-7,2,b6,3,b2,0
DAMIMAS_A21B_0384,train,DAMIMAS,lnk-8,3,b1,0,b2,0
DAMIMAS_A21B_0384,train,DAMIMAS,lnk-9,3,b5,0,b1,0
DAMIMAS_A21B_0384,train,DAMIMAS,lnk-10,3,b4,0,b4,0
DAMIMAS_A21B_0384,train,DAMIMAS,lnk-11,3,b0,0,b3,0
DAMIMAS_A21B_0385,test,DAMIMAS,lnk-0,0,b1,1,b1,0
DAMIMAS_A21B_0385,test,DAMIMAS,lnk-1,0,b5,1,b5,0
DAMIMAS_A21B_0385,test,DAMIMAS,lnk-2,0,b4,1,b6,0
DAMIMAS_A21B_0385,test,DAMIMAS,lnk-3,1,b0,2,b2,0
DAMIMAS_A21B_0385,test,DAMIMAS,lnk-4,1,b2,2,b1,0
DAMIMAS_A21B_0385,test,DAMIMAS,lnk-5,2,b3,3,b2,0
DAMIMAS_A21B_0385,test,DAMIMAS,lnk-6,2,b5,3,b1,0
DAMIMAS_A21B_0385,test,DAMIMAS,lnk-7,2,b4,3,b3,0
DAMIMAS_A21B_0385,test,DAMIMAS,lnk-8,3,b0,0,b0,0
DAMIMAS_A21B_0385,test,DAMIMAS,lnk-9,3,b6,0,b2,0
DAMIMAS_A21B_0386,train,DAMIMAS,lnk-0,0,b2,1,b0,0
DAMIMAS_A21B_0386,train,DAMIMAS,lnk-1,0,b1,1,b1,0
DAMIMAS_A21B_0386,train,DAMIMAS,lnk-2,3,b0,0,b0,0
DAMIMAS_A21B_0387,train,DAMIMAS,lnk-0,0,b1,1,b0,0
DAMIMAS_A21B_0387,train,DAMIMAS,lnk-1,1,b2,2,b1,0
DAMIMAS_A21B_0387,train,DAMIMAS,lnk-2,2,b2,3,b3,0
DAMIMAS_A21B_0387,train,DAMIMAS,lnk-3,2,b3,3,b0,0
DAMIMAS_A21B_0387,train,DAMIMAS,lnk-4,3,b2,0,b0,0
DAMIMAS_A21B_0387,train,DAMIMAS,lnk-5,3,b1,0,b3,0
DAMIMAS_A21B_0388,val,DAMIMAS,lnk-0,0,b2,1,b1,0
DAMIMAS_A21B_0388,val,DAMIMAS,lnk-1,1,b1,2,b0,0
DAMIMAS_A21B_0388,val,DAMIMAS,lnk-2,3,b1,0,b2,0
DAMIMAS_A21B_0388,val,DAMIMAS,lnk-3,0,b1,1,b0,0
DAMIMAS_A21B_0388,val,DAMIMAS,lnk-4,1,b0,2,b4,0
DAMIMAS_A21B_0388,val,DAMIMAS,lnk-5,3,b2,0,b1,0
DAMIMAS_A21B_0388,val,DAMIMAS,lnk-6,0,b3,1,b3,0
DAMIMAS_A21B_0388,val,DAMIMAS,lnk-7,0,b4,1,b2,0
DAMIMAS_A21B_0388,val,DAMIMAS,lnk-8,1,b2,2,b1,0
DAMIMAS_A21B_0388,val,DAMIMAS,lnk-9,2,b3,3,b0,0
DAMIMAS_A21B_0388,val,DAMIMAS,lnk-10,3,b0,0,b0,0
DAMIMAS_A21B_0388,val,DAMIMAS,lnk-11,2,b2,3,b4,0
DAMIMAS_A21B_0388,val,DAMIMAS,lnk-12,2,b5,3,b3,0
DAMIMAS_A21B_0389,train,DAMIMAS,lnk-0,0,b1,1,b6,0
DAMIMAS_A21B_0389,train,DAMIMAS,lnk-1,0,b0,1,b0,0
DAMIMAS_A21B_0389,train,DAMIMAS,lnk-2,1,b4,2,b0,0
DAMIMAS_A21B_0389,train,DAMIMAS,lnk-3,1,b2,2,b1,0
DAMIMAS_A21B_0389,train,DAMIMAS,lnk-4,2,b2,3,b6,0
DAMIMAS_A21B_0389,train,DAMIMAS,lnk-5,3,b4,0,b6,0
DAMIMAS_A21B_0389,train,DAMIMAS,lnk-6,3,b2,0,b5,0
DAMIMAS_A21B_0389,train,DAMIMAS,lnk-7,3,b1,0,b4,0
DAMIMAS_A21B_0390,val,DAMIMAS,lnk-0,0,b0,1,b0,0
DAMIMAS_A21B_0390,val,DAMIMAS,lnk-1,0,b2,1,b6,0
DAMIMAS_A21B_0390,val,DAMIMAS,lnk-2,0,b6,1,b7,0
DAMIMAS_A21B_0390,val,DAMIMAS,lnk-3,0,b1,1,b2,0
DAMIMAS_A21B_0390,val,DAMIMAS,lnk-4,1,b2,2,b6,0
DAMIMAS_A21B_0390,val,DAMIMAS,lnk-5,1,b1,2,b3,0
DAMIMAS_A21B_0390,val,DAMIMAS,lnk-6,1,b4,2,b2,0
DAMIMAS_A21B_0390,val,DAMIMAS,lnk-7,1,b5,2,b5,0
DAMIMAS_A21B_0390,val,DAMIMAS,lnk-8,2,b0,3,b6,0
DAMIMAS_A21B_0390,val,DAMIMAS,lnk-9,2,b7,3,b5,0
DAMIMAS_A21B_0390,val,DAMIMAS,lnk-10,3,b1,0,b4,0
DAMIMAS_A21B_0390,val,DAMIMAS,lnk-11,3,b3,0,b5,0
DAMIMAS_A21B_0391,val,DAMIMAS,lnk-0,0,b3,1,b0,0
DAMIMAS_A21B_0391,val,DAMIMAS,lnk-1,1,b3,2,b0,0
DAMIMAS_A21B_0391,val,DAMIMAS,lnk-2,2,b3,3,b2,0
DAMIMAS_A21B_0391,val,DAMIMAS,lnk-3,3,b2,0,b0,0
DAMIMAS_A21B_0391,val,DAMIMAS,lnk-4,2,b2,3,b0,0
DAMIMAS_A21B_0391,val,DAMIMAS,lnk-5,3,b3,0,b1,0
DAMIMAS_A21B_0392,val,DAMIMAS,lnk-0,0,b1,1,b0,0
DAMIMAS_A21B_0392,val,DAMIMAS,lnk-1,0,b0,1,b4,0
DAMIMAS_A21B_0392,val,DAMIMAS,lnk-2,0,b6,1,b3,0
DAMIMAS_A21B_0392,val,DAMIMAS,lnk-3,1,b1,2,b2,0
DAMIMAS_A21B_0392,val,DAMIMAS,lnk-4,1,b2,2,b4,0
DAMIMAS_A21B_0392,val,DAMIMAS,lnk-5,1,b5,2,b3,0
DAMIMAS_A21B_0392,val,DAMIMAS,lnk-6,2,b0,3,b1,0
DAMIMAS_A21B_0392,val,DAMIMAS,lnk-7,2,b1,3,b2,0
DAMIMAS_A21B_0392,val,DAMIMAS,lnk-8,3,b3,0,b3,0
DAMIMAS_A21B_0392,val,DAMIMAS,lnk-9,3,b4,0,b2,0
DAMIMAS_A21B_0392,val,DAMIMAS,lnk-10,3,b5,0,b5,0
DAMIMAS_A21B_0393,train,DAMIMAS,lnk-0,0,b1,1,b4,0
DAMIMAS_A21B_0393,train,DAMIMAS,lnk-1,1,b0,2,b1,0
DAMIMAS_A21B_0393,train,DAMIMAS,lnk-2,1,b2,2,b2,0
DAMIMAS_A21B_0393,train,DAMIMAS,lnk-3,1,b1,2,b0,0
DAMIMAS_A21B_0393,train,DAMIMAS,lnk-4,2,b4,3,b6,0
DAMIMAS_A21B_0393,train,DAMIMAS,lnk-5,2,b3,3,b5,0
DAMIMAS_A21B_0393,train,DAMIMAS,lnk-6,3,b1,0,b3,0
DAMIMAS_A21B_0393,train,DAMIMAS,lnk-7,3,b3,0,b5,0
DAMIMAS_A21B_0393,train,DAMIMAS,lnk-8,3,b2,0,b4,0
DAMIMAS_A21B_0394,train,DAMIMAS,lnk-0,0,b0,1,b1,0
DAMIMAS_A21B_0394,train,DAMIMAS,lnk-1,3,b1,0,b0,0
DAMIMAS_A21B_0394,train,DAMIMAS,lnk-2,0,b4,1,b2,0
DAMIMAS_A21B_0394,train,DAMIMAS,lnk-3,0,b5,1,b4,0
DAMIMAS_A21B_0394,train,DAMIMAS,lnk-4,1,b4,2,b5,0
DAMIMAS_A21B_0394,train,DAMIMAS,lnk-5,1,b0,2,b0,0
DAMIMAS_A21B_0394,train,DAMIMAS,lnk-6,1,b3,2,b2,0
DAMIMAS_A21B_0394,train,DAMIMAS,lnk-7,2,b3,3,b3,0
DAMIMAS_A21B_0394,train,DAMIMAS,lnk-8,2,b6,3,b4,0
DAMIMAS_A21B_0394,train,DAMIMAS,lnk-9,2,b1,3,b0,0
DAMIMAS_A21B_0394,train,DAMIMAS,lnk-10,3,b2,0,b3,0
DAMIMAS_A21B_0395,train,DAMIMAS,lnk-0,0,b3,1,b1,0
DAMIMAS_A21B_0395,train,DAMIMAS,lnk-1,0,b2,1,b0,0
DAMIMAS_A21B_0395,train,DAMIMAS,lnk-2,1,b4,2,b0,0
DAMIMAS_A21B_0395,train,DAMIMAS,lnk-3,2,b2,3,b0,0
DAMIMAS_A21B_0395,train,DAMIMAS,lnk-4,2,b3,3,b2,0
DAMIMAS_A21B_0395,train,DAMIMAS,lnk-5,2,b4,3,b1,0
DAMIMAS_A21B_0395,train,DAMIMAS,lnk-6,3,b5,0,b0,0
DAMIMAS_A21B_0396,train,DAMIMAS,lnk-0,0,b1,1,b1,0
DAMIMAS_A21B_0396,train,DAMIMAS,lnk-1,0,b2,1,b2,0
DAMIMAS_A21B_0396,train,DAMIMAS,lnk-2,1,b0,2,b0,0
DAMIMAS_A21B_0396,train,DAMIMAS,lnk-3,1,b4,2,b2,0
DAMIMAS_A21B_0396,train,DAMIMAS,lnk-4,1,b3,2,b1,0
DAMIMAS_A21B_0396,train,DAMIMAS,lnk-5,2,b4,3,b2,0
DAMIMAS_A21B_0396,train,DAMIMAS,lnk-6,3,b0,0,b5,0
DAMIMAS_A21B_0396,train,DAMIMAS,lnk-7,3,b5,0,b0,0
DAMIMAS_A21B_0396,train,DAMIMAS,lnk-8,3,b4,0,b6,0
DAMIMAS_A21B_0397,train,DAMIMAS,lnk-0,0,b2,1,b4,0
DAMIMAS_A21B_0397,train,DAMIMAS,lnk-1,0,b1,1,b3,0
DAMIMAS_A21B_0397,train,DAMIMAS,lnk-2,1,b0,2,b0,0
DAMIMAS_A21B_0397,train,DAMIMAS,lnk-3,1,b1,2,b1,0
DAMIMAS_A21B_0397,train,DAMIMAS,lnk-4,2,b2,3,b3,0
DAMIMAS_A21B_0397,train,DAMIMAS,lnk-5,2,b3,3,b2,0
DAMIMAS_A21B_0397,train,DAMIMAS,lnk-6,3,b0,0,b4,0
DAMIMAS_A21B_0397,train,DAMIMAS,lnk-7,3,b4,0,b3,0
DAMIMAS_A21B_0398,val,DAMIMAS,lnk-0,0,b2,1,b0,0
DAMIMAS_A21B_0398,val,DAMIMAS,lnk-1,0,b3,1,b1,0
DAMIMAS_A21B_0398,val,DAMIMAS,lnk-2,1,b5,2,b0,0
DAMIMAS_A21B_0398,val,DAMIMAS,lnk-3,2,b0,3,b4,0
DAMIMAS_A21B_0398,val,DAMIMAS,lnk-4,1,b6,2,b1,0
DAMIMAS_A21B_0398,val,DAMIMAS,lnk-5,1,b3,2,b2,0
DAMIMAS_A21B_0398,val,DAMIMAS,lnk-6,2,b4,3,b3,0
DAMIMAS_A21B_0398,val,DAMIMAS,lnk-7,3,b0,0,b0,0
DAMIMAS_A21B_0398,val,DAMIMAS,lnk-8,3,b2,0,b6,0
DAMIMAS_A21B_0399,train,DAMIMAS,lnk-0,0,b4,1,b0,0
DAMIMAS_A21B_0399,train,DAMIMAS,lnk-1,1,b1,2,b0,0
DAMIMAS_A21B_0399,train,DAMIMAS,lnk-2,2,b2,3,b0,0
DAMIMAS_A21B_0399,train,DAMIMAS,lnk-3,3,b0,0,b0,0
DAMIMAS_A21B_0399,train,DAMIMAS,lnk-4,2,b1,3,b2,0
DAMIMAS_A21B_0399,train,DAMIMAS,lnk-5,2,b3,3,b1,0
DAMIMAS_A21B_0399,train,DAMIMAS,lnk-6,3,b3,0,b2,0
DAMIMAS_A21B_0400,val,DAMIMAS,lnk-0,0,b2,1,b0,0
DAMIMAS_A21B_0400,val,DAMIMAS,lnk-1,1,b0,2,b1,0
DAMIMAS_A21B_0400,val,DAMIMAS,lnk-2,0,b3,1,b2,0
DAMIMAS_A21B_0400,val,DAMIMAS,lnk-3,1,b3,2,b3,0
DAMIMAS_A21B_0400,val,DAMIMAS,lnk-4,1,b1,2,b2,0
DAMIMAS_A21B_0400,val,DAMIMAS,lnk-5,2,b0,3,b2,0
DAMIMAS_A21B_0400,val,DAMIMAS,lnk-6,2,b4,3,b4,0
DAMIMAS_A21B_0400,val,DAMIMAS,lnk-7,3,b1,0,b1,0
DAMIMAS_A21B_0400,val,DAMIMAS,lnk-8,3,b3,0,b0,0
DAMIMAS_A21B_0401,val,DAMIMAS,lnk-0,0,b0,1,b3,0
DAMIMAS_A21B_0401,val,DAMIMAS,lnk-1,1,b4,2,b1,0
DAMIMAS_A21B_0401,val,DAMIMAS,lnk-2,2,b0,3,b3,0
DAMIMAS_A21B_0401,val,DAMIMAS,lnk-3,2,b2,3,b0,0
DAMIMAS_A21B_0401,val,DAMIMAS,lnk-4,3,b2,0,b3,0
DAMIMAS_A21B_0401,val,DAMIMAS,lnk-5,3,b1,0,b2,0
DAMIMAS_A21B_0402,test,DAMIMAS,lnk-0,0,b0,1,b1,0
DAMIMAS_A21B_0402,test,DAMIMAS,lnk-1,1,b3,2,b2,0
DAMIMAS_A21B_0402,test,DAMIMAS,lnk-2,1,b2,2,b1,0
DAMIMAS_A21B_0402,test,DAMIMAS,lnk-3,2,b1,3,b4,0
DAMIMAS_A21B_0402,test,DAMIMAS,lnk-4,2,b0,3,b1,0
DAMIMAS_A21B_0402,test,DAMIMAS,lnk-5,3,b3,0,b4,0
DAMIMAS_A21B_0402,test,DAMIMAS,lnk-6,3,b0,0,b5,0
DAMIMAS_A21B_0403,train,DAMIMAS,lnk-0,0,b0,1,b0,0
DAMIMAS_A21B_0403,train,DAMIMAS,lnk-1,1,b3,2,b0,0
DAMIMAS_A21B_0403,train,DAMIMAS,lnk-2,1,b2,2,b1,0
DAMIMAS_A21B_0403,train,DAMIMAS,lnk-3,1,b1,2,b2,0
DAMIMAS_A21B_0403,train,DAMIMAS,lnk-4,2,b5,3,b2,0
DAMIMAS_A21B_0403,train,DAMIMAS,lnk-5,2,b4,3,b1,0
DAMIMAS_A21B_0403,train,DAMIMAS,lnk-6,2,b3,3,b5,0
DAMIMAS_A21B_0403,train,DAMIMAS,lnk-7,3,b0,0,b2,0
DAMIMAS_A21B_0403,train,DAMIMAS,lnk-8,3,b4,0,b5,0
DAMIMAS_A21B_0403,train,DAMIMAS,lnk-9,3,b3,0,b3,0
DAMIMAS_A21B_0404,val,DAMIMAS,lnk-0,0,b2,1,b0,0
DAMIMAS_A21B_0404,val,DAMIMAS,lnk-1,1,b4,2,b1,0
DAMIMAS_A21B_0404,val,DAMIMAS,lnk-2,2,b1,3,b0,0
DAMIMAS_A21B_0404,val,DAMIMAS,lnk-3,1,b2,2,b0,0
DAMIMAS_A21B_0404,val,DAMIMAS,lnk-4,2,b2,3,b1,0
DAMIMAS_A21B_0404,val,DAMIMAS,lnk-5,3,b2,0,b0,0
DAMIMAS_A21B_0405,train,DAMIMAS,lnk-0,0,b4,1,b2,0
DAMIMAS_A21B_0405,train,DAMIMAS,lnk-1,1,b0,2,b0,0
DAMIMAS_A21B_0405,train,DAMIMAS,lnk-2,2,b2,3,b0,0
DAMIMAS_A21B_0405,train,DAMIMAS,lnk-3,3,b2,0,b2,0
DAMIMAS_A21B_0405,train,DAMIMAS,lnk-4,3,b1,0,b1,0
DAMIMAS_A21B_0406,train,DAMIMAS,lnk-0,0,b0,1,b0,0
DAMIMAS_A21B_0406,train,DAMIMAS,lnk-1,1,b3,2,b3,0
DAMIMAS_A21B_0406,train,DAMIMAS,lnk-2,1,b1,2,b0,0
DAMIMAS_A21B_0406,train,DAMIMAS,lnk-3,2,b0,3,b1,0
DAMIMAS_A21B_0406,train,DAMIMAS,lnk-4,1,b2,2,b2,0
DAMIMAS_A21B_0406,train,DAMIMAS,lnk-5,2,b1,3,b2,0
DAMIMAS_A21B_0406,train,DAMIMAS,lnk-6,3,b0,0,b1,0
DAMIMAS_A21B_0407,val,DAMIMAS,lnk-0,0,b4,1,b2,0
DAMIMAS_A21B_0407,val,DAMIMAS,lnk-1,0,b3,1,b4,0
DAMIMAS_A21B_0407,val,DAMIMAS,lnk-2,0,b2,1,b5,0
DAMIMAS_A21B_0407,val,DAMIMAS,lnk-3,1,b0,2,b0,0
DAMIMAS_A21B_0407,val,DAMIMAS,lnk-4,1,b1,2,b1,0
DAMIMAS_A21B_0407,val,DAMIMAS,lnk-5,2,b4,3,b3,0
DAMIMAS_A21B_0407,val,DAMIMAS,lnk-6,2,b5,3,b0,0
DAMIMAS_A21B_0407,val,DAMIMAS,lnk-7,3,b1,0,b0,0
DAMIMAS_A21B_0407,val,DAMIMAS,lnk-8,3,b2,0,b1,0
DAMIMAS_A21B_0408,train,DAMIMAS,lnk-0,0,b0,1,b3,0
DAMIMAS_A21B_0408,train,DAMIMAS,lnk-1,3,b3,0,b0,0
DAMIMAS_A21B_0408,train,DAMIMAS,lnk-2,0,b2,1,b4,0
DAMIMAS_A21B_0408,train,DAMIMAS,lnk-3,0,b5,1,b1,0
DAMIMAS_A21B_0408,train,DAMIMAS,lnk-4,0,b3,1,b5,0
DAMIMAS_A21B_0408,train,DAMIMAS,lnk-5,1,b5,2,b1,0
DAMIMAS_A21B_0408,train,DAMIMAS,lnk-6,1,b0,2,b0,0
DAMIMAS_A21B_0408,train,DAMIMAS,lnk-7,2,b4,3,b1,0
DAMIMAS_A21B_0408,train,DAMIMAS,lnk-8,2,b3,3,b0,0
DAMIMAS_A21B_0408,train,DAMIMAS,lnk-9,3,b2,0,b1,0
DAMIMAS_A21B_0409,test,DAMIMAS,lnk-0,0,b0,1,b1,0
DAMIMAS_A21B_0409,test,DAMIMAS,lnk-1,0,b3,1,b3,0
DAMIMAS_A21B_0409,test,DAMIMAS,lnk-2,0,b4,1,b2,0
DAMIMAS_A21B_0409,test,DAMIMAS,lnk-3,1,b0,2,b0,0
DAMIMAS_A21B_0409,test,DAMIMAS,lnk-4,1,b4,2,b2,0
DAMIMAS_A21B_0409,test,DAMIMAS,lnk-5,2,b1,3,b2,0
DAMIMAS_A21B_0409,test,DAMIMAS,lnk-6,3,b0,0,b1,0
DAMIMAS_A21B_0410,train,DAMIMAS,lnk-0,0,b1,1,b0,0
DAMIMAS_A21B_0410,train,DAMIMAS,lnk-1,0,b3,1,b7,0
DAMIMAS_A21B_0410,train,DAMIMAS,lnk-2,0,b2,1,b3,0
DAMIMAS_A21B_0410,train,DAMIMAS,lnk-3,1,b3,2,b3,0
DAMIMAS_A21B_0410,train,DAMIMAS,lnk-4,1,b4,2,b0,0
DAMIMAS_A21B_0410,train,DAMIMAS,lnk-5,2,b0,3,b2,0
DAMIMAS_A21B_0410,train,DAMIMAS,lnk-6,1,b5,2,b4,0
DAMIMAS_A21B_0410,train,DAMIMAS,lnk-7,2,b1,3,b7,0
DAMIMAS_A21B_0410,train,DAMIMAS,lnk-8,2,b6,3,b1,0
DAMIMAS_A21B_0410,train,DAMIMAS,lnk-9,3,b0,0,b0,0
DAMIMAS_A21B_0410,train,DAMIMAS,lnk-10,3,b3,0,b5,0
DAMIMAS_A21B_0410,train,DAMIMAS,lnk-11,3,b5,0,b4,0
DAMIMAS_A21B_0410,train,DAMIMAS,lnk-12,3,b4,0,b6,0
DAMIMAS_A21B_0411,test,DAMIMAS,lnk-0,0,b1,1,b4,0
DAMIMAS_A21B_0411,test,DAMIMAS,lnk-1,3,b3,0,b1,0
DAMIMAS_A21B_0411,test,DAMIMAS,lnk-2,0,b3,1,b3,0
DAMIMAS_A21B_0411,test,DAMIMAS,lnk-3,0,b4,1,b2,0
DAMIMAS_A21B_0411,test,DAMIMAS,lnk-4,1,b0,2,b0,0
DAMIMAS_A21B_0411,test,DAMIMAS,lnk-5,1,b1,2,b1,0
DAMIMAS_A21B_0411,test,DAMIMAS,lnk-6,2,b3,3,b0,0
DAMIMAS_A21B_0411,test,DAMIMAS,lnk-7,2,b5,3,b1,0
DAMIMAS_A21B_0411,test,DAMIMAS,lnk-8,2,b4,3,b2,0
DAMIMAS_A21B_0411,test,DAMIMAS,lnk-9,3,b4,0,b0,0
DAMIMAS_A21B_0411,test,DAMIMAS,lnk-10,3,b5,0,b2,0
DAMIMAS_A21B_0412,train,DAMIMAS,lnk-0,0,b3,1,b0,0
DAMIMAS_A21B_0412,train,DAMIMAS,lnk-1,1,b4,2,b1,0
DAMIMAS_A21B_0412,train,DAMIMAS,lnk-2,1,b2,2,b3,0
DAMIMAS_A21B_0412,train,DAMIMAS,lnk-3,1,b3,2,b0,0
DAMIMAS_A21B_0412,train,DAMIMAS,lnk-4,2,b0,3,b2,0
DAMIMAS_A21B_0412,train,DAMIMAS,lnk-5,2,b2,3,b1,0
DAMIMAS_A21B_0412,train,DAMIMAS,lnk-6,3,b1,0,b1,0
DAMIMAS_A21B_0412,train,DAMIMAS,lnk-7,3,b0,0,b0,0
DAMIMAS_A21B_0413,train,DAMIMAS,lnk-0,0,b3,1,b5,0
DAMIMAS_A21B_0413,train,DAMIMAS,lnk-1,0,b4,1,b6,0
DAMIMAS_A21B_0413,train,DAMIMAS,lnk-2,1,b6,2,b4,0
DAMIMAS_A21B_0413,train,DAMIMAS,lnk-3,1,b1,2,b3,0
DAMIMAS_A21B_0413,train,DAMIMAS,lnk-4,2,b3,3,b2,0
DAMIMAS_A21B_0413,train,DAMIMAS,lnk-5,1,b3,2,b0,0
DAMIMAS_A21B_0413,train,DAMIMAS,lnk-6,2,b0,3,b6,0
DAMIMAS_A21B_0413,train,DAMIMAS,lnk-7,2,b2,3,b1,0
DAMIMAS_A21B_0413,train,DAMIMAS,lnk-8,2,b1,3,b5,0
DAMIMAS_A21B_0413,train,DAMIMAS,lnk-9,3,b0,0,b0,0
DAMIMAS_A21B_0413,train,DAMIMAS,lnk-10,3,b4,0,b2,0
DAMIMAS_A21B_0414,train,DAMIMAS,lnk-0,0,b0,1,b0,0
DAMIMAS_A21B_0414,train,DAMIMAS,lnk-1,3,b3,0,b0,0
DAMIMAS_A21B_0414,train,DAMIMAS,lnk-2,0,b1,1,b3,0
DAMIMAS_A21B_0414,train,DAMIMAS,lnk-3,3,b2,0,b1,0
DAMIMAS_A21B_0414,train,DAMIMAS,lnk-4,1,b1,2,b1,0
DAMIMAS_A21B_0414,train,DAMIMAS,lnk-5,2,b1,3,b1,0
DAMIMAS_A21B_0414,train,DAMIMAS,lnk-6,1,b2,2,b0,0
DAMIMAS_A21B_0414,train,DAMIMAS,lnk-7,2,b0,3,b0,0
DAMIMAS_A21B_0414,train,DAMIMAS,lnk-8,3,b0,0,b2,0
DAMIMAS_A21B_0415,val,DAMIMAS,lnk-0,0,b4,1,b4,0
DAMIMAS_A21B_0415,val,DAMIMAS,lnk-1,1,b2,2,b3,0
DAMIMAS_A21B_0415,val,DAMIMAS,lnk-2,2,b3,3,b5,0
DAMIMAS_A21B_0415,val,DAMIMAS,lnk-3,1,b3,2,b0,0
DAMIMAS_A21B_0415,val,DAMIMAS,lnk-4,2,b0,3,b3,0
DAMIMAS_A21B_0415,val,DAMIMAS,lnk-5,1,b1,2,b1,0
DAMIMAS_A21B_0415,val,DAMIMAS,lnk-6,2,b1,3,b2,0
DAMIMAS_A21B_0415,val,DAMIMAS,lnk-7,1,b0,2,b2,0
DAMIMAS_A21B_0415,val,DAMIMAS,lnk-8,3,b0,0,b0,0
DAMIMAS_A21B_0415,val,DAMIMAS,lnk-9,3,b4,0,b5,0
DAMIMAS_A21B_0415,val,DAMIMAS,lnk-10,3,b1,0,b1,0
DAMIMAS_A21B_0416,train,DAMIMAS,lnk-0,0,b2,1,b3,0
DAMIMAS_A21B_0416,train,DAMIMAS,lnk-1,0,b3,1,b0,0
DAMIMAS_A21B_0416,train,DAMIMAS,lnk-2,1,b0,2,b7,0
DAMIMAS_A21B_0416,train,DAMIMAS,lnk-3,1,b2,2,b4,0
DAMIMAS_A21B_0416,train,DAMIMAS,lnk-4,1,b1,2,b1,0
DAMIMAS_A21B_0416,train,DAMIMAS,lnk-5,1,b5,2,b2,0
DAMIMAS_A21B_0416,train,DAMIMAS,lnk-6,2,b0,3,b1,0
DAMIMAS_A21B_0416,train,DAMIMAS,lnk-7,2,b3,3,b2,0
DAMIMAS_A21B_0416,train,DAMIMAS,lnk-8,2,b5,3,b5,0
DAMIMAS_A21B_0416,train,DAMIMAS,lnk-9,2,b6,3,b4,0
DAMIMAS_A21B_0416,train,DAMIMAS,lnk-10,3,b3,0,b1,0
DAMIMAS_A21B_0417,val,DAMIMAS,lnk-0,0,b0,1,b0,0
DAMIMAS_A21B_0417,val,DAMIMAS,lnk-1,0,b1,1,b1,0
DAMIMAS_A21B_0417,val,DAMIMAS,lnk-2,1,b3,2,b1,0
DAMIMAS_A21B_0417,val,DAMIMAS,lnk-3,1,b4,2,b2,0
DAMIMAS_A21B_0417,val,DAMIMAS,lnk-4,1,b2,2,b3,0
DAMIMAS_A21B_0417,val,DAMIMAS,lnk-5,2,b0,3,b4,0
DAMIMAS_A21B_0417,val,DAMIMAS,lnk-6,2,b4,3,b5,0
DAMIMAS_A21B_0417,val,DAMIMAS,lnk-7,3,b0,0,b5,0
DAMIMAS_A21B_0417,val,DAMIMAS,lnk-8,3,b3,0,b7,0
DAMIMAS_A21B_0417,val,DAMIMAS,lnk-9,3,b1,0,b6,0
DAMIMAS_A21B_0417,val,DAMIMAS,lnk-10,3,b2,0,b4,0
DAMIMAS_A21B_0418,train,DAMIMAS,lnk-0,0,b0,1,b0,0
DAMIMAS_A21B_0418,train,DAMIMAS,lnk-1,0,b1,1,b2,0
DAMIMAS_A21B_0418,train,DAMIMAS,lnk-2,1,b1,2,b4,0
DAMIMAS_A21B_0418,train,DAMIMAS,lnk-3,1,b4,2,b5,0
DAMIMAS_A21B_0418,train,DAMIMAS,lnk-4,1,b5,2,b1,0
DAMIMAS_A21B_0418,train,DAMIMAS,lnk-5,2,b1,3,b6,0
DAMIMAS_A21B_0418,train,DAMIMAS,lnk-6,2,b2,3,b4,0
DAMIMAS_A21B_0418,train,DAMIMAS,lnk-7,2,b0,3,b2,0
DAMIMAS_A21B_0418,train,DAMIMAS,lnk-8,2,b3,3,b3,0
DAMIMAS_A21B_0418,train,DAMIMAS,lnk-9,3,b0,0,b4,0
DAMIMAS_A21B_0418,train,DAMIMAS,lnk-10,3,b5,0,b5,0
DAMIMAS_A21B_0419,test,DAMIMAS,lnk-0,0,b3,1,b0,0
DAMIMAS_A21B_0419,test,DAMIMAS,lnk-1,0,b5,1,b1,0
DAMIMAS_A21B_0419,test,DAMIMAS,lnk-2,0,b4,1,b2,0
DAMIMAS_A21B_0419,test,DAMIMAS,lnk-3,1,b3,2,b0,0
DAMIMAS_A21B_0419,test,DAMIMAS,lnk-4,1,b5,2,b5,0
DAMIMAS_A21B_0419,test,DAMIMAS,lnk-5,1,b4,2,b1,0
DAMIMAS_A21B_0419,test,DAMIMAS,lnk-6,2,b2,3,b0,0
DAMIMAS_A21B_0419,test,DAMIMAS,lnk-7,2,b3,3,b1,0
DAMIMAS_A21B_0419,test,DAMIMAS,lnk-8,2,b4,3,b2,0
DAMIMAS_A21B_0419,test,DAMIMAS,lnk-9,3,b3,0,b1,0
DAMIMAS_A21B_0419,test,DAMIMAS,lnk-10,3,b4,0,b0,0
DAMIMAS_A21B_0420,val,DAMIMAS,lnk-0,0,b0,1,b0,0
DAMIMAS_A21B_0420,val,DAMIMAS,lnk-1,1,b0,2,b1,0
DAMIMAS_A21B_0420,val,DAMIMAS,lnk-2,3,b0,0,b0,0
DAMIMAS_A21B_0420,val,DAMIMAS,lnk-3,2,b0,3,b1,0
DAMIMAS_A21B_0422,val,DAMIMAS,lnk-0,0,b0,1,b4,0
DAMIMAS_A21B_0422,val,DAMIMAS,lnk-1,0,b1,1,b3,0
DAMIMAS_A21B_0422,val,DAMIMAS,lnk-2,1,b0,2,b0,0
DAMIMAS_A21B_0422,val,DAMIMAS,lnk-3,1,b1,2,b1,0
DAMIMAS_A21B_0422,val,DAMIMAS,lnk-4,1,b2,2,b5,0
DAMIMAS_A21B_0422,val,DAMIMAS,lnk-5,2,b2,3,b0,0
DAMIMAS_A21B_0422,val,DAMIMAS,lnk-6,2,b4,3,b4,0
DAMIMAS_A21B_0422,val,DAMIMAS,lnk-7,2,b3,3,b3,0
DAMIMAS_A21B_0422,val,DAMIMAS,lnk-8,3,b1,0,b3,0
DAMIMAS_A21B_0422,val,DAMIMAS,lnk-9,3,b2,0,b4,0
DAMIMAS_A21B_0423,train,DAMIMAS,lnk-0,0,b3,1,b1,0
DAMIMAS_A21B_0423,train,DAMIMAS,lnk-1,1,b0,2,b0,0
DAMIMAS_A21B_0423,train,DAMIMAS,lnk-2,1,b3,2,b2,0
DAMIMAS_A21B_0423,train,DAMIMAS,lnk-3,2,b5,3,b5,0
DAMIMAS_A21B_0423,train,DAMIMAS,lnk-4,2,b4,3,b0,0
DAMIMAS_A21B_0423,train,DAMIMAS,lnk-5,3,b1,0,b5,0
DAMIMAS_A21B_0423,train,DAMIMAS,lnk-6,3,b2,0,b0,0
DAMIMAS_A21B_0423,train,DAMIMAS,lnk-7,3,b4,0,b2,0
DAMIMAS_A21B_0423,train,DAMIMAS,lnk-8,3,b3,0,b4,0
DAMIMAS_A21B_0424,train,DAMIMAS,lnk-0,0,b3,1,b0,0
DAMIMAS_A21B_0424,train,DAMIMAS,lnk-1,0,b2,1,b1,0
DAMIMAS_A21B_0424,train,DAMIMAS,lnk-2,1,b3,2,b1,0
DAMIMAS_A21B_0424,train,DAMIMAS,lnk-3,1,b2,2,b2,0
DAMIMAS_A21B_0424,train,DAMIMAS,lnk-4,2,b0,3,b0,0
DAMIMAS_A21B_0424,train,DAMIMAS,lnk-5,3,b3,0,b1,0
DAMIMAS_A21B_0424,train,DAMIMAS,lnk-6,3,b2,0,b0,0
DAMIMAS_A21B_0425,train,DAMIMAS,lnk-0,0,b2,1,b0,0
DAMIMAS_A21B_0425,train,DAMIMAS,lnk-1,1,b1,2,b5,0
DAMIMAS_A21B_0425,train,DAMIMAS,lnk-2,1,b2,2,b4,0
DAMIMAS_A21B_0425,train,DAMIMAS,lnk-3,1,b4,2,b2,0
DAMIMAS_A21B_0425,train,DAMIMAS,lnk-4,2,b1,3,b4,0
DAMIMAS_A21B_0425,train,DAMIMAS,lnk-5,2,b0,3,b3,0
DAMIMAS_A21B_0425,train,DAMIMAS,lnk-6,3,b2,0,b0,0
DAMIMAS_A21B_0425,train,DAMIMAS,lnk-7,3,b1,0,b1,0
DAMIMAS_A21B_0426,train,DAMIMAS,lnk-0,0,b3,1,b2,0
DAMIMAS_A21B_0426,train,DAMIMAS,lnk-1,1,b3,2,b3,0
DAMIMAS_A21B_0426,train,DAMIMAS,lnk-2,1,b4,2,b0,0
DAMIMAS_A21B_0426,train,DAMIMAS,lnk-3,2,b1,3,b1,0
DAMIMAS_A21B_0426,train,DAMIMAS,lnk-4,2,b2,3,b0,0
DAMIMAS_A21B_0426,train,DAMIMAS,lnk-5,3,b2,0,b0,0
DAMIMAS_A21B_0426,train,DAMIMAS,lnk-6,3,b3,0,b2,0
DAMIMAS_A21B_0427,train,DAMIMAS,lnk-0,0,b4,1,b1,0
DAMIMAS_A21B_0427,train,DAMIMAS,lnk-1,1,b5,2,b3,0
DAMIMAS_A21B_0427,train,DAMIMAS,lnk-2,2,b3,3,b1,0
DAMIMAS_A21B_0427,train,DAMIMAS,lnk-3,1,b4,2,b2,0
DAMIMAS_A21B_0427,train,DAMIMAS,lnk-4,2,b2,3,b6,0
DAMIMAS_A21B_0427,train,DAMIMAS,lnk-5,1,b3,2,b0,0
DAMIMAS_A21B_0427,train,DAMIMAS,lnk-6,1,b2,2,b1,0
DAMIMAS_A21B_0427,train,DAMIMAS,lnk-7,2,b4,3,b0,0
DAMIMAS_A21B_0427,train,DAMIMAS,lnk-8,2,b5,3,b2,0
DAMIMAS_A21B_0427,train,DAMIMAS,lnk-9,3,b4,0,b1,0
DAMIMAS_A21B_0427,train,DAMIMAS,lnk-10,3,b3,0,b2,0
DAMIMAS_A21B_0428,val,DAMIMAS,lnk-0,0,b4,1,b2,0
DAMIMAS_A21B_0428,val,DAMIMAS,lnk-1,0,b3,1,b3,0
DAMIMAS_A21B_0428,val,DAMIMAS,lnk-2,1,b0,2,b0,0
DAMIMAS_A21B_0428,val,DAMIMAS,lnk-3,1,b6,2,b2,0
DAMIMAS_A21B_0428,val,DAMIMAS,lnk-4,1,b4,2,b5,0
DAMIMAS_A21B_0428,val,DAMIMAS,lnk-5,1,b5,2,b6,0
DAMIMAS_A21B_0428,val,DAMIMAS,lnk-6,2,b1,3,b0,0
DAMIMAS_A21B_0428,val,DAMIMAS,lnk-7,2,b4,3,b3,0
DAMIMAS_A21B_0428,val,DAMIMAS,lnk-8,2,b3,3,b4,0
DAMIMAS_A21B_0428,val,DAMIMAS,lnk-9,3,b1,0,b0,0
DAMIMAS_A21B_0428,val,DAMIMAS,lnk-10,3,b2,0,b5,0
DAMIMAS_A21B_0428,val,DAMIMAS,lnk-11,3,b5,0,b2,0
DAMIMAS_A21B_0429,train,DAMIMAS,lnk-0,0,b2,1,b0,0
DAMIMAS_A21B_0429,train,DAMIMAS,lnk-1,0,b3,1,b7,0
DAMIMAS_A21B_0429,train,DAMIMAS,lnk-2,0,b4,1,b6,0
DAMIMAS_A21B_0429,train,DAMIMAS,lnk-3,1,b5,2,b9,0
DAMIMAS_A21B_0429,train,DAMIMAS,lnk-4,1,b2,2,b7,0
DAMIMAS_A21B_0429,train,DAMIMAS,lnk-5,1,b3,2,b8,0
DAMIMAS_A21B_0429,train,DAMIMAS,lnk-6,2,b1,3,b8,0
DAMIMAS_A21B_0429,train,DAMIMAS,lnk-7,2,b3,3,b6,0
DAMIMAS_A21B_0429,train,DAMIMAS,lnk-8,2,b4,3,b7,0
DAMIMAS_A21B_0429,train,DAMIMAS,lnk-9,3,b0,0,b0,0
DAMIMAS_A21B_0429,train,DAMIMAS,lnk-10,3,b2,0,b8,0
DAMIMAS_A21B_0429,train,DAMIMAS,lnk-11,3,b4,0,b1,0
DAMIMAS_A21B_0429,train,DAMIMAS,lnk-12,3,b3,0,b6,0
DAMIMAS_A21B_0429,train,DAMIMAS,lnk-13,3,b5,0,b7,0
DAMIMAS_A21B_0430,train,DAMIMAS,lnk-0,0,b3,1,b0,0
DAMIMAS_A21B_0430,train,DAMIMAS,lnk-1,1,b1,2,b0,0
DAMIMAS_A21B_0430,train,DAMIMAS,lnk-2,1,b2,2,b2,0
DAMIMAS_A21B_0430,train,DAMIMAS,lnk-3,2,b4,3,b4,0
DAMIMAS_A21B_0430,train,DAMIMAS,lnk-4,2,b1,3,b0,0
DAMIMAS_A21B_0430,train,DAMIMAS,lnk-5,3,b1,0,b1,0
DAMIMAS_A21B_0431,train,DAMIMAS,lnk-0,0,b1,1,b0,0
DAMIMAS_A21B_0431,train,DAMIMAS,lnk-1,0,b2,1,b1,0
DAMIMAS_A21B_0431,train,DAMIMAS,lnk-2,1,b4,2,b4,0
DAMIMAS_A21B_0431,train,DAMIMAS,lnk-3,1,b3,2,b1,0
DAMIMAS_A21B_0431,train,DAMIMAS,lnk-4,1,b2,2,b0,0
DAMIMAS_A21B_0431,train,DAMIMAS,lnk-5,2,b3,3,b3,0
DAMIMAS_A21B_0431,train,DAMIMAS,lnk-6,3,b1,0,b0,0
DAMIMAS_A21B_0432,test,DAMIMAS,lnk-0,0,b0,1,b3,0
DAMIMAS_A21B_0432,test,DAMIMAS,lnk-1,1,b0,2,b0,0
DAMIMAS_A21B_0432,test,DAMIMAS,lnk-2,2,b0,3,b4,0
DAMIMAS_A21B_0432,test,DAMIMAS,lnk-3,1,b1,2,b1,0
DAMIMAS_A21B_0432,test,DAMIMAS,lnk-4,1,b2,2,b2,0
DAMIMAS_A21B_0432,test,DAMIMAS,lnk-5,2,b2,3,b3,0
DAMIMAS_A21B_0432,test,DAMIMAS,lnk-6,3,b0,0,b2,0
DAMIMAS_A21B_0433,train,DAMIMAS,lnk-0,0,b1,1,b3,0
DAMIMAS_A21B_0433,train,DAMIMAS,lnk-1,1,b0,2,b1,0
DAMIMAS_A21B_0433,train,DAMIMAS,lnk-2,1,b2,2,b4,0
DAMIMAS_A21B_0433,train,DAMIMAS,lnk-3,1,b1,2,b3,0
DAMIMAS_A21B_0433,train,DAMIMAS,lnk-4,1,b4,2,b2,0
DAMIMAS_A21B_0433,train,DAMIMAS,lnk-5,2,b0,3,b0,0
DAMIMAS_A21B_0433,train,DAMIMAS,lnk-6,2,b5,3,b4,0
DAMIMAS_A21B_0433,train,DAMIMAS,lnk-7,3,b1,0,b0,0
DAMIMAS_A21B_0433,train,DAMIMAS,lnk-8,3,b2,0,b3,0
DAMIMAS_A21B_0434,train,DAMIMAS,lnk-0,0,b0,1,b0,0
DAMIMAS_A21B_0434,train,DAMIMAS,lnk-1,0,b5,1,b4,0
DAMIMAS_A21B_0434,train,DAMIMAS,lnk-2,1,b2,2,b0,0
DAMIMAS_A21B_0434,train,DAMIMAS,lnk-3,1,b3,2,b1,0
DAMIMAS_A21B_0434,train,DAMIMAS,lnk-4,1,b7,2,b3,0
DAMIMAS_A21B_0434,train,DAMIMAS,lnk-5,2,b2,3,b1,0
DAMIMAS_A21B_0434,train,DAMIMAS,lnk-6,3,b1,0,b1,0
DAMIMAS_A21B_0434,train,DAMIMAS,lnk-7,2,b4,3,b0,0
DAMIMAS_A21B_0434,train,DAMIMAS,lnk-8,2,b5,3,b2,0
DAMIMAS_A21B_0434,train,DAMIMAS,lnk-9,3,b2,0,b2,0
DAMIMAS_A21B_0435,train,DAMIMAS,lnk-0,0,b0,1,b0,0
DAMIMAS_A21B_0435,train,DAMIMAS,lnk-1,3,b3,0,b0,0
DAMIMAS_A21B_0435,train,DAMIMAS,lnk-2,0,b1,1,b2,0
DAMIMAS_A21B_0435,train,DAMIMAS,lnk-3,0,b2,1,b1,0
DAMIMAS_A21B_0435,train,DAMIMAS,lnk-4,1,b3,2,b0,0
DAMIMAS_A21B_0435,train,DAMIMAS,lnk-5,1,b4,2,b1,0
DAMIMAS_A21B_0435,train,DAMIMAS,lnk-6,2,b2,3,b0,0
DAMIMAS_A21B_0435,train,DAMIMAS,lnk-7,2,b3,3,b1,0
DAMIMAS_A21B_0436,train,DAMIMAS,lnk-0,0,b1,1,b2,0
DAMIMAS_A21B_0436,train,DAMIMAS,lnk-1,0,b0,1,b1,0
DAMIMAS_A21B_0436,train,DAMIMAS,lnk-2,1,b4,2,b0,0
DAMIMAS_A21B_0436,train,DAMIMAS,lnk-3,2,b0,3,b1,0
DAMIMAS_A21B_0436,train,DAMIMAS,lnk-4,1,b0,2,b2,0
DAMIMAS_A21B_0436,train,DAMIMAS,lnk-5,2,b1,3,b2,0
DAMIMAS_A21B_0436,train,DAMIMAS,lnk-6,2,b4,3,b6,0
DAMIMAS_A21B_0436,train,DAMIMAS,lnk-7,3,b0,0,b3,0
DAMIMAS_A21B_0436,train,DAMIMAS,lnk-8,3,b4,0,b4,0
DAMIMAS_A21B_0437,train,DAMIMAS,lnk-0,0,b0,1,b0,0
DAMIMAS_A21B_0437,train,DAMIMAS,lnk-1,1,b2,2,b6,0
DAMIMAS_A21B_0437,train,DAMIMAS,lnk-2,1,b3,2,b1,0
DAMIMAS_A21B_0437,train,DAMIMAS,lnk-3,2,b0,3,b0,0
DAMIMAS_A21B_0437,train,DAMIMAS,lnk-4,2,b4,3,b4,0
DAMIMAS_A21B_0437,train,DAMIMAS,lnk-5,2,b2,3,b3,0
DAMIMAS_A21B_0437,train,DAMIMAS,lnk-6,3,b5,0,b5,0
DAMIMAS_A21B_0437,train,DAMIMAS,lnk-7,3,b2,0,b4,0
DAMIMAS_A21B_0438,val,DAMIMAS,lnk-0,0,b3,1,b1,0
DAMIMAS_A21B_0438,val,DAMIMAS,lnk-1,0,b2,1,b0,0
DAMIMAS_A21B_0438,val,DAMIMAS,lnk-2,1,b2,2,b1,0
DAMIMAS_A21B_0438,val,DAMIMAS,lnk-3,1,b3,2,b4,0
DAMIMAS_A21B_0438,val,DAMIMAS,lnk-4,1,b4,2,b5,0
DAMIMAS_A21B_0438,val,DAMIMAS,lnk-5,2,b0,3,b2,0
DAMIMAS_A21B_0438,val,DAMIMAS,lnk-6,2,b3,3,b3,0
DAMIMAS_A21B_0438,val,DAMIMAS,lnk-7,2,b2,3,b4,0
DAMIMAS_A21B_0438,val,DAMIMAS,lnk-8,3,b0,0,b0,0
DAMIMAS_A21B_0438,val,DAMIMAS,lnk-9,3,b5,0,b6,0
DAMIMAS_A21B_0439,train,DAMIMAS,lnk-0,0,b2,1,b0,0
DAMIMAS_A21B_0439,train,DAMIMAS,lnk-1,1,b1,2,b0,0
DAMIMAS_A21B_0439,train,DAMIMAS,lnk-2,2,b2,3,b0,0
DAMIMAS_A21B_0439,train,DAMIMAS,lnk-3,3,b1,0,b0,0
DAMIMAS_A21B_0440,train,DAMIMAS,lnk-0,0,b2,1,b5,0
DAMIMAS_A21B_0440,train,DAMIMAS,lnk-1,1,b3,2,b5,0
DAMIMAS_A21B_0440,train,DAMIMAS,lnk-2,0,b3,1,b6,0
DAMIMAS_A21B_0440,train,DAMIMAS,lnk-3,2,b3,3,b1,0
DAMIMAS_A21B_0440,train,DAMIMAS,lnk-4,3,b2,0,b0,0
DAMIMAS_A21B_0440,train,DAMIMAS,lnk-5,3,b0,0,b1,0
DAMIMAS_A21B_0440,train,DAMIMAS,lnk-6,3,b3,0,b4,0
DAMIMAS_A21B_0441,train,DAMIMAS,lnk-0,0,b2,1,b6,0
DAMIMAS_A21B_0441,train,DAMIMAS,lnk-1,0,b1,1,b5,0
DAMIMAS_A21B_0441,train,DAMIMAS,lnk-2,1,b2,2,b2,0
DAMIMAS_A21B_0441,train,DAMIMAS,lnk-3,1,b1,2,b3,0
DAMIMAS_A21B_0441,train,DAMIMAS,lnk-4,2,b1,3,b5,0
DAMIMAS_A21B_0441,train,DAMIMAS,lnk-5,2,b0,3,b4,0
DAMIMAS_A21B_0441,train,DAMIMAS,lnk-6,3,b0,0,b0,0
DAMIMAS_A21B_0442,test,DAMIMAS,lnk-0,0,b3,1,b0,0
DAMIMAS_A21B_0442,test,DAMIMAS,lnk-1,0,b6,1,b5,0
DAMIMAS_A21B_0442,test,DAMIMAS,lnk-2,1,b2,2,b3,0
DAMIMAS_A21B_0442,test,DAMIMAS,lnk-3,1,b4,2,b2,0
DAMIMAS_A21B_0442,test,DAMIMAS,lnk-4,1,b3,2,b0,0
DAMIMAS_A21B_0442,test,DAMIMAS,lnk-5,2,b1,3,b4,0
DAMIMAS_A21B_0442,test,DAMIMAS,lnk-6,3,b1,0,b0,0
DAMIMAS_A21B_0442,test,DAMIMAS,lnk-7,3,b2,0,b5,0
DAMIMAS_A21B_0443,train,DAMIMAS,lnk-0,0,b1,1,b5,0
DAMIMAS_A21B_0443,train,DAMIMAS,lnk-1,0,b2,1,b0,0
DAMIMAS_A21B_0443,train,DAMIMAS,lnk-2,1,b2,2,b0,0
DAMIMAS_A21B_0443,train,DAMIMAS,lnk-3,2,b1,3,b0,0
DAMIMAS_A21B_0443,train,DAMIMAS,lnk-4,2,b2,3,b1,0
DAMIMAS_A21B_0443,train,DAMIMAS,lnk-5,3,b6,0,b0,0
DAMIMAS_A21B_0443,train,DAMIMAS,lnk-6,3,b5,0,b4,0
DAMIMAS_A21B_0444,test,DAMIMAS,lnk-0,0,b4,1,b4,0
DAMIMAS_A21B_0444,test,DAMIMAS,lnk-1,0,b1,1,b3,0
DAMIMAS_A21B_0444,test,DAMIMAS,lnk-2,1,b0,2,b2,0
DAMIMAS_A21B_0444,test,DAMIMAS,lnk-3,1,b2,2,b3,0
DAMIMAS_A21B_0444,test,DAMIMAS,lnk-4,2,b0,3,b0,0
DAMIMAS_A21B_0444,test,DAMIMAS,lnk-5,3,b1,0,b0,0
DAMIMAS_A21B_0444,test,DAMIMAS,lnk-6,3,b2,0,b2,0
DAMIMAS_A21B_0445,train,DAMIMAS,lnk-0,0,b2,1,b3,0
DAMIMAS_A21B_0445,train,DAMIMAS,lnk-1,0,b3,1,b0,0
DAMIMAS_A21B_0445,train,DAMIMAS,lnk-2,1,b0,2,b0,0
DAMIMAS_A21B_0445,train,DAMIMAS,lnk-3,1,b1,2,b1,0
DAMIMAS_A21B_0445,train,DAMIMAS,lnk-4,2,b2,3,b5,0
DAMIMAS_A21B_0445,train,DAMIMAS,lnk-5,2,b4,3,b4,0
DAMIMAS_A21B_0445,train,DAMIMAS,lnk-6,3,b0,0,b0,0
DAMIMAS_A21B_0445,train,DAMIMAS,lnk-7,3,b1,0,b1,0
DAMIMAS_A21B_0446,train,DAMIMAS,lnk-0,0,b1,1,b0,0
DAMIMAS_A21B_0446,train,DAMIMAS,lnk-1,0,b4,1,b4,0
DAMIMAS_A21B_0446,train,DAMIMAS,lnk-2,0,b2,1,b1,0
DAMIMAS_A21B_0446,train,DAMIMAS,lnk-3,1,b1,2,b0,0
DAMIMAS_A21B_0446,train,DAMIMAS,lnk-4,1,b2,2,b1,0
DAMIMAS_A21B_0446,train,DAMIMAS,lnk-5,1,b3,2,b2,0
DAMIMAS_A21B_0446,train,DAMIMAS,lnk-6,2,b3,3,b0,0
DAMIMAS_A21B_0446,train,DAMIMAS,lnk-7,3,b3,0,b0,0
DAMIMAS_A21B_0447,train,DAMIMAS,lnk-0,0,b4,1,b2,0
DAMIMAS_A21B_0447,train,DAMIMAS,lnk-1,1,b6,2,b0,0
DAMIMAS_A21B_0447,train,DAMIMAS,lnk-2,2,b5,3,b1,0
DAMIMAS_A21B_0447,train,DAMIMAS,lnk-3,2,b4,3,b0,0
DAMIMAS_A21B_0447,train,DAMIMAS,lnk-4,3,b4,0,b0,0
DAMIMAS_A21B_0447,train,DAMIMAS,lnk-5,3,b3,0,b1,0
DAMIMAS_A21B_0448,train,DAMIMAS,lnk-0,0,b0,1,b3,0
DAMIMAS_A21B_0448,train,DAMIMAS,lnk-1,0,b1,1,b2,0
DAMIMAS_A21B_0448,train,DAMIMAS,lnk-2,1,b0,2,b0,0
DAMIMAS_A21B_0448,train,DAMIMAS,lnk-3,1,b4,2,b1,0
DAMIMAS_A21B_0448,train,DAMIMAS,lnk-4,2,b3,3,b0,0
DAMIMAS_A21B_0448,train,DAMIMAS,lnk-5,3,b3,0,b2,0
DAMIMAS_A21B_0449,test,DAMIMAS,lnk-0,0,b0,1,b0,0
DAMIMAS_A21B_0449,test,DAMIMAS,lnk-1,0,b2,1,b1,0
DAMIMAS_A21B_0449,test,DAMIMAS,lnk-2,1,b2,2,b4,0
DAMIMAS_A21B_0449,test,DAMIMAS,lnk-3,1,b3,2,b5,0
DAMIMAS_A21B_0449,test,DAMIMAS,lnk-4,2,b0,3,b4,0
DAMIMAS_A21B_0449,test,DAMIMAS,lnk-5,2,b1,3,b5,0
DAMIMAS_A21B_0449,test,DAMIMAS,lnk-6,3,b0,0,b6,0
DAMIMAS_A21B_0449,test,DAMIMAS,lnk-7,3,b2,0,b4,0
DAMIMAS_A21B_0449,test,DAMIMAS,lnk-8,3,b1,0,b3,0
DAMIMAS_A21B_0450,train,DAMIMAS,lnk-0,0,b0,1,b2,0
DAMIMAS_A21B_0450,train,DAMIMAS,lnk-1,0,b1,1,b3,0
DAMIMAS_A21B_0450,train,DAMIMAS,lnk-2,1,b0,2,b5,0
DAMIMAS_A21B_0450,train,DAMIMAS,lnk-3,1,b1,2,b3,0
DAMIMAS_A21B_0450,train,DAMIMAS,lnk-4,1,b4,2,b0,0
DAMIMAS_A21B_0450,train,DAMIMAS,lnk-5,2,b0,3,b2,0
DAMIMAS_A21B_0450,train,DAMIMAS,lnk-6,2,b1,3,b5,0
DAMIMAS_A21B_0450,train,DAMIMAS,lnk-7,3,b0,0,b3,0
DAMIMAS_A21B_0450,train,DAMIMAS,lnk-8,3,b7,0,b4,0
DAMIMAS_A21B_0451,train,DAMIMAS,lnk-0,0,b5,1,b2,0
DAMIMAS_A21B_0451,train,DAMIMAS,lnk-1,1,b2,2,b0,0
DAMIMAS_A21B_0451,train,DAMIMAS,lnk-2,0,b3,1,b0,0
DAMIMAS_A21B_0451,train,DAMIMAS,lnk-3,0,b4,1,b1,0
DAMIMAS_A21B_0451,train,DAMIMAS,lnk-4,3,b3,0,b0,0
DAMIMAS_A21B_0451,train,DAMIMAS,lnk-5,3,b2,0,b1,0
DAMIMAS_A21B_0451,train,DAMIMAS,lnk-6,2,b2,3,b0,0
DAMIMAS_A21B_0451,train,DAMIMAS,lnk-7,1,b3,2,b1,0
DAMIMAS_A21B_0452,train,DAMIMAS,lnk-0,0,b0,1,b0,0
DAMIMAS_A21B_0452,train,DAMIMAS,lnk-1,0,b3,1,b3,0
DAMIMAS_A21B_0452,train,DAMIMAS,lnk-2,3,b4,0,b5,0
DAMIMAS_A21B_0452,train,DAMIMAS,lnk-3,3,b0,0,b1,0
DAMIMAS_A21B_0452,train,DAMIMAS,lnk-4,2,b0,3,b1,0
DAMIMAS_A21B_0452,train,DAMIMAS,lnk-5,2,b4,3,b2,0
DAMIMAS_A21B_0452,train,DAMIMAS,lnk-6,1,b1,2,b1,0
DAMIMAS_A21B_0452,train,DAMIMAS,lnk-7,1,b4,2,b2,0
DAMIMAS_A21B_0453,train,DAMIMAS,lnk-0,0,b0,1,b0,0
DAMIMAS_A21B_0453,train,DAMIMAS,lnk-1,0,b3,1,b1,0
DAMIMAS_A21B_0453,train,DAMIMAS,lnk-2,0,b2,1,b2,0
DAMIMAS_A21B_0453,train,DAMIMAS,lnk-3,3,b0,0,b1,0
DAMIMAS_A21B_0453,train,DAMIMAS,lnk-4,3,b1,0,b4,0
DAMIMAS_A21B_0453,train,DAMIMAS,lnk-5,2,b2,3,b3,0
DAMIMAS_A21B_0453,train,DAMIMAS,lnk-6,2,b3,3,b2,0
DAMIMAS_A21B_0453,train,DAMIMAS,lnk-7,1,b4,2,b3,0
DAMIMAS_A21B_0453,train,DAMIMAS,lnk-8,1,b5,2,b0,0
DAMIMAS_A21B_0453,train,DAMIMAS,lnk-9,1,b3,2,b1,0
DAMIMAS_A21B_0454,train,DAMIMAS,lnk-0,0,b3,1,b0,0
DAMIMAS_A21B_0454,train,DAMIMAS,lnk-1,1,b0,2,b2,0
DAMIMAS_A21B_0454,train,DAMIMAS,lnk-2,0,b4,1,b5,0
DAMIMAS_A21B_0454,train,DAMIMAS,lnk-3,0,b5,1,b4,0
DAMIMAS_A21B_0454,train,DAMIMAS,lnk-4,0,b2,1,b3,0
DAMIMAS_A21B_0454,train,DAMIMAS,lnk-5,2,b0,3,b0,0
DAMIMAS_A21B_0454,train,DAMIMAS,lnk-6,2,b6,3,b1,0
DAMIMAS_A21B_0454,train,DAMIMAS,lnk-7,1,b2,2,b3,0
DAMIMAS_A21B_0454,train,DAMIMAS,lnk-8,1,b1,2,b1,0
DAMIMAS_A21B_0455,val,DAMIMAS,lnk-0,0,b5,1,b2,0
DAMIMAS_A21B_0455,val,DAMIMAS,lnk-1,0,b4,1,b0,0
DAMIMAS_A21B_0455,val,DAMIMAS,lnk-2,0,b3,1,b1,0
DAMIMAS_A21B_0455,val,DAMIMAS,lnk-3,3,b0,0,b0,0
DAMIMAS_A21B_0455,val,DAMIMAS,lnk-4,3,b4,0,b2,0
DAMIMAS_A21B_0455,val,DAMIMAS,lnk-5,3,b3,0,b1,0
DAMIMAS_A21B_0455,val,DAMIMAS,lnk-6,2,b4,3,b2,0
DAMIMAS_A21B_0455,val,DAMIMAS,lnk-7,2,b3,3,b1,0
DAMIMAS_A21B_0455,val,DAMIMAS,lnk-8,1,b4,2,b0,0
DAMIMAS_A21B_0456,test,DAMIMAS,lnk-0,0,b1,1,b1,0
DAMIMAS_A21B_0456,test,DAMIMAS,lnk-1,0,b3,1,b4,0
DAMIMAS_A21B_0456,test,DAMIMAS,lnk-2,3,b0,0,b0,0
DAMIMAS_A21B_0456,test,DAMIMAS,lnk-3,3,b4,0,b2,0
DAMIMAS_A21B_0456,test,DAMIMAS,lnk-4,3,b3,0,b4,0
DAMIMAS_A21B_0456,test,DAMIMAS,lnk-5,2,b4,3,b1,0
DAMIMAS_A21B_0456,test,DAMIMAS,lnk-6,2,b0,3,b2,0
DAMIMAS_A21B_0456,test,DAMIMAS,lnk-7,2,b3,3,b5,0
DAMIMAS_A21B_0456,test,DAMIMAS,lnk-8,1,b0,2,b1,0
DAMIMAS_A21B_0456,test,DAMIMAS,lnk-9,1,b3,2,b2,0
DAMIMAS_A21B_0457,train,DAMIMAS,lnk-0,0,b0,1,b0,0
DAMIMAS_A21B_0457,train,DAMIMAS,lnk-1,0,b2,1,b7,0
DAMIMAS_A21B_0457,train,DAMIMAS,lnk-2,2,b4,3,b6,0
DAMIMAS_A21B_0457,train,DAMIMAS,lnk-3,2,b5,3,b5,0
DAMIMAS_A21B_0457,train,DAMIMAS,lnk-4,2,b6,3,b0,0
DAMIMAS_A21B_0457,train,DAMIMAS,lnk-5,1,b4,2,b0,0
DAMIMAS_A21B_0457,train,DAMIMAS,lnk-6,1,b5,2,b3,0
DAMIMAS_A21B_0457,train,DAMIMAS,lnk-7,1,b3,2,b2,0
DAMIMAS_A21B_0457,train,DAMIMAS,lnk-8,3,b1,0,b1,0
DAMIMAS_A21B_0457,train,DAMIMAS,lnk-9,3,b4,0,b4,0
DAMIMAS_A21B_0458,train,DAMIMAS,lnk-0,0,b0,1,b4,0
DAMIMAS_A21B_0458,train,DAMIMAS,lnk-1,0,b5,1,b3,0
DAMIMAS_A21B_0458,train,DAMIMAS,lnk-2,3,b2,0,b2,0
DAMIMAS_A21B_0458,train,DAMIMAS,lnk-3,3,b0,0,b3,0
DAMIMAS_A21B_0458,train,DAMIMAS,lnk-4,2,b0,3,b3,0
DAMIMAS_A21B_0458,train,DAMIMAS,lnk-5,2,b1,3,b4,0
DAMIMAS_A21B_0458,train,DAMIMAS,lnk-6,2,b2,3,b1,0
DAMIMAS_A21B_0458,train,DAMIMAS,lnk-7,1,b1,2,b3,0
DAMIMAS_A21B_0458,train,DAMIMAS,lnk-8,1,b2,2,b4,0
DAMIMAS_A21B_0459,train,DAMIMAS,lnk-0,0,b0,1,b0,0
DAMIMAS_A21B_0459,train,DAMIMAS,lnk-1,3,b4,0,b0,0
DAMIMAS_A21B_0459,train,DAMIMAS,lnk-2,0,b3,1,b2,0
DAMIMAS_A21B_0459,train,DAMIMAS,lnk-3,1,b2,2,b1,0
DAMIMAS_A21B_0459,train,DAMIMAS,lnk-4,0,b2,1,b1,0
DAMIMAS_A21B_0459,train,DAMIMAS,lnk-5,3,b3,0,b1,0
DAMIMAS_A21B_0459,train,DAMIMAS,lnk-6,2,b4,3,b0,0
DAMIMAS_A21B_0459,train,DAMIMAS,lnk-7,2,b3,3,b2,0
DAMIMAS_A21B_0459,train,DAMIMAS,lnk-8,2,b2,3,b1,0
DAMIMAS_A21B_0459,train,DAMIMAS,lnk-9,1,b3,2,b0,0
DAMIMAS_A21B_0460,train,DAMIMAS,lnk-0,0,b1,1,b4,0
DAMIMAS_A21B_0460,train,DAMIMAS,lnk-1,0,b2,1,b3,0
DAMIMAS_A21B_0460,train,DAMIMAS,lnk-2,3,b6,0,b4,0
DAMIMAS_A21B_0460,train,DAMIMAS,lnk-3,3,b3,0,b3,0
DAMIMAS_A21B_0460,train,DAMIMAS,lnk-4,1,b0,2,b0,0
DAMIMAS_A21B_0460,train,DAMIMAS,lnk-5,1,b6,2,b2,0
DAMIMAS_A21B_0460,train,DAMIMAS,lnk-6,2,b2,3,b4,0
DAMIMAS_A21B_0460,train,DAMIMAS,lnk-7,1,b2,2,b4,0
DAMIMAS_A21B_0460,train,DAMIMAS,lnk-8,2,b3,3,b1,0
DAMIMAS_A21B_0460,train,DAMIMAS,lnk-9,2,b1,3,b7,0
DAMIMAS_A21B_0460,train,DAMIMAS,lnk-10,2,b5,3,b5,0
DAMIMAS_A21B_0461,val,DAMIMAS,lnk-0,0,b0,1,b2,0
DAMIMAS_A21B_0461,val,DAMIMAS,lnk-1,0,b1,1,b3,0
DAMIMAS_A21B_0461,val,DAMIMAS,lnk-2,2,b0,3,b2,0
DAMIMAS_A21B_0461,val,DAMIMAS,lnk-3,2,b1,3,b1,0
DAMIMAS_A21B_0461,val,DAMIMAS,lnk-4,1,b1,2,b3,0
DAMIMAS_A21B_0461,val,DAMIMAS,lnk-5,1,b0,2,b4,0
DAMIMAS_A21B_0461,val,DAMIMAS,lnk-6,3,b3,0,b3,0
DAMIMAS_A21B_0462,train,DAMIMAS,lnk-0,0,b1,1,b2,0
DAMIMAS_A21B_0462,train,DAMIMAS,lnk-1,0,b0,1,b3,0
DAMIMAS_A21B_0462,train,DAMIMAS,lnk-2,3,b3,0,b0,0
DAMIMAS_A21B_0462,train,DAMIMAS,lnk-3,3,b0,0,b2,0
DAMIMAS_A21B_0462,train,DAMIMAS,lnk-4,2,b0,3,b1,0
DAMIMAS_A21B_0462,train,DAMIMAS,lnk-5,2,b3,3,b2,0
DAMIMAS_A21B_0462,train,DAMIMAS,lnk-6,2,b2,3,b4,0
DAMIMAS_A21B_0462,train,DAMIMAS,lnk-7,1,b0,2,b1,0
DAMIMAS_A21B_0462,train,DAMIMAS,lnk-8,1,b1,2,b5,0
DAMIMAS_A21B_0463,train,DAMIMAS,lnk-0,0,b3,1,b0,0
DAMIMAS_A21B_0463,train,DAMIMAS,lnk-1,0,b4,1,b1,0
DAMIMAS_A21B_0463,train,DAMIMAS,lnk-2,3,b5,0,b0,0
DAMIMAS_A21B_0463,train,DAMIMAS,lnk-3,2,b3,3,b1,0
DAMIMAS_A21B_0463,train,DAMIMAS,lnk-4,2,b2,3,b2,0
DAMIMAS_A21B_0463,train,DAMIMAS,lnk-5,2,b1,3,b0,0
DAMIMAS_A21B_0463,train,DAMIMAS,lnk-6,1,b4,2,b1,0
DAMIMAS_A21B_0463,train,DAMIMAS,lnk-7,3,b4,0,b1,0
DAMIMAS_A21B_0463,train,DAMIMAS,lnk-8,1,b3,2,b0,0
DAMIMAS_A21B_0464,train,DAMIMAS,lnk-0,0,b1,1,b1,0
DAMIMAS_A21B_0464,train,DAMIMAS,lnk-1,3,b2,0,b2,0
DAMIMAS_A21B_0464,train,DAMIMAS,lnk-2,2,b1,3,b0,0
DAMIMAS_A21B_0464,train,DAMIMAS,lnk-3,2,b3,3,b1,0
DAMIMAS_A21B_0464,train,DAMIMAS,lnk-4,1,b2,2,b0,0
DAMIMAS_A21B_0464,train,DAMIMAS,lnk-5,1,b3,2,b2,0
DAMIMAS_A21B_0465,train,DAMIMAS,lnk-0,0,b0,1,b0,0
DAMIMAS_A21B_0465,train,DAMIMAS,lnk-1,3,b0,0,b1,0
DAMIMAS_A21B_0465,train,DAMIMAS,lnk-2,2,b2,3,b0,0
DAMIMAS_A21B_0465,train,DAMIMAS,lnk-3,3,b1,0,b2,0
DAMIMAS_A21B_0465,train,DAMIMAS,lnk-4,2,b0,3,b2,0
DAMIMAS_A21B_0465,train,DAMIMAS,lnk-5,1,b1,2,b0,0
DAMIMAS_A21B_0466,train,DAMIMAS,lnk-0,0,b2,1,b0,0
DAMIMAS_A21B_0466,train,DAMIMAS,lnk-1,1,b1,2,b0,0
DAMIMAS_A21B_0466,train,DAMIMAS,lnk-2,2,b1,3,b0,0
DAMIMAS_A21B_0466,train,DAMIMAS,lnk-3,3,b1,0,b1,0
DAMIMAS_A21B_0467,train,DAMIMAS,lnk-0,0,b0,1,b0,0
DAMIMAS_A21B_0467,train,DAMIMAS,lnk-1,0,b3,1,b1,0
DAMIMAS_A21B_0467,train,DAMIMAS,lnk-2,0,b4,1,b2,0
DAMIMAS_A21B_0467,train,DAMIMAS,lnk-3,3,b3,0,b1,0
DAMIMAS_A21B_0467,train,DAMIMAS,lnk-4,2,b3,3,b0,0
DAMIMAS_A21B_0467,train,DAMIMAS,lnk-5,1,b3,2,b1,0
DAMIMAS_A21B_0468,train,DAMIMAS,lnk-0,0,b2,1,b0,0
DAMIMAS_A21B_0468,train,DAMIMAS,lnk-1,0,b3,1,b3,0
DAMIMAS_A21B_0468,train,DAMIMAS,lnk-2,3,b4,0,b0,0
DAMIMAS_A21B_0468,train,DAMIMAS,lnk-3,2,b2,3,b1,0
DAMIMAS_A21B_0468,train,DAMIMAS,lnk-4,2,b3,3,b3,0
DAMIMAS_A21B_0468,train,DAMIMAS,lnk-5,1,b4,2,b1,0
DAMIMAS_A21B_0468,train,DAMIMAS,lnk-6,1,b2,2,b0,0
DAMIMAS_A21B_0469,train,DAMIMAS,lnk-0,0,b0,1,b4,0
DAMIMAS_A21B_0469,train,DAMIMAS,lnk-1,0,b2,1,b5,0
DAMIMAS_A21B_0469,train,DAMIMAS,lnk-2,3,b0,0,b5,0
DAMIMAS_A21B_0469,train,DAMIMAS,lnk-3,3,b1,0,b4,0
DAMIMAS_A21B_0469,train,DAMIMAS,lnk-4,2,b0,3,b3,0
DAMIMAS_A21B_0469,train,DAMIMAS,lnk-5,2,b3,3,b4,0
DAMIMAS_A21B_0469,train,DAMIMAS,lnk-6,1,b0,2,b1,0
DAMIMAS_A21B_0469,train,DAMIMAS,lnk-7,1,b1,2,b2,0
DAMIMAS_A21B_0470,train,DAMIMAS,lnk-0,0,b0,1,b0,0
DAMIMAS_A21B_0470,train,DAMIMAS,lnk-1,0,b3,1,b4,0
DAMIMAS_A21B_0470,train,DAMIMAS,lnk-2,3,b0,0,b1,0
DAMIMAS_A21B_0470,train,DAMIMAS,lnk-3,3,b5,0,b2,0
DAMIMAS_A21B_0470,train,DAMIMAS,lnk-4,3,b1,0,b4,0
DAMIMAS_A21B_0470,train,DAMIMAS,lnk-5,2,b2,3,b1,0
DAMIMAS_A21B_0470,train,DAMIMAS,lnk-6,2,b0,3,b4,0
DAMIMAS_A21B_0470,train,DAMIMAS,lnk-7,1,b2,2,b0,0
DAMIMAS_A21B_0470,train,DAMIMAS,lnk-8,2,b5,3,b3,0
DAMIMAS_A21B_0470,train,DAMIMAS,lnk-9,2,b1,3,b2,0
DAMIMAS_A21B_0470,train,DAMIMAS,lnk-10,1,b3,2,b3,0
DAMIMAS_A21B_0471,val,DAMIMAS,lnk-0,0,b5,1,b3,0
DAMIMAS_A21B_0471,val,DAMIMAS,lnk-1,0,b4,1,b1,0
DAMIMAS_A21B_0471,val,DAMIMAS,lnk-2,3,b6,0,b0,0
DAMIMAS_A21B_0471,val,DAMIMAS,lnk-3,3,b5,0,b2,0
DAMIMAS_A21B_0471,val,DAMIMAS,lnk-4,3,b3,0,b1,0
DAMIMAS_A21B_0471,val,DAMIMAS,lnk-5,2,b4,3,b2,0
DAMIMAS_A21B_0471,val,DAMIMAS,lnk-6,2,b5,3,b0,0
DAMIMAS_A21B_0471,val,DAMIMAS,lnk-7,1,b6,2,b0,0
DAMIMAS_A21B_0471,val,DAMIMAS,lnk-8,1,b5,2,b2,0
DAMIMAS_A21B_0471,val,DAMIMAS,lnk-9,1,b4,2,b1,0
DAMIMAS_A21B_0472,val,DAMIMAS,lnk-0,0,b0,1,b3,0
DAMIMAS_A21B_0472,val,DAMIMAS,lnk-1,0,b6,1,b0,0
DAMIMAS_A21B_0472,val,DAMIMAS,lnk-2,2,b4,3,b4,0
DAMIMAS_A21B_0472,val,DAMIMAS,lnk-3,2,b3,3,b1,0
DAMIMAS_A21B_0472,val,DAMIMAS,lnk-4,2,b0,3,b3,0
DAMIMAS_A21B_0472,val,DAMIMAS,lnk-5,1,b2,2,b1,0
DAMIMAS_A21B_0472,val,DAMIMAS,lnk-6,3,b0,0,b3,0
DAMIMAS_A21B_0472,val,DAMIMAS,lnk-7,3,b5,0,b4,0
DAMIMAS_A21B_0473,train,DAMIMAS,lnk-0,0,b1,1,b1,0
DAMIMAS_A21B_0473,train,DAMIMAS,lnk-1,3,b0,0,b0,0
DAMIMAS_A21B_0473,train,DAMIMAS,lnk-2,2,b0,3,b0,0
DAMIMAS_A21B_0473,train,DAMIMAS,lnk-3,2,b2,3,b2,0
DAMIMAS_A21B_0473,train,DAMIMAS,lnk-4,1,b0,2,b3,0
DAMIMAS_A21B_0474,train,DAMIMAS,lnk-0,0,b0,1,b0,0
DAMIMAS_A21B_0474,train,DAMIMAS,lnk-1,0,b1,1,b1,0
DAMIMAS_A21B_0474,train,DAMIMAS,lnk-2,0,b2,1,b2,0
DAMIMAS_A21B_0474,train,DAMIMAS,lnk-3,0,b4,1,b3,0
DAMIMAS_A21B_0474,train,DAMIMAS,lnk-4,1,b3,2,b4,0
DAMIMAS_A21B_0474,train,DAMIMAS,lnk-5,3,b5,0,b3,0
DAMIMAS_A21B_0474,train,DAMIMAS,lnk-6,2,b0,3,b0,0
DAMIMAS_A21B_0474,train,DAMIMAS,lnk-7,2,b1,3,b4,0
DAMIMAS_A21B_0474,train,DAMIMAS,lnk-8,1,b4,2,b3,0
DAMIMAS_A21B_0475,test,DAMIMAS,lnk-0,0,b5,1,b0,0
DAMIMAS_A21B_0475,test,DAMIMAS,lnk-1,3,b3,0,b0,0
DAMIMAS_A21B_0475,test,DAMIMAS,lnk-2,2,b3,3,b1,0
DAMIMAS_A21B_0475,test,DAMIMAS,lnk-3,2,b4,3,b2,0
DAMIMAS_A21B_0475,test,DAMIMAS,lnk-4,1,b4,2,b2,0
DAMIMAS_A21B_0475,test,DAMIMAS,lnk-5,1,b3,2,b1,0
DAMIMAS_A21B_0475,test,DAMIMAS,lnk-6,1,b2,2,b0,0
DAMIMAS_A21B_0476,train,DAMIMAS,lnk-0,0,b3,1,b1,0
DAMIMAS_A21B_0476,train,DAMIMAS,lnk-1,3,b2,0,b0,0
DAMIMAS_A21B_0476,train,DAMIMAS,lnk-2,3,b3,0,b1,0
DAMIMAS_A21B_0476,train,DAMIMAS,lnk-3,2,b0,3,b0,0
DAMIMAS_A21B_0476,train,DAMIMAS,lnk-4,2,b3,3,b4,0
DAMIMAS_A21B_0476,train,DAMIMAS,lnk-5,1,b2,2,b2,0
DAMIMAS_A21B_0477,val,DAMIMAS,lnk-0,3,b0,0,b1,0
DAMIMAS_A21B_0477,val,DAMIMAS,lnk-1,2,b0,3,b1,0
DAMIMAS_A21B_0477,val,DAMIMAS,lnk-2,2,b1,3,b2,0
DAMIMAS_A21B_0477,val,DAMIMAS,lnk-3,1,b0,2,b2,0
DAMIMAS_A21B_0477,val,DAMIMAS,lnk-4,0,b0,1,b1,0
DAMIMAS_A21B_0478,train,DAMIMAS,lnk-0,0,b1,1,b0,0
DAMIMAS_A21B_0478,train,DAMIMAS,lnk-1,1,b0,2,b4,0
DAMIMAS_A21B_0478,train,DAMIMAS,lnk-2,0,b2,1,b1,0
DAMIMAS_A21B_0478,train,DAMIMAS,lnk-3,0,b7,1,b5,0
DAMIMAS_A21B_0478,train,DAMIMAS,lnk-4,0,b3,1,b3,0
DAMIMAS_A21B_0478,train,DAMIMAS,lnk-5,3,b4,0,b4,0
DAMIMAS_A21B_0478,train,DAMIMAS,lnk-6,3,b1,0,b6,0
DAMIMAS_A21B_0478,train,DAMIMAS,lnk-7,3,b3,0,b5,0
DAMIMAS_A21B_0478,train,DAMIMAS,lnk-8,2,b0,3,b0,0
DAMIMAS_A21B_0478,train,DAMIMAS,lnk-9,2,b1,3,b5,0
DAMIMAS_A21B_0478,train,DAMIMAS,lnk-10,2,b6,3,b2,0
DAMIMAS_A21B_0478,train,DAMIMAS,lnk-11,1,b4,2,b3,0
DAMIMAS_A21B_0478,train,DAMIMAS,lnk-12,1,b2,2,b5,0
DAMIMAS_A21B_0479,val,DAMIMAS,lnk-0,0,b4,1,b0,0
DAMIMAS_A21B_0479,val,DAMIMAS,lnk-1,0,b5,1,b3,0
DAMIMAS_A21B_0479,val,DAMIMAS,lnk-2,1,b3,2,b2,0
DAMIMAS_A21B_0479,val,DAMIMAS,lnk-3,0,b3,1,b1,0
DAMIMAS_A21B_0479,val,DAMIMAS,lnk-4,0,b6,1,b2,0
DAMIMAS_A21B_0479,val,DAMIMAS,lnk-5,3,b2,0,b0,0
DAMIMAS_A21B_0479,val,DAMIMAS,lnk-6,3,b1,0,b2,0
DAMIMAS_A21B_0479,val,DAMIMAS,lnk-7,2,b4,3,b1,0
DAMIMAS_A21B_0479,val,DAMIMAS,lnk-8,3,b3,0,b1,0
DAMIMAS_A21B_0479,val,DAMIMAS,lnk-9,2,b3,3,b0,0
DAMIMAS_A21B_0479,val,DAMIMAS,lnk-10,1,b4,2,b0,0
DAMIMAS_A21B_0480,train,DAMIMAS,lnk-0,0,b4,1,b3,0
DAMIMAS_A21B_0480,train,DAMIMAS,lnk-1,3,b2,0,b0,0
DAMIMAS_A21B_0480,train,DAMIMAS,lnk-2,3,b1,0,b1,0
DAMIMAS_A21B_0480,train,DAMIMAS,lnk-3,3,b3,0,b2,0
DAMIMAS_A21B_0480,train,DAMIMAS,lnk-4,2,b3,3,b3,0
DAMIMAS_A21B_0480,train,DAMIMAS,lnk-5,2,b0,3,b0,0
DAMIMAS_A21B_0480,train,DAMIMAS,lnk-6,2,b2,3,b4,0
DAMIMAS_A21B_0480,train,DAMIMAS,lnk-7,2,b6,3,b5,0
DAMIMAS_A21B_0480,train,DAMIMAS,lnk-8,1,b2,2,b1,0
DAMIMAS_A21B_0480,train,DAMIMAS,lnk-9,1,b1,2,b4,0
DAMIMAS_A21B_0480,train,DAMIMAS,lnk-10,1,b0,2,b5,0
DAMIMAS_A21B_0481,train,DAMIMAS,lnk-0,0,b0,1,b3,0
DAMIMAS_A21B_0481,train,DAMIMAS,lnk-1,0,b1,1,b2,0
DAMIMAS_A21B_0481,train,DAMIMAS,lnk-2,1,b2,2,b2,0
DAMIMAS_A21B_0481,train,DAMIMAS,lnk-3,3,b1,0,b3,0
DAMIMAS_A21B_0481,train,DAMIMAS,lnk-4,3,b0,0,b2,0
DAMIMAS_A21B_0481,train,DAMIMAS,lnk-5,1,b0,2,b1,0
DAMIMAS_A21B_0482,train,DAMIMAS,lnk-0,0,b6,1,b0,0
DAMIMAS_A21B_0482,train,DAMIMAS,lnk-1,0,b5,1,b4,0
DAMIMAS_A21B_0482,train,DAMIMAS,lnk-2,0,b4,1,b3,0
DAMIMAS_A21B_0482,train,DAMIMAS,lnk-3,3,b0,0,b0,0
DAMIMAS_A21B_0482,train,DAMIMAS,lnk-4,3,b2,0,b2,0
DAMIMAS_A21B_0482,train,DAMIMAS,lnk-5,3,b3,0,b1,0
DAMIMAS_A21B_0482,train,DAMIMAS,lnk-6,3,b6,0,b3,0
DAMIMAS_A21B_0482,train,DAMIMAS,lnk-7,2,b1,3,b4,0
DAMIMAS_A21B_0482,train,DAMIMAS,lnk-8,1,b1,2,b0,0
DAMIMAS_A21B_0482,train,DAMIMAS,lnk-9,1,b2,2,b2,0
DAMIMAS_A21B_0483,train,DAMIMAS,lnk-0,0,b0,1,b0,0
DAMIMAS_A21B_0483,train,DAMIMAS,lnk-1,0,b6,1,b1,0
DAMIMAS_A21B_0483,train,DAMIMAS,lnk-2,3,b2,0,b2,0
DAMIMAS_A21B_0483,train,DAMIMAS,lnk-3,3,b3,0,b3,0
DAMIMAS_A21B_0483,train,DAMIMAS,lnk-4,2,b2,3,b1,0
DAMIMAS_A21B_0483,train,DAMIMAS,lnk-5,2,b1,3,b0,0
DAMIMAS_A21B_0483,train,DAMIMAS,lnk-6,1,b4,2,b1,0
DAMIMAS_A21B_0483,train,DAMIMAS,lnk-7,1,b5,2,b0,0
DAMIMAS_A21B_0484,train,DAMIMAS,lnk-0,0,b0,1,b2,0
DAMIMAS_A21B_0484,train,DAMIMAS,lnk-1,3,b0,0,b0,0
DAMIMAS_A21B_0484,train,DAMIMAS,lnk-2,0,b3,1,b3,0
DAMIMAS_A21B_0484,train,DAMIMAS,lnk-3,3,b2,0,b1,0
DAMIMAS_A21B_0484,train,DAMIMAS,lnk-4,2,b1,3,b1,0
DAMIMAS_A21B_0484,train,DAMIMAS,lnk-5,2,b4,3,b3,0
DAMIMAS_A21B_0484,train,DAMIMAS,lnk-6,1,b0,2,b0,0
DAMIMAS_A21B_0484,train,DAMIMAS,lnk-7,1,b4,2,b3,0
DAMIMAS_A21B_0485,val,DAMIMAS,lnk-0,0,b0,1,b0,0
DAMIMAS_A21B_0485,val,DAMIMAS,lnk-1,0,b2,1,b2,0
DAMIMAS_A21B_0485,val,DAMIMAS,lnk-2,3,b4,0,b2,0
DAMIMAS_A21B_0485,val,DAMIMAS,lnk-3,3,b5,0,b1,0
DAMIMAS_A21B_0485,val,DAMIMAS,lnk-4,2,b0,3,b1,0
DAMIMAS_A21B_0485,val,DAMIMAS,lnk-5,1,b4,2,b0,0
DAMIMAS_A21B_0485,val,DAMIMAS,lnk-6,2,b1,3,b2,0
DAMIMAS_A21B_0485,val,DAMIMAS,lnk-7,2,b3,3,b3,0
DAMIMAS_A21B_0485,val,DAMIMAS,lnk-8,1,b3,2,b4,0
DAMIMAS_A21B_0485,val,DAMIMAS,lnk-9,1,b1,2,b5,0
DAMIMAS_A21B_0486,train,DAMIMAS,lnk-0,0,b4,1,b0,0
DAMIMAS_A21B_0486,train,DAMIMAS,lnk-1,1,b0,2,b0,0
DAMIMAS_A21B_0486,train,DAMIMAS,lnk-2,0,b1,1,b1,0
DAMIMAS_A21B_0486,train,DAMIMAS,lnk-3,0,b2,1,b4,0
DAMIMAS_A21B_0486,train,DAMIMAS,lnk-4,3,b2,0,b2,0
DAMIMAS_A21B_0486,train,DAMIMAS,lnk-5,2,b4,3,b2,0
DAMIMAS_A21B_0486,train,DAMIMAS,lnk-6,3,b1,0,b0,0
DAMIMAS_A21B_0486,train,DAMIMAS,lnk-7,2,b5,3,b1,0
DAMIMAS_A21B_0486,train,DAMIMAS,lnk-8,3,b0,0,b3,0
DAMIMAS_A21B_0486,train,DAMIMAS,lnk-9,2,b2,3,b0,0
DAMIMAS_A21B_0486,train,DAMIMAS,lnk-10,1,b5,2,b1,0
DAMIMAS_A21B_0486,train,DAMIMAS,lnk-11,2,b3,3,b3,0
DAMIMAS_A21B_0486,train,DAMIMAS,lnk-12,1,b2,2,b6,0
DAMIMAS_A21B_0487,train,DAMIMAS,lnk-0,0,b4,1,b2,0
DAMIMAS_A21B_0487,train,DAMIMAS,lnk-1,1,b2,2,b0,0
DAMIMAS_A21B_0487,train,DAMIMAS,lnk-2,0,b3,1,b1,0
DAMIMAS_A21B_0487,train,DAMIMAS,lnk-3,0,b2,1,b0,0
DAMIMAS_A21B_0487,train,DAMIMAS,lnk-4,3,b3,0,b1,0
DAMIMAS_A21B_0487,train,DAMIMAS,lnk-5,3,b2,0,b0,0
DAMIMAS_A21B_0487,train,DAMIMAS,lnk-6,2,b4,3,b1,0
DAMIMAS_A21B_0487,train,DAMIMAS,lnk-7,2,b3,3,b0,0
DAMIMAS_A21B_0487,train,DAMIMAS,lnk-8,1,b4,2,b3,0
DAMIMAS_A21B_0487,train,DAMIMAS,lnk-9,1,b5,2,b1,0
DAMIMAS_A21B_0487,train,DAMIMAS,lnk-10,1,b3,2,b2,0
DAMIMAS_A21B_0488,train,DAMIMAS,lnk-0,0,b1,1,b0,0
DAMIMAS_A21B_0488,train,DAMIMAS,lnk-1,0,b3,1,b2,0
DAMIMAS_A21B_0488,train,DAMIMAS,lnk-2,3,b1,0,b0,0
DAMIMAS_A21B_0488,train,DAMIMAS,lnk-3,3,b0,0,b2,0
DAMIMAS_A21B_0488,train,DAMIMAS,lnk-4,2,b0,3,b0,0
DAMIMAS_A21B_0488,train,DAMIMAS,lnk-5,2,b3,3,b4,0
DAMIMAS_A21B_0488,train,DAMIMAS,lnk-6,2,b1,3,b3,0
DAMIMAS_A21B_0489,val,DAMIMAS,lnk-0,0,b5,1,b1,0
DAMIMAS_A21B_0489,val,DAMIMAS,lnk-1,0,b0,1,b3,0
DAMIMAS_A21B_0489,val,DAMIMAS,lnk-2,0,b4,1,b2,0
DAMIMAS_A21B_0489,val,DAMIMAS,lnk-3,3,b0,0,b2,0
DAMIMAS_A21B_0489,val,DAMIMAS,lnk-4,3,b1,0,b3,0
DAMIMAS_A21B_0489,val,DAMIMAS,lnk-5,2,b0,3,b2,0
DAMIMAS_A21B_0489,val,DAMIMAS,lnk-6,2,b1,3,b3,0
DAMIMAS_A21B_0489,val,DAMIMAS,lnk-7,1,b4,2,b1,0
DAMIMAS_A21B_0489,val,DAMIMAS,lnk-8,1,b0,2,b2,0
DAMIMAS_A21B_0489,val,DAMIMAS,lnk-9,1,b5,2,b3,0
DAMIMAS_A21B_0490,test,DAMIMAS,lnk-0,0,b1,1,b0,0
DAMIMAS_A21B_0490,test,DAMIMAS,lnk-1,0,b2,1,b5,0
DAMIMAS_A21B_0490,test,DAMIMAS,lnk-2,3,b5,0,b4,0
DAMIMAS_A21B_0490,test,DAMIMAS,lnk-3,3,b4,0,b5,0
DAMIMAS_A21B_0490,test,DAMIMAS,lnk-4,3,b6,0,b3,0
DAMIMAS_A21B_0490,test,DAMIMAS,lnk-5,3,b0,0,b0,0
DAMIMAS_A21B_0490,test,DAMIMAS,lnk-6,2,b3,3,b2,0
DAMIMAS_A21B_0490,test,DAMIMAS,lnk-7,2,b0,3,b1,0
DAMIMAS_A21B_0490,test,DAMIMAS,lnk-8,1,b1,2,b0,0
DAMIMAS_A21B_0490,test,DAMIMAS,lnk-9,2,b2,3,b3,0
DAMIMAS_A21B_0490,test,DAMIMAS,lnk-10,1,b4,2,b1,0
DAMIMAS_A21B_0490,test,DAMIMAS,lnk-11,1,b2,2,b4,0
DAMIMAS_A21B_0490,test,DAMIMAS,lnk-12,1,b3,2,b5,0
DAMIMAS_A21B_0491,train,DAMIMAS,lnk-0,0,b0,1,b1,0
DAMIMAS_A21B_0491,train,DAMIMAS,lnk-1,0,b1,1,b2,0
DAMIMAS_A21B_0491,train,DAMIMAS,lnk-2,3,b4,0,b2,0
DAMIMAS_A21B_0491,train,DAMIMAS,lnk-3,2,b4,3,b0,0
DAMIMAS_A21B_0491,train,DAMIMAS,lnk-4,2,b3,3,b1,0
DAMIMAS_A21B_0491,train,DAMIMAS,lnk-5,1,b0,2,b0,0
DAMIMAS_A21B_0491,train,DAMIMAS,lnk-6,1,b4,2,b1,0
DAMIMAS_A21B_0491,train,DAMIMAS,lnk-7,1,b3,2,b2,0
DAMIMAS_A21B_0492,test,DAMIMAS,lnk-0,0,b2,1,b3,0
DAMIMAS_A21B_0492,test,DAMIMAS,lnk-1,3,b0,0,b0,0
DAMIMAS_A21B_0492,test,DAMIMAS,lnk-2,2,b1,3,b1,0
DAMIMAS_A21B_0492,test,DAMIMAS,lnk-3,2,b5,3,b2,0
DAMIMAS_A21B_0492,test,DAMIMAS,lnk-4,1,b1,2,b2,0
DAMIMAS_A21B_0492,test,DAMIMAS,lnk-5,1,b4,2,b4,0
DAMIMAS_A21B_0493,train,DAMIMAS,lnk-0,0,b0,1,b0,0
DAMIMAS_A21B_0493,train,DAMIMAS,lnk-1,0,b4,1,b1,0
DAMIMAS_A21B_0493,train,DAMIMAS,lnk-2,0,b1,1,b4,0
DAMIMAS_A21B_0493,train,DAMIMAS,lnk-3,3,b3,0,b2,0
DAMIMAS_A21B_0493,train,DAMIMAS,lnk-4,2,b2,3,b0,0
DAMIMAS_A21B_0493,train,DAMIMAS,lnk-5,2,b0,3,b1,0
DAMIMAS_A21B_0493,train,DAMIMAS,lnk-6,2,b1,3,b4,0
DAMIMAS_A21B_0493,train,DAMIMAS,lnk-7,1,b2,2,b1,0
DAMIMAS_A21B_0493,train,DAMIMAS,lnk-8,1,b3,2,b3,0
DAMIMAS_A21B_0494,train,DAMIMAS,lnk-0,0,b0,1,b2,0
DAMIMAS_A21B_0494,train,DAMIMAS,lnk-1,3,b0,0,b3,0
DAMIMAS_A21B_0494,train,DAMIMAS,lnk-2,3,b3,0,b5,0
DAMIMAS_A21B_0494,train,DAMIMAS,lnk-3,2,b5,3,b1,0
DAMIMAS_A21B_0494,train,DAMIMAS,lnk-4,2,b4,3,b6,0
DAMIMAS_A21B_0494,train,DAMIMAS,lnk-5,1,b5,2,b3,0
DAMIMAS_A21B_0494,train,DAMIMAS,lnk-6,1,b4,2,b1,0
DAMIMAS_A21B_0494,train,DAMIMAS,lnk-7,1,b0,2,b0,0
DAMIMAS_A21B_0495,train,DAMIMAS,lnk-0,0,b3,1,b1,0
DAMIMAS_A21B_0495,train,DAMIMAS,lnk-1,0,b2,1,b0,0
DAMIMAS_A21B_0495,train,DAMIMAS,lnk-2,3,b2,0,b1,0
DAMIMAS_A21B_0495,train,DAMIMAS,lnk-3,3,b1,0,b0,0
DAMIMAS_A21B_0495,train,DAMIMAS,lnk-4,2,b0,3,b0,0
DAMIMAS_A21B_0495,train,DAMIMAS,lnk-5,2,b1,3,b4,0
DAMIMAS_A21B_0495,train,DAMIMAS,lnk-6,1,b3,2,b4,0
DAMIMAS_A21B_0495,train,DAMIMAS,lnk-7,1,b2,2,b3,0
DAMIMAS_A21B_0496,train,DAMIMAS,lnk-0,0,b2,1,b1,0
DAMIMAS_A21B_0496,train,DAMIMAS,lnk-1,0,b3,1,b3,0
DAMIMAS_A21B_0496,train,DAMIMAS,lnk-2,3,b0,0,b0,0
DAMIMAS_A21B_0496,train,DAMIMAS,lnk-3,2,b2,3,b1,0
DAMIMAS_A21B_0496,train,DAMIMAS,lnk-4,2,b5,3,b3,0
DAMIMAS_A21B_0496,train,DAMIMAS,lnk-5,2,b4,3,b4,0
DAMIMAS_A21B_0496,train,DAMIMAS,lnk-6,1,b2,2,b1,0
DAMIMAS_A21B_0497,test,DAMIMAS,lnk-0,0,b2,1,b5,0
DAMIMAS_A21B_0497,test,DAMIMAS,lnk-1,0,b6,1,b4,0
DAMIMAS_A21B_0497,test,DAMIMAS,lnk-2,3,b0,0,b0,0
DAMIMAS_A21B_0497,test,DAMIMAS,lnk-3,3,b5,0,b4,0
DAMIMAS_A21B_0497,test,DAMIMAS,lnk-4,3,b4,0,b3,0
DAMIMAS_A21B_0497,test,DAMIMAS,lnk-5,2,b2,3,b6,0
DAMIMAS_A21B_0497,test,DAMIMAS,lnk-6,1,b0,2,b4,0
DAMIMAS_A21B_0497,test,DAMIMAS,lnk-7,1,b1,2,b1,0
DAMIMAS_A21B_0498,train,DAMIMAS,lnk-0,0,b0,1,b0,0
DAMIMAS_A21B_0498,train,DAMIMAS,lnk-1,0,b4,1,b3,0
DAMIMAS_A21B_0498,train,DAMIMAS,lnk-2,0,b3,1,b4,0
DAMIMAS_A21B_0498,train,DAMIMAS,lnk-3,0,b2,1,b5,0
DAMIMAS_A21B_0498,train,DAMIMAS,lnk-4,3,b4,0,b2,0
DAMIMAS_A21B_0498,train,DAMIMAS,lnk-5,3,b3,0,b5,0
DAMIMAS_A21B_0498,train,DAMIMAS,lnk-6,3,b5,0,b6,0
DAMIMAS_A21B_0498,train,DAMIMAS,lnk-7,2,b6,3,b0,0
DAMIMAS_A21B_0498,train,DAMIMAS,lnk-8,2,b3,3,b1,0
DAMIMAS_A21B_0498,train,DAMIMAS,lnk-9,1,b2,2,b0,0
DAMIMAS_A21B_0498,train,DAMIMAS,lnk-10,1,b6,2,b2,0
DAMIMAS_A21B_0499,train,DAMIMAS,lnk-0,0,b3,1,b0,0
DAMIMAS_A21B_0499,train,DAMIMAS,lnk-1,1,b0,2,b4,0
DAMIMAS_A21B_0499,train,DAMIMAS,lnk-2,0,b2,1,b1,0
DAMIMAS_A21B_0499,train,DAMIMAS,lnk-3,0,b1,1,b3,0
DAMIMAS_A21B_0499,train,DAMIMAS,lnk-4,0,b4,1,b2,0
DAMIMAS_A21B_0499,train,DAMIMAS,lnk-5,3,b0,0,b0,0
DAMIMAS_A21B_0499,train,DAMIMAS,lnk-6,3,b5,0,b5,0
DAMIMAS_A21B_0499,train,DAMIMAS,lnk-7,2,b3,3,b2,0
DAMIMAS_A21B_0499,train,DAMIMAS,lnk-8,2,b1,3,b3,0
DAMIMAS_A21B_0499,train,DAMIMAS,lnk-9,2,b2,3,b1,0
DAMIMAS_A21B_0499,train,DAMIMAS,lnk-10,1,b5,2,b0,0
DAMIMAS_A21B_0500,train,DAMIMAS,lnk-0,0,b0,1,b2,0
DAMIMAS_A21B_0500,train,DAMIMAS,lnk-1,0,b3,1,b0,0
DAMIMAS_A21B_0500,train,DAMIMAS,lnk-2,3,b0,0,b1,0
DAMIMAS_A21B_0500,train,DAMIMAS,lnk-3,3,b4,0,b2,0
DAMIMAS_A21B_0500,train,DAMIMAS,lnk-4,3,b1,0,b4,0
DAMIMAS_A21B_0500,train,DAMIMAS,lnk-5,2,b4,3,b2,0
DAMIMAS_A21B_0500,train,DAMIMAS,lnk-6,2,b1,3,b3,0
DAMIMAS_A21B_0500,train,DAMIMAS,lnk-7,1,b1,2,b0,0
DAMIMAS_A21B_0501,train,DAMIMAS,lnk-0,0,b0,1,b1,0
DAMIMAS_A21B_0501,train,DAMIMAS,lnk-1,1,b1,2,b2,0
DAMIMAS_A21B_0501,train,DAMIMAS,lnk-2,0,b2,1,b4,0
DAMIMAS_A21B_0501,train,DAMIMAS,lnk-3,0,b3,1,b6,0
DAMIMAS_A21B_0501,train,DAMIMAS,lnk-4,0,b5,1,b5,0
DAMIMAS_A21B_0501,train,DAMIMAS,lnk-5,3,b0,0,b1,0
DAMIMAS_A21B_0501,train,DAMIMAS,lnk-6,3,b1,0,b4,0
DAMIMAS_A21B_0501,train,DAMIMAS,lnk-7,3,b2,0,b6,0
DAMIMAS_A21B_0501,train,DAMIMAS,lnk-8,2,b4,3,b2,0
DAMIMAS_A21B_0501,train,DAMIMAS,lnk-9,2,b5,3,b3,0
DAMIMAS_A21B_0501,train,DAMIMAS,lnk-10,2,b3,3,b4,0
DAMIMAS_A21B_0501,train,DAMIMAS,lnk-11,1,b0,2,b0,0
DAMIMAS_A21B_0501,train,DAMIMAS,lnk-12,1,b2,2,b1,0
DAMIMAS_A21B_0502,train,DAMIMAS,lnk-0,0,b0,1,b2,0
DAMIMAS_A21B_0502,train,DAMIMAS,lnk-1,3,b0,0,b0,0
DAMIMAS_A21B_0502,train,DAMIMAS,lnk-2,0,b3,1,b0,0
DAMIMAS_A21B_0502,train,DAMIMAS,lnk-3,0,b4,1,b5,0
DAMIMAS_A21B_0502,train,DAMIMAS,lnk-4,0,b6,1,b4,0
DAMIMAS_A21B_0502,train,DAMIMAS,lnk-5,3,b5,0,b6,0
DAMIMAS_A21B_0502,train,DAMIMAS,lnk-6,3,b4,0,b5,0
DAMIMAS_A21B_0502,train,DAMIMAS,lnk-7,3,b3,0,b2,0
DAMIMAS_A21B_0502,train,DAMIMAS,lnk-8,3,b1,0,b1,0
DAMIMAS_A21B_0502,train,DAMIMAS,lnk-9,2,b5,3,b2,0
DAMIMAS_A21B_0502,train,DAMIMAS,lnk-10,2,b4,3,b6,0
DAMIMAS_A21B_0502,train,DAMIMAS,lnk-11,1,b3,2,b0,0
DAMIMAS_A21B_0502,train,DAMIMAS,lnk-12,1,b6,2,b2,0
DAMIMAS_A21B_0502,train,DAMIMAS,lnk-13,1,b1,2,b1,0
DAMIMAS_A21B_0503,train,DAMIMAS,lnk-0,0,b2,1,b0,0
DAMIMAS_A21B_0503,train,DAMIMAS,lnk-1,0,b1,1,b1,0
DAMIMAS_A21B_0503,train,DAMIMAS,lnk-2,3,b6,0,b1,0
DAMIMAS_A21B_0503,train,DAMIMAS,lnk-3,0,b3,1,b2,0
DAMIMAS_A21B_0503,train,DAMIMAS,lnk-4,0,b4,1,b3,0
DAMIMAS_A21B_0503,train,DAMIMAS,lnk-5,3,b5,0,b5,0
DAMIMAS_A21B_0503,train,DAMIMAS,lnk-6,3,b4,0,b6,0
DAMIMAS_A21B_0503,train,DAMIMAS,lnk-7,2,b5,3,b1,0
DAMIMAS_A21B_0503,train,DAMIMAS,lnk-8,2,b2,3,b0,0
DAMIMAS_A21B_0503,train,DAMIMAS,lnk-9,1,b6,2,b2,0
DAMIMAS_A21B_0503,train,DAMIMAS,lnk-10,2,b3,3,b3,0
DAMIMAS_A21B_0503,train,DAMIMAS,lnk-11,1,b5,2,b1,0
DAMIMAS_A21B_0503,train,DAMIMAS,lnk-12,1,b4,2,b0,0
DAMIMAS_A21B_0504,val,DAMIMAS,lnk-0,0,b4,1,b1,0
DAMIMAS_A21B_0504,val,DAMIMAS,lnk-1,1,b1,2,b5,0
DAMIMAS_A21B_0504,val,DAMIMAS,lnk-2,0,b1,1,b4,0
DAMIMAS_A21B_0504,val,DAMIMAS,lnk-3,0,b0,1,b0,0
DAMIMAS_A21B_0504,val,DAMIMAS,lnk-4,3,b5,0,b2,0
DAMIMAS_A21B_0504,val,DAMIMAS,lnk-5,3,b4,0,b3,0
DAMIMAS_A21B_0504,val,DAMIMAS,lnk-6,2,b3,3,b2,0
DAMIMAS_A21B_0504,val,DAMIMAS,lnk-7,2,b0,3,b0,0
DAMIMAS_A21B_0504,val,DAMIMAS,lnk-8,2,b4,3,b3,0
DAMIMAS_A21B_0504,val,DAMIMAS,lnk-9,1,b3,2,b2,0
DAMIMAS_A21B_0504,val,DAMIMAS,lnk-10,1,b2,2,b1,0
DAMIMAS_A21B_0505,test,DAMIMAS,lnk-0,0,b3,1,b1,0
DAMIMAS_A21B_0505,test,DAMIMAS,lnk-1,0,b5,1,b0,0
DAMIMAS_A21B_0505,test,DAMIMAS,lnk-2,0,b4,1,b2,0
DAMIMAS_A21B_0505,test,DAMIMAS,lnk-3,3,b4,0,b0,0
DAMIMAS_A21B_0505,test,DAMIMAS,lnk-4,3,b3,0,b1,0
DAMIMAS_A21B_0505,test,DAMIMAS,lnk-5,2,b0,3,b0,0
DAMIMAS_A21B_0505,test,DAMIMAS,lnk-6,2,b1,3,b1,0
DAMIMAS_A21B_0505,test,DAMIMAS,lnk-7,1,b3,2,b4,0
DAMIMAS_A21B_0505,test,DAMIMAS,lnk-8,1,b4,2,b3,0
DAMIMAS_A21B_0506,train,DAMIMAS,lnk-0,0,b4,1,b0,0
DAMIMAS_A21B_0506,train,DAMIMAS,lnk-1,1,b0,2,b0,0
DAMIMAS_A21B_0506,train,DAMIMAS,lnk-2,0,b3,1,b4,0
DAMIMAS_A21B_0506,train,DAMIMAS,lnk-3,0,b6,1,b6,0
DAMIMAS_A21B_0506,train,DAMIMAS,lnk-4,0,b5,1,b7,0
DAMIMAS_A21B_0506,train,DAMIMAS,lnk-5,0,b1,1,b3,0
DAMIMAS_A21B_0506,train,DAMIMAS,lnk-6,3,b0,0,b0,0
DAMIMAS_A21B_0506,train,DAMIMAS,lnk-7,3,b3,0,b2,0
DAMIMAS_A21B_0506,train,DAMIMAS,lnk-8,3,b4,0,b8,0
DAMIMAS_A21B_0506,train,DAMIMAS,lnk-9,2,b1,3,b2,0
DAMIMAS_A21B_0506,train,DAMIMAS,lnk-10,2,b6,3,b5,0
DAMIMAS_A21B_0506,train,DAMIMAS,lnk-11,2,b7,3,b6,0
DAMIMAS_A21B_0506,train,DAMIMAS,lnk-12,1,b2,2,b3,0
DAMIMAS_A21B_0506,train,DAMIMAS,lnk-13,1,b1,2,b5,0
DAMIMAS_A21B_0506,train,DAMIMAS,lnk-14,1,b5,2,b4,0
DAMIMAS_A21B_0507,train,DAMIMAS,lnk-0,0,b3,1,b0,0
DAMIMAS_A21B_0507,train,DAMIMAS,lnk-1,0,b2,1,b1,0
DAMIMAS_A21B_0507,train,DAMIMAS,lnk-2,3,b3,0,b1,0
DAMIMAS_A21B_0507,train,DAMIMAS,lnk-3,3,b2,0,b0,0
DAMIMAS_A21B_0507,train,DAMIMAS,lnk-4,2,b2,3,b1,0
DAMIMAS_A21B_0507,train,DAMIMAS,lnk-5,2,b0,3,b0,0
DAMIMAS_A21B_0507,train,DAMIMAS,lnk-6,1,b3,2,b3,0
DAMIMAS_A21B_0507,train,DAMIMAS,lnk-7,1,b2,2,b4,0
DAMIMAS_A21B_0508,train,DAMIMAS,lnk-0,0,b2,1,b0,0
DAMIMAS_A21B_0508,train,DAMIMAS,lnk-1,0,b3,1,b3,0
DAMIMAS_A21B_0508,train,DAMIMAS,lnk-2,0,b5,1,b2,0
DAMIMAS_A21B_0508,train,DAMIMAS,lnk-3,3,b0,0,b1,0
DAMIMAS_A21B_0508,train,DAMIMAS,lnk-4,3,b1,0,b4,0
DAMIMAS_A21B_0508,train,DAMIMAS,lnk-5,3,b3,0,b6,0
DAMIMAS_A21B_0508,train,DAMIMAS,lnk-6,2,b1,3,b2,0
DAMIMAS_A21B_0508,train,DAMIMAS,lnk-7,1,b1,2,b4,0
DAMIMAS_A21B_0509,train,DAMIMAS,lnk-0,0,b1,1,b2,0
DAMIMAS_A21B_0509,train,DAMIMAS,lnk-1,0,b2,1,b0,0
DAMIMAS_A21B_0509,train,DAMIMAS,lnk-2,3,b2,0,b0,0
DAMIMAS_A21B_0509,train,DAMIMAS,lnk-3,2,b2,3,b3,0
DAMIMAS_A21B_0509,train,DAMIMAS,lnk-4,2,b3,3,b1,0
DAMIMAS_A21B_0509,train,DAMIMAS,lnk-5,1,b3,2,b0,0
DAMIMAS_A21B_0509,train,DAMIMAS,lnk-6,1,b4,2,b1,0
DAMIMAS_A21B_0510,test,DAMIMAS,lnk-0,0,b3,1,b3,0
DAMIMAS_A21B_0510,test,DAMIMAS,lnk-1,0,b0,1,b4,0
DAMIMAS_A21B_0510,test,DAMIMAS,lnk-2,3,b3,0,b0,0
DAMIMAS_A21B_0510,test,DAMIMAS,lnk-3,3,b2,0,b2,0
DAMIMAS_A21B_0510,test,DAMIMAS,lnk-4,3,b4,0,b1,0
DAMIMAS_A21B_0510,test,DAMIMAS,lnk-5,2,b2,3,b5,0
DAMIMAS_A21B_0510,test,DAMIMAS,lnk-6,2,b1,3,b0,0
DAMIMAS_A21B_0510,test,DAMIMAS,lnk-7,2,b4,3,b1,0
DAMIMAS_A21B_0510,test,DAMIMAS,lnk-8,1,b1,2,b0,0
DAMIMAS_A21B_0510,test,DAMIMAS,lnk-9,1,b2,2,b3,0
DAMIMAS_A21B_0510,test,DAMIMAS,lnk-10,1,b0,2,b6,0
DAMIMAS_A21B_0511,train,DAMIMAS,lnk-0,0,b5,1,b1,0
DAMIMAS_A21B_0511,train,DAMIMAS,lnk-1,0,b4,1,b2,0
DAMIMAS_A21B_0511,train,DAMIMAS,lnk-2,3,b0,0,b0,0
DAMIMAS_A21B_0511,train,DAMIMAS,lnk-3,2,b5,3,b0,0
DAMIMAS_A21B_0511,train,DAMIMAS,lnk-4,3,b1,0,b1,0
DAMIMAS_A21B_0511,train,DAMIMAS,lnk-5,3,b4,0,b2,0
DAMIMAS_A21B_0511,train,DAMIMAS,lnk-6,2,b3,3,b4,0
DAMIMAS_A21B_0511,train,DAMIMAS,lnk-7,2,b4,3,b2,0
DAMIMAS_A21B_0511,train,DAMIMAS,lnk-8,2,b1,3,b3,0
DAMIMAS_A21B_0511,train,DAMIMAS,lnk-9,1,b0,2,b0,0
DAMIMAS_A21B_0511,train,DAMIMAS,lnk-10,1,b4,2,b2,0
DAMIMAS_A21B_0512,val,DAMIMAS,lnk-0,0,b2,1,b0,0
DAMIMAS_A21B_0512,val,DAMIMAS,lnk-1,0,b3,1,b4,0
DAMIMAS_A21B_0512,val,DAMIMAS,lnk-2,0,b6,1,b5,0
DAMIMAS_A21B_0512,val,DAMIMAS,lnk-3,3,b5,0,b1,0
DAMIMAS_A21B_0512,val,DAMIMAS,lnk-4,3,b0,0,b0,0
DAMIMAS_A21B_0512,val,DAMIMAS,lnk-5,2,b4,3,b0,0
DAMIMAS_A21B_0512,val,DAMIMAS,lnk-6,3,b2,0,b4,0
DAMIMAS_A21B_0512,val,DAMIMAS,lnk-7,3,b1,0,b5,0
DAMIMAS_A21B_0512,val,DAMIMAS,lnk-8,2,b0,3,b3,0
DAMIMAS_A21B_0512,val,DAMIMAS,lnk-9,2,b5,3,b4,0
DAMIMAS_A21B_0512,val,DAMIMAS,lnk-10,1,b2,2,b2,0
DAMIMAS_A21B_0512,val,DAMIMAS,lnk-11,1,b1,2,b3,0
DAMIMAS_A21B_0513,train,DAMIMAS,lnk-0,0,b2,1,b1,0
DAMIMAS_A21B_0513,train,DAMIMAS,lnk-1,0,b1,1,b3,0
DAMIMAS_A21B_0513,train,DAMIMAS,lnk-2,3,b0,0,b0,0
DAMIMAS_A21B_0513,train,DAMIMAS,lnk-3,2,b2,3,b1,0
DAMIMAS_A21B_0513,train,DAMIMAS,lnk-4,1,b2,2,b0,0
DAMIMAS_A21B_0513,train,DAMIMAS,lnk-5,1,b0,2,b1,0
DAMIMAS_A21B_0514,train,DAMIMAS,lnk-0,0,b3,1,b2,0
DAMIMAS_A21B_0514,train,DAMIMAS,lnk-1,0,b2,1,b0,0
DAMIMAS_A21B_0514,train,DAMIMAS,lnk-2,3,b1,0,b0,0
DAMIMAS_A21B_0514,train,DAMIMAS,lnk-3,3,b2,0,b4,0
DAMIMAS_A21B_0514,train,DAMIMAS,lnk-4,3,b0,0,b5,0
DAMIMAS_A21B_0514,train,DAMIMAS,lnk-5,2,b2,3,b3,0
DAMIMAS_A21B_0514,train,DAMIMAS,lnk-6,2,b1,3,b4,0
DAMIMAS_A21B_0514,train,DAMIMAS,lnk-7,1,b3,2,b0,0
DAMIMAS_A21B_0515,train,DAMIMAS,lnk-0,0,b4,1,b3,0
DAMIMAS_A21B_0515,train,DAMIMAS,lnk-1,0,b2,1,b4,0
DAMIMAS_A21B_0515,train,DAMIMAS,lnk-2,0,b3,1,b5,0
DAMIMAS_A21B_0515,train,DAMIMAS,lnk-3,3,b4,0,b0,0
DAMIMAS_A21B_0515,train,DAMIMAS,lnk-4,3,b3,0,b1,0
DAMIMAS_A21B_0515,train,DAMIMAS,lnk-5,2,b7,3,b0,0
DAMIMAS_A21B_0515,train,DAMIMAS,lnk-6,2,b6,3,b2,0
DAMIMAS_A21B_0515,train,DAMIMAS,lnk-7,2,b5,3,b1,0
DAMIMAS_A21B_0515,train,DAMIMAS,lnk-8,1,b0,2,b0,0
DAMIMAS_A21B_0515,train,DAMIMAS,lnk-9,1,b1,2,b1,0
DAMIMAS_A21B_0515,train,DAMIMAS,lnk-10,1,b2,2,b2,0
DAMIMAS_A21B_0516,val,DAMIMAS,lnk-0,0,b0,1,b0,0
DAMIMAS_A21B_0516,val,DAMIMAS,lnk-1,0,b2,1,b3,0
DAMIMAS_A21B_0516,val,DAMIMAS,lnk-2,3,b2,0,b1,0
DAMIMAS_A21B_0516,val,DAMIMAS,lnk-3,2,b3,3,b0,0
DAMIMAS_A21B_0516,val,DAMIMAS,lnk-4,2,b0,3,b1,0
DAMIMAS_A21B_0516,val,DAMIMAS,lnk-5,1,b2,2,b2,0
DAMIMAS_A21B_0516,val,DAMIMAS,lnk-6,1,b1,2,b1,0
DAMIMAS_A21B_0517,train,DAMIMAS,lnk-0,0,b5,1,b1,0
DAMIMAS_A21B_0517,train,DAMIMAS,lnk-1,0,b0,1,b3,0
DAMIMAS_A21B_0517,train,DAMIMAS,lnk-2,3,b0,0,b1,0
DAMIMAS_A21B_0517,train,DAMIMAS,lnk-3,3,b2,0,b3,0
DAMIMAS_A21B_0517,train,DAMIMAS,lnk-4,2,b2,3,b1,0
DAMIMAS_A21B_0517,train,DAMIMAS,lnk-5,2,b1,3,b3,0
DAMIMAS_A21B_0517,train,DAMIMAS,lnk-6,2,b0,3,b4,0
DAMIMAS_A21B_0517,train,DAMIMAS,lnk-7,1,b0,2,b5,0
DAMIMAS_A21B_0517,train,DAMIMAS,lnk-8,1,b2,2,b4,0
DAMIMAS_A21B_0518,val,DAMIMAS,lnk-0,0,b4,1,b3,0
DAMIMAS_A21B_0518,val,DAMIMAS,lnk-1,0,b1,1,b6,0
DAMIMAS_A21B_0518,val,DAMIMAS,lnk-2,0,b3,1,b4,0
DAMIMAS_A21B_0518,val,DAMIMAS,lnk-3,0,b2,1,b7,0
DAMIMAS_A21B_0518,val,DAMIMAS,lnk-4,3,b6,0,b2,0
DAMIMAS_A21B_0518,val,DAMIMAS,lnk-5,3,b0,0,b0,0
DAMIMAS_A21B_0518,val,DAMIMAS,lnk-6,3,b1,0,b6,0
DAMIMAS_A21B_0518,val,DAMIMAS,lnk-7,3,b5,0,b5,0
DAMIMAS_A21B_0518,val,DAMIMAS,lnk-8,2,b5,3,b2,0
DAMIMAS_A21B_0518,val,DAMIMAS,lnk-9,2,b4,3,b3,0
DAMIMAS_A21B_0518,val,DAMIMAS,lnk-10,1,b1,2,b1,0
DAMIMAS_A21B_0518,val,DAMIMAS,lnk-11,1,b0,2,b0,0
DAMIMAS_A21B_0518,val,DAMIMAS,lnk-12,1,b2,2,b2,0
DAMIMAS_A21B_0520,train,DAMIMAS,lnk-0,0,b0,1,b2,0
DAMIMAS_A21B_0520,train,DAMIMAS,lnk-1,0,b1,1,b3,0
DAMIMAS_A21B_0520,train,DAMIMAS,lnk-2,3,b3,0,b1,0
DAMIMAS_A21B_0520,train,DAMIMAS,lnk-3,3,b0,0,b2,0
DAMIMAS_A21B_0520,train,DAMIMAS,lnk-4,2,b3,3,b0,0
DAMIMAS_A21B_0520,train,DAMIMAS,lnk-5,2,b2,3,b1,0
DAMIMAS_A21B_0520,train,DAMIMAS,lnk-6,1,b4,2,b0,0
DAMIMAS_A21B_0520,train,DAMIMAS,lnk-7,1,b0,2,b1,0
DAMIMAS_A21B_0521,val,DAMIMAS,lnk-0,0,b1,1,b2,0
DAMIMAS_A21B_0521,val,DAMIMAS,lnk-1,1,b2,2,b1,0
DAMIMAS_A21B_0521,val,DAMIMAS,lnk-2,0,b0,1,b3,0
DAMIMAS_A21B_0521,val,DAMIMAS,lnk-3,3,b1,0,b2,0
DAMIMAS_A21B_0521,val,DAMIMAS,lnk-4,2,b4,3,b3,0
DAMIMAS_A21B_0521,val,DAMIMAS,lnk-5,2,b3,3,b4,0
DAMIMAS_A21B_0521,val,DAMIMAS,lnk-6,1,b0,2,b0,0
DAMIMAS_A21B_0521,val,DAMIMAS,lnk-7,1,b1,2,b2,0
DAMIMAS_A21B_0522,train,DAMIMAS,lnk-0,0,b0,1,b0,0
DAMIMAS_A21B_0522,train,DAMIMAS,lnk-1,0,b1,1,b1,0
DAMIMAS_A21B_0522,train,DAMIMAS,lnk-2,3,b3,0,b3,0
DAMIMAS_A21B_0522,train,DAMIMAS,lnk-3,3,b2,0,b2,0
DAMIMAS_A21B_0522,train,DAMIMAS,lnk-4,2,b4,3,b1,0
DAMIMAS_A21B_0523,train,DAMIMAS,lnk-0,0,b0,1,b1,0
DAMIMAS_A21B_0523,train,DAMIMAS,lnk-1,3,b5,0,b2,0
DAMIMAS_A21B_0523,train,DAMIMAS,lnk-2,3,b4,0,b3,0
DAMIMAS_A21B_0523,train,DAMIMAS,lnk-3,2,b5,3,b1,0
DAMIMAS_A21B_0523,train,DAMIMAS,lnk-4,2,b0,3,b0,0
DAMIMAS_A21B_0523,train,DAMIMAS,lnk-5,2,b4,3,b2,0
DAMIMAS_A21B_0523,train,DAMIMAS,lnk-6,1,b4,2,b1,0
DAMIMAS_A21B_0523,train,DAMIMAS,lnk-7,1,b3,2,b3,0
DAMIMAS_A21B_0523,train,DAMIMAS,lnk-8,1,b5,2,b2,0
DAMIMAS_A21B_0524,train,DAMIMAS,lnk-0,0,b3,1,b2,0
DAMIMAS_A21B_0524,train,DAMIMAS,lnk-1,0,b2,1,b1,0
DAMIMAS_A21B_0524,train,DAMIMAS,lnk-2,3,b1,0,b1,0
DAMIMAS_A21B_0524,train,DAMIMAS,lnk-3,3,b2,0,b0,0
DAMIMAS_A21B_0524,train,DAMIMAS,lnk-4,2,b2,3,b0,0
DAMIMAS_A21B_0524,train,DAMIMAS,lnk-5,2,b5,3,b4,0
DAMIMAS_A21B_0524,train,DAMIMAS,lnk-6,1,b4,2,b1,0
DAMIMAS_A21B_0524,train,DAMIMAS,lnk-7,1,b0,2,b0,0
DAMIMAS_A21B_0524,train,DAMIMAS,lnk-8,1,b3,2,b3,0
DAMIMAS_A21B_0525,test,DAMIMAS,lnk-0,0,b4,1,b1,0
DAMIMAS_A21B_0525,test,DAMIMAS,lnk-1,0,b3,1,b2,0
DAMIMAS_A21B_0525,test,DAMIMAS,lnk-2,3,b0,0,b1,0
DAMIMAS_A21B_0525,test,DAMIMAS,lnk-3,2,b2,3,b1,0
DAMIMAS_A21B_0525,test,DAMIMAS,lnk-4,1,b0,2,b0,0
DAMIMAS_A21B_0526,train,DAMIMAS,lnk-0,0,b3,1,b1,0
DAMIMAS_A21B_0526,train,DAMIMAS,lnk-1,0,b2,1,b3,0
DAMIMAS_A21B_0526,train,DAMIMAS,lnk-2,0,b0,1,b2,0
DAMIMAS_A21B_0526,train,DAMIMAS,lnk-3,3,b2,0,b4,0
DAMIMAS_A21B_0526,train,DAMIMAS,lnk-4,3,b1,0,b1,0
DAMIMAS_A21B_0526,train,DAMIMAS,lnk-5,2,b1,3,b4,0
DAMIMAS_A21B_0526,train,DAMIMAS,lnk-6,2,b0,3,b5,0
DAMIMAS_A21B_0526,train,DAMIMAS,lnk-7,1,b4,2,b3,0
DAMIMAS_A21B_0526,train,DAMIMAS,lnk-8,1,b0,2,b4,0
DAMIMAS_A21B_0527,train,DAMIMAS,lnk-0,0,b1,1,b1,0
DAMIMAS_A21B_0527,train,DAMIMAS,lnk-1,0,b0,1,b0,0
DAMIMAS_A21B_0527,train,DAMIMAS,lnk-2,3,b1,0,b2,0
DAMIMAS_A21B_0527,train,DAMIMAS,lnk-3,3,b2,0,b3,0
DAMIMAS_A21B_0527,train,DAMIMAS,lnk-4,2,b2,3,b0,0
DAMIMAS_A21B_0527,train,DAMIMAS,lnk-5,1,b3,2,b0,0
DAMIMAS_A21B_0528,train,DAMIMAS,lnk-0,3,b0,0,b0,0
DAMIMAS_A21B_0529,train,DAMIMAS,lnk-0,0,b1,1,b2,0
DAMIMAS_A21B_0529,train,DAMIMAS,lnk-1,0,b0,1,b3,0
DAMIMAS_A21B_0529,train,DAMIMAS,lnk-2,3,b1,0,b2,0
DAMIMAS_A21B_0529,train,DAMIMAS,lnk-3,3,b0,0,b4,0
DAMIMAS_A21B_0529,train,DAMIMAS,lnk-4,2,b0,3,b2,0
DAMIMAS_A21B_0529,train,DAMIMAS,lnk-5,2,b1,3,b3,0
DAMIMAS_A21B_0529,train,DAMIMAS,lnk-6,1,b0,2,b3,0
DAMIMAS_A21B_0530,test,DAMIMAS,lnk-0,0,b5,1,b1,0
DAMIMAS_A21B_0530,test,DAMIMAS,lnk-1,0,b1,1,b4,0
DAMIMAS_A21B_0530,test,DAMIMAS,lnk-2,3,b0,0,b0,0
DAMIMAS_A21B_0530,test,DAMIMAS,lnk-3,3,b6,0,b4,0
DAMIMAS_A21B_0530,test,DAMIMAS,lnk-4,3,b4,0,b2,0
DAMIMAS_A21B_0530,test,DAMIMAS,lnk-5,2,b4,3,b1,0
DAMIMAS_A21B_0530,test,DAMIMAS,lnk-6,2,b2,3,b3,0
DAMIMAS_A21B_0530,test,DAMIMAS,lnk-7,2,b1,3,b2,0
DAMIMAS_A21B_0530,test,DAMIMAS,lnk-8,1,b0,2,b0,0
DAMIMAS_A21B_0530,test,DAMIMAS,lnk-9,1,b6,2,b3,0
DAMIMAS_A21B_0531,train,DAMIMAS,lnk-0,0,b6,1,b0,0
DAMIMAS_A21B_0531,train,DAMIMAS,lnk-1,0,b4,1,b1,0
DAMIMAS_A21B_0531,train,DAMIMAS,lnk-2,0,b3,1,b2,0
DAMIMAS_A21B_0531,train,DAMIMAS,lnk-3,1,b2,2,b2,0
DAMIMAS_A21B_0531,train,DAMIMAS,lnk-4,0,b2,1,b3,0
DAMIMAS_A21B_0531,train,DAMIMAS,lnk-5,0,b5,1,b5,0
DAMIMAS_A21B_0531,train,DAMIMAS,lnk-6,3,b4,0,b0,0
DAMIMAS_A21B_0531,train,DAMIMAS,lnk-7,3,b3,0,b7,0
DAMIMAS_A21B_0531,train,DAMIMAS,lnk-8,3,b2,0,b1,0
DAMIMAS_A21B_0531,train,DAMIMAS,lnk-9,2,b5,3,b0,0
DAMIMAS_A21B_0531,train,DAMIMAS,lnk-10,2,b4,3,b1,0
DAMIMAS_A21B_0531,train,DAMIMAS,lnk-11,1,b6,2,b3,0
DAMIMAS_A21B_0531,train,DAMIMAS,lnk-12,1,b7,2,b1,0
DAMIMAS_A21B_0532,train,DAMIMAS,lnk-0,0,b3,1,b0,0
DAMIMAS_A21B_0532,train,DAMIMAS,lnk-1,1,b0,2,b1,0
DAMIMAS_A21B_0532,train,DAMIMAS,lnk-2,0,b2,1,b1,0
DAMIMAS_A21B_0532,train,DAMIMAS,lnk-3,3,b2,0,b0,0
DAMIMAS_A21B_0532,train,DAMIMAS,lnk-4,2,b5,3,b0,0
DAMIMAS_A21B_0532,train,DAMIMAS,lnk-5,2,b4,3,b1,0
DAMIMAS_A21B_0532,train,DAMIMAS,lnk-6,2,b3,3,b3,0
DAMIMAS_A21B_0532,train,DAMIMAS,lnk-7,2,b2,3,b4,0
DAMIMAS_A21B_0532,train,DAMIMAS,lnk-8,1,b3,2,b0,0
DAMIMAS_A21B_0533,val,DAMIMAS,lnk-0,0,b0,1,b0,0
DAMIMAS_A21B_0533,val,DAMIMAS,lnk-1,0,b1,1,b2,0
DAMIMAS_A21B_0533,val,DAMIMAS,lnk-2,0,b2,1,b1,0
DAMIMAS_A21B_0533,val,DAMIMAS,lnk-3,3,b2,0,b3,0
DAMIMAS_A21B_0533,val,DAMIMAS,lnk-4,3,b0,0,b5,0
DAMIMAS_A21B_0533,val,DAMIMAS,lnk-5,3,b1,0,b4,0
DAMIMAS_A21B_0533,val,DAMIMAS,lnk-6,2,b3,3,b3,0
DAMIMAS_A21B_0533,val,DAMIMAS,lnk-7,2,b1,3,b5,0
DAMIMAS_A21B_0533,val,DAMIMAS,lnk-8,2,b2,3,b4,0
DAMIMAS_A21B_0534,train,DAMIMAS,lnk-0,0,b0,1,b0,0
DAMIMAS_A21B_0534,train,DAMIMAS,lnk-1,3,b1,0,b0,0
DAMIMAS_A21B_0534,train,DAMIMAS,lnk-2,0,b1,1,b3,0
DAMIMAS_A21B_0534,train,DAMIMAS,lnk-3,3,b2,0,b3,0
DAMIMAS_A21B_0534,train,DAMIMAS,lnk-4,3,b3,0,b4,0
DAMIMAS_A21B_0534,train,DAMIMAS,lnk-5,3,b4,0,b2,0
DAMIMAS_A21B_0534,train,DAMIMAS,lnk-6,2,b0,3,b0,0
DAMIMAS_A21B_0534,train,DAMIMAS,lnk-7,2,b1,3,b5,0
DAMIMAS_A21B_0534,train,DAMIMAS,lnk-8,1,b1,2,b1,0
DAMIMAS_A21B_0534,train,DAMIMAS,lnk-9,1,b2,2,b2,0
DAMIMAS_A21B_0535,train,DAMIMAS,lnk-0,0,b4,1,b0,0
DAMIMAS_A21B_0535,train,DAMIMAS,lnk-1,1,b0,2,b0,0
DAMIMAS_A21B_0535,train,DAMIMAS,lnk-2,0,b3,1,b1,0
DAMIMAS_A21B_0535,train,DAMIMAS,lnk-3,0,b5,1,b3,0
DAMIMAS_A21B_0535,train,DAMIMAS,lnk-4,0,b2,1,b2,0
DAMIMAS_A21B_0535,train,DAMIMAS,lnk-5,3,b3,0,b0,0
DAMIMAS_A21B_0535,train,DAMIMAS,lnk-6,3,b4,0,b1,0
DAMIMAS_A21B_0535,train,DAMIMAS,lnk-7,2,b1,3,b0,0
DAMIMAS_A21B_0535,train,DAMIMAS,lnk-8,1,b4,2,b2,0
DAMIMAS_A21B_0536,test,DAMIMAS,lnk-0,0,b1,1,b2,0
DAMIMAS_A21B_0536,test,DAMIMAS,lnk-1,3,b3,0,b0,0
DAMIMAS_A21B_0536,test,DAMIMAS,lnk-2,3,b2,0,b2,0
DAMIMAS_A21B_0536,test,DAMIMAS,lnk-3,2,b0,3,b0,0
DAMIMAS_A21B_0536,test,DAMIMAS,lnk-4,2,b3,3,b4,0
DAMIMAS_A21B_0536,test,DAMIMAS,lnk-5,1,b3,2,b4,0
DAMIMAS_A21B_0536,test,DAMIMAS,lnk-6,1,b0,2,b1,0
DAMIMAS_A21B_0537,val,DAMIMAS,lnk-0,0,b1,1,b2,0
DAMIMAS_A21B_0537,val,DAMIMAS,lnk-1,3,b1,0,b3,0
DAMIMAS_A21B_0537,val,DAMIMAS,lnk-2,3,b0,0,b4,0
DAMIMAS_A21B_0537,val,DAMIMAS,lnk-3,2,b0,3,b0,0
DAMIMAS_A21B_0537,val,DAMIMAS,lnk-4,2,b1,3,b3,0
DAMIMAS_A21B_0537,val,DAMIMAS,lnk-5,2,b2,3,b4,0
DAMIMAS_A21B_0537,val,DAMIMAS,lnk-6,1,b1,2,b2,0
DAMIMAS_A21B_0537,val,DAMIMAS,lnk-7,1,b0,2,b3,0
DAMIMAS_A21B_0538,train,DAMIMAS,lnk-0,0,b3,1,b0,0
DAMIMAS_A21B_0538,train,DAMIMAS,lnk-1,0,b4,1,b2,0
DAMIMAS_A21B_0538,train,DAMIMAS,lnk-2,0,b5,1,b1,0
DAMIMAS_A21B_0538,train,DAMIMAS,lnk-3,3,b0,0,b0,0
DAMIMAS_A21B_0538,train,DAMIMAS,lnk-4,3,b2,0,b1,0
DAMIMAS_A21B_0538,train,DAMIMAS,lnk-5,2,b5,3,b3,0
DAMIMAS_A21B_0538,train,DAMIMAS,lnk-6,2,b4,3,b4,0
DAMIMAS_A21B_0538,train,DAMIMAS,lnk-7,2,b3,3,b5,0
DAMIMAS_A21B_0538,train,DAMIMAS,lnk-8,1,b4,2,b2,0
DAMIMAS_A21B_0538,train,DAMIMAS,lnk-9,1,b3,2,b0,0
DAMIMAS_A21B_0538,train,DAMIMAS,lnk-10,1,b5,2,b1,0
DAMIMAS_A21B_0539,train,DAMIMAS,lnk-0,0,b5,1,b0,0
DAMIMAS_A21B_0539,train,DAMIMAS,lnk-1,0,b6,1,b2,0
DAMIMAS_A21B_0539,train,DAMIMAS,lnk-2,0,b4,1,b1,0
DAMIMAS_A21B_0539,train,DAMIMAS,lnk-3,3,b5,0,b3,0
DAMIMAS_A21B_0539,train,DAMIMAS,lnk-4,3,b3,0,b2,0
DAMIMAS_A21B_0539,train,DAMIMAS,lnk-5,2,b6,3,b3,0
DAMIMAS_A21B_0539,train,DAMIMAS,lnk-6,3,b2,0,b1,0
DAMIMAS_A21B_0539,train,DAMIMAS,lnk-7,2,b4,3,b6,0
DAMIMAS_A21B_0539,train,DAMIMAS,lnk-8,2,b5,3,b0,0
DAMIMAS_A21B_0539,train,DAMIMAS,lnk-9,2,b7,3,b1,0
DAMIMAS_A21B_0539,train,DAMIMAS,lnk-10,1,b5,2,b0,0
DAMIMAS_A21B_0539,train,DAMIMAS,lnk-11,1,b3,2,b2,0
DAMIMAS_A21B_0539,train,DAMIMAS,lnk-12,1,b4,2,b1,0
DAMIMAS_A21B_0540,train,DAMIMAS,lnk-0,0,b0,1,b0,0
DAMIMAS_A21B_0540,train,DAMIMAS,lnk-1,1,b0,2,b1,0
DAMIMAS_A21B_0540,train,DAMIMAS,lnk-2,0,b3,1,b2,0
DAMIMAS_A21B_0540,train,DAMIMAS,lnk-3,3,b2,0,b2,0
DAMIMAS_A21B_0540,train,DAMIMAS,lnk-4,3,b0,0,b1,0
DAMIMAS_A21B_0540,train,DAMIMAS,lnk-5,3,b3,0,b4,0
DAMIMAS_A21B_0540,train,DAMIMAS,lnk-6,2,b0,3,b4,0
DAMIMAS_A21B_0540,train,DAMIMAS,lnk-7,2,b4,3,b1,0
DAMIMAS_A21B_0540,train,DAMIMAS,lnk-8,1,b1,2,b2,0
DAMIMAS_A21B_0541,test,DAMIMAS,lnk-0,0,b0,1,b0,0
DAMIMAS_A21B_0541,test,DAMIMAS,lnk-1,3,b4,0,b2,0
DAMIMAS_A21B_0541,test,DAMIMAS,lnk-2,2,b0,3,b0,0
DAMIMAS_A21B_0541,test,DAMIMAS,lnk-3,2,b1,3,b1,0
DAMIMAS_A21B_0541,test,DAMIMAS,lnk-4,2,b2,3,b2,0
DAMIMAS_A21B_0541,test,DAMIMAS,lnk-5,1,b1,2,b3,0
DAMIMAS_A21B_0542,train,DAMIMAS,lnk-0,0,b4,1,b2,0
DAMIMAS_A21B_0542,train,DAMIMAS,lnk-1,1,b2,2,b4,0
DAMIMAS_A21B_0542,train,DAMIMAS,lnk-2,0,b0,1,b4,0
DAMIMAS_A21B_0542,train,DAMIMAS,lnk-3,0,b1,1,b3,0
DAMIMAS_A21B_0542,train,DAMIMAS,lnk-4,3,b0,0,b5,0
DAMIMAS_A21B_0542,train,DAMIMAS,lnk-5,3,b1,0,b3,0
DAMIMAS_A21B_0542,train,DAMIMAS,lnk-6,3,b3,0,b2,0
DAMIMAS_A21B_0542,train,DAMIMAS,lnk-7,2,b2,3,b5,0
DAMIMAS_A21B_0542,train,DAMIMAS,lnk-8,2,b0,3,b6,0
DAMIMAS_A21B_0542,train,DAMIMAS,lnk-9,2,b1,3,b4,0
DAMIMAS_A21B_0542,train,DAMIMAS,lnk-10,1,b0,2,b3,0
DAMIMAS_A21B_0542,train,DAMIMAS,lnk-11,1,b1,2,b5,0
DAMIMAS_A21B_0543,train,DAMIMAS,lnk-0,1,b0,2,b0,0
DAMIMAS_A21B_0543,train,DAMIMAS,lnk-1,2,b1,3,b0,0
DAMIMAS_A21B_0543,train,DAMIMAS,lnk-2,3,b1,0,b0,0
DAMIMAS_A21B_0543,train,DAMIMAS,lnk-3,3,b2,0,b1,0
DAMIMAS_A21B_0544,train,DAMIMAS,lnk-0,0,b1,1,b1,0
DAMIMAS_A21B_0544,train,DAMIMAS,lnk-1,0,b3,1,b5,0
DAMIMAS_A21B_0544,train,DAMIMAS,lnk-2,1,b0,2,b0,0
DAMIMAS_A21B_0544,train,DAMIMAS,lnk-3,1,b3,2,b4,0
DAMIMAS_A21B_0544,train,DAMIMAS,lnk-4,2,b1,3,b4,0
DAMIMAS_A21B_0544,train,DAMIMAS,lnk-5,2,b2,3,b1,0
DAMIMAS_A21B_0544,train,DAMIMAS,lnk-6,2,b3,3,b5,0
DAMIMAS_A21B_0544,train,DAMIMAS,lnk-7,3,b0,0,b5,0
DAMIMAS_A21B_0544,train,DAMIMAS,lnk-8,3,b3,0,b4,0
DAMIMAS_A21B_0544,train,DAMIMAS,lnk-9,3,b2,0,b0,0
DAMIMAS_A21B_0545,train,DAMIMAS,lnk-0,0,b1,1,b4,0
DAMIMAS_A21B_0545,train,DAMIMAS,lnk-1,1,b4,2,b6,0
DAMIMAS_A21B_0545,train,DAMIMAS,lnk-2,0,b0,1,b5,0
DAMIMAS_A21B_0545,train,DAMIMAS,lnk-3,1,b0,2,b0,0
DAMIMAS_A21B_0545,train,DAMIMAS,lnk-4,1,b3,2,b5,0
DAMIMAS_A21B_0545,train,DAMIMAS,lnk-5,1,b1,2,b1,0
DAMIMAS_A21B_0545,train,DAMIMAS,lnk-6,2,b1,3,b0,0
DAMIMAS_A21B_0545,train,DAMIMAS,lnk-7,3,b4,0,b3,0
DAMIMAS_A21B_0545,train,DAMIMAS,lnk-8,3,b5,0,b2,0
DAMIMAS_A21B_0545,train,DAMIMAS,lnk-9,2,b2,3,b2,0
DAMIMAS_A21B_0545,train,DAMIMAS,lnk-10,2,b4,3,b3,0
DAMIMAS_A21B_0545,train,DAMIMAS,lnk-11,2,b3,3,b1,0
DAMIMAS_A21B_0546,test,DAMIMAS,lnk-0,2,b0,3,b0,0
DAMIMAS_A21B_0546,test,DAMIMAS,lnk-1,2,b2,3,b1,0
DAMIMAS_A21B_0546,test,DAMIMAS,lnk-2,3,b6,0,b2,0
DAMIMAS_A21B_0546,test,DAMIMAS,lnk-3,3,b3,0,b5,0
DAMIMAS_A21B_0546,test,DAMIMAS,lnk-4,3,b4,0,b4,0
DAMIMAS_A21B_0546,test,DAMIMAS,lnk-5,0,b3,1,b2,0
DAMIMAS_A21B_0546,test,DAMIMAS,lnk-6,0,b0,1,b1,0
DAMIMAS_A21B_0546,test,DAMIMAS,lnk-7,1,b5,2,b1,0
DAMIMAS_A21B_0546,test,DAMIMAS,lnk-8,1,b3,2,b5,0
DAMIMAS_A21B_0546,test,DAMIMAS,lnk-9,1,b6,2,b3,0
DAMIMAS_A21B_0546,test,DAMIMAS,lnk-10,1,b4,2,b4,0
DAMIMAS_A21B_0547,val,DAMIMAS,lnk-0,0,b4,1,b0,0
DAMIMAS_A21B_0547,val,DAMIMAS,lnk-1,0,b6,1,b2,0
DAMIMAS_A21B_0547,val,DAMIMAS,lnk-2,1,b2,2,b0,0
DAMIMAS_A21B_0547,val,DAMIMAS,lnk-3,0,b5,1,b1,0
DAMIMAS_A21B_0547,val,DAMIMAS,lnk-4,3,b0,0,b0,0
DAMIMAS_A21B_0547,val,DAMIMAS,lnk-5,3,b2,0,b2,0
DAMIMAS_A21B_0547,val,DAMIMAS,lnk-6,3,b1,0,b1,0
DAMIMAS_A21B_0547,val,DAMIMAS,lnk-7,2,b5,3,b3,0
DAMIMAS_A21B_0547,val,DAMIMAS,lnk-8,2,b3,3,b4,0
DAMIMAS_A21B_0547,val,DAMIMAS,lnk-9,2,b4,3,b5,0
DAMIMAS_A21B_0547,val,DAMIMAS,lnk-10,1,b4,2,b1,0
DAMIMAS_A21B_0547,val,DAMIMAS,lnk-11,1,b3,2,b2,0
DAMIMAS_A21B_0548,train,DAMIMAS,lnk-0,0,b0,1,b0,0
DAMIMAS_A21B_0548,train,DAMIMAS,lnk-1,0,b4,1,b3,0
DAMIMAS_A21B_0548,train,DAMIMAS,lnk-2,1,b1,2,b2,0
DAMIMAS_A21B_0548,train,DAMIMAS,lnk-3,1,b4,2,b0,0
DAMIMAS_A21B_0548,train,DAMIMAS,lnk-4,2,b1,3,b2,0
DAMIMAS_A21B_0548,train,DAMIMAS,lnk-5,2,b3,3,b0,0
DAMIMAS_A21B_0548,train,DAMIMAS,lnk-6,3,b4,0,b3,0
DAMIMAS_A21B_0548,train,DAMIMAS,lnk-7,3,b3,0,b2,0
DAMIMAS_A21B_0548,train,DAMIMAS,lnk-8,3,b1,0,b1,0
DAMIMAS_A21B_0549,train,DAMIMAS,lnk-0,0,b1,1,b2,0
DAMIMAS_A21B_0549,train,DAMIMAS,lnk-1,3,b1,0,b0,0
DAMIMAS_A21B_0549,train,DAMIMAS,lnk-2,2,b0,3,b0,0
DAMIMAS_A21B_0549,train,DAMIMAS,lnk-3,1,b1,2,b1,0
DAMIMAS_A21B_0549,train,DAMIMAS,lnk-4,1,b0,2,b2,0
DAMIMAS_A21B_0550,val,DAMIMAS,lnk-0,0,b2,1,b4,0
DAMIMAS_A21B_0550,val,DAMIMAS,lnk-1,0,b3,1,b6,0
DAMIMAS_A21B_0550,val,DAMIMAS,lnk-2,1,b0,2,b0,0
DAMIMAS_A21B_0550,val,DAMIMAS,lnk-3,1,b2,2,b2,0
DAMIMAS_A21B_0550,val,DAMIMAS,lnk-4,2,b2,3,b4,0
DAMIMAS_A21B_0550,val,DAMIMAS,lnk-5,1,b1,2,b1,0
DAMIMAS_A21B_0550,val,DAMIMAS,lnk-6,1,b7,2,b5,0
DAMIMAS_A21B_0550,val,DAMIMAS,lnk-7,2,b3,3,b3,0
DAMIMAS_A21B_0550,val,DAMIMAS,lnk-8,2,b4,3,b1,0
DAMIMAS_A21B_0550,val,DAMIMAS,lnk-9,3,b1,0,b5,0
DAMIMAS_A21B_0550,val,DAMIMAS,lnk-10,3,b0,0,b0,0
DAMIMAS_A21B_0550,val,DAMIMAS,lnk-11,3,b5,0,b4,0
DAMIMAS_A21B_0550,val,DAMIMAS,lnk-12,3,b2,0,b1,0
DAMIMAS_A21B_0551,test,DAMIMAS,lnk-0,0,b1,1,b2,0
DAMIMAS_A21B_0551,test,DAMIMAS,lnk-1,0,b6,1,b0,0
DAMIMAS_A21B_0551,test,DAMIMAS,lnk-2,1,b0,2,b3,0
DAMIMAS_A21B_0551,test,DAMIMAS,lnk-3,0,b2,1,b7,0
DAMIMAS_A21B_0551,test,DAMIMAS,lnk-4,0,b3,1,b3,0
DAMIMAS_A21B_0551,test,DAMIMAS,lnk-5,1,b6,2,b0,0
DAMIMAS_A21B_0551,test,DAMIMAS,lnk-6,2,b0,3,b0,0
DAMIMAS_A21B_0551,test,DAMIMAS,lnk-7,1,b4,2,b6,0
DAMIMAS_A21B_0551,test,DAMIMAS,lnk-8,2,b6,3,b3,0
DAMIMAS_A21B_0551,test,DAMIMAS,lnk-9,1,b5,2,b1,0
DAMIMAS_A21B_0551,test,DAMIMAS,lnk-10,2,b4,3,b1,0
DAMIMAS_A21B_0551,test,DAMIMAS,lnk-11,2,b5,3,b2,0
DAMIMAS_A21B_0551,test,DAMIMAS,lnk-12,3,b7,0,b0,0
DAMIMAS_A21B_0551,test,DAMIMAS,lnk-13,3,b5,0,b5,0
DAMIMAS_A21B_0551,test,DAMIMAS,lnk-14,3,b4,0,b4,0
DAMIMAS_A21B_0552,train,DAMIMAS,lnk-0,0,b0,1,b0,0
DAMIMAS_A21B_0552,train,DAMIMAS,lnk-1,0,b3,1,b3,0
DAMIMAS_A21B_0552,train,DAMIMAS,lnk-2,3,b1,0,b3,0
DAMIMAS_A21B_0552,train,DAMIMAS,lnk-3,1,b1,2,b5,0
DAMIMAS_A21B_0552,train,DAMIMAS,lnk-4,1,b2,2,b3,0
DAMIMAS_A21B_0552,train,DAMIMAS,lnk-5,2,b1,3,b0,0
DAMIMAS_A21B_0552,train,DAMIMAS,lnk-6,3,b0,0,b2,0
DAMIMAS_A21B_0552,train,DAMIMAS,lnk-7,2,b0,3,b2,0
DAMIMAS_A21B_0552,train,DAMIMAS,lnk-8,2,b2,3,b3,0
DAMIMAS_A21B_0553,train,DAMIMAS,lnk-0,0,b0,1,b0,0
DAMIMAS_A21B_0553,train,DAMIMAS,lnk-1,3,b0,0,b0,0
DAMIMAS_A21B_0553,train,DAMIMAS,lnk-2,0,b2,1,b1,0
DAMIMAS_A21B_0553,train,DAMIMAS,lnk-3,0,b1,1,b2,0
DAMIMAS_A21B_0553,train,DAMIMAS,lnk-4,1,b4,2,b2,0
DAMIMAS_A21B_0553,train,DAMIMAS,lnk-5,1,b3,2,b3,0
DAMIMAS_A21B_0553,train,DAMIMAS,lnk-6,2,b4,3,b2,0
DAMIMAS_A21B_0553,train,DAMIMAS,lnk-7,2,b0,3,b3,0
DAMIMAS_A21B_0553,train,DAMIMAS,lnk-8,3,b1,0,b4,0
DAMIMAS_A21B_0554,test,DAMIMAS,lnk-0,0,b2,1,b2,0
DAMIMAS_A21B_0554,test,DAMIMAS,lnk-1,0,b5,1,b7,0
DAMIMAS_A21B_0554,test,DAMIMAS,lnk-2,0,b3,1,b1,0
DAMIMAS_A21B_0554,test,DAMIMAS,lnk-3,1,b0,2,b3,0
DAMIMAS_A21B_0554,test,DAMIMAS,lnk-4,1,b3,2,b2,0
DAMIMAS_A21B_0554,test,DAMIMAS,lnk-5,1,b4,2,b1,0
DAMIMAS_A21B_0554,test,DAMIMAS,lnk-6,1,b5,2,b6,0
DAMIMAS_A21B_0554,test,DAMIMAS,lnk-7,2,b0,3,b0,0
DAMIMAS_A21B_0554,test,DAMIMAS,lnk-8,2,b5,3,b6,0
DAMIMAS_A21B_0554,test,DAMIMAS,lnk-9,3,b2,0,b0,0
DAMIMAS_A21B_0554,test,DAMIMAS,lnk-10,3,b3,0,b6,0
DAMIMAS_A21B_0554,test,DAMIMAS,lnk-11,3,b1,0,b1,0
DAMIMAS_A21B_0555,train,DAMIMAS,lnk-0,0,b3,1,b1,0
DAMIMAS_A21B_0555,train,DAMIMAS,lnk-1,1,b1,2,b0,0
DAMIMAS_A21B_0555,train,DAMIMAS,lnk-2,0,b2,1,b2,0
DAMIMAS_A21B_0555,train,DAMIMAS,lnk-3,1,b0,2,b1,0
DAMIMAS_A21B_0555,train,DAMIMAS,lnk-4,2,b3,3,b1,0
DAMIMAS_A21B_0555,train,DAMIMAS,lnk-5,2,b2,3,b0,0
DAMIMAS_A21B_0555,train,DAMIMAS,lnk-6,3,b3,0,b0,0
DAMIMAS_A21B_0555,train,DAMIMAS,lnk-7,3,b2,0,b1,0
DAMIMAS_A21B_0556,val,DAMIMAS,lnk-0,0,b0,1,b0,0
DAMIMAS_A21B_0556,val,DAMIMAS,lnk-1,0,b2,1,b2,0
DAMIMAS_A21B_0556,val,DAMIMAS,lnk-2,1,b1,2,b0,0
DAMIMAS_A21B_0556,val,DAMIMAS,lnk-3,1,b3,2,b5,0
DAMIMAS_A21B_0556,val,DAMIMAS,lnk-4,1,b4,2,b4,0
DAMIMAS_A21B_0556,val,DAMIMAS,lnk-5,2,b2,3,b5,0
DAMIMAS_A21B_0556,val,DAMIMAS,lnk-6,2,b1,3,b0,0
DAMIMAS_A21B_0556,val,DAMIMAS,lnk-7,2,b3,3,b4,0
DAMIMAS_A21B_0556,val,DAMIMAS,lnk-8,3,b1,0,b5,0
DAMIMAS_A21B_0556,val,DAMIMAS,lnk-9,3,b2,0,b1,0
DAMIMAS_A21B_0556,val,DAMIMAS,lnk-10,3,b3,0,b4,0
DAMIMAS_A21B_0557,val,DAMIMAS,lnk-0,0,b0,1,b5,0
DAMIMAS_A21B_0557,val,DAMIMAS,lnk-1,1,b0,2,b4,0
DAMIMAS_A21B_0557,val,DAMIMAS,lnk-2,1,b1,2,b0,0
DAMIMAS_A21B_0557,val,DAMIMAS,lnk-3,2,b0,3,b0,0
DAMIMAS_A21B_0557,val,DAMIMAS,lnk-4,1,b2,2,b3,0
DAMIMAS_A21B_0557,val,DAMIMAS,lnk-5,1,b3,2,b5,0
DAMIMAS_A21B_0557,val,DAMIMAS,lnk-6,2,b2,3,b1,0
DAMIMAS_A21B_0557,val,DAMIMAS,lnk-7,2,b1,3,b3,0
DAMIMAS_A21B_0557,val,DAMIMAS,lnk-8,3,b4,0,b1,0
DAMIMAS_A21B_0557,val,DAMIMAS,lnk-9,3,b5,0,b2,0
DAMIMAS_A21B_0558,train,DAMIMAS,lnk-0,0,b1,1,b3,0
DAMIMAS_A21B_0558,train,DAMIMAS,lnk-1,0,b5,1,b4,0
DAMIMAS_A21B_0558,train,DAMIMAS,lnk-2,0,b0,1,b6,0
DAMIMAS_A21B_0558,train,DAMIMAS,lnk-3,3,b4,0,b0,0
DAMIMAS_A21B_0558,train,DAMIMAS,lnk-4,0,b2,1,b5,0
DAMIMAS_A21B_0558,train,DAMIMAS,lnk-5,1,b0,2,b0,0
DAMIMAS_A21B_0558,train,DAMIMAS,lnk-6,2,b0,3,b2,0
DAMIMAS_A21B_0558,train,DAMIMAS,lnk-7,1,b2,2,b3,0
DAMIMAS_A21B_0558,train,DAMIMAS,lnk-8,1,b1,2,b4,0
DAMIMAS_A21B_0558,train,DAMIMAS,lnk-9,2,b1,3,b0,0
DAMIMAS_A21B_0558,train,DAMIMAS,lnk-10,3,b0,0,b4,0
DAMIMAS_A21B_0558,train,DAMIMAS,lnk-11,2,b2,3,b1,0
DAMIMAS_A21B_0559,train,DAMIMAS,lnk-0,0,b0,1,b2,0
DAMIMAS_A21B_0560,train,DAMIMAS,lnk-0,0,b2,1,b0,0
DAMIMAS_A21B_0560,train,DAMIMAS,lnk-1,1,b1,2,b0,0
DAMIMAS_A21B_0560,train,DAMIMAS,lnk-2,2,b1,3,b0,0
DAMIMAS_A21B_0560,train,DAMIMAS,lnk-3,3,b1,0,b0,0
DAMIMAS_A21B_0560,train,DAMIMAS,lnk-4,3,b2,0,b1,0
DAMIMAS_A21B_0561,train,DAMIMAS,lnk-0,0,b0,1,b0,0
DAMIMAS_A21B_0561,train,DAMIMAS,lnk-1,0,b1,1,b1,0
DAMIMAS_A21B_0561,train,DAMIMAS,lnk-2,0,b3,1,b2,0
DAMIMAS_A21B_0561,train,DAMIMAS,lnk-3,1,b3,2,b4,0
DAMIMAS_A21B_0561,train,DAMIMAS,lnk-4,1,b4,2,b3,0
DAMIMAS_A21B_0561,train,DAMIMAS,lnk-5,2,b0,3,b4,0
DAMIMAS_A21B_0561,train,DAMIMAS,lnk-6,2,b1,3,b5,0
DAMIMAS_A21B_0561,train,DAMIMAS,lnk-7,2,b2,3,b3,0
DAMIMAS_A21B_0561,train,DAMIMAS,lnk-8,3,b0,0,b5,0
DAMIMAS_A21B_0562,val,DAMIMAS,lnk-0,0,b0,1,b5,0
DAMIMAS_A21B_0562,val,DAMIMAS,lnk-1,0,b5,1,b6,0
DAMIMAS_A21B_0562,val,DAMIMAS,lnk-2,0,b4,1,b2,0
DAMIMAS_A21B_0562,val,DAMIMAS,lnk-3,1,b1,2,b0,0
DAMIMAS_A21B_0562,val,DAMIMAS,lnk-4,2,b0,3,b2,0
DAMIMAS_A21B_0562,val,DAMIMAS,lnk-5,1,b0,2,b3,0
DAMIMAS_A21B_0562,val,DAMIMAS,lnk-6,1,b4,2,b5,0
DAMIMAS_A21B_0562,val,DAMIMAS,lnk-7,1,b3,2,b6,0
DAMIMAS_A21B_0562,val,DAMIMAS,lnk-8,2,b1,3,b3,0
DAMIMAS_A21B_0562,val,DAMIMAS,lnk-9,3,b0,0,b2,0
DAMIMAS_A21B_0562,val,DAMIMAS,lnk-10,3,b1,0,b1,0
DAMIMAS_A21B_0562,val,DAMIMAS,lnk-11,3,b4,0,b3,0
DAMIMAS_A21B_0563,test,DAMIMAS,lnk-0,0,b3,1,b0,0
DAMIMAS_A21B_0563,test,DAMIMAS,lnk-1,0,b4,1,b3,0
DAMIMAS_A21B_0563,test,DAMIMAS,lnk-2,1,b1,2,b0,0
DAMIMAS_A21B_0563,test,DAMIMAS,lnk-3,2,b3,3,b0,0
DAMIMAS_A21B_0563,test,DAMIMAS,lnk-4,2,b2,3,b1,0
DAMIMAS_A21B_0563,test,DAMIMAS,lnk-5,3,b2,0,b1,0
DAMIMAS_A21B_0563,test,DAMIMAS,lnk-6,3,b3,0,b0,0
DAMIMAS_A21B_0564,train,DAMIMAS,lnk-0,1,b0,2,b0,0
DAMIMAS_A21B_0564,train,DAMIMAS,lnk-1,1,b4,2,b5,0
DAMIMAS_A21B_0564,train,DAMIMAS,lnk-2,1,b2,2,b3,0
DAMIMAS_A21B_0564,train,DAMIMAS,lnk-3,2,b2,3,b2,0
DAMIMAS_A21B_0564,train,DAMIMAS,lnk-4,2,b1,3,b0,0
DAMIMAS_A21B_0564,train,DAMIMAS,lnk-5,0,b3,1,b1,0
DAMIMAS_A21B_0564,train,DAMIMAS,lnk-6,0,b4,1,b3,0
DAMIMAS_A21B_0565,train,DAMIMAS,lnk-0,1,b1,2,b2,0
DAMIMAS_A21B_0565,train,DAMIMAS,lnk-1,1,b0,2,b3,0
DAMIMAS_A21B_0565,train,DAMIMAS,lnk-2,2,b0,3,b3,0
DAMIMAS_A21B_0565,train,DAMIMAS,lnk-3,3,b0,0,b3,0
DAMIMAS_A21B_0565,train,DAMIMAS,lnk-4,3,b1,0,b2,0
DAMIMAS_A21B_0565,train,DAMIMAS,lnk-5,0,b0,1,b3,0
DAMIMAS_A21B_0565,train,DAMIMAS,lnk-6,0,b1,1,b4,0
DAMIMAS_A21B_0566,train,DAMIMAS,lnk-0,0,b0,1,b4,0
DAMIMAS_A21B_0566,train,DAMIMAS,lnk-1,3,b6,0,b0,0
DAMIMAS_A21B_0566,train,DAMIMAS,lnk-2,0,b2,1,b6,0
DAMIMAS_A21B_0566,train,DAMIMAS,lnk-3,0,b1,1,b5,0
DAMIMAS_A21B_0566,train,DAMIMAS,lnk-4,0,b3,1,b3,0
DAMIMAS_A21B_0566,train,DAMIMAS,lnk-5,1,b0,2,b0,0
DAMIMAS_A21B_0566,train,DAMIMAS,lnk-6,1,b1,2,b1,0
DAMIMAS_A21B_0566,train,DAMIMAS,lnk-7,1,b2,2,b5,0
DAMIMAS_A21B_0566,train,DAMIMAS,lnk-8,2,b3,3,b5,0
DAMIMAS_A21B_0566,train,DAMIMAS,lnk-9,2,b2,3,b4,0
DAMIMAS_A21B_0566,train,DAMIMAS,lnk-10,2,b4,3,b3,0
DAMIMAS_A21B_0566,train,DAMIMAS,lnk-11,3,b0,0,b6,0
DAMIMAS_A21B_0566,train,DAMIMAS,lnk-12,3,b2,0,b4,0
DAMIMAS_A21B_0566,train,DAMIMAS,lnk-13,3,b1,0,b5,0
DAMIMAS_A21B_0567,train,DAMIMAS,lnk-0,0,b2,1,b2,0
DAMIMAS_A21B_0567,train,DAMIMAS,lnk-1,0,b1,1,b1,0
DAMIMAS_A21B_0567,train,DAMIMAS,lnk-2,0,b0,1,b0,0
DAMIMAS_A21B_0567,train,DAMIMAS,lnk-3,1,b3,2,b5,0
DAMIMAS_A21B_0567,train,DAMIMAS,lnk-4,1,b5,2,b2,0
DAMIMAS_A21B_0567,train,DAMIMAS,lnk-5,1,b4,2,b3,0
DAMIMAS_A21B_0567,train,DAMIMAS,lnk-6,1,b6,2,b4,0
DAMIMAS_A21B_0567,train,DAMIMAS,lnk-7,2,b0,3,b0,0
DAMIMAS_A21B_0567,train,DAMIMAS,lnk-8,2,b1,3,b1,0
DAMIMAS_A21B_0567,train,DAMIMAS,lnk-9,2,b6,3,b2,0
DAMIMAS_A21B_0567,train,DAMIMAS,lnk-10,3,b5,0,b3,0
DAMIMAS_A21B_0567,train,DAMIMAS,lnk-11,3,b4,0,b4,0
DAMIMAS_A21B_0567,train,DAMIMAS,lnk-12,3,b3,0,b5,0
DAMIMAS_A21B_0568,train,DAMIMAS,lnk-0,0,b0,1,b0,0
DAMIMAS_A21B_0568,train,DAMIMAS,lnk-1,0,b1,1,b6,0
DAMIMAS_A21B_0568,train,DAMIMAS,lnk-2,0,b4,1,b4,0
DAMIMAS_A21B_0568,train,DAMIMAS,lnk-3,1,b1,2,b1,0
DAMIMAS_A21B_0568,train,DAMIMAS,lnk-4,1,b3,2,b2,0
DAMIMAS_A21B_0568,train,DAMIMAS,lnk-5,2,b0,3,b1,0
DAMIMAS_A21B_0568,train,DAMIMAS,lnk-6,2,b4,3,b3,0
DAMIMAS_A21B_0568,train,DAMIMAS,lnk-7,2,b3,3,b2,0
DAMIMAS_A21B_0568,train,DAMIMAS,lnk-8,3,b0,0,b2,0
DAMIMAS_A21B_0568,train,DAMIMAS,lnk-9,3,b4,0,b3,0
DAMIMAS_A21B_0569,train,DAMIMAS,lnk-0,0,b0,1,b5,0
DAMIMAS_A21B_0569,train,DAMIMAS,lnk-1,0,b1,1,b3,0
DAMIMAS_A21B_0569,train,DAMIMAS,lnk-2,0,b2,1,b4,0
DAMIMAS_A21B_0569,train,DAMIMAS,lnk-3,1,b0,2,b0,0
DAMIMAS_A21B_0569,train,DAMIMAS,lnk-4,2,b0,3,b5,0
DAMIMAS_A21B_0569,train,DAMIMAS,lnk-5,1,b1,2,b1,0
DAMIMAS_A21B_0569,train,DAMIMAS,lnk-6,2,b4,3,b0,0
DAMIMAS_A21B_0569,train,DAMIMAS,lnk-7,2,b2,3,b4,0
DAMIMAS_A21B_0569,train,DAMIMAS,lnk-8,2,b3,3,b3,0
DAMIMAS_A21B_0569,train,DAMIMAS,lnk-9,3,b1,0,b3,0
DAMIMAS_A21B_0569,train,DAMIMAS,lnk-10,3,b2,0,b4,0
DAMIMAS_A21B_0570,val,DAMIMAS,lnk-0,0,b2,1,b3,0
DAMIMAS_A21B_0570,val,DAMIMAS,lnk-1,0,b1,1,b2,0
DAMIMAS_A21B_0570,val,DAMIMAS,lnk-2,1,b0,2,b2,0
DAMIMAS_A21B_0570,val,DAMIMAS,lnk-3,1,b4,2,b4,0
DAMIMAS_A21B_0570,val,DAMIMAS,lnk-4,2,b1,3,b0,0
DAMIMAS_A21B_0570,val,DAMIMAS,lnk-5,2,b0,3,b1,0
DAMIMAS_A21B_0570,val,DAMIMAS,lnk-6,3,b5,0,b0,0
DAMIMAS_A21B_0570,val,DAMIMAS,lnk-7,3,b4,0,b3,0
DAMIMAS_A21B_0570,val,DAMIMAS,lnk-8,3,b3,0,b4,0
DAMIMAS_A21B_0571,train,DAMIMAS,lnk-0,0,b4,1,b0,0
DAMIMAS_A21B_0571,train,DAMIMAS,lnk-1,0,b3,1,b1,0
DAMIMAS_A21B_0571,train,DAMIMAS,lnk-2,1,b4,2,b5,0
DAMIMAS_A21B_0571,train,DAMIMAS,lnk-3,1,b2,2,b4,0
DAMIMAS_A21B_0571,train,DAMIMAS,lnk-4,2,b3,3,b2,0
DAMIMAS_A21B_0571,train,DAMIMAS,lnk-5,2,b0,3,b1,0
DAMIMAS_A21B_0571,train,DAMIMAS,lnk-6,2,b2,3,b7,0
DAMIMAS_A21B_0571,train,DAMIMAS,lnk-7,3,b6,0,b0,0
DAMIMAS_A21B_0571,train,DAMIMAS,lnk-8,3,b4,0,b1,0
DAMIMAS_A21B_0572,train,DAMIMAS,lnk-0,0,b0,1,b0,0
DAMIMAS_A21B_0572,train,DAMIMAS,lnk-1,1,b1,2,b1,0
DAMIMAS_A21B_0572,train,DAMIMAS,lnk-2,2,b0,3,b1,0
DAMIMAS_A21B_0572,train,DAMIMAS,lnk-3,2,b3,3,b2,0
DAMIMAS_A21B_0572,train,DAMIMAS,lnk-4,3,b0,0,b1,0
DAMIMAS_A21B_0572,train,DAMIMAS,lnk-5,3,b4,0,b4,0
DAMIMAS_A21B_0572,train,DAMIMAS,lnk-6,3,b3,0,b2,0
DAMIMAS_A21B_0573,train,DAMIMAS,lnk-0,0,b0,1,b0,0
DAMIMAS_A21B_0573,train,DAMIMAS,lnk-1,0,b3,1,b3,0
DAMIMAS_A21B_0573,train,DAMIMAS,lnk-2,0,b1,1,b2,0
DAMIMAS_A21B_0573,train,DAMIMAS,lnk-3,1,b4,2,b5,0
DAMIMAS_A21B_0573,train,DAMIMAS,lnk-4,1,b5,2,b3,0
DAMIMAS_A21B_0573,train,DAMIMAS,lnk-5,2,b1,3,b1,0
DAMIMAS_A21B_0573,train,DAMIMAS,lnk-6,2,b0,3,b5,0
DAMIMAS_A21B_0573,train,DAMIMAS,lnk-7,2,b2,3,b3,0
DAMIMAS_A21B_0573,train,DAMIMAS,lnk-8,3,b0,0,b4,0
DAMIMAS_A21B_0574,train,DAMIMAS,lnk-0,0,b1,1,b1,0
DAMIMAS_A21B_0574,train,DAMIMAS,lnk-1,0,b0,1,b2,0
DAMIMAS_A21B_0574,train,DAMIMAS,lnk-2,1,b0,2,b1,0
DAMIMAS_A21B_0574,train,DAMIMAS,lnk-3,3,b1,0,b2,0
DAMIMAS_A21B_0574,train,DAMIMAS,lnk-4,2,b2,3,b2,0
DAMIMAS_A21B_0574,train,DAMIMAS,lnk-5,2,b0,3,b3,0
DAMIMAS_A21B_0575,train,DAMIMAS,lnk-0,0,b6,1,b2,0
DAMIMAS_A21B_0575,train,DAMIMAS,lnk-1,0,b5,1,b1,0
DAMIMAS_A21B_0575,train,DAMIMAS,lnk-2,0,b4,1,b0,0
DAMIMAS_A21B_0575,train,DAMIMAS,lnk-3,1,b5,2,b5,0
DAMIMAS_A21B_0575,train,DAMIMAS,lnk-4,1,b6,2,b1,0
DAMIMAS_A21B_0575,train,DAMIMAS,lnk-5,1,b4,2,b4,0
DAMIMAS_A21B_0575,train,DAMIMAS,lnk-6,2,b0,3,b0,0
DAMIMAS_A21B_0575,train,DAMIMAS,lnk-7,2,b6,3,b5,0
DAMIMAS_A21B_0575,train,DAMIMAS,lnk-8,2,b2,3,b6,0
DAMIMAS_A21B_0575,train,DAMIMAS,lnk-9,3,b1,0,b0,0
DAMIMAS_A21B_0575,train,DAMIMAS,lnk-10,3,b4,0,b2,0
DAMIMAS_A21B_0575,train,DAMIMAS,lnk-11,3,b3,0,b3,0
DAMIMAS_A21B_0575,train,DAMIMAS,lnk-12,3,b2,0,b1,0
DAMIMAS_A21B_0576,train,DAMIMAS,lnk-0,0,b4,1,b1,0
DAMIMAS_A21B_0576,train,DAMIMAS,lnk-1,0,b5,1,b3,0
DAMIMAS_A21B_0576,train,DAMIMAS,lnk-2,0,b3,1,b2,0
DAMIMAS_A21B_0576,train,DAMIMAS,lnk-3,1,b0,2,b0,0
DAMIMAS_A21B_0576,train,DAMIMAS,lnk-4,1,b4,2,b3,0
DAMIMAS_A21B_0576,train,DAMIMAS,lnk-5,1,b5,2,b4,0
DAMIMAS_A21B_0576,train,DAMIMAS,lnk-6,2,b1,3,b0,0
DAMIMAS_A21B_0576,train,DAMIMAS,lnk-7,2,b5,3,b5,0
DAMIMAS_A21B_0576,train,DAMIMAS,lnk-8,3,b1,0,b1,0
DAMIMAS_A21B_0576,train,DAMIMAS,lnk-9,3,b3,0,b6,0
DAMIMAS_A21B_0576,train,DAMIMAS,lnk-10,3,b4,0,b2,0
DAMIMAS_A21B_0577,train,DAMIMAS,lnk-0,0,b1,1,b0,0
DAMIMAS_A21B_0577,train,DAMIMAS,lnk-1,0,b3,1,b2,0
DAMIMAS_A21B_0577,train,DAMIMAS,lnk-2,0,b2,1,b3,0
DAMIMAS_A21B_0577,train,DAMIMAS,lnk-3,1,b1,2,b2,0
DAMIMAS_A21B_0577,train,DAMIMAS,lnk-4,2,b0,3,b3,0
DAMIMAS_A21B_0577,train,DAMIMAS,lnk-5,3,b0,0,b0,0
DAMIMAS_A21B_0578,test,DAMIMAS,lnk-0,0,b2,1,b1,0
DAMIMAS_A21B_0578,test,DAMIMAS,lnk-1,1,b0,2,b3,0
DAMIMAS_A21B_0578,test,DAMIMAS,lnk-2,2,b0,3,b2,0
DAMIMAS_A21B_0578,test,DAMIMAS,lnk-3,2,b1,3,b1,0
DAMIMAS_A21B_0578,test,DAMIMAS,lnk-4,3,b0,0,b0,0
DAMIMAS_A21B_0579,train,DAMIMAS,lnk-0,0,b8,1,b4,0
DAMIMAS_A21B_0579,train,DAMIMAS,lnk-1,0,b0,1,b5,0
DAMIMAS_A21B_0579,train,DAMIMAS,lnk-2,0,b7,1,b0,0
DAMIMAS_A21B_0579,train,DAMIMAS,lnk-3,0,b4,1,b2,0
DAMIMAS_A21B_0579,train,DAMIMAS,lnk-4,0,b5,1,b1,0
DAMIMAS_A21B_0579,train,DAMIMAS,lnk-5,0,b6,1,b3,0
DAMIMAS_A21B_0579,train,DAMIMAS,lnk-6,1,b6,2,b3,0
DAMIMAS_A21B_0579,train,DAMIMAS,lnk-7,1,b7,2,b2,0
DAMIMAS_A21B_0579,train,DAMIMAS,lnk-8,2,b0,3,b0,0
DAMIMAS_A21B_0579,train,DAMIMAS,lnk-9,2,b1,3,b1,0
DAMIMAS_A21B_0579,train,DAMIMAS,lnk-10,3,b6,0,b3,0
DAMIMAS_A21B_0579,train,DAMIMAS,lnk-11,3,b3,0,b2,0
DAMIMAS_A21B_0579,train,DAMIMAS,lnk-12,3,b4,0,b1,0
DAMIMAS_A21B_0580,train,DAMIMAS,lnk-0,0,b2,1,b2,0
DAMIMAS_A21B_0580,train,DAMIMAS,lnk-1,0,b1,1,b0,0
DAMIMAS_A21B_0580,train,DAMIMAS,lnk-2,0,b4,1,b3,0
DAMIMAS_A21B_0580,train,DAMIMAS,lnk-3,0,b5,1,b4,0
DAMIMAS_A21B_0580,train,DAMIMAS,lnk-4,1,b1,2,b1,0
DAMIMAS_A21B_0580,train,DAMIMAS,lnk-5,1,b5,2,b2,0
DAMIMAS_A21B_0580,train,DAMIMAS,lnk-6,2,b0,3,b2,0
DAMIMAS_A21B_0580,train,DAMIMAS,lnk-7,2,b5,3,b4,0
DAMIMAS_A21B_0580,train,DAMIMAS,lnk-8,2,b3,3,b3,0
DAMIMAS_A21B_0580,train,DAMIMAS,lnk-9,2,b4,3,b1,0
DAMIMAS_A21B_0580,train,DAMIMAS,lnk-10,3,b0,0,b0,0
DAMIMAS_A21B_0580,train,DAMIMAS,lnk-11,3,b5,0,b3,0
DAMIMAS_A21B_0581,train,DAMIMAS,lnk-0,0,b0,1,b0,0
DAMIMAS_A21B_0581,train,DAMIMAS,lnk-1,0,b2,1,b4,0
DAMIMAS_A21B_0581,train,DAMIMAS,lnk-2,0,b1,1,b5,0
DAMIMAS_A21B_0581,train,DAMIMAS,lnk-3,1,b2,2,b2,0
DAMIMAS_A21B_0581,train,DAMIMAS,lnk-4,1,b1,2,b3,0
DAMIMAS_A21B_0581,train,DAMIMAS,lnk-5,2,b1,3,b2,0
DAMIMAS_A21B_0581,train,DAMIMAS,lnk-6,2,b0,3,b1,0
DAMIMAS_A21B_0581,train,DAMIMAS,lnk-7,2,b4,3,b3,0
DAMIMAS_A21B_0581,train,DAMIMAS,lnk-8,3,b4,0,b3,0
DAMIMAS_A21B_0582,train,DAMIMAS,lnk-0,0,b4,1,b6,0
DAMIMAS_A21B_0582,train,DAMIMAS,lnk-1,0,b5,1,b5,0
DAMIMAS_A21B_0582,train,DAMIMAS,lnk-2,1,b0,2,b1,0
DAMIMAS_A21B_0582,train,DAMIMAS,lnk-3,1,b2,2,b2,0
DAMIMAS_A21B_0582,train,DAMIMAS,lnk-4,1,b3,2,b0,0
DAMIMAS_A21B_0582,train,DAMIMAS,lnk-5,2,b4,3,b5,0
DAMIMAS_A21B_0582,train,DAMIMAS,lnk-6,2,b3,3,b6,0
DAMIMAS_A21B_0582,train,DAMIMAS,lnk-7,2,b5,3,b4,0
DAMIMAS_A21B_0582,train,DAMIMAS,lnk-8,3,b0,0,b0,0
DAMIMAS_A21B_0582,train,DAMIMAS,lnk-9,3,b1,0,b1,0
DAMIMAS_A21B_0582,train,DAMIMAS,lnk-10,3,b2,0,b2,0
DAMIMAS_A21B_0583,train,DAMIMAS,lnk-0,0,b0,1,b0,0
DAMIMAS_A21B_0583,train,DAMIMAS,lnk-1,1,b1,2,b0,0
DAMIMAS_A21B_0583,train,DAMIMAS,lnk-2,3,b0,0,b1,0
DAMIMAS_A21B_0584,train,DAMIMAS,lnk-0,0,b1,1,b0,0
DAMIMAS_A21B_0584,train,DAMIMAS,lnk-1,0,b2,1,b3,0
DAMIMAS_A21B_0584,train,DAMIMAS,lnk-2,1,b1,2,b3,0
DAMIMAS_A21B_0584,train,DAMIMAS,lnk-3,1,b2,2,b4,0
DAMIMAS_A21B_0584,train,DAMIMAS,lnk-4,2,b1,3,b4,0
DAMIMAS_A21B_0584,train,DAMIMAS,lnk-5,2,b0,3,b1,0
DAMIMAS_A21B_0584,train,DAMIMAS,lnk-6,2,b5,3,b3,0
DAMIMAS_A21B_0584,train,DAMIMAS,lnk-7,3,b2,0,b3,0
DAMIMAS_A21B_0584,train,DAMIMAS,lnk-8,3,b0,0,b0,0
DAMIMAS_A21B_0585,train,DAMIMAS,lnk-0,0,b0,1,b1,0
DAMIMAS_A21B_0585,train,DAMIMAS,lnk-1,0,b2,1,b4,0
DAMIMAS_A21B_0585,train,DAMIMAS,lnk-2,1,b0,2,b5,0
DAMIMAS_A21B_0585,train,DAMIMAS,lnk-3,1,b2,2,b3,0
DAMIMAS_A21B_0585,train,DAMIMAS,lnk-4,1,b3,2,b4,0
DAMIMAS_A21B_0585,train,DAMIMAS,lnk-5,2,b0,3,b0,0
DAMIMAS_A21B_0585,train,DAMIMAS,lnk-6,2,b1,3,b5,0
DAMIMAS_A21B_0585,train,DAMIMAS,lnk-7,2,b2,3,b1,0
DAMIMAS_A21B_0585,train,DAMIMAS,lnk-8,3,b2,0,b1,0
DAMIMAS_A21B_0585,train,DAMIMAS,lnk-9,3,b4,0,b3,0
DAMIMAS_A21B_0586,val,DAMIMAS,lnk-0,0,b0,1,b3,0
DAMIMAS_A21B_0586,val,DAMIMAS,lnk-1,1,b0,2,b1,0
DAMIMAS_A21B_0586,val,DAMIMAS,lnk-2,1,b1,2,b4,0
DAMIMAS_A21B_0586,val,DAMIMAS,lnk-3,2,b2,3,b2,0
DAMIMAS_A21B_0586,val,DAMIMAS,lnk-4,2,b3,3,b0,0
DAMIMAS_A21B_0586,val,DAMIMAS,lnk-5,3,b1,0,b2,0
DAMIMAS_A21B_0587,train,DAMIMAS,lnk-0,0,b0,1,b1,0
DAMIMAS_A21B_0587,train,DAMIMAS,lnk-1,1,b0,2,b0,0
DAMIMAS_A21B_0588,train,DAMIMAS,lnk-0,0,b0,1,b0,0
DAMIMAS_A21B_0588,train,DAMIMAS,lnk-1,0,b2,1,b1,0
DAMIMAS_A21B_0588,train,DAMIMAS,lnk-2,1,b3,2,b0,0
DAMIMAS_A21B_0588,train,DAMIMAS,lnk-3,1,b2,2,b1,0
DAMIMAS_A21B_0588,train,DAMIMAS,lnk-4,1,b4,2,b2,0
DAMIMAS_A21B_0588,train,DAMIMAS,lnk-5,2,b3,3,b2,0
DAMIMAS_A21B_0588,train,DAMIMAS,lnk-6,3,b4,0,b3,0
DAMIMAS_A21B_0588,train,DAMIMAS,lnk-7,3,b5,0,b1,0
DAMIMAS_A21B_0588,train,DAMIMAS,lnk-8,3,b3,0,b4,0
DAMIMAS_A21B_0589,train,DAMIMAS,lnk-0,0,b4,1,b3,0
DAMIMAS_A21B_0589,train,DAMIMAS,lnk-1,0,b1,1,b4,0
DAMIMAS_A21B_0589,train,DAMIMAS,lnk-2,1,b0,2,b1,0
DAMIMAS_A21B_0589,train,DAMIMAS,lnk-3,1,b2,2,b2,0
DAMIMAS_A21B_0589,train,DAMIMAS,lnk-4,1,b1,2,b3,0
DAMIMAS_A21B_0589,train,DAMIMAS,lnk-5,2,b4,3,b5,0
DAMIMAS_A21B_0589,train,DAMIMAS,lnk-6,2,b0,3,b3,0
DAMIMAS_A21B_0589,train,DAMIMAS,lnk-7,2,b5,3,b2,0
DAMIMAS_A21B_0589,train,DAMIMAS,lnk-8,2,b7,3,b1,0
DAMIMAS_A21B_0589,train,DAMIMAS,lnk-9,3,b0,0,b0,0
DAMIMAS_A21B_0589,train,DAMIMAS,lnk-10,3,b4,0,b2,0
DAMIMAS_A21B_0590,train,DAMIMAS,lnk-0,0,b0,1,b0,0
DAMIMAS_A21B_0590,train,DAMIMAS,lnk-1,1,b1,2,b6,0
DAMIMAS_A21B_0590,train,DAMIMAS,lnk-2,1,b2,2,b0,0
DAMIMAS_A21B_0590,train,DAMIMAS,lnk-3,1,b3,2,b5,0
DAMIMAS_A21B_0590,train,DAMIMAS,lnk-4,2,b2,3,b3,0
DAMIMAS_A21B_0590,train,DAMIMAS,lnk-5,2,b1,3,b4,0
DAMIMAS_A21B_0590,train,DAMIMAS,lnk-6,3,b0,0,b3,0
DAMIMAS_A21B_0590,train,DAMIMAS,lnk-7,3,b1,0,b2,0
DAMIMAS_A21B_0590,train,DAMIMAS,lnk-8,3,b2,0,b4,0
DAMIMAS_A21B_0591,test,DAMIMAS,lnk-0,0,b0,1,b0,0
DAMIMAS_A21B_0591,test,DAMIMAS,lnk-1,0,b1,1,b2,0
DAMIMAS_A21B_0591,test,DAMIMAS,lnk-2,0,b2,1,b1,0
DAMIMAS_A21B_0591,test,DAMIMAS,lnk-3,1,b3,2,b2,0
DAMIMAS_A21B_0591,test,DAMIMAS,lnk-4,1,b5,2,b0,0
DAMIMAS_A21B_0591,test,DAMIMAS,lnk-5,1,b4,2,b1,0
DAMIMAS_A21B_0591,test,DAMIMAS,lnk-6,2,b5,3,b1,0
DAMIMAS_A21B_0591,test,DAMIMAS,lnk-7,2,b4,3,b2,0
DAMIMAS_A21B_0591,test,DAMIMAS,lnk-8,3,b0,0,b6,0
DAMIMAS_A21B_0591,test,DAMIMAS,lnk-9,3,b3,0,b5,0
DAMIMAS_A21B_0592,train,DAMIMAS,lnk-0,0,b1,1,b0,0
DAMIMAS_A21B_0592,train,DAMIMAS,lnk-1,1,b2,2,b2,0
DAMIMAS_A21B_0592,train,DAMIMAS,lnk-2,1,b3,2,b1,0
DAMIMAS_A21B_0592,train,DAMIMAS,lnk-3,2,b0,3,b3,0
DAMIMAS_A21B_0592,train,DAMIMAS,lnk-4,3,b0,0,b0,0
DAMIMAS_A21B_0592,train,DAMIMAS,lnk-5,3,b1,0,b2,0
DAMIMAS_A21B_0593,val,DAMIMAS,lnk-0,0,b0,1,b0,0
DAMIMAS_A21B_0593,val,DAMIMAS,lnk-1,2,b0,3,b0,0
DAMIMAS_A21B_0594,train,DAMIMAS,lnk-0,0,b0,1,b5,0
DAMIMAS_A21B_0594,train,DAMIMAS,lnk-1,0,b5,1,b1,0
DAMIMAS_A21B_0594,train,DAMIMAS,lnk-2,0,b4,1,b4,0
DAMIMAS_A21B_0594,train,DAMIMAS,lnk-3,0,b6,1,b3,0
DAMIMAS_A21B_0594,train,DAMIMAS,lnk-4,1,b0,2,b0,0
DAMIMAS_A21B_0594,train,DAMIMAS,lnk-5,1,b2,2,b2,0
DAMIMAS_A21B_0594,train,DAMIMAS,lnk-6,2,b6,3,b0,0
DAMIMAS_A21B_0594,train,DAMIMAS,lnk-7,2,b3,3,b2,0
DAMIMAS_A21B_0594,train,DAMIMAS,lnk-8,2,b5,3,b1,0
DAMIMAS_A21B_0594,train,DAMIMAS,lnk-9,3,b3,0,b2,0
DAMIMAS_A21B_0595,val,DAMIMAS,lnk-0,0,b5,1,b2,0
DAMIMAS_A21B_0595,val,DAMIMAS,lnk-1,0,b3,1,b4,0
DAMIMAS_A21B_0595,val,DAMIMAS,lnk-2,0,b4,1,b3,0
DAMIMAS_A21B_0595,val,DAMIMAS,lnk-3,1,b0,2,b0,0
DAMIMAS_A21B_0595,val,DAMIMAS,lnk-4,1,b5,2,b1,0
DAMIMAS_A21B_0595,val,DAMIMAS,lnk-5,1,b1,2,b3,0
DAMIMAS_A21B_0595,val,DAMIMAS,lnk-6,2,b2,3,b3,0
DAMIMAS_A21B_0595,val,DAMIMAS,lnk-7,2,b4,3,b4,0
DAMIMAS_A21B_0595,val,DAMIMAS,lnk-8,3,b0,0,b0,0
DAMIMAS_A21B_0595,val,DAMIMAS,lnk-9,3,b1,0,b2,0
DAMIMAS_A21B_0595,val,DAMIMAS,lnk-10,3,b6,0,b1,0
DAMIMAS_A21B_0596,train,DAMIMAS,lnk-0,0,b3,1,b0,0
DAMIMAS_A21B_0596,train,DAMIMAS,lnk-1,0,b4,1,b1,0
DAMIMAS_A21B_0596,train,DAMIMAS,lnk-2,1,b2,2,b4,0
DAMIMAS_A21B_0596,train,DAMIMAS,lnk-3,1,b5,2,b3,0
DAMIMAS_A21B_0596,train,DAMIMAS,lnk-4,1,b4,2,b1,0
DAMIMAS_A21B_0596,train,DAMIMAS,lnk-5,1,b3,2,b2,0
DAMIMAS_A21B_0596,train,DAMIMAS,lnk-6,2,b0,3,b0,0
DAMIMAS_A21B_0596,train,DAMIMAS,lnk-7,3,b2,0,b0,0
DAMIMAS_A21B_0596,train,DAMIMAS,lnk-8,3,b4,0,b1,0
DAMIMAS_A21B_0597,train,DAMIMAS,lnk-0,0,b1,1,b2,0
DAMIMAS_A21B_0597,train,DAMIMAS,lnk-1,0,b0,1,b1,0
DAMIMAS_A21B_0597,train,DAMIMAS,lnk-2,1,b0,2,b3,0
DAMIMAS_A21B_0597,train,DAMIMAS,lnk-3,2,b2,3,b2,0
DAMIMAS_A21B_0597,train,DAMIMAS,lnk-4,2,b0,3,b1,0
DAMIMAS_A21B_0597,train,DAMIMAS,lnk-5,2,b1,3,b3,0
DAMIMAS_A21B_0597,train,DAMIMAS,lnk-6,3,b0,0,b3,0
DAMIMAS_A21B_0598,train,DAMIMAS,lnk-0,0,b1,1,b3,0
DAMIMAS_A21B_0598,train,DAMIMAS,lnk-1,0,b2,1,b4,0
DAMIMAS_A21B_0598,train,DAMIMAS,lnk-2,1,b0,2,b0,0
DAMIMAS_A21B_0598,train,DAMIMAS,lnk-3,1,b1,2,b1,0
DAMIMAS_A21B_0598,train,DAMIMAS,lnk-4,2,b3,3,b3,0
DAMIMAS_A21B_0598,train,DAMIMAS,lnk-5,2,b4,3,b0,0
DAMIMAS_A21B_0598,train,DAMIMAS,lnk-6,2,b2,3,b4,0
DAMIMAS_A21B_0598,train,DAMIMAS,lnk-7,3,b2,0,b0,0
DAMIMAS_A21B_0598,train,DAMIMAS,lnk-8,3,b1,0,b3,0
DAMIMAS_A21B_0599,train,DAMIMAS,lnk-0,0,b1,1,b2,0
DAMIMAS_A21B_0599,train,DAMIMAS,lnk-1,0,b2,1,b3,0
DAMIMAS_A21B_0599,train,DAMIMAS,lnk-2,1,b0,2,b6,0
DAMIMAS_A21B_0599,train,DAMIMAS,lnk-3,1,b5,2,b4,0
DAMIMAS_A21B_0599,train,DAMIMAS,lnk-4,2,b0,3,b0,0
DAMIMAS_A21B_0599,train,DAMIMAS,lnk-5,2,b2,3,b1,0
DAMIMAS_A21B_0599,train,DAMIMAS,lnk-6,2,b1,3,b2,0
DAMIMAS_A21B_0599,train,DAMIMAS,lnk-7,3,b3,0,b4,0
DAMIMAS_A21B_0599,train,DAMIMAS,lnk-8,3,b4,0,b0,0
DAMIMAS_A21B_0600,train,DAMIMAS,lnk-0,0,b0,1,b0,0
DAMIMAS_A21B_0600,train,DAMIMAS,lnk-1,0,b3,1,b6,0
DAMIMAS_A21B_0600,train,DAMIMAS,lnk-2,0,b2,1,b4,0
DAMIMAS_A21B_0600,train,DAMIMAS,lnk-3,0,b1,1,b5,0
DAMIMAS_A21B_0600,train,DAMIMAS,lnk-4,1,b2,2,b3,0
DAMIMAS_A21B_0600,train,DAMIMAS,lnk-5,1,b3,2,b1,0
DAMIMAS_A21B_0600,train,DAMIMAS,lnk-6,1,b7,2,b2,0
DAMIMAS_A21B_0600,train,DAMIMAS,lnk-7,2,b0,3,b1,0
DAMIMAS_A21B_0600,train,DAMIMAS,lnk-8,2,b4,3,b4,0
DAMIMAS_A21B_0600,train,DAMIMAS,lnk-9,3,b0,0,b5,0
DAMIMAS_A21B_0600,train,DAMIMAS,lnk-10,3,b7,0,b6,0
DAMIMAS_A21B_0600,train,DAMIMAS,lnk-11,3,b6,0,b4,0
DAMIMAS_A21B_0601,test,DAMIMAS,lnk-0,0,b1,1,b2,0
DAMIMAS_A21B_0601,test,DAMIMAS,lnk-1,0,b0,1,b3,0
DAMIMAS_A21B_0601,test,DAMIMAS,lnk-2,1,b0,2,b1,0
DAMIMAS_A21B_0601,test,DAMIMAS,lnk-3,2,b0,3,b0,0
DAMIMAS_A21B_0601,test,DAMIMAS,lnk-4,3,b1,0,b2,0
DAMIMAS_A21B_0602,train,DAMIMAS,lnk-0,0,b0,1,b0,0
DAMIMAS_A21B_0602,train,DAMIMAS,lnk-1,0,b1,1,b5,0
DAMIMAS_A21B_0602,train,DAMIMAS,lnk-2,1,b2,2,b3,0
DAMIMAS_A21B_0602,train,DAMIMAS,lnk-3,1,b3,2,b0,0
DAMIMAS_A21B_0602,train,DAMIMAS,lnk-4,1,b4,2,b4,0
DAMIMAS_A21B_0602,train,DAMIMAS,lnk-5,2,b2,3,b7,0
DAMIMAS_A21B_0602,train,DAMIMAS,lnk-6,2,b1,3,b5,0
DAMIMAS_A21B_0602,train,DAMIMAS,lnk-7,3,b1,0,b4,0
DAMIMAS_A21B_0602,train,DAMIMAS,lnk-8,3,b2,0,b2,0
DAMIMAS_A21B_0602,train,DAMIMAS,lnk-9,3,b3,0,b5,0
DAMIMAS_A21B_0603,train,DAMIMAS,lnk-0,0,b0,1,b0,0
DAMIMAS_A21B_0603,train,DAMIMAS,lnk-1,0,b1,1,b4,0
DAMIMAS_A21B_0603,train,DAMIMAS,lnk-2,1,b2,2,b0,0
DAMIMAS_A21B_0603,train,DAMIMAS,lnk-3,2,b1,3,b3,0
DAMIMAS_A21B_0603,train,DAMIMAS,lnk-4,2,b2,3,b4,0
DAMIMAS_A21B_0603,train,DAMIMAS,lnk-5,2,b3,3,b0,0
DAMIMAS_A21B_0603,train,DAMIMAS,lnk-6,3,b2,0,b2,0
DAMIMAS_A21B_0603,train,DAMIMAS,lnk-7,3,b1,0,b3,0
DAMIMAS_A21B_0604,train,DAMIMAS,lnk-0,0,b0,1,b1,0
DAMIMAS_A21B_0604,train,DAMIMAS,lnk-1,0,b1,1,b2,0
DAMIMAS_A21B_0604,train,DAMIMAS,lnk-2,1,b0,2,b2,0
DAMIMAS_A21B_0604,train,DAMIMAS,lnk-3,2,b0,3,b0,0
DAMIMAS_A21B_0604,train,DAMIMAS,lnk-4,2,b1,3,b1,0
DAMIMAS_A21B_0604,train,DAMIMAS,lnk-5,3,b2,0,b2,0
DAMIMAS_A21B_0605,train,DAMIMAS,lnk-0,0,b0,1,b0,0
DAMIMAS_A21B_0605,train,DAMIMAS,lnk-1,1,b2,2,b2,0
DAMIMAS_A21B_0605,train,DAMIMAS,lnk-2,1,b1,2,b4,0
DAMIMAS_A21B_0605,train,DAMIMAS,lnk-3,1,b3,2,b3,0
DAMIMAS_A21B_0605,train,DAMIMAS,lnk-4,2,b0,3,b4,0
DAMIMAS_A21B_0605,train,DAMIMAS,lnk-5,2,b1,3,b3,0
DAMIMAS_A21B_0605,train,DAMIMAS,lnk-6,3,b0,0,b3,0
DAMIMAS_A21B_0605,train,DAMIMAS,lnk-7,3,b1,0,b4,0
DAMIMAS_A21B_0606,train,DAMIMAS,lnk-0,0,b0,1,b4,0
DAMIMAS_A21B_0606,train,DAMIMAS,lnk-1,0,b1,1,b2,0
DAMIMAS_A21B_0606,train,DAMIMAS,lnk-2,1,b0,2,b3,0
DAMIMAS_A21B_0606,train,DAMIMAS,lnk-3,2,b2,3,b1,0
DAMIMAS_A21B_0606,train,DAMIMAS,lnk-4,2,b1,3,b3,0
DAMIMAS_A21B_0606,train,DAMIMAS,lnk-5,3,b4,0,b6,0
DAMIMAS_A21B_0606,train,DAMIMAS,lnk-6,3,b2,0,b4,0
DAMIMAS_A21B_0606,train,DAMIMAS,lnk-7,3,b5,0,b5,0
DAMIMAS_A21B_0607,train,DAMIMAS,lnk-0,0,b4,1,b3,0
DAMIMAS_A21B_0607,train,DAMIMAS,lnk-1,0,b1,1,b1,0
DAMIMAS_A21B_0607,train,DAMIMAS,lnk-2,0,b5,1,b2,0
DAMIMAS_A21B_0607,train,DAMIMAS,lnk-3,1,b4,2,b2,0
DAMIMAS_A21B_0607,train,DAMIMAS,lnk-4,1,b5,2,b1,0
DAMIMAS_A21B_0607,train,DAMIMAS,lnk-5,1,b0,2,b3,0
DAMIMAS_A21B_0607,train,DAMIMAS,lnk-6,2,b0,3,b1,0
DAMIMAS_A21B_0607,train,DAMIMAS,lnk-7,2,b4,3,b0,0
DAMIMAS_A21B_0607,train,DAMIMAS,lnk-8,2,b6,3,b5,0
DAMIMAS_A21B_0607,train,DAMIMAS,lnk-9,2,b5,3,b4,0
DAMIMAS_A21B_0607,train,DAMIMAS,lnk-10,3,b2,0,b0,0
DAMIMAS_A21B_0607,train,DAMIMAS,lnk-11,3,b3,0,b2,0
DAMIMAS_A21B_0608,train,DAMIMAS,lnk-0,0,b6,1,b0,0
DAMIMAS_A21B_0608,train,DAMIMAS,lnk-1,0,b5,1,b1,0
DAMIMAS_A21B_0608,train,DAMIMAS,lnk-2,1,b2,2,b4,0
DAMIMAS_A21B_0608,train,DAMIMAS,lnk-3,2,b3,3,b2,0
DAMIMAS_A21B_0608,train,DAMIMAS,lnk-4,2,b2,3,b1,0
DAMIMAS_A21B_0608,train,DAMIMAS,lnk-5,3,b4,0,b1,0
DAMIMAS_A21B_0608,train,DAMIMAS,lnk-6,3,b5,0,b0,0
DAMIMAS_A21B_0608,train,DAMIMAS,lnk-7,3,b3,0,b4,0
DAMIMAS_A21B_0608,train,DAMIMAS,lnk-8,3,b0,0,b2,0
DAMIMAS_A21B_0609,val,DAMIMAS,lnk-0,0,b0,1,b2,0
DAMIMAS_A21B_0609,val,DAMIMAS,lnk-1,1,b0,2,b4,0
DAMIMAS_A21B_0609,val,DAMIMAS,lnk-2,1,b1,2,b3,0
DAMIMAS_A21B_0609,val,DAMIMAS,lnk-3,2,b0,3,b1,0
DAMIMAS_A21B_0609,val,DAMIMAS,lnk-4,2,b2,3,b4,0
DAMIMAS_A21B_0609,val,DAMIMAS,lnk-5,2,b1,3,b0,0
DAMIMAS_A21B_0609,val,DAMIMAS,lnk-6,3,b2,0,b4,0
DAMIMAS_A21B_0609,val,DAMIMAS,lnk-7,3,b3,0,b3,0
DAMIMAS_A21B_0610,train,DAMIMAS,lnk-0,0,b0,1,b3,0
DAMIMAS_A21B_0610,train,DAMIMAS,lnk-1,1,b0,2,b5,0
DAMIMAS_A21B_0610,train,DAMIMAS,lnk-2,1,b1,2,b4,0
DAMIMAS_A21B_0610,train,DAMIMAS,lnk-3,2,b0,3,b4,0
DAMIMAS_A21B_0610,train,DAMIMAS,lnk-4,2,b1,3,b2,0
DAMIMAS_A21B_0610,train,DAMIMAS,lnk-5,2,b2,3,b5,0
DAMIMAS_A21B_0610,train,DAMIMAS,lnk-6,3,b1,0,b1,0
DAMIMAS_A21B_0610,train,DAMIMAS,lnk-7,3,b0,0,b2,0
DAMIMAS_A21B_0611,train,DAMIMAS,lnk-0,0,b0,1,b2,0
DAMIMAS_A21B_0611,train,DAMIMAS,lnk-1,0,b2,1,b0,0
DAMIMAS_A21B_0611,train,DAMIMAS,lnk-2,1,b1,2,b0,0
DAMIMAS_A21B_0611,train,DAMIMAS,lnk-3,2,b2,3,b5,0
DAMIMAS_A21B_0611,train,DAMIMAS,lnk-4,2,b3,3,b1,0
DAMIMAS_A21B_0611,train,DAMIMAS,lnk-5,2,b1,3,b0,0
DAMIMAS_A21B_0611,train,DAMIMAS,lnk-6,3,b2,0,b4,0
DAMIMAS_A21B_0611,train,DAMIMAS,lnk-7,3,b4,0,b5,0
DAMIMAS_A21B_0611,train,DAMIMAS,lnk-8,3,b3,0,b3,0
DAMIMAS_A21B_0612,val,DAMIMAS,lnk-0,0,b0,1,b3,0
DAMIMAS_A21B_0612,val,DAMIMAS,lnk-1,1,b0,2,b3,0
DAMIMAS_A21B_0612,val,DAMIMAS,lnk-2,1,b1,2,b2,0
DAMIMAS_A21B_0612,val,DAMIMAS,lnk-3,2,b0,3,b0,0
DAMIMAS_A21B_0612,val,DAMIMAS,lnk-4,3,b1,0,b2,0
DAMIMAS_A21B_0613,train,DAMIMAS,lnk-0,0,b0,1,b0,0
DAMIMAS_A21B_0613,train,DAMIMAS,lnk-1,1,b2,2,b0,0
DAMIMAS_A21B_0613,train,DAMIMAS,lnk-2,2,b1,3,b2,0
DAMIMAS_A21B_0613,train,DAMIMAS,lnk-3,3,b0,0,b1,0
DAMIMAS_A21B_0614,val,DAMIMAS,lnk-0,0,b0,1,b6,0
DAMIMAS_A21B_0614,val,DAMIMAS,lnk-1,0,b3,1,b5,0
DAMIMAS_A21B_0614,val,DAMIMAS,lnk-2,1,b2,2,b5,0
DAMIMAS_A21B_0614,val,DAMIMAS,lnk-3,1,b1,2,b3,0
DAMIMAS_A21B_0614,val,DAMIMAS,lnk-4,1,b0,2,b0,0
DAMIMAS_A21B_0614,val,DAMIMAS,lnk-5,2,b1,3,b5,0
DAMIMAS_A21B_0614,val,DAMIMAS,lnk-6,2,b2,3,b0,0
DAMIMAS_A21B_0614,val,DAMIMAS,lnk-7,3,b1,0,b1,0
DAMIMAS_A21B_0614,val,DAMIMAS,lnk-8,3,b2,0,b4,0
DAMIMAS_A21B_0615,train,DAMIMAS,lnk-0,0,b4,1,b1,0
DAMIMAS_A21B_0615,train,DAMIMAS,lnk-1,0,b3,1,b2,0
DAMIMAS_A21B_0615,train,DAMIMAS,lnk-2,1,b3,2,b1,0
DAMIMAS_A21B_0615,train,DAMIMAS,lnk-3,1,b4,2,b0,0
DAMIMAS_A21B_0615,train,DAMIMAS,lnk-4,2,b2,3,b4,0
DAMIMAS_A21B_0615,train,DAMIMAS,lnk-5,2,b4,3,b5,0
DAMIMAS_A21B_0615,train,DAMIMAS,lnk-6,3,b1,0,b0,0
DAMIMAS_A21B_0615,train,DAMIMAS,lnk-7,3,b2,0,b2,0
DAMIMAS_A21B_0615,train,DAMIMAS,lnk-8,3,b3,0,b1,0
DAMIMAS_A21B_0615,train,DAMIMAS,lnk-9,0,b5,1,b0,0
DAMIMAS_A21B_0616,test,DAMIMAS,lnk-0,0,b0,1,b0,0
DAMIMAS_A21B_0616,test,DAMIMAS,lnk-1,0,b1,1,b2,0
DAMIMAS_A21B_0616,test,DAMIMAS,lnk-2,1,b1,2,b4,0
DAMIMAS_A21B_0616,test,DAMIMAS,lnk-3,2,b0,3,b0,0
DAMIMAS_A21B_0616,test,DAMIMAS,lnk-4,2,b3,3,b5,0
DAMIMAS_A21B_0616,test,DAMIMAS,lnk-5,2,b2,3,b1,0
DAMIMAS_A21B_0616,test,DAMIMAS,lnk-6,3,b4,0,b2,0
DAMIMAS_A21B_0616,test,DAMIMAS,lnk-7,3,b2,0,b4,0
DAMIMAS_A21B_0616,test,DAMIMAS,lnk-8,3,b3,0,b3,0
DAMIMAS_A21B_0617,train,DAMIMAS,lnk-0,0,b4,1,b0,0
DAMIMAS_A21B_0617,train,DAMIMAS,lnk-1,0,b3,1,b2,0
DAMIMAS_A21B_0617,train,DAMIMAS,lnk-2,0,b2,1,b1,0
DAMIMAS_A21B_0617,train,DAMIMAS,lnk-3,1,b4,2,b1,0
DAMIMAS_A21B_0617,train,DAMIMAS,lnk-4,1,b3,2,b3,0
DAMIMAS_A21B_0617,train,DAMIMAS,lnk-5,2,b0,3,b0,0
DAMIMAS_A21B_0617,train,DAMIMAS,lnk-6,2,b2,3,b2,0
DAMIMAS_A21B_0617,train,DAMIMAS,lnk-7,3,b5,0,b0,0
DAMIMAS_A21B_0617,train,DAMIMAS,lnk-8,3,b4,0,b1,0
DAMIMAS_A21B_0618,test,DAMIMAS,lnk-0,0,b1,1,b2,0
DAMIMAS_A21B_0618,test,DAMIMAS,lnk-1,0,b0,1,b3,0
DAMIMAS_A21B_0618,test,DAMIMAS,lnk-2,1,b0,2,b3,0
DAMIMAS_A21B_0618,test,DAMIMAS,lnk-3,1,b1,2,b0,0
DAMIMAS_A21B_0618,test,DAMIMAS,lnk-4,2,b1,3,b1,0
DAMIMAS_A21B_0618,test,DAMIMAS,lnk-5,3,b2,0,b3,0
DAMIMAS_A21B_0618,test,DAMIMAS,lnk-6,3,b0,0,b4,0
DAMIMAS_A21B_0619,train,DAMIMAS,lnk-0,0,b0,1,b0,0
DAMIMAS_A21B_0619,train,DAMIMAS,lnk-1,0,b4,1,b6,0
DAMIMAS_A21B_0619,train,DAMIMAS,lnk-2,1,b1,2,b0,0
DAMIMAS_A21B_0619,train,DAMIMAS,lnk-3,1,b3,2,b5,0
DAMIMAS_A21B_0619,train,DAMIMAS,lnk-4,1,b2,2,b4,0
DAMIMAS_A21B_0619,train,DAMIMAS,lnk-5,2,b1,3,b3,0
DAMIMAS_A21B_0619,train,DAMIMAS,lnk-6,2,b3,3,b6,0
DAMIMAS_A21B_0619,train,DAMIMAS,lnk-7,3,b1,0,b1,0
DAMIMAS_A21B_0619,train,DAMIMAS,lnk-8,3,b4,0,b3,0
DAMIMAS_A21B_0619,train,DAMIMAS,lnk-9,3,b2,0,b2,0
DAMIMAS_A21B_0620,train,DAMIMAS,lnk-0,0,b3,1,b6,0
DAMIMAS_A21B_0620,train,DAMIMAS,lnk-1,0,b2,1,b3,0
DAMIMAS_A21B_0620,train,DAMIMAS,lnk-2,0,b1,1,b4,0
DAMIMAS_A21B_0620,train,DAMIMAS,lnk-3,0,b0,1,b2,0
DAMIMAS_A21B_0620,train,DAMIMAS,lnk-4,1,b5,2,b1,0
DAMIMAS_A21B_0620,train,DAMIMAS,lnk-5,1,b0,2,b0,0
DAMIMAS_A21B_0620,train,DAMIMAS,lnk-6,1,b1,2,b5,0
DAMIMAS_A21B_0620,train,DAMIMAS,lnk-7,2,b3,3,b3,0
DAMIMAS_A21B_0620,train,DAMIMAS,lnk-8,2,b4,3,b2,0
DAMIMAS_A21B_0620,train,DAMIMAS,lnk-9,3,b0,0,b5,0
DAMIMAS_A21B_0620,train,DAMIMAS,lnk-10,3,b1,0,b6,0
DAMIMAS_A21B_0621,train,DAMIMAS,lnk-0,0,b0,1,b1,0
DAMIMAS_A21B_0621,train,DAMIMAS,lnk-1,0,b3,1,b3,0
DAMIMAS_A21B_0621,train,DAMIMAS,lnk-2,0,b2,1,b5,0
DAMIMAS_A21B_0621,train,DAMIMAS,lnk-3,0,b1,1,b2,0
DAMIMAS_A21B_0621,train,DAMIMAS,lnk-4,1,b0,2,b1,0
DAMIMAS_A21B_0621,train,DAMIMAS,lnk-5,1,b7,2,b2,0
DAMIMAS_A21B_0621,train,DAMIMAS,lnk-6,1,b4,2,b3,0
DAMIMAS_A21B_0621,train,DAMIMAS,lnk-7,2,b0,3,b5,0
DAMIMAS_A21B_0621,train,DAMIMAS,lnk-8,2,b6,3,b4,0
DAMIMAS_A21B_0621,train,DAMIMAS,lnk-9,3,b2,0,b5,0
DAMIMAS_A21B_0621,train,DAMIMAS,lnk-10,3,b1,0,b4,0
DAMIMAS_A21B_0622,train,DAMIMAS,lnk-0,0,b0,1,b0,0
DAMIMAS_A21B_0622,train,DAMIMAS,lnk-1,0,b1,1,b4,0
DAMIMAS_A21B_0622,train,DAMIMAS,lnk-2,0,b3,1,b5,0
DAMIMAS_A21B_0622,train,DAMIMAS,lnk-3,0,b2,1,b1,0
DAMIMAS_A21B_0622,train,DAMIMAS,lnk-4,1,b2,2,b4,0
DAMIMAS_A21B_0622,train,DAMIMAS,lnk-5,1,b3,2,b3,0
DAMIMAS_A21B_0622,train,DAMIMAS,lnk-6,2,b0,3,b0,0
DAMIMAS_A21B_0622,train,DAMIMAS,lnk-7,2,b1,3,b2,0
DAMIMAS_A21B_0622,train,DAMIMAS,lnk-8,3,b5,0,b6,0
DAMIMAS_A21B_0622,train,DAMIMAS,lnk-9,3,b4,0,b4,0
DAMIMAS_A21B_0622,train,DAMIMAS,lnk-10,3,b3,0,b5,0
DAMIMAS_A21B_0623,train,DAMIMAS,lnk-0,0,b4,1,b5,0
DAMIMAS_A21B_0623,train,DAMIMAS,lnk-1,0,b2,1,b4,0
DAMIMAS_A21B_0623,train,DAMIMAS,lnk-2,0,b3,1,b3,0
DAMIMAS_A21B_0623,train,DAMIMAS,lnk-3,1,b0,2,b0,0
DAMIMAS_A21B_0623,train,DAMIMAS,lnk-4,1,b1,2,b2,0
DAMIMAS_A21B_0623,train,DAMIMAS,lnk-5,1,b2,2,b1,0
DAMIMAS_A21B_0623,train,DAMIMAS,lnk-6,2,b3,3,b4,0
DAMIMAS_A21B_0623,train,DAMIMAS,lnk-7,2,b4,3,b1,0
DAMIMAS_A21B_0623,train,DAMIMAS,lnk-8,2,b5,3,b3,0
DAMIMAS_A21B_0623,train,DAMIMAS,lnk-9,3,b0,0,b0,0
DAMIMAS_A21B_0623,train,DAMIMAS,lnk-10,3,b2,0,b5,0
DAMIMAS_A21B_0624,train,DAMIMAS,lnk-0,0,b0,1,b5,0
DAMIMAS_A21B_0624,train,DAMIMAS,lnk-1,0,b1,1,b4,0
DAMIMAS_A21B_0624,train,DAMIMAS,lnk-2,1,b0,2,b0,0
DAMIMAS_A21B_0624,train,DAMIMAS,lnk-3,1,b1,2,b4,0
DAMIMAS_A21B_0624,train,DAMIMAS,lnk-4,1,b2,2,b5,0
DAMIMAS_A21B_0624,train,DAMIMAS,lnk-5,2,b1,3,b0,0
DAMIMAS_A21B_0624,train,DAMIMAS,lnk-6,2,b2,3,b5,0
DAMIMAS_A21B_0624,train,DAMIMAS,lnk-7,3,b2,0,b4,0
DAMIMAS_A21B_0624,train,DAMIMAS,lnk-8,3,b3,0,b2,0
DAMIMAS_A21B_0625,train,DAMIMAS,lnk-0,0,b2,1,b5,0
DAMIMAS_A21B_0625,train,DAMIMAS,lnk-1,0,b1,1,b6,0
DAMIMAS_A21B_0625,train,DAMIMAS,lnk-2,0,b0,1,b4,0
DAMIMAS_A21B_0625,train,DAMIMAS,lnk-3,1,b0,2,b6,0
DAMIMAS_A21B_0625,train,DAMIMAS,lnk-4,1,b1,2,b4,0
DAMIMAS_A21B_0625,train,DAMIMAS,lnk-5,1,b3,2,b5,0
DAMIMAS_A21B_0625,train,DAMIMAS,lnk-6,2,b0,3,b5,0
DAMIMAS_A21B_0625,train,DAMIMAS,lnk-7,2,b1,3,b4,0
DAMIMAS_A21B_0625,train,DAMIMAS,lnk-8,2,b3,3,b7,0
DAMIMAS_A21B_0625,train,DAMIMAS,lnk-9,2,b2,3,b6,0
DAMIMAS_A21B_0625,train,DAMIMAS,lnk-10,3,b2,0,b4,0
DAMIMAS_A21B_0625,train,DAMIMAS,lnk-11,3,b1,0,b3,0
DAMIMAS_A21B_0626,train,DAMIMAS,lnk-0,0,b0,1,b1,0
DAMIMAS_A21B_0626,train,DAMIMAS,lnk-1,0,b2,1,b7,0
DAMIMAS_A21B_0626,train,DAMIMAS,lnk-2,0,b1,1,b5,0
DAMIMAS_A21B_0626,train,DAMIMAS,lnk-3,1,b0,2,b3,0
DAMIMAS_A21B_0626,train,DAMIMAS,lnk-4,1,b3,2,b4,0
DAMIMAS_A21B_0626,train,DAMIMAS,lnk-5,1,b2,2,b0,0
DAMIMAS_A21B_0626,train,DAMIMAS,lnk-6,2,b1,3,b3,0
DAMIMAS_A21B_0626,train,DAMIMAS,lnk-7,2,b2,3,b4,0
DAMIMAS_A21B_0626,train,DAMIMAS,lnk-8,2,b5,3,b1,0
DAMIMAS_A21B_0626,train,DAMIMAS,lnk-9,3,b0,0,b4,0
DAMIMAS_A21B_0626,train,DAMIMAS,lnk-10,3,b2,0,b3,0
DAMIMAS_A21B_0627,train,DAMIMAS,lnk-0,0,b0,1,b0,0
DAMIMAS_A21B_0627,train,DAMIMAS,lnk-1,0,b1,1,b1,0
DAMIMAS_A21B_0627,train,DAMIMAS,lnk-2,1,b2,2,b1,0
DAMIMAS_A21B_0627,train,DAMIMAS,lnk-3,2,b2,3,b0,0
DAMIMAS_A21B_0627,train,DAMIMAS,lnk-4,2,b3,3,b1,0
DAMIMAS_A21B_0627,train,DAMIMAS,lnk-5,3,b4,0,b3,0
DAMIMAS_A21B_0627,train,DAMIMAS,lnk-6,3,b3,0,b4,0
DAMIMAS_A21B_0628,train,DAMIMAS,lnk-0,0,b1,1,b1,0
DAMIMAS_A21B_0628,train,DAMIMAS,lnk-1,0,b0,1,b0,0
DAMIMAS_A21B_0628,train,DAMIMAS,lnk-2,0,b2,1,b2,0
DAMIMAS_A21B_0628,train,DAMIMAS,lnk-3,1,b4,2,b4,0
DAMIMAS_A21B_0628,train,DAMIMAS,lnk-4,1,b5,2,b3,0
DAMIMAS_A21B_0628,train,DAMIMAS,lnk-5,2,b2,3,b2,0
DAMIMAS_A21B_0628,train,DAMIMAS,lnk-6,2,b0,3,b0,0
DAMIMAS_A21B_0628,train,DAMIMAS,lnk-7,2,b1,3,b1,0
DAMIMAS_A21B_0628,train,DAMIMAS,lnk-8,3,b3,0,b4,0
DAMIMAS_A21B_0628,train,DAMIMAS,lnk-9,3,b5,0,b3,0
DAMIMAS_A21B_0629,train,DAMIMAS,lnk-0,0,b0,1,b0,0
DAMIMAS_A21B_0629,train,DAMIMAS,lnk-1,0,b1,1,b1,0
DAMIMAS_A21B_0629,train,DAMIMAS,lnk-2,0,b2,1,b2,0
DAMIMAS_A21B_0629,train,DAMIMAS,lnk-3,1,b3,2,b3,0
DAMIMAS_A21B_0629,train,DAMIMAS,lnk-4,2,b2,3,b2,0
DAMIMAS_A21B_0629,train,DAMIMAS,lnk-5,2,b1,3,b1,0
DAMIMAS_A21B_0629,train,DAMIMAS,lnk-6,2,b0,3,b0,0
DAMIMAS_A21B_0629,train,DAMIMAS,lnk-7,3,b4,0,b3,0
DAMIMAS_A21B_0629,train,DAMIMAS,lnk-8,3,b3,0,b4,0
DAMIMAS_A21B_0630,train,DAMIMAS,lnk-0,0,b3,1,b5,0
DAMIMAS_A21B_0630,train,DAMIMAS,lnk-1,0,b2,1,b3,0
DAMIMAS_A21B_0630,train,DAMIMAS,lnk-2,0,b0,1,b2,0
DAMIMAS_A21B_0630,train,DAMIMAS,lnk-3,1,b0,2,b0,0
DAMIMAS_A21B_0630,train,DAMIMAS,lnk-4,1,b1,2,b5,0
DAMIMAS_A21B_0630,train,DAMIMAS,lnk-5,1,b4,2,b4,0
DAMIMAS_A21B_0630,train,DAMIMAS,lnk-6,2,b1,3,b0,0
DAMIMAS_A21B_0630,train,DAMIMAS,lnk-7,2,b2,3,b4,0
DAMIMAS_A21B_0630,train,DAMIMAS,lnk-8,2,b3,3,b3,0
DAMIMAS_A21B_0630,train,DAMIMAS,lnk-9,3,b1,0,b1,0
DAMIMAS_A21B_0630,train,DAMIMAS,lnk-10,3,b2,0,b4,0
DAMIMAS_A21B_0631,train,DAMIMAS,lnk-0,1,b0,2,b1,0
DAMIMAS_A21B_0631,train,DAMIMAS,lnk-1,1,b1,2,b2,0
DAMIMAS_A21B_0631,train,DAMIMAS,lnk-2,2,b0,3,b0,0
DAMIMAS_A21B_0631,train,DAMIMAS,lnk-3,3,b2,0,b0,0
DAMIMAS_A21B_0632,train,DAMIMAS,lnk-0,0,b7,1,b2,0
DAMIMAS_A21B_0632,train,DAMIMAS,lnk-1,0,b1,1,b6,0
DAMIMAS_A21B_0632,train,DAMIMAS,lnk-2,1,b0,2,b0,0
DAMIMAS_A21B_0632,train,DAMIMAS,lnk-3,1,b1,2,b8,0
DAMIMAS_A21B_0632,train,DAMIMAS,lnk-4,1,b3,2,b6,0
DAMIMAS_A21B_0632,train,DAMIMAS,lnk-5,2,b1,3,b0,0
DAMIMAS_A21B_0632,train,DAMIMAS,lnk-6,2,b2,3,b6,0
DAMIMAS_A21B_0632,train,DAMIMAS,lnk-7,2,b4,3,b1,0
DAMIMAS_A21B_0632,train,DAMIMAS,lnk-8,2,b3,3,b2,0
DAMIMAS_A21B_0632,train,DAMIMAS,lnk-9,3,b3,0,b2,0
DAMIMAS_A21B_0632,train,DAMIMAS,lnk-10,3,b8,0,b6,0
DAMIMAS_A21B_0632,train,DAMIMAS,lnk-11,3,b4,0,b5,0
DAMIMAS_A21B_0632,train,DAMIMAS,lnk-12,3,b9,0,b0,0
DAMIMAS_A21B_0633,test,DAMIMAS,lnk-0,0,b0,1,b0,0
DAMIMAS_A21B_0633,test,DAMIMAS,lnk-1,3,b0,0,b1,0
DAMIMAS_A21B_0634,train,DAMIMAS,lnk-0,0,b0,1,b1,0
DAMIMAS_A21B_0634,train,DAMIMAS,lnk-1,0,b2,1,b2,0
DAMIMAS_A21B_0634,train,DAMIMAS,lnk-2,0,b3,1,b6,0
DAMIMAS_A21B_0634,train,DAMIMAS,lnk-3,0,b1,1,b0,0
DAMIMAS_A21B_0634,train,DAMIMAS,lnk-4,0,b4,1,b5,0
DAMIMAS_A21B_0634,train,DAMIMAS,lnk-5,1,b4,2,b5,0
DAMIMAS_A21B_0634,train,DAMIMAS,lnk-6,1,b3,2,b4,0
DAMIMAS_A21B_0634,train,DAMIMAS,lnk-7,2,b0,3,b0,0
DAMIMAS_A21B_0634,train,DAMIMAS,lnk-8,2,b1,3,b5,0
DAMIMAS_A21B_0634,train,DAMIMAS,lnk-9,2,b2,3,b6,0
DAMIMAS_A21B_0634,train,DAMIMAS,lnk-10,3,b2,0,b6,0
DAMIMAS_A21B_0634,train,DAMIMAS,lnk-11,3,b1,0,b5,0
DAMIMAS_A21B_0634,train,DAMIMAS,lnk-12,3,b4,0,b7,0
DAMIMAS_A21B_0635,train,DAMIMAS,lnk-0,0,b3,1,b2,0
DAMIMAS_A21B_0635,train,DAMIMAS,lnk-1,0,b4,1,b1,0
DAMIMAS_A21B_0635,train,DAMIMAS,lnk-2,0,b5,1,b3,0
DAMIMAS_A21B_0635,train,DAMIMAS,lnk-3,1,b6,2,b0,0
DAMIMAS_A21B_0635,train,DAMIMAS,lnk-4,1,b5,2,b3,0
DAMIMAS_A21B_0635,train,DAMIMAS,lnk-5,2,b2,3,b2,0
DAMIMAS_A21B_0635,train,DAMIMAS,lnk-6,2,b1,3,b1,0
DAMIMAS_A21B_0635,train,DAMIMAS,lnk-7,3,b7,0,b0,0
DAMIMAS_A21B_0635,train,DAMIMAS,lnk-8,3,b6,0,b2,0
DAMIMAS_A21B_0635,train,DAMIMAS,lnk-9,3,b5,0,b1,0
DAMIMAS_A21B_0635,train,DAMIMAS,lnk-10,3,b4,0,b7,0
DAMIMAS_A21B_0636,test,DAMIMAS,lnk-0,0,b1,1,b4,0
DAMIMAS_A21B_0636,test,DAMIMAS,lnk-1,1,b0,2,b4,0
DAMIMAS_A21B_0636,test,DAMIMAS,lnk-2,1,b1,2,b3,0
DAMIMAS_A21B_0636,test,DAMIMAS,lnk-3,2,b2,3,b3,0
DAMIMAS_A21B_0636,test,DAMIMAS,lnk-4,2,b1,3,b2,0
DAMIMAS_A21B_0636,test,DAMIMAS,lnk-5,2,b5,3,b1,0
DAMIMAS_A21B_0636,test,DAMIMAS,lnk-6,2,b0,3,b0,0
DAMIMAS_A21B_0636,test,DAMIMAS,lnk-7,3,b4,0,b0,0
DAMIMAS_A21B_0637,train,DAMIMAS,lnk-0,0,b1,1,b2,0
DAMIMAS_A21B_0637,train,DAMIMAS,lnk-1,2,b0,3,b0,0
DAMIMAS_A21B_0637,train,DAMIMAS,lnk-2,3,b1,0,b0,0
DAMIMAS_A21B_0638,train,DAMIMAS,lnk-0,0,b4,1,b3,0
DAMIMAS_A21B_0638,train,DAMIMAS,lnk-1,0,b1,1,b4,0
DAMIMAS_A21B_0638,train,DAMIMAS,lnk-2,1,b0,2,b0,0
DAMIMAS_A21B_0638,train,DAMIMAS,lnk-3,1,b1,2,b1,0
DAMIMAS_A21B_0638,train,DAMIMAS,lnk-4,2,b4,3,b5,0
DAMIMAS_A21B_0638,train,DAMIMAS,lnk-5,2,b3,3,b4,0
DAMIMAS_A21B_0638,train,DAMIMAS,lnk-6,2,b2,3,b0,0
DAMIMAS_A21B_0638,train,DAMIMAS,lnk-7,3,b1,0,b0,0
DAMIMAS_A21B_0638,train,DAMIMAS,lnk-8,3,b2,0,b2,0
DAMIMAS_A21B_0639,train,DAMIMAS,lnk-0,0,b4,1,b2,0
DAMIMAS_A21B_0639,train,DAMIMAS,lnk-1,0,b5,1,b4,0
DAMIMAS_A21B_0639,train,DAMIMAS,lnk-2,0,b6,1,b3,0
DAMIMAS_A21B_0639,train,DAMIMAS,lnk-3,1,b0,2,b0,0
DAMIMAS_A21B_0639,train,DAMIMAS,lnk-4,1,b1,2,b4,0
DAMIMAS_A21B_0639,train,DAMIMAS,lnk-5,2,b2,3,b3,0
DAMIMAS_A21B_0639,train,DAMIMAS,lnk-6,2,b1,3,b5,0
DAMIMAS_A21B_0639,train,DAMIMAS,lnk-7,3,b4,0,b3,0
DAMIMAS_A21B_0639,train,DAMIMAS,lnk-8,3,b1,0,b2,0
DAMIMAS_A21B_0639,train,DAMIMAS,lnk-9,3,b0,0,b1,0
DAMIMAS_A21B_0640,test,DAMIMAS,lnk-0,0,b2,1,b4,0
DAMIMAS_A21B_0640,test,DAMIMAS,lnk-1,0,b0,1,b5,0
DAMIMAS_A21B_0640,test,DAMIMAS,lnk-2,0,b1,1,b3,0
DAMIMAS_A21B_0640,test,DAMIMAS,lnk-3,1,b1,2,b6,0
DAMIMAS_A21B_0640,test,DAMIMAS,lnk-4,1,b0,2,b5,0
DAMIMAS_A21B_0640,test,DAMIMAS,lnk-5,1,b2,2,b4,0
DAMIMAS_A21B_0640,test,DAMIMAS,lnk-6,2,b0,3,b0,0
DAMIMAS_A21B_0640,test,DAMIMAS,lnk-7,2,b1,3,b4,0
DAMIMAS_A21B_0640,test,DAMIMAS,lnk-8,2,b2,3,b5,0
DAMIMAS_A21B_0640,test,DAMIMAS,lnk-9,3,b1,0,b5,0
DAMIMAS_A21B_0640,test,DAMIMAS,lnk-10,3,b3,0,b4,0
DAMIMAS_A21B_0641,train,DAMIMAS,lnk-0,0,b4,1,b3,0
DAMIMAS_A21B_0641,train,DAMIMAS,lnk-1,0,b1,1,b0,0
DAMIMAS_A21B_0641,train,DAMIMAS,lnk-2,0,b3,1,b5,0
DAMIMAS_A21B_0641,train,DAMIMAS,lnk-3,0,b2,1,b4,0
DAMIMAS_A21B_0641,train,DAMIMAS,lnk-4,1,b2,2,b4,0
DAMIMAS_A21B_0641,train,DAMIMAS,lnk-5,1,b1,2,b5,0
DAMIMAS_A21B_0641,train,DAMIMAS,lnk-6,1,b6,2,b2,0
DAMIMAS_A21B_0641,train,DAMIMAS,lnk-7,2,b0,3,b1,0
DAMIMAS_A21B_0641,train,DAMIMAS,lnk-8,2,b3,3,b2,0
DAMIMAS_A21B_0641,train,DAMIMAS,lnk-9,3,b0,0,b0,0
DAMIMAS_A21B_0641,train,DAMIMAS,lnk-10,3,b4,0,b5,0
DAMIMAS_A21B_0642,test,DAMIMAS,lnk-0,0,b0,1,b1,0
DAMIMAS_A21B_0642,test,DAMIMAS,lnk-1,1,b0,2,b2,0
DAMIMAS_A21B_0642,test,DAMIMAS,lnk-2,2,b1,3,b3,0
DAMIMAS_A21B_0642,test,DAMIMAS,lnk-3,2,b0,3,b2,0
DAMIMAS_A21B_0642,test,DAMIMAS,lnk-4,3,b0,0,b3,0
DAMIMAS_A21B_0642,test,DAMIMAS,lnk-5,3,b1,0,b2,0
DAMIMAS_A21B_0644,train,DAMIMAS,lnk-0,0,b1,1,b2,0
DAMIMAS_A21B_0644,train,DAMIMAS,lnk-1,0,b5,1,b1,0
DAMIMAS_A21B_0644,train,DAMIMAS,lnk-2,0,b0,1,b0,0
DAMIMAS_A21B_0644,train,DAMIMAS,lnk-3,1,b3,2,b2,0
DAMIMAS_A21B_0644,train,DAMIMAS,lnk-4,1,b5,2,b1,0
DAMIMAS_A21B_0644,train,DAMIMAS,lnk-5,1,b4,2,b3,0
DAMIMAS_A21B_0644,train,DAMIMAS,lnk-6,2,b4,3,b5,0
DAMIMAS_A21B_0644,train,DAMIMAS,lnk-7,2,b0,3,b4,0
DAMIMAS_A21B_0644,train,DAMIMAS,lnk-8,3,b1,0,b2,0
DAMIMAS_A21B_0644,train,DAMIMAS,lnk-9,3,b3,0,b3,0
DAMIMAS_A21B_0644,train,DAMIMAS,lnk-10,3,b2,0,b4,0
DAMIMAS_A21B_0645,train,DAMIMAS,lnk-0,0,b1,1,b2,0
DAMIMAS_A21B_0645,train,DAMIMAS,lnk-1,1,b0,2,b2,0
DAMIMAS_A21B_0645,train,DAMIMAS,lnk-2,2,b0,3,b0,0
DAMIMAS_A21B_0645,train,DAMIMAS,lnk-3,2,b1,3,b3,0
DAMIMAS_A21B_0645,train,DAMIMAS,lnk-4,3,b1,0,b0,0
DAMIMAS_A21B_0645,train,DAMIMAS,lnk-5,3,b2,0,b2,0
DAMIMAS_A21B_0646,train,DAMIMAS,lnk-0,0,b0,1,b0,0
DAMIMAS_A21B_0646,train,DAMIMAS,lnk-1,0,b1,1,b3,0
DAMIMAS_A21B_0646,train,DAMIMAS,lnk-2,1,b1,2,b2,0
DAMIMAS_A21B_0646,train,DAMIMAS,lnk-3,1,b2,2,b1,0
DAMIMAS_A21B_0646,train,DAMIMAS,lnk-4,2,b4,3,b4,0
DAMIMAS_A21B_0646,train,DAMIMAS,lnk-5,2,b0,3,b3,0
DAMIMAS_A21B_0646,train,DAMIMAS,lnk-6,3,b1,0,b3,0
DAMIMAS_A21B_0646,train,DAMIMAS,lnk-7,3,b0,0,b4,0
DAMIMAS_A21B_0647,train,DAMIMAS,lnk-0,0,b2,1,b3,0
DAMIMAS_A21B_0647,train,DAMIMAS,lnk-1,0,b3,1,b0,0
DAMIMAS_A21B_0647,train,DAMIMAS,lnk-2,1,b2,2,b1,0
DAMIMAS_A21B_0647,train,DAMIMAS,lnk-3,1,b1,2,b2,0
DAMIMAS_A21B_0647,train,DAMIMAS,lnk-4,2,b4,3,b0,0
DAMIMAS_A21B_0647,train,DAMIMAS,lnk-5,2,b5,3,b3,0
DAMIMAS_A21B_0647,train,DAMIMAS,lnk-6,2,b3,3,b2,0
DAMIMAS_A21B_0647,train,DAMIMAS,lnk-7,3,b4,0,b0,0
DAMIMAS_A21B_0648,train,DAMIMAS,lnk-0,0,b1,1,b2,0
DAMIMAS_A21B_0648,train,DAMIMAS,lnk-1,0,b0,1,b3,0
DAMIMAS_A21B_0648,train,DAMIMAS,lnk-2,1,b1,2,b2,0
DAMIMAS_A21B_0648,train,DAMIMAS,lnk-3,1,b0,2,b3,0
DAMIMAS_A21B_0648,train,DAMIMAS,lnk-4,2,b1,3,b3,0
DAMIMAS_A21B_0648,train,DAMIMAS,lnk-5,2,b0,3,b2,0
DAMIMAS_A21B_0648,train,DAMIMAS,lnk-6,3,b1,0,b3,0
DAMIMAS_A21B_0648,train,DAMIMAS,lnk-7,3,b0,0,b4,0
DAMIMAS_A21B_0649,val,DAMIMAS,lnk-0,0,b0,1,b3,0
DAMIMAS_A21B_0649,val,DAMIMAS,lnk-1,0,b3,1,b4,0
DAMIMAS_A21B_0649,val,DAMIMAS,lnk-2,0,b1,1,b2,0
DAMIMAS_A21B_0649,val,DAMIMAS,lnk-3,1,b1,2,b6,0
DAMIMAS_A21B_0649,val,DAMIMAS,lnk-4,1,b0,2,b5,0
DAMIMAS_A21B_0649,val,DAMIMAS,lnk-5,2,b1,3,b1,0
DAMIMAS_A21B_0649,val,DAMIMAS,lnk-6,2,b0,3,b0,0
DAMIMAS_A21B_0649,val,DAMIMAS,lnk-7,2,b2,3,b4,0
DAMIMAS_A21B_0650,train,DAMIMAS,lnk-0,0,b0,1,b0,0
DAMIMAS_A21B_0650,train,DAMIMAS,lnk-1,0,b1,1,b5,0
DAMIMAS_A21B_0650,train,DAMIMAS,lnk-2,1,b1,2,b4,0
DAMIMAS_A21B_0650,train,DAMIMAS,lnk-3,1,b4,2,b3,0
DAMIMAS_A21B_0650,train,DAMIMAS,lnk-4,2,b1,3,b4,0
DAMIMAS_A21B_0650,train,DAMIMAS,lnk-5,2,b0,3,b0,0
DAMIMAS_A21B_0650,train,DAMIMAS,lnk-6,3,b2,0,b2,0
DAMIMAS_A21B_0651,val,DAMIMAS,lnk-0,0,b3,1,b4,0
DAMIMAS_A21B_0651,val,DAMIMAS,lnk-1,0,b4,1,b3,0
DAMIMAS_A21B_0651,val,DAMIMAS,lnk-2,0,b5,1,b5,0
DAMIMAS_A21B_0651,val,DAMIMAS,lnk-3,1,b0,2,b0,0
DAMIMAS_A21B_0651,val,DAMIMAS,lnk-4,1,b2,2,b1,0
DAMIMAS_A21B_0651,val,DAMIMAS,lnk-5,1,b1,2,b2,0
DAMIMAS_A21B_0651,val,DAMIMAS,lnk-6,2,b4,3,b0,0
DAMIMAS_A21B_0651,val,DAMIMAS,lnk-7,2,b3,3,b4,0
DAMIMAS_A21B_0651,val,DAMIMAS,lnk-8,3,b2,0,b2,0
DAMIMAS_A21B_0651,val,DAMIMAS,lnk-9,3,b1,0,b1,0
DAMIMAS_A21B_0652,val,DAMIMAS,lnk-0,0,b4,1,b2,0
DAMIMAS_A21B_0652,val,DAMIMAS,lnk-1,0,b3,1,b1,0
DAMIMAS_A21B_0652,val,DAMIMAS,lnk-2,1,b0,2,b0,0
DAMIMAS_A21B_0652,val,DAMIMAS,lnk-3,1,b4,2,b3,0
DAMIMAS_A21B_0652,val,DAMIMAS,lnk-4,2,b2,3,b2,0
DAMIMAS_A21B_0652,val,DAMIMAS,lnk-5,2,b1,3,b3,0
DAMIMAS_A21B_0652,val,DAMIMAS,lnk-6,3,b0,0,b0,0
DAMIMAS_A21B_0652,val,DAMIMAS,lnk-7,3,b1,0,b2,0
DAMIMAS_A21B_0653,train,DAMIMAS,lnk-0,0,b1,1,b3,0
DAMIMAS_A21B_0653,train,DAMIMAS,lnk-1,0,b0,1,b4,0
DAMIMAS_A21B_0653,train,DAMIMAS,lnk-2,1,b0,2,b0,0
DAMIMAS_A21B_0653,train,DAMIMAS,lnk-3,1,b1,2,b1,0
DAMIMAS_A21B_0653,train,DAMIMAS,lnk-4,2,b3,3,b0,0
DAMIMAS_A21B_0653,train,DAMIMAS,lnk-5,2,b4,3,b1,0
DAMIMAS_A21B_0653,train,DAMIMAS,lnk-6,3,b3,0,b2,0
DAMIMAS_A21B_0653,train,DAMIMAS,lnk-7,3,b2,0,b3,0
DAMIMAS_A21B_0654,test,DAMIMAS,lnk-0,0,b4,1,b7,0
DAMIMAS_A21B_0654,test,DAMIMAS,lnk-1,0,b1,1,b3,0
DAMIMAS_A21B_0654,test,DAMIMAS,lnk-2,0,b0,1,b1,0
DAMIMAS_A21B_0654,test,DAMIMAS,lnk-3,0,b2,1,b6,0
DAMIMAS_A21B_0654,test,DAMIMAS,lnk-4,1,b5,2,b3,0
DAMIMAS_A21B_0654,test,DAMIMAS,lnk-5,1,b0,2,b0,0
DAMIMAS_A21B_0654,test,DAMIMAS,lnk-6,1,b2,2,b1,0
DAMIMAS_A21B_0654,test,DAMIMAS,lnk-7,2,b5,3,b4,0
DAMIMAS_A21B_0654,test,DAMIMAS,lnk-8,2,b4,3,b5,0
DAMIMAS_A21B_0654,test,DAMIMAS,lnk-9,3,b0,0,b6,0
DAMIMAS_A21B_0654,test,DAMIMAS,lnk-10,3,b2,0,b5,0
DAMIMAS_A21B_0655,train,DAMIMAS,lnk-0,0,b1,1,b0,0
DAMIMAS_A21B_0655,train,DAMIMAS,lnk-1,0,b3,1,b4,0
DAMIMAS_A21B_0655,train,DAMIMAS,lnk-2,1,b2,2,b3,0
DAMIMAS_A21B_0655,train,DAMIMAS,lnk-3,1,b3,2,b2,0
DAMIMAS_A21B_0655,train,DAMIMAS,lnk-4,2,b1,3,b1,0
DAMIMAS_A21B_0655,train,DAMIMAS,lnk-5,2,b0,3,b0,0
DAMIMAS_A21B_0655,train,DAMIMAS,lnk-6,3,b3,0,b0,0
DAMIMAS_A21B_0655,train,DAMIMAS,lnk-7,3,b4,0,b4,0
DAMIMAS_A21B_0656,train,DAMIMAS,lnk-0,0,b2,1,b3,0
DAMIMAS_A21B_0656,train,DAMIMAS,lnk-1,0,b0,1,b4,0
DAMIMAS_A21B_0656,train,DAMIMAS,lnk-2,1,b1,2,b1,0
DAMIMAS_A21B_0656,train,DAMIMAS,lnk-3,1,b0,2,b3,0
DAMIMAS_A21B_0656,train,DAMIMAS,lnk-4,1,b5,2,b4,0
DAMIMAS_A21B_0656,train,DAMIMAS,lnk-5,2,b0,3,b4,0
DAMIMAS_A21B_0656,train,DAMIMAS,lnk-6,2,b2,3,b5,0
DAMIMAS_A21B_0656,train,DAMIMAS,lnk-7,3,b0,0,b4,0
DAMIMAS_A21B_0656,train,DAMIMAS,lnk-8,3,b1,0,b5,0
DAMIMAS_A21B_0657,test,DAMIMAS,lnk-0,0,b2,1,b2,0
DAMIMAS_A21B_0657,test,DAMIMAS,lnk-1,0,b1,1,b5,0
DAMIMAS_A21B_0657,test,DAMIMAS,lnk-2,0,b3,1,b4,0
DAMIMAS_A21B_0657,test,DAMIMAS,lnk-3,1,b0,2,b0,0
DAMIMAS_A21B_0657,test,DAMIMAS,lnk-4,1,b1,2,b5,0
DAMIMAS_A21B_0657,test,DAMIMAS,lnk-5,2,b3,3,b5,0
DAMIMAS_A21B_0657,test,DAMIMAS,lnk-6,2,b4,3,b4,0
DAMIMAS_A21B_0657,test,DAMIMAS,lnk-7,2,b2,3,b6,0
DAMIMAS_A21B_0657,test,DAMIMAS,lnk-8,3,b0,0,b0,0
DAMIMAS_A21B_0657,test,DAMIMAS,lnk-9,3,b3,0,b6,0
DAMIMAS_A21B_0657,test,DAMIMAS,lnk-10,3,b2,0,b4,0
DAMIMAS_A21B_0657,test,DAMIMAS,lnk-11,3,b1,0,b5,0
DAMIMAS_A21B_0658,test,DAMIMAS,lnk-0,0,b1,1,b1,0
DAMIMAS_A21B_0658,test,DAMIMAS,lnk-1,1,b2,2,b1,0
DAMIMAS_A21B_0658,test,DAMIMAS,lnk-2,2,b0,3,b1,0
DAMIMAS_A21B_0658,test,DAMIMAS,lnk-3,3,b0,0,b0,0
DAMIMAS_A21B_0659,train,DAMIMAS,lnk-0,0,b5,1,b4,0
DAMIMAS_A21B_0659,train,DAMIMAS,lnk-1,0,b3,1,b5,0
DAMIMAS_A21B_0659,train,DAMIMAS,lnk-2,0,b4,1,b3,0
DAMIMAS_A21B_0659,train,DAMIMAS,lnk-3,1,b0,2,b0,0
DAMIMAS_A21B_0659,train,DAMIMAS,lnk-4,1,b6,2,b2,0
DAMIMAS_A21B_0659,train,DAMIMAS,lnk-5,1,b2,2,b3,0
DAMIMAS_A21B_0659,train,DAMIMAS,lnk-6,2,b1,3,b2,0
DAMIMAS_A21B_0659,train,DAMIMAS,lnk-7,3,b0,0,b0,0
DAMIMAS_A21B_0659,train,DAMIMAS,lnk-8,3,b4,0,b2,0
DAMIMAS_A21B_0659,train,DAMIMAS,lnk-9,3,b1,0,b1,0
DAMIMAS_A21B_0660,train,DAMIMAS,lnk-0,0,b5,1,b3,0
DAMIMAS_A21B_0660,train,DAMIMAS,lnk-1,0,b4,1,b0,0
DAMIMAS_A21B_0660,train,DAMIMAS,lnk-2,0,b3,1,b2,0
DAMIMAS_A21B_0660,train,DAMIMAS,lnk-3,1,b1,2,b1,0
DAMIMAS_A21B_0660,train,DAMIMAS,lnk-4,2,b2,3,b3,0
DAMIMAS_A21B_0660,train,DAMIMAS,lnk-5,3,b2,0,b1,0
DAMIMAS_A21B_0660,train,DAMIMAS,lnk-6,3,b1,0,b0,0
DAMIMAS_A21B_0661,train,DAMIMAS,lnk-0,0,b5,1,b1,0
DAMIMAS_A21B_0661,train,DAMIMAS,lnk-1,0,b4,1,b6,0
DAMIMAS_A21B_0661,train,DAMIMAS,lnk-2,1,b2,2,b4,0
DAMIMAS_A21B_0661,train,DAMIMAS,lnk-3,1,b3,2,b3,0
DAMIMAS_A21B_0661,train,DAMIMAS,lnk-4,1,b5,2,b0,0
DAMIMAS_A21B_0661,train,DAMIMAS,lnk-5,1,b4,2,b2,0
DAMIMAS_A21B_0661,train,DAMIMAS,lnk-6,2,b1,3,b3,0
DAMIMAS_A21B_0661,train,DAMIMAS,lnk-7,3,b0,0,b0,0
DAMIMAS_A21B_0661,train,DAMIMAS,lnk-8,3,b1,0,b2,0
DAMIMAS_A21B_0662,val,DAMIMAS,lnk-0,0,b0,1,b0,0
DAMIMAS_A21B_0662,val,DAMIMAS,lnk-1,2,b1,3,b0,0
DAMIMAS_A21B_0663,val,DAMIMAS,lnk-0,0,b1,1,b1,0
DAMIMAS_A21B_0663,val,DAMIMAS,lnk-1,0,b0,1,b0,0
DAMIMAS_A21B_0663,val,DAMIMAS,lnk-2,0,b6,1,b2,0
DAMIMAS_A21B_0663,val,DAMIMAS,lnk-3,1,b4,2,b2,0
DAMIMAS_A21B_0663,val,DAMIMAS,lnk-4,1,b5,2,b1,0
DAMIMAS_A21B_0663,val,DAMIMAS,lnk-5,2,b4,3,b1,0
DAMIMAS_A21B_0663,val,DAMIMAS,lnk-6,2,b5,3,b2,0
DAMIMAS_A21B_0663,val,DAMIMAS,lnk-7,2,b3,3,b0,0
DAMIMAS_A21B_0663,val,DAMIMAS,lnk-8,3,b3,0,b2,0
DAMIMAS_A21B_0663,val,DAMIMAS,lnk-9,3,b4,0,b3,0
DAMIMAS_A21B_0664,train,DAMIMAS,lnk-0,0,b0,1,b4,0
DAMIMAS_A21B_0664,train,DAMIMAS,lnk-1,0,b5,1,b6,0
DAMIMAS_A21B_0664,train,DAMIMAS,lnk-2,1,b3,2,b6,0
DAMIMAS_A21B_0664,train,DAMIMAS,lnk-3,1,b1,2,b4,0
DAMIMAS_A21B_0664,train,DAMIMAS,lnk-4,1,b0,2,b5,0
DAMIMAS_A21B_0664,train,DAMIMAS,lnk-5,1,b2,2,b7,0
DAMIMAS_A21B_0664,train,DAMIMAS,lnk-6,2,b0,3,b0,0
DAMIMAS_A21B_0664,train,DAMIMAS,lnk-7,2,b3,3,b1,0
DAMIMAS_A21B_0664,train,DAMIMAS,lnk-8,2,b2,3,b3,0
DAMIMAS_A21B_0664,train,DAMIMAS,lnk-9,2,b1,3,b2,0
DAMIMAS_A21B_0664,train,DAMIMAS,lnk-10,3,b6,0,b2,0
DAMIMAS_A21B_0664,train,DAMIMAS,lnk-11,3,b4,0,b3,0
DAMIMAS_A21B_0664,train,DAMIMAS,lnk-12,3,b5,0,b1,0
DAMIMAS_A21B_0665,train,DAMIMAS,lnk-0,0,b0,1,b0,0
DAMIMAS_A21B_0665,train,DAMIMAS,lnk-1,0,b5,1,b1,0
DAMIMAS_A21B_0665,train,DAMIMAS,lnk-2,0,b1,1,b5,0
DAMIMAS_A21B_0665,train,DAMIMAS,lnk-3,1,b3,2,b3,0
DAMIMAS_A21B_0665,train,DAMIMAS,lnk-4,1,b4,2,b4,0
DAMIMAS_A21B_0665,train,DAMIMAS,lnk-5,1,b2,2,b5,0
DAMIMAS_A21B_0665,train,DAMIMAS,lnk-6,2,b0,3,b3,0
DAMIMAS_A21B_0665,train,DAMIMAS,lnk-7,2,b1,3,b4,0
DAMIMAS_A21B_0665,train,DAMIMAS,lnk-8,3,b5,0,b4,0
DAMIMAS_A21B_0665,train,DAMIMAS,lnk-9,3,b2,0,b2,0
DAMIMAS_A21B_0665,train,DAMIMAS,lnk-10,3,b0,0,b3,0
DAMIMAS_A21B_0666,train,DAMIMAS,lnk-0,0,b2,1,b0,0
DAMIMAS_A21B_0666,train,DAMIMAS,lnk-1,1,b1,2,b0,0
DAMIMAS_A21B_0666,train,DAMIMAS,lnk-2,2,b1,3,b2,0
DAMIMAS_A21B_0666,train,DAMIMAS,lnk-3,2,b2,3,b1,0
DAMIMAS_A21B_0666,train,DAMIMAS,lnk-4,3,b0,0,b1,0
DAMIMAS_A21B_0667,train,DAMIMAS,lnk-0,0,b4,1,b0,0
DAMIMAS_A21B_0667,train,DAMIMAS,lnk-1,0,b2,1,b1,0
DAMIMAS_A21B_0667,train,DAMIMAS,lnk-2,0,b3,1,b3,0
DAMIMAS_A21B_0667,train,DAMIMAS,lnk-3,1,b2,2,b4,0
DAMIMAS_A21B_0667,train,DAMIMAS,lnk-4,1,b4,2,b3,0
DAMIMAS_A21B_0667,train,DAMIMAS,lnk-5,2,b0,3,b2,0
DAMIMAS_A21B_0667,train,DAMIMAS,lnk-6,3,b0,0,b0,0
DAMIMAS_A21B_0667,train,DAMIMAS,lnk-7,3,b1,0,b5,0
DAMIMAS_A21B_0668,train,DAMIMAS,lnk-0,0,b0,1,b5,0
DAMIMAS_A21B_0668,train,DAMIMAS,lnk-1,0,b1,1,b6,0
DAMIMAS_A21B_0668,train,DAMIMAS,lnk-2,1,b0,2,b0,0
DAMIMAS_A21B_0668,train,DAMIMAS,lnk-3,1,b1,2,b5,0
DAMIMAS_A21B_0668,train,DAMIMAS,lnk-4,1,b3,2,b7,0
DAMIMAS_A21B_0668,train,DAMIMAS,lnk-5,1,b4,2,b6,0
DAMIMAS_A21B_0668,train,DAMIMAS,lnk-6,2,b2,3,b5,0
DAMIMAS_A21B_0668,train,DAMIMAS,lnk-7,2,b3,3,b4,0
DAMIMAS_A21B_0668,train,DAMIMAS,lnk-8,2,b1,3,b0,0
DAMIMAS_A21B_0668,train,DAMIMAS,lnk-9,3,b3,0,b4,0
DAMIMAS_A21B_0668,train,DAMIMAS,lnk-10,3,b2,0,b3,0
DAMIMAS_A21B_0668,train,DAMIMAS,lnk-11,3,b1,0,b5,0
DAMIMAS_A21B_0669,train,DAMIMAS,lnk-0,0,b2,1,b0,0
DAMIMAS_A21B_0669,train,DAMIMAS,lnk-1,0,b4,1,b5,0
DAMIMAS_A21B_0669,train,DAMIMAS,lnk-2,0,b3,1,b7,0
DAMIMAS_A21B_0669,train,DAMIMAS,lnk-3,0,b7,1,b6,0
DAMIMAS_A21B_0669,train,DAMIMAS,lnk-4,1,b3,2,b2,0
DAMIMAS_A21B_0669,train,DAMIMAS,lnk-5,1,b1,2,b3,0
DAMIMAS_A21B_0669,train,DAMIMAS,lnk-6,1,b4,2,b1,0
DAMIMAS_A21B_0669,train,DAMIMAS,lnk-7,2,b4,3,b1,0
DAMIMAS_A21B_0669,train,DAMIMAS,lnk-8,2,b5,3,b4,0
DAMIMAS_A21B_0669,train,DAMIMAS,lnk-9,2,b6,3,b5,0
DAMIMAS_A21B_0669,train,DAMIMAS,lnk-10,3,b0,0,b0,0
DAMIMAS_A21B_0669,train,DAMIMAS,lnk-11,3,b2,0,b1,0
DAMIMAS_A21B_0669,train,DAMIMAS,lnk-12,3,b3,0,b6,0
DAMIMAS_A21B_0670,train,DAMIMAS,lnk-0,0,b1,1,b3,0
DAMIMAS_A21B_0670,train,DAMIMAS,lnk-1,0,b0,1,b4,0
DAMIMAS_A21B_0670,train,DAMIMAS,lnk-2,1,b1,2,b2,0
DAMIMAS_A21B_0670,train,DAMIMAS,lnk-3,2,b3,3,b4,0
DAMIMAS_A21B_0670,train,DAMIMAS,lnk-4,2,b4,3,b1,0
DAMIMAS_A21B_0670,train,DAMIMAS,lnk-5,2,b0,3,b2,0
DAMIMAS_A21B_0670,train,DAMIMAS,lnk-6,3,b0,0,b2,0
DAMIMAS_A21B_0671,train,DAMIMAS,lnk-0,0,b4,1,b1,0
DAMIMAS_A21B_0671,train,DAMIMAS,lnk-1,0,b0,1,b0,0
DAMIMAS_A21B_0671,train,DAMIMAS,lnk-2,1,b4,2,b1,0
DAMIMAS_A21B_0671,train,DAMIMAS,lnk-3,1,b5,2,b0,0
DAMIMAS_A21B_0671,train,DAMIMAS,lnk-4,2,b4,3,b3,0
DAMIMAS_A21B_0671,train,DAMIMAS,lnk-5,2,b3,3,b2,0
DAMIMAS_A21B_0671,train,DAMIMAS,lnk-6,2,b5,3,b0,0
DAMIMAS_A21B_0671,train,DAMIMAS,lnk-7,2,b2,3,b1,0
DAMIMAS_A21B_0671,train,DAMIMAS,lnk-8,3,b4,0,b3,0
DAMIMAS_A21B_0671,train,DAMIMAS,lnk-9,3,b5,0,b1,0
DAMIMAS_A21B_0672,test,DAMIMAS,lnk-0,0,b1,1,b2,0
DAMIMAS_A21B_0672,test,DAMIMAS,lnk-1,0,b0,1,b0,0
DAMIMAS_A21B_0672,test,DAMIMAS,lnk-2,0,b2,1,b3,0
DAMIMAS_A21B_0672,test,DAMIMAS,lnk-3,1,b4,2,b4,0
DAMIMAS_A21B_0672,test,DAMIMAS,lnk-4,1,b5,2,b1,0
DAMIMAS_A21B_0672,test,DAMIMAS,lnk-5,1,b1,2,b3,0
DAMIMAS_A21B_0672,test,DAMIMAS,lnk-6,2,b0,3,b0,0
DAMIMAS_A21B_0672,test,DAMIMAS,lnk-7,2,b2,3,b6,0
DAMIMAS_A21B_0672,test,DAMIMAS,lnk-8,3,b4,0,b4,0
DAMIMAS_A21B_0672,test,DAMIMAS,lnk-9,3,b3,0,b3,0
DAMIMAS_A21B_0672,test,DAMIMAS,lnk-10,3,b1,0,b5,0
DAMIMAS_A21B_0673,train,DAMIMAS,lnk-0,0,b0,1,b0,0
DAMIMAS_A21B_0673,train,DAMIMAS,lnk-1,0,b2,1,b4,0
DAMIMAS_A21B_0673,train,DAMIMAS,lnk-2,0,b1,1,b5,0
DAMIMAS_A21B_0673,train,DAMIMAS,lnk-3,1,b1,2,b5,0
DAMIMAS_A21B_0673,train,DAMIMAS,lnk-4,1,b3,2,b4,0
DAMIMAS_A21B_0673,train,DAMIMAS,lnk-5,1,b2,2,b3,0
DAMIMAS_A21B_0673,train,DAMIMAS,lnk-6,2,b0,3,b0,0
DAMIMAS_A21B_0673,train,DAMIMAS,lnk-7,2,b1,3,b1,0
DAMIMAS_A21B_0673,train,DAMIMAS,lnk-8,2,b2,3,b2,0
DAMIMAS_A21B_0673,train,DAMIMAS,lnk-9,3,b4,0,b4,0
DAMIMAS_A21B_0673,train,DAMIMAS,lnk-10,3,b3,0,b5,0
DAMIMAS_A21B_0674,test,DAMIMAS,lnk-0,0,b2,1,b4,0
DAMIMAS_A21B_0674,test,DAMIMAS,lnk-1,0,b0,1,b1,0
DAMIMAS_A21B_0674,test,DAMIMAS,lnk-2,0,b3,1,b5,0
DAMIMAS_A21B_0674,test,DAMIMAS,lnk-3,1,b3,2,b1,0
DAMIMAS_A21B_0674,test,DAMIMAS,lnk-4,1,b0,2,b0,0
DAMIMAS_A21B_0674,test,DAMIMAS,lnk-5,2,b2,3,b0,0
DAMIMAS_A21B_0674,test,DAMIMAS,lnk-6,3,b2,0,b1,0
DAMIMAS_A21B_0675,train,DAMIMAS,lnk-0,0,b3,1,b2,0
DAMIMAS_A21B_0675,train,DAMIMAS,lnk-1,0,b4,1,b0,0
DAMIMAS_A21B_0675,train,DAMIMAS,lnk-2,0,b5,1,b1,0
DAMIMAS_A21B_0675,train,DAMIMAS,lnk-3,1,b4,2,b1,0
DAMIMAS_A21B_0675,train,DAMIMAS,lnk-4,1,b3,2,b0,0
DAMIMAS_A21B_0675,train,DAMIMAS,lnk-5,1,b5,2,b2,0
DAMIMAS_A21B_0675,train,DAMIMAS,lnk-6,2,b5,3,b0,0
DAMIMAS_A21B_0675,train,DAMIMAS,lnk-7,2,b6,3,b2,0
DAMIMAS_A21B_0675,train,DAMIMAS,lnk-8,2,b4,3,b1,0
DAMIMAS_A21B_0675,train,DAMIMAS,lnk-9,2,b3,3,b3,0
DAMIMAS_A21B_0675,train,DAMIMAS,lnk-10,3,b5,0,b1,0
DAMIMAS_A21B_0675,train,DAMIMAS,lnk-11,3,b6,0,b0,0
DAMIMAS_A21B_0675,train,DAMIMAS,lnk-12,3,b4,0,b2,0
DAMIMAS_A21B_0676,train,DAMIMAS,lnk-0,0,b0,1,b6,0
DAMIMAS_A21B_0676,train,DAMIMAS,lnk-1,0,b1,1,b5,0
DAMIMAS_A21B_0676,train,DAMIMAS,lnk-2,0,b4,1,b3,0
DAMIMAS_A21B_0676,train,DAMIMAS,lnk-3,1,b0,2,b0,0
DAMIMAS_A21B_0676,train,DAMIMAS,lnk-4,1,b2,2,b3,0
DAMIMAS_A21B_0676,train,DAMIMAS,lnk-5,1,b1,2,b1,0
DAMIMAS_A21B_0676,train,DAMIMAS,lnk-6,1,b4,2,b4,0
DAMIMAS_A21B_0676,train,DAMIMAS,lnk-7,2,b5,3,b6,0
DAMIMAS_A21B_0676,train,DAMIMAS,lnk-8,2,b2,3,b5,0
DAMIMAS_A21B_0676,train,DAMIMAS,lnk-9,3,b0,0,b2,0
DAMIMAS_A21B_0676,train,DAMIMAS,lnk-10,3,b3,0,b3,0
DAMIMAS_A21B_0677,train,DAMIMAS,lnk-0,0,b3,1,b0,0
DAMIMAS_A21B_0677,train,DAMIMAS,lnk-1,0,b5,1,b5,0
DAMIMAS_A21B_0677,train,DAMIMAS,lnk-2,0,b2,1,b4,0
DAMIMAS_A21B_0677,train,DAMIMAS,lnk-3,0,b1,1,b6,0
DAMIMAS_A21B_0677,train,DAMIMAS,lnk-4,1,b2,2,b2,0
DAMIMAS_A21B_0677,train,DAMIMAS,lnk-5,1,b3,2,b3,0
DAMIMAS_A21B_0677,train,DAMIMAS,lnk-6,1,b1,2,b4,0
DAMIMAS_A21B_0677,train,DAMIMAS,lnk-7,2,b0,3,b0,0
DAMIMAS_A21B_0677,train,DAMIMAS,lnk-8,2,b1,3,b4,0
DAMIMAS_A21B_0677,train,DAMIMAS,lnk-9,3,b3,0,b0,0
DAMIMAS_A21B_0677,train,DAMIMAS,lnk-10,3,b1,0,b6,0
DAMIMAS_A21B_0677,train,DAMIMAS,lnk-11,3,b2,0,b7,0
DAMIMAS_A21B_0678,test,DAMIMAS,lnk-0,0,b4,1,b0,0
DAMIMAS_A21B_0678,test,DAMIMAS,lnk-1,0,b3,1,b4,0
DAMIMAS_A21B_0678,test,DAMIMAS,lnk-2,0,b2,1,b1,0
DAMIMAS_A21B_0678,test,DAMIMAS,lnk-3,1,b3,2,b0,0
DAMIMAS_A21B_0678,test,DAMIMAS,lnk-4,2,b3,3,b0,0
DAMIMAS_A21B_0678,test,DAMIMAS,lnk-5,2,b2,3,b1,0
DAMIMAS_A21B_0678,test,DAMIMAS,lnk-6,2,b1,3,b2,0
DAMIMAS_A21B_0678,test,DAMIMAS,lnk-7,3,b3,0,b1,0
DAMIMAS_A21B_0678,test,DAMIMAS,lnk-8,3,b4,0,b0,0
DAMIMAS_A21B_0679,train,DAMIMAS,lnk-0,0,b6,1,b0,0
DAMIMAS_A21B_0679,train,DAMIMAS,lnk-1,0,b4,1,b1,0
DAMIMAS_A21B_0679,train,DAMIMAS,lnk-2,0,b5,1,b2,0
DAMIMAS_A21B_0679,train,DAMIMAS,lnk-3,1,b5,2,b0,0
DAMIMAS_A21B_0679,train,DAMIMAS,lnk-4,1,b6,2,b4,0
DAMIMAS_A21B_0679,train,DAMIMAS,lnk-5,1,b4,2,b5,0
DAMIMAS_A21B_0679,train,DAMIMAS,lnk-6,1,b3,2,b3,0
DAMIMAS_A21B_0679,train,DAMIMAS,lnk-7,2,b1,3,b4,0
DAMIMAS_A21B_0679,train,DAMIMAS,lnk-8,2,b6,3,b2,0
DAMIMAS_A21B_0679,train,DAMIMAS,lnk-9,2,b2,3,b3,0
DAMIMAS_A21B_0679,train,DAMIMAS,lnk-10,3,b0,0,b0,0
DAMIMAS_A21B_0679,train,DAMIMAS,lnk-11,3,b5,0,b1,0
DAMIMAS_A21B_0679,train,DAMIMAS,lnk-12,3,b1,0,b2,0
DAMIMAS_A21B_0680,train,DAMIMAS,lnk-0,0,b3,1,b5,0
DAMIMAS_A21B_0680,train,DAMIMAS,lnk-1,0,b2,1,b7,0
DAMIMAS_A21B_0680,train,DAMIMAS,lnk-2,0,b1,1,b6,0
DAMIMAS_A21B_0680,train,DAMIMAS,lnk-3,1,b0,2,b0,0
DAMIMAS_A21B_0680,train,DAMIMAS,lnk-4,1,b3,2,b2,0
DAMIMAS_A21B_0680,train,DAMIMAS,lnk-5,1,b2,2,b3,0
DAMIMAS_A21B_0680,train,DAMIMAS,lnk-6,2,b5,3,b5,0
DAMIMAS_A21B_0680,train,DAMIMAS,lnk-7,2,b4,3,b4,0
DAMIMAS_A21B_0680,train,DAMIMAS,lnk-8,2,b6,3,b3,0
DAMIMAS_A21B_0680,train,DAMIMAS,lnk-9,3,b1,0,b7,0
DAMIMAS_A21B_0680,train,DAMIMAS,lnk-10,3,b0,0,b6,0
DAMIMAS_A21B_0680,train,DAMIMAS,lnk-11,3,b2,0,b5,0
DAMIMAS_A21B_0680,train,DAMIMAS,lnk-12,3,b6,0,b4,0
DAMIMAS_A21B_0681,train,DAMIMAS,lnk-0,0,b0,1,b0,0
DAMIMAS_A21B_0681,train,DAMIMAS,lnk-1,0,b1,1,b7,0
DAMIMAS_A21B_0681,train,DAMIMAS,lnk-2,0,b2,1,b6,0
DAMIMAS_A21B_0681,train,DAMIMAS,lnk-3,1,b3,2,b3,0
DAMIMAS_A21B_0681,train,DAMIMAS,lnk-4,1,b2,2,b5,0
DAMIMAS_A21B_0681,train,DAMIMAS,lnk-5,1,b1,2,b6,0
DAMIMAS_A21B_0681,train,DAMIMAS,lnk-6,2,b4,3,b4,0
DAMIMAS_A21B_0681,train,DAMIMAS,lnk-7,2,b0,3,b5,0
DAMIMAS_A21B_0681,train,DAMIMAS,lnk-8,3,b0,0,b3,0
DAMIMAS_A21B_0681,train,DAMIMAS,lnk-9,3,b3,0,b4,0
DAMIMAS_A21B_0681,train,DAMIMAS,lnk-10,3,b2,0,b6,0
DAMIMAS_A21B_0682,val,DAMIMAS,lnk-0,0,b2,1,b6,0
DAMIMAS_A21B_0682,val,DAMIMAS,lnk-1,0,b1,1,b5,0
DAMIMAS_A21B_0682,val,DAMIMAS,lnk-2,0,b4,1,b4,0
DAMIMAS_A21B_0682,val,DAMIMAS,lnk-3,0,b5,1,b1,0
DAMIMAS_A21B_0682,val,DAMIMAS,lnk-4,1,b0,2,b3,0
DAMIMAS_A21B_0682,val,DAMIMAS,lnk-5,1,b2,2,b4,0
DAMIMAS_A21B_0682,val,DAMIMAS,lnk-6,1,b3,2,b2,0
DAMIMAS_A21B_0682,val,DAMIMAS,lnk-7,2,b0,3,b0,0
DAMIMAS_A21B_0682,val,DAMIMAS,lnk-8,2,b5,3,b1,0
DAMIMAS_A21B_0682,val,DAMIMAS,lnk-9,2,b1,3,b5,0
DAMIMAS_A21B_0682,val,DAMIMAS,lnk-10,3,b2,0,b3,0
DAMIMAS_A21B_0682,val,DAMIMAS,lnk-11,3,b4,0,b0,0
DAMIMAS_A21B_0683,val,DAMIMAS,lnk-0,0,b5,1,b6,0
DAMIMAS_A21B_0683,val,DAMIMAS,lnk-1,0,b7,1,b3,0
DAMIMAS_A21B_0683,val,DAMIMAS,lnk-2,0,b6,1,b4,0
DAMIMAS_A21B_0683,val,DAMIMAS,lnk-3,0,b4,1,b5,0
DAMIMAS_A21B_0683,val,DAMIMAS,lnk-4,1,b0,2,b0,0
DAMIMAS_A21B_0683,val,DAMIMAS,lnk-5,1,b2,2,b4,0
DAMIMAS_A21B_0683,val,DAMIMAS,lnk-6,1,b1,2,b2,0
DAMIMAS_A21B_0683,val,DAMIMAS,lnk-7,2,b1,3,b0,0
DAMIMAS_A21B_0683,val,DAMIMAS,lnk-8,2,b3,3,b3,0
DAMIMAS_A21B_0683,val,DAMIMAS,lnk-9,3,b1,0,b0,0
DAMIMAS_A21B_0683,val,DAMIMAS,lnk-10,3,b5,0,b2,0
DAMIMAS_A21B_0683,val,DAMIMAS,lnk-11,3,b6,0,b3,0
DAMIMAS_A21B_0683,val,DAMIMAS,lnk-12,3,b7,0,b1,0
DAMIMAS_A21B_0684,val,DAMIMAS,lnk-0,0,b0,1,b0,0
DAMIMAS_A21B_0684,val,DAMIMAS,lnk-1,0,b1,1,b1,0
DAMIMAS_A21B_0684,val,DAMIMAS,lnk-2,1,b4,2,b5,0
DAMIMAS_A21B_0684,val,DAMIMAS,lnk-3,1,b5,2,b0,0
DAMIMAS_A21B_0684,val,DAMIMAS,lnk-4,2,b4,3,b1,0
DAMIMAS_A21B_0684,val,DAMIMAS,lnk-5,2,b1,3,b0,0
DAMIMAS_A21B_0684,val,DAMIMAS,lnk-6,2,b3,3,b3,0
DAMIMAS_A21B_0684,val,DAMIMAS,lnk-7,2,b2,3,b4,0
DAMIMAS_A21B_0684,val,DAMIMAS,lnk-8,3,b8,0,b2,0
DAMIMAS_A21B_0684,val,DAMIMAS,lnk-9,3,b7,0,b4,0
DAMIMAS_A21B_0684,val,DAMIMAS,lnk-10,3,b5,0,b5,0
DAMIMAS_A21B_0684,val,DAMIMAS,lnk-11,3,b6,0,b3,0
DAMIMAS_A21B_0685,train,DAMIMAS,lnk-0,0,b0,1,b5,0
DAMIMAS_A21B_0685,train,DAMIMAS,lnk-1,0,b1,1,b4,0
DAMIMAS_A21B_0685,train,DAMIMAS,lnk-2,0,b2,1,b3,0
DAMIMAS_A21B_0685,train,DAMIMAS,lnk-3,1,b2,2,b2,0
DAMIMAS_A21B_0685,train,DAMIMAS,lnk-4,1,b0,2,b0,0
DAMIMAS_A21B_0685,train,DAMIMAS,lnk-5,1,b1,2,b1,0
DAMIMAS_A21B_0685,train,DAMIMAS,lnk-6,2,b4,3,b4,0
DAMIMAS_A21B_0685,train,DAMIMAS,lnk-7,2,b5,3,b2,0
DAMIMAS_A21B_0685,train,DAMIMAS,lnk-8,2,b3,3,b5,0
DAMIMAS_A21B_0685,train,DAMIMAS,lnk-9,3,b1,0,b4,0
DAMIMAS_A21B_0685,train,DAMIMAS,lnk-10,3,b3,0,b5,0
DAMIMAS_A21B_0686,train,DAMIMAS,lnk-0,0,b3,1,b0,0
DAMIMAS_A21B_0686,train,DAMIMAS,lnk-1,0,b5,1,b5,0
DAMIMAS_A21B_0686,train,DAMIMAS,lnk-2,0,b2,1,b2,0
DAMIMAS_A21B_0686,train,DAMIMAS,lnk-3,0,b4,1,b4,0
DAMIMAS_A21B_0686,train,DAMIMAS,lnk-4,1,b1,2,b0,0
DAMIMAS_A21B_0686,train,DAMIMAS,lnk-5,2,b1,3,b1,0
DAMIMAS_A21B_0686,train,DAMIMAS,lnk-6,2,b4,3,b4,0
DAMIMAS_A21B_0686,train,DAMIMAS,lnk-7,2,b2,3,b3,0
DAMIMAS_A21B_0686,train,DAMIMAS,lnk-8,3,b0,0,b0,0
DAMIMAS_A21B_0686,train,DAMIMAS,lnk-9,3,b2,0,b6,0
DAMIMAS_A21B_0686,train,DAMIMAS,lnk-10,3,b5,0,b1,0
DAMIMAS_A21B_0687,test,DAMIMAS,lnk-0,0,b4,1,b1,0
DAMIMAS_A21B_0687,test,DAMIMAS,lnk-1,0,b0,1,b0,0
DAMIMAS_A21B_0687,test,DAMIMAS,lnk-2,1,b2,2,b4,0
DAMIMAS_A21B_0687,test,DAMIMAS,lnk-3,1,b4,2,b1,0
DAMIMAS_A21B_0687,test,DAMIMAS,lnk-4,2,b0,3,b0,0
DAMIMAS_A21B_0687,test,DAMIMAS,lnk-5,2,b2,3,b2,0
DAMIMAS_A21B_0687,test,DAMIMAS,lnk-6,3,b4,0,b3,0
DAMIMAS_A21B_0688,train,DAMIMAS,lnk-0,1,b0,2,b0,0
DAMIMAS_A21B_0688,train,DAMIMAS,lnk-1,1,b1,2,b4,0
DAMIMAS_A21B_0688,train,DAMIMAS,lnk-2,1,b2,2,b6,0
DAMIMAS_A21B_0688,train,DAMIMAS,lnk-3,2,b1,3,b0,0
DAMIMAS_A21B_0688,train,DAMIMAS,lnk-4,2,b2,3,b2,0
DAMIMAS_A21B_0688,train,DAMIMAS,lnk-5,2,b3,3,b1,0
DAMIMAS_A21B_0688,train,DAMIMAS,lnk-6,3,b5,0,b4,0
DAMIMAS_A21B_0688,train,DAMIMAS,lnk-7,3,b4,0,b3,0
DAMIMAS_A21B_0688,train,DAMIMAS,lnk-8,0,b1,1,b5,0
DAMIMAS_A21B_0689,train,DAMIMAS,lnk-0,0,b5,1,b6,0
DAMIMAS_A21B_0689,train,DAMIMAS,lnk-1,0,b4,1,b3,0
DAMIMAS_A21B_0689,train,DAMIMAS,lnk-2,0,b2,1,b5,0
DAMIMAS_A21B_0689,train,DAMIMAS,lnk-3,1,b1,2,b5,0
DAMIMAS_A21B_0689,train,DAMIMAS,lnk-4,1,b0,2,b0,0
DAMIMAS_A21B_0689,train,DAMIMAS,lnk-5,1,b2,2,b1,0
DAMIMAS_A21B_0689,train,DAMIMAS,lnk-6,2,b4,3,b3,0
DAMIMAS_A21B_0689,train,DAMIMAS,lnk-7,2,b3,3,b2,0
DAMIMAS_A21B_0689,train,DAMIMAS,lnk-8,3,b0,0,b0,0
DAMIMAS_A21B_0689,train,DAMIMAS,lnk-9,3,b4,0,b3,0
DAMIMAS_A21B_0690,train,DAMIMAS,lnk-0,0,b0,1,b0,0
DAMIMAS_A21B_0690,train,DAMIMAS,lnk-1,0,b2,1,b1,0
DAMIMAS_A21B_0690,train,DAMIMAS,lnk-2,1,b2,2,b4,0
DAMIMAS_A21B_0690,train,DAMIMAS,lnk-3,1,b3,2,b2,0
DAMIMAS_A21B_0690,train,DAMIMAS,lnk-4,2,b0,3,b0,0
DAMIMAS_A21B_0690,train,DAMIMAS,lnk-5,2,b1,3,b1,0
DAMIMAS_A21B_0690,train,DAMIMAS,lnk-6,2,b3,3,b3,0
DAMIMAS_A21B_0690,train,DAMIMAS,lnk-7,3,b2,0,b1,0
DAMIMAS_A21B_0691,train,DAMIMAS,lnk-0,0,b2,1,b0,0
DAMIMAS_A21B_0691,train,DAMIMAS,lnk-1,1,b4,2,b0,0
DAMIMAS_A21B_0691,train,DAMIMAS,lnk-2,1,b2,2,b2,0
DAMIMAS_A21B_0691,train,DAMIMAS,lnk-3,2,b4,3,b3,0
DAMIMAS_A21B_0691,train,DAMIMAS,lnk-4,2,b3,3,b5,0
DAMIMAS_A21B_0691,train,DAMIMAS,lnk-5,2,b5,3,b4,0
DAMIMAS_A21B_0691,train,DAMIMAS,lnk-6,3,b1,0,b1,0
DAMIMAS_A21B_0691,train,DAMIMAS,lnk-7,3,b0,0,b0,0
DAMIMAS_A21B_0692,train,DAMIMAS,lnk-0,0,b0,1,b0,0
DAMIMAS_A21B_0692,train,DAMIMAS,lnk-1,0,b3,1,b3,0
DAMIMAS_A21B_0692,train,DAMIMAS,lnk-2,1,b1,2,b2,0
DAMIMAS_A21B_0692,train,DAMIMAS,lnk-3,1,b2,2,b1,0
DAMIMAS_A21B_0692,train,DAMIMAS,lnk-4,2,b4,3,b3,0
DAMIMAS_A21B_0692,train,DAMIMAS,lnk-5,2,b3,3,b2,0
DAMIMAS_A21B_0692,train,DAMIMAS,lnk-6,3,b0,0,b1,0
DAMIMAS_A21B_0692,train,DAMIMAS,lnk-7,3,b1,0,b2,0
DAMIMAS_A21B_0693,train,DAMIMAS,lnk-0,0,b0,1,b5,0
DAMIMAS_A21B_0693,train,DAMIMAS,lnk-1,0,b2,1,b3,0
DAMIMAS_A21B_0693,train,DAMIMAS,lnk-2,0,b1,1,b2,0
DAMIMAS_A21B_0693,train,DAMIMAS,lnk-3,1,b1,2,b5,0
DAMIMAS_A21B_0693,train,DAMIMAS,lnk-4,1,b0,2,b6,0
DAMIMAS_A21B_0693,train,DAMIMAS,lnk-5,2,b0,3,b0,0
DAMIMAS_A21B_0693,train,DAMIMAS,lnk-6,2,b1,3,b2,0
DAMIMAS_A21B_0693,train,DAMIMAS,lnk-7,2,b4,3,b3,0
DAMIMAS_A21B_0693,train,DAMIMAS,lnk-8,2,b2,3,b4,0
DAMIMAS_A21B_0693,train,DAMIMAS,lnk-9,3,b6,0,b3,0
DAMIMAS_A21B_0693,train,DAMIMAS,lnk-10,3,b1,0,b5,0
DAMIMAS_A21B_0694,train,DAMIMAS,lnk-0,0,b0,1,b0,0
DAMIMAS_A21B_0694,train,DAMIMAS,lnk-1,0,b1,1,b3,0
DAMIMAS_A21B_0694,train,DAMIMAS,lnk-2,1,b2,2,b2,0
DAMIMAS_A21B_0694,train,DAMIMAS,lnk-3,1,b1,2,b1,0
DAMIMAS_A21B_0694,train,DAMIMAS,lnk-4,2,b3,3,b1,0
DAMIMAS_A21B_0694,train,DAMIMAS,lnk-5,3,b2,0,b2,0
DAMIMAS_A21B_0695,train,DAMIMAS,lnk-0,0,b0,1,b0,0
DAMIMAS_A21B_0695,train,DAMIMAS,lnk-1,0,b5,1,b3,0
DAMIMAS_A21B_0695,train,DAMIMAS,lnk-2,0,b4,1,b4,0
DAMIMAS_A21B_0695,train,DAMIMAS,lnk-3,1,b1,2,b1,0
DAMIMAS_A21B_0695,train,DAMIMAS,lnk-4,1,b5,2,b0,0
DAMIMAS_A21B_0695,train,DAMIMAS,lnk-5,2,b4,3,b2,0
DAMIMAS_A21B_0695,train,DAMIMAS,lnk-6,3,b0,0,b1,0
DAMIMAS_A21B_0695,train,DAMIMAS,lnk-7,3,b4,0,b3,0
DAMIMAS_A21B_0695,train,DAMIMAS,lnk-8,3,b3,0,b2,0
DAMIMAS_A21B_0696,train,DAMIMAS,lnk-0,0,b0,1,b3,0
DAMIMAS_A21B_0696,train,DAMIMAS,lnk-1,1,b2,2,b1,0
DAMIMAS_A21B_0696,train,DAMIMAS,lnk-2,1,b0,2,b2,0
DAMIMAS_A21B_0696,train,DAMIMAS,lnk-3,1,b1,2,b0,0
DAMIMAS_A21B_0696,train,DAMIMAS,lnk-4,1,b4,2,b3,0
DAMIMAS_A21B_0696,train,DAMIMAS,lnk-5,2,b5,3,b1,0
DAMIMAS_A21B_0696,train,DAMIMAS,lnk-6,2,b4,3,b0,0
DAMIMAS_A21B_0696,train,DAMIMAS,lnk-7,3,b5,0,b1,0
DAMIMAS_A21B_0696,train,DAMIMAS,lnk-8,3,b2,0,b3,0
DAMIMAS_A21B_0696,train,DAMIMAS,lnk-9,3,b4,0,b2,0
DAMIMAS_A21B_0697,val,DAMIMAS,lnk-0,0,b3,1,b4,0
DAMIMAS_A21B_0697,val,DAMIMAS,lnk-1,0,b1,1,b3,0
DAMIMAS_A21B_0697,val,DAMIMAS,lnk-2,1,b5,2,b2,0
DAMIMAS_A21B_0697,val,DAMIMAS,lnk-3,1,b1,2,b1,0
DAMIMAS_A21B_0697,val,DAMIMAS,lnk-4,1,b0,2,b6,0
DAMIMAS_A21B_0697,val,DAMIMAS,lnk-5,1,b2,2,b5,0
DAMIMAS_A21B_0697,val,DAMIMAS,lnk-6,2,b4,3,b4,0
DAMIMAS_A21B_0697,val,DAMIMAS,lnk-7,2,b3,3,b3,0
DAMIMAS_A21B_0697,val,DAMIMAS,lnk-8,2,b0,3,b5,0
DAMIMAS_A21B_0697,val,DAMIMAS,lnk-9,3,b0,0,b0,0
DAMIMAS_A21B_0697,val,DAMIMAS,lnk-10,3,b1,0,b4,0
DAMIMAS_A21B_0697,val,DAMIMAS,lnk-11,3,b2,0,b2,0
DAMIMAS_A21B_0698,train,DAMIMAS,lnk-0,0,b1,1,b4,0
DAMIMAS_A21B_0698,train,DAMIMAS,lnk-1,0,b0,1,b0,0
DAMIMAS_A21B_0698,train,DAMIMAS,lnk-2,0,b4,1,b5,0
DAMIMAS_A21B_0698,train,DAMIMAS,lnk-3,1,b2,2,b0,0
DAMIMAS_A21B_0698,train,DAMIMAS,lnk-4,1,b3,2,b2,0
DAMIMAS_A21B_0698,train,DAMIMAS,lnk-5,1,b1,2,b4,0
DAMIMAS_A21B_0698,train,DAMIMAS,lnk-6,2,b1,3,b1,0
DAMIMAS_A21B_0698,train,DAMIMAS,lnk-7,3,b0,0,b3,0
DAMIMAS_A21B_0698,train,DAMIMAS,lnk-8,3,b3,0,b2,0
DAMIMAS_A21B_0699,train,DAMIMAS,lnk-0,0,b4,1,b3,0
DAMIMAS_A21B_0699,train,DAMIMAS,lnk-1,1,b0,2,b0,0
DAMIMAS_A21B_0699,train,DAMIMAS,lnk-2,1,b1,2,b2,0
DAMIMAS_A21B_0699,train,DAMIMAS,lnk-3,2,b4,3,b4,0
DAMIMAS_A21B_0699,train,DAMIMAS,lnk-4,2,b3,3,b1,0
DAMIMAS_A21B_0699,train,DAMIMAS,lnk-5,3,b2,0,b0,0
DAMIMAS_A21B_0699,train,DAMIMAS,lnk-6,3,b3,0,b2,0
DAMIMAS_A21B_0700,train,DAMIMAS,lnk-0,0,b0,1,b0,0
DAMIMAS_A21B_0700,train,DAMIMAS,lnk-1,0,b3,1,b4,0
DAMIMAS_A21B_0700,train,DAMIMAS,lnk-2,0,b4,1,b2,0
DAMIMAS_A21B_0700,train,DAMIMAS,lnk-3,1,b1,2,b4,0
DAMIMAS_A21B_0700,train,DAMIMAS,lnk-4,1,b3,2,b1,0
DAMIMAS_A21B_0700,train,DAMIMAS,lnk-5,2,b0,3,b0,0
DAMIMAS_A21B_0700,train,DAMIMAS,lnk-6,2,b2,3,b1,0
DAMIMAS_A21B_0700,train,DAMIMAS,lnk-7,2,b3,3,b4,0
DAMIMAS_A21B_0700,train,DAMIMAS,lnk-8,3,b2,0,b1,0
DAMIMAS_A21B_0701,train,DAMIMAS,lnk-0,0,b0,1,b7,0
DAMIMAS_A21B_0701,train,DAMIMAS,lnk-1,0,b1,1,b0,0
DAMIMAS_A21B_0701,train,DAMIMAS,lnk-2,0,b3,1,b3,0
DAMIMAS_A21B_0701,train,DAMIMAS,lnk-3,0,b2,1,b2,0
DAMIMAS_A21B_0701,train,DAMIMAS,lnk-4,1,b4,2,b2,0
DAMIMAS_A21B_0701,train,DAMIMAS,lnk-5,1,b5,2,b4,0
DAMIMAS_A21B_0701,train,DAMIMAS,lnk-6,1,b6,2,b5,0
DAMIMAS_A21B_0701,train,DAMIMAS,lnk-7,1,b1,2,b6,0
DAMIMAS_A21B_0701,train,DAMIMAS,lnk-8,2,b1,3,b5,0
DAMIMAS_A21B_0701,train,DAMIMAS,lnk-9,2,b3,3,b2,0
DAMIMAS_A21B_0701,train,DAMIMAS,lnk-10,2,b0,3,b0,0
DAMIMAS_A21B_0701,train,DAMIMAS,lnk-11,3,b4,0,b5,0
DAMIMAS_A21B_0701,train,DAMIMAS,lnk-12,3,b1,0,b4,0
DAMIMAS_A21B_0702,train,DAMIMAS,lnk-0,0,b1,1,b2,0
DAMIMAS_A21B_0702,train,DAMIMAS,lnk-1,1,b2,2,b2,0
DAMIMAS_A21B_0702,train,DAMIMAS,lnk-2,0,b2,1,b3,0
DAMIMAS_A21B_0702,train,DAMIMAS,lnk-3,0,b0,1,b4,0
DAMIMAS_A21B_0702,train,DAMIMAS,lnk-4,1,b1,2,b0,0
DAMIMAS_A21B_0702,train,DAMIMAS,lnk-5,2,b0,3,b3,0
DAMIMAS_A21B_0702,train,DAMIMAS,lnk-6,1,b0,2,b1,0
DAMIMAS_A21B_0702,train,DAMIMAS,lnk-7,2,b3,3,b1,0
DAMIMAS_A21B_0702,train,DAMIMAS,lnk-8,3,b0,0,b4,0
DAMIMAS_A21B_0702,train,DAMIMAS,lnk-9,3,b2,0,b3,0
DAMIMAS_A21B_0703,val,DAMIMAS,lnk-0,0,b0,1,b0,0
DAMIMAS_A21B_0703,val,DAMIMAS,lnk-1,0,b2,1,b2,0
DAMIMAS_A21B_0703,val,DAMIMAS,lnk-2,0,b1,1,b1,0
DAMIMAS_A21B_0703,val,DAMIMAS,lnk-3,1,b4,2,b1,0
DAMIMAS_A21B_0703,val,DAMIMAS,lnk-4,1,b3,2,b2,0
DAMIMAS_A21B_0703,val,DAMIMAS,lnk-5,1,b5,2,b0,0
DAMIMAS_A21B_0703,val,DAMIMAS,lnk-6,2,b3,3,b5,0
DAMIMAS_A21B_0703,val,DAMIMAS,lnk-7,2,b4,3,b4,0
DAMIMAS_A21B_0703,val,DAMIMAS,lnk-8,3,b0,0,b4,0
DAMIMAS_A21B_0703,val,DAMIMAS,lnk-9,3,b1,0,b5,0
DAMIMAS_A21B_0704,train,DAMIMAS,lnk-0,0,b0,1,b4,0
DAMIMAS_A21B_0704,train,DAMIMAS,lnk-1,0,b3,1,b3,0
DAMIMAS_A21B_0704,train,DAMIMAS,lnk-2,0,b1,1,b1,0
DAMIMAS_A21B_0704,train,DAMIMAS,lnk-3,0,b2,1,b2,0
DAMIMAS_A21B_0704,train,DAMIMAS,lnk-4,1,b0,2,b5,0
DAMIMAS_A21B_0704,train,DAMIMAS,lnk-5,1,b5,2,b4,0
DAMIMAS_A21B_0704,train,DAMIMAS,lnk-6,1,b6,2,b0,0
DAMIMAS_A21B_0704,train,DAMIMAS,lnk-7,2,b3,3,b0,0
DAMIMAS_A21B_0704,train,DAMIMAS,lnk-8,2,b1,3,b5,0
DAMIMAS_A21B_0704,train,DAMIMAS,lnk-9,2,b2,3,b4,0
DAMIMAS_A21B_0704,train,DAMIMAS,lnk-10,3,b2,0,b0,0
DAMIMAS_A21B_0704,train,DAMIMAS,lnk-11,3,b4,0,b5,0
DAMIMAS_A21B_0704,train,DAMIMAS,lnk-12,3,b3,0,b4,0
DAMIMAS_A21B_0705,train,DAMIMAS,lnk-0,0,b1,1,b1,0
DAMIMAS_A21B_0705,train,DAMIMAS,lnk-1,0,b6,1,b0,0
DAMIMAS_A21B_0705,train,DAMIMAS,lnk-2,1,b5,2,b0,0
DAMIMAS_A21B_0705,train,DAMIMAS,lnk-3,1,b3,2,b1,0
DAMIMAS_A21B_0705,train,DAMIMAS,lnk-4,1,b4,2,b3,0
DAMIMAS_A21B_0705,train,DAMIMAS,lnk-5,1,b2,2,b2,0
DAMIMAS_A21B_0705,train,DAMIMAS,lnk-6,2,b5,3,b4,0
DAMIMAS_A21B_0705,train,DAMIMAS,lnk-7,2,b6,3,b5,0
DAMIMAS_A21B_0705,train,DAMIMAS,lnk-8,2,b4,3,b3,0
DAMIMAS_A21B_0705,train,DAMIMAS,lnk-9,3,b0,0,b0,0
DAMIMAS_A21B_0705,train,DAMIMAS,lnk-10,3,b2,0,b4,0
DAMIMAS_A21B_0705,train,DAMIMAS,lnk-11,3,b1,0,b2,0
DAMIMAS_A21B_0706,test,DAMIMAS,lnk-0,0,b4,1,b3,0
DAMIMAS_A21B_0706,test,DAMIMAS,lnk-1,0,b2,1,b4,0
DAMIMAS_A21B_0706,test,DAMIMAS,lnk-2,0,b1,1,b5,0
DAMIMAS_A21B_0706,test,DAMIMAS,lnk-3,1,b0,2,b5,0
DAMIMAS_A21B_0706,test,DAMIMAS,lnk-4,1,b2,2,b1,0
DAMIMAS_A21B_0706,test,DAMIMAS,lnk-5,1,b1,2,b4,0
DAMIMAS_A21B_0706,test,DAMIMAS,lnk-6,2,b2,3,b0,0
DAMIMAS_A21B_0706,test,DAMIMAS,lnk-7,2,b3,3,b3,0
DAMIMAS_A21B_0706,test,DAMIMAS,lnk-8,2,b0,3,b4,0
DAMIMAS_A21B_0706,test,DAMIMAS,lnk-9,3,b1,0,b0,0
DAMIMAS_A21B_0706,test,DAMIMAS,lnk-10,3,b5,0,b3,0
DAMIMAS_A21B_0706,test,DAMIMAS,lnk-11,3,b2,0,b5,0
DAMIMAS_A21B_0707,train,DAMIMAS,lnk-0,0,b2,1,b2,0
DAMIMAS_A21B_0707,train,DAMIMAS,lnk-1,0,b5,1,b5,0
DAMIMAS_A21B_0707,train,DAMIMAS,lnk-2,0,b3,1,b0,0
DAMIMAS_A21B_0707,train,DAMIMAS,lnk-3,0,b4,1,b4,0
DAMIMAS_A21B_0707,train,DAMIMAS,lnk-4,1,b4,2,b5,0
DAMIMAS_A21B_0707,train,DAMIMAS,lnk-5,0,b6,1,b3,0
DAMIMAS_A21B_0707,train,DAMIMAS,lnk-6,1,b6,2,b2,0
DAMIMAS_A21B_0707,train,DAMIMAS,lnk-7,2,b0,3,b0,0
DAMIMAS_A21B_0707,train,DAMIMAS,lnk-8,2,b3,3,b2,0
DAMIMAS_A21B_0707,train,DAMIMAS,lnk-9,2,b1,3,b1,0
DAMIMAS_A21B_0707,train,DAMIMAS,lnk-10,3,b4,0,b1,0
DAMIMAS_A21B_0707,train,DAMIMAS,lnk-11,3,b5,0,b0,0
DAMIMAS_A21B_0708,val,DAMIMAS,lnk-0,0,b0,1,b0,0
DAMIMAS_A21B_0708,val,DAMIMAS,lnk-1,1,b0,2,b4,0
DAMIMAS_A21B_0708,val,DAMIMAS,lnk-2,0,b2,1,b1,0
DAMIMAS_A21B_0708,val,DAMIMAS,lnk-3,1,b1,2,b6,0
DAMIMAS_A21B_0708,val,DAMIMAS,lnk-4,0,b4,1,b5,0
DAMIMAS_A21B_0708,val,DAMIMAS,lnk-5,0,b3,1,b6,0
DAMIMAS_A21B_0708,val,DAMIMAS,lnk-6,0,b1,1,b4,0
DAMIMAS_A21B_0708,val,DAMIMAS,lnk-7,1,b3,2,b3,0
DAMIMAS_A21B_0708,val,DAMIMAS,lnk-8,2,b3,3,b1,0
DAMIMAS_A21B_0708,val,DAMIMAS,lnk-9,1,b2,2,b5,0
DAMIMAS_A21B_0708,val,DAMIMAS,lnk-10,2,b0,3,b0,0
DAMIMAS_A21B_0708,val,DAMIMAS,lnk-11,2,b2,3,b2,0
DAMIMAS_A21B_0708,val,DAMIMAS,lnk-12,3,b4,0,b5,0
DAMIMAS_A21B_0708,val,DAMIMAS,lnk-13,3,b3,0,b6,0
DAMIMAS_A21B_0709,train,DAMIMAS,lnk-0,0,b4,1,b5,0
DAMIMAS_A21B_0709,train,DAMIMAS,lnk-1,0,b6,1,b4,0
DAMIMAS_A21B_0709,train,DAMIMAS,lnk-2,0,b5,1,b3,0
DAMIMAS_A21B_0709,train,DAMIMAS,lnk-3,1,b0,2,b0,0
DAMIMAS_A21B_0709,train,DAMIMAS,lnk-4,1,b1,2,b5,0
DAMIMAS_A21B_0709,train,DAMIMAS,lnk-5,1,b2,2,b1,0
DAMIMAS_A21B_0709,train,DAMIMAS,lnk-6,2,b3,3,b6,0
DAMIMAS_A21B_0709,train,DAMIMAS,lnk-7,2,b4,3,b0,0
DAMIMAS_A21B_0709,train,DAMIMAS,lnk-8,3,b1,0,b0,0
DAMIMAS_A21B_0709,train,DAMIMAS,lnk-9,3,b4,0,b3,0
DAMIMAS_A21B_0709,train,DAMIMAS,lnk-10,3,b3,0,b2,0
DAMIMAS_A21B_0709,train,DAMIMAS,lnk-11,3,b2,0,b1,0
DAMIMAS_A21B_0710,train,DAMIMAS,lnk-0,0,b3,1,b0,0
DAMIMAS_A21B_0710,train,DAMIMAS,lnk-1,0,b4,1,b3,0
DAMIMAS_A21B_0710,train,DAMIMAS,lnk-2,0,b5,1,b2,0
DAMIMAS_A21B_0710,train,DAMIMAS,lnk-3,1,b1,2,b0,0
DAMIMAS_A21B_0710,train,DAMIMAS,lnk-4,1,b4,2,b3,0
DAMIMAS_A21B_0710,train,DAMIMAS,lnk-5,1,b5,2,b2,0
DAMIMAS_A21B_0710,train,DAMIMAS,lnk-6,1,b6,2,b6,0
DAMIMAS_A21B_0710,train,DAMIMAS,lnk-7,2,b1,3,b0,0
DAMIMAS_A21B_0710,train,DAMIMAS,lnk-8,2,b5,3,b1,0
DAMIMAS_A21B_0710,train,DAMIMAS,lnk-9,2,b4,3,b2,0
DAMIMAS_A21B_0710,train,DAMIMAS,lnk-10,3,b2,0,b1,0
DAMIMAS_A21B_0710,train,DAMIMAS,lnk-11,3,b3,0,b0,0
DAMIMAS_A21B_0710,train,DAMIMAS,lnk-12,3,b4,0,b2,0
DAMIMAS_A21B_0711,train,DAMIMAS,lnk-0,0,b3,1,b0,0
DAMIMAS_A21B_0711,train,DAMIMAS,lnk-1,0,b1,1,b1,0
DAMIMAS_A21B_0711,train,DAMIMAS,lnk-2,3,b5,0,b1,0
DAMIMAS_A21B_0711,train,DAMIMAS,lnk-3,0,b5,1,b3,0
DAMIMAS_A21B_0711,train,DAMIMAS,lnk-4,1,b3,2,b3,0
DAMIMAS_A21B_0711,train,DAMIMAS,lnk-5,1,b4,2,b0,0
DAMIMAS_A21B_0711,train,DAMIMAS,lnk-6,1,b2,2,b4,0
DAMIMAS_A21B_0711,train,DAMIMAS,lnk-7,2,b2,3,b4,0
DAMIMAS_A21B_0711,train,DAMIMAS,lnk-8,2,b1,3,b2,0
DAMIMAS_A21B_0711,train,DAMIMAS,lnk-9,3,b0,0,b0,0
DAMIMAS_A21B_0711,train,DAMIMAS,lnk-10,3,b6,0,b4,0
DAMIMAS_A21B_0712,test,DAMIMAS,lnk-0,0,b0,1,b0,0
DAMIMAS_A21B_0712,test,DAMIMAS,lnk-1,0,b1,1,b4,0
DAMIMAS_A21B_0712,test,DAMIMAS,lnk-2,1,b2,2,b3,0
DAMIMAS_A21B_0712,test,DAMIMAS,lnk-3,2,b3,3,b6,0
DAMIMAS_A21B_0712,test,DAMIMAS,lnk-4,1,b1,2,b5,0
DAMIMAS_A21B_0712,test,DAMIMAS,lnk-5,1,b3,2,b4,0
DAMIMAS_A21B_0712,test,DAMIMAS,lnk-6,2,b2,3,b4,0
DAMIMAS_A21B_0712,test,DAMIMAS,lnk-7,2,b1,3,b3,0
DAMIMAS_A21B_0712,test,DAMIMAS,lnk-8,2,b0,3,b5,0
DAMIMAS_A21B_0712,test,DAMIMAS,lnk-9,3,b0,0,b5,0
DAMIMAS_A21B_0712,test,DAMIMAS,lnk-10,3,b2,0,b4,0
DAMIMAS_A21B_0712,test,DAMIMAS,lnk-11,3,b1,0,b3,0
DAMIMAS_A21B_0713,test,DAMIMAS,lnk-0,0,b0,1,b0,0
DAMIMAS_A21B_0713,test,DAMIMAS,lnk-1,0,b1,1,b4,0
DAMIMAS_A21B_0713,test,DAMIMAS,lnk-2,1,b3,2,b3,0
DAMIMAS_A21B_0713,test,DAMIMAS,lnk-3,2,b0,3,b1,0
DAMIMAS_A21B_0713,test,DAMIMAS,lnk-4,2,b1,3,b2,0
DAMIMAS_A21B_0713,test,DAMIMAS,lnk-5,3,b2,0,b4,0
DAMIMAS_A21B_0713,test,DAMIMAS,lnk-6,2,b2,3,b3,0
DAMIMAS_A21B_0713,test,DAMIMAS,lnk-7,3,b4,0,b2,0
DAMIMAS_A21B_0713,test,DAMIMAS,lnk-8,3,b0,0,b3,0
DAMIMAS_A21B_0714,train,DAMIMAS,lnk-0,0,b3,1,b1,0
DAMIMAS_A21B_0714,train,DAMIMAS,lnk-1,0,b5,1,b2,0
DAMIMAS_A21B_0714,train,DAMIMAS,lnk-2,0,b2,1,b4,0
DAMIMAS_A21B_0714,train,DAMIMAS,lnk-3,1,b0,2,b2,0
DAMIMAS_A21B_0714,train,DAMIMAS,lnk-4,1,b3,2,b3,0
DAMIMAS_A21B_0714,train,DAMIMAS,lnk-5,1,b5,2,b4,0
DAMIMAS_A21B_0714,train,DAMIMAS,lnk-6,2,b0,3,b1,0
DAMIMAS_A21B_0714,train,DAMIMAS,lnk-7,2,b5,3,b3,0
DAMIMAS_A21B_0714,train,DAMIMAS,lnk-8,2,b1,3,b0,0
DAMIMAS_A21B_0714,train,DAMIMAS,lnk-9,3,b2,0,b4,0
DAMIMAS_A21B_0714,train,DAMIMAS,lnk-10,3,b6,0,b0,0
DAMIMAS_A21B_0714,train,DAMIMAS,lnk-11,3,b5,0,b1,0
DAMIMAS_A21B_0715,train,DAMIMAS,lnk-0,0,b3,1,b1,0
DAMIMAS_A21B_0715,train,DAMIMAS,lnk-1,0,b4,1,b2,0
DAMIMAS_A21B_0715,train,DAMIMAS,lnk-2,0,b5,1,b0,0
DAMIMAS_A21B_0715,train,DAMIMAS,lnk-3,1,b5,2,b1,0
DAMIMAS_A21B_0715,train,DAMIMAS,lnk-4,1,b3,2,b0,0
DAMIMAS_A21B_0715,train,DAMIMAS,lnk-5,1,b4,2,b2,0
DAMIMAS_A21B_0715,train,DAMIMAS,lnk-6,1,b6,2,b6,0
DAMIMAS_A21B_0715,train,DAMIMAS,lnk-7,2,b5,3,b0,0
DAMIMAS_A21B_0715,train,DAMIMAS,lnk-8,2,b4,3,b1,0
DAMIMAS_A21B_0715,train,DAMIMAS,lnk-9,2,b3,3,b5,0
DAMIMAS_A21B_0715,train,DAMIMAS,lnk-10,3,b4,0,b2,0
DAMIMAS_A21B_0715,train,DAMIMAS,lnk-11,3,b3,0,b0,0
DAMIMAS_A21B_0715,train,DAMIMAS,lnk-12,3,b2,0,b1,0
DAMIMAS_A21B_0716,test,DAMIMAS,lnk-0,0,b4,1,b3,0
DAMIMAS_A21B_0716,test,DAMIMAS,lnk-1,0,b3,1,b2,0
DAMIMAS_A21B_0716,test,DAMIMAS,lnk-2,0,b1,1,b6,0
DAMIMAS_A21B_0716,test,DAMIMAS,lnk-3,3,b1,0,b1,0
DAMIMAS_A21B_0716,test,DAMIMAS,lnk-4,0,b2,1,b5,0
DAMIMAS_A21B_0716,test,DAMIMAS,lnk-5,1,b0,2,b0,0
DAMIMAS_A21B_0716,test,DAMIMAS,lnk-6,1,b1,2,b1,0
DAMIMAS_A21B_0716,test,DAMIMAS,lnk-7,1,b4,2,b2,0
DAMIMAS_A21B_0716,test,DAMIMAS,lnk-8,2,b3,3,b5,0
DAMIMAS_A21B_0716,test,DAMIMAS,lnk-9,2,b4,3,b4,0
DAMIMAS_A21B_0716,test,DAMIMAS,lnk-10,2,b5,3,b6,0
DAMIMAS_A21B_0716,test,DAMIMAS,lnk-11,3,b0,0,b0,0
DAMIMAS_A21B_0716,test,DAMIMAS,lnk-12,3,b2,0,b7,0
DAMIMAS_A21B_0716,test,DAMIMAS,lnk-13,3,b3,0,b6,0
DAMIMAS_A21B_0717,train,DAMIMAS,lnk-0,0,b0,1,b5,0
DAMIMAS_A21B_0717,train,DAMIMAS,lnk-1,1,b0,2,b0,0
DAMIMAS_A21B_0717,train,DAMIMAS,lnk-2,2,b0,3,b6,0
DAMIMAS_A21B_0717,train,DAMIMAS,lnk-3,1,b1,2,b3,0
DAMIMAS_A21B_0717,train,DAMIMAS,lnk-4,1,b3,2,b4,0
DAMIMAS_A21B_0717,train,DAMIMAS,lnk-5,2,b2,3,b4,0
DAMIMAS_A21B_0717,train,DAMIMAS,lnk-6,2,b1,3,b5,0
DAMIMAS_A21B_0717,train,DAMIMAS,lnk-7,2,b5,3,b3,0
DAMIMAS_A21B_0717,train,DAMIMAS,lnk-8,3,b1,0,b3,0
DAMIMAS_A21B_0717,train,DAMIMAS,lnk-9,3,b0,0,b2,0
DAMIMAS_A21B_0717,train,DAMIMAS,lnk-10,3,b2,0,b4,0
DAMIMAS_A21B_0718,test,DAMIMAS,lnk-0,0,b0,1,b0,0
DAMIMAS_A21B_0718,test,DAMIMAS,lnk-1,0,b2,1,b3,0
DAMIMAS_A21B_0718,test,DAMIMAS,lnk-2,1,b1,2,b0,0
DAMIMAS_A21B_0718,test,DAMIMAS,lnk-3,1,b2,2,b3,0
DAMIMAS_A21B_0718,test,DAMIMAS,lnk-4,1,b5,2,b1,0
DAMIMAS_A21B_0718,test,DAMIMAS,lnk-5,1,b4,2,b4,0
DAMIMAS_A21B_0718,test,DAMIMAS,lnk-6,2,b2,3,b0,0
DAMIMAS_A21B_0718,test,DAMIMAS,lnk-7,2,b5,3,b2,0
DAMIMAS_A21B_0718,test,DAMIMAS,lnk-8,2,b6,3,b3,0
DAMIMAS_A21B_0718,test,DAMIMAS,lnk-9,2,b7,3,b4,0
DAMIMAS_A21B_0718,test,DAMIMAS,lnk-10,3,b1,0,b1,0
DAMIMAS_A21B_0718,test,DAMIMAS,lnk-11,3,b5,0,b3,0
DAMIMAS_A21B_0719,train,DAMIMAS,lnk-0,0,b3,1,b0,0
DAMIMAS_A21B_0719,train,DAMIMAS,lnk-1,0,b2,1,b1,0
DAMIMAS_A21B_0719,train,DAMIMAS,lnk-2,0,b4,1,b5,0
DAMIMAS_A21B_0719,train,DAMIMAS,lnk-3,1,b4,2,b1,0
DAMIMAS_A21B_0719,train,DAMIMAS,lnk-4,1,b3,2,b0,0
DAMIMAS_A21B_0719,train,DAMIMAS,lnk-5,2,b3,3,b3,0
DAMIMAS_A21B_0719,train,DAMIMAS,lnk-6,3,b0,0,b0,0
DAMIMAS_A21B_0719,train,DAMIMAS,lnk-7,3,b2,0,b1,0
DAMIMAS_A21B_0720,train,DAMIMAS,lnk-0,0,b5,1,b1,0
DAMIMAS_A21B_0720,train,DAMIMAS,lnk-1,1,b1,2,b5,0
DAMIMAS_A21B_0720,train,DAMIMAS,lnk-2,0,b4,1,b0,0
DAMIMAS_A21B_0720,train,DAMIMAS,lnk-3,1,b0,2,b6,0
DAMIMAS_A21B_0720,train,DAMIMAS,lnk-4,0,b2,1,b4,0
DAMIMAS_A21B_0720,train,DAMIMAS,lnk-5,3,b4,0,b2,0
DAMIMAS_A21B_0720,train,DAMIMAS,lnk-6,1,b2,2,b4,0
DAMIMAS_A21B_0720,train,DAMIMAS,lnk-7,1,b3,2,b3,0
DAMIMAS_A21B_0720,train,DAMIMAS,lnk-8,2,b0,3,b1,0
DAMIMAS_A21B_0720,train,DAMIMAS,lnk-9,2,b1,3,b3,0
DAMIMAS_A21B_0720,train,DAMIMAS,lnk-10,3,b0,0,b0,0
DAMIMAS_A21B_0720,train,DAMIMAS,lnk-11,3,b5,0,b1,0
DAMIMAS_A21B_0721,train,DAMIMAS,lnk-0,0,b1,1,b3,0
DAMIMAS_A21B_0721,train,DAMIMAS,lnk-1,0,b0,1,b5,0
DAMIMAS_A21B_0721,train,DAMIMAS,lnk-2,0,b4,1,b6,0
DAMIMAS_A21B_0721,train,DAMIMAS,lnk-3,1,b2,2,b7,0
DAMIMAS_A21B_0721,train,DAMIMAS,lnk-4,1,b4,2,b6,0
DAMIMAS_A21B_0721,train,DAMIMAS,lnk-5,1,b0,2,b5,0
DAMIMAS_A21B_0721,train,DAMIMAS,lnk-6,1,b1,2,b3,0
DAMIMAS_A21B_0721,train,DAMIMAS,lnk-7,2,b3,3,b4,0
DAMIMAS_A21B_0721,train,DAMIMAS,lnk-8,2,b0,3,b0,0
DAMIMAS_A21B_0721,train,DAMIMAS,lnk-9,2,b2,3,b3,0
DAMIMAS_A21B_0721,train,DAMIMAS,lnk-10,3,b2,0,b6,0
DAMIMAS_A21B_0721,train,DAMIMAS,lnk-11,3,b1,0,b5,0
DAMIMAS_A21B_0721,train,DAMIMAS,lnk-12,3,b5,0,b3,0
DAMIMAS_A21B_0722,train,DAMIMAS,lnk-0,0,b0,1,b4,0
DAMIMAS_A21B_0722,train,DAMIMAS,lnk-1,1,b1,2,b3,0
DAMIMAS_A21B_0722,train,DAMIMAS,lnk-2,1,b2,2,b2,0
DAMIMAS_A21B_0722,train,DAMIMAS,lnk-3,1,b0,2,b5,0
DAMIMAS_A21B_0722,train,DAMIMAS,lnk-4,2,b0,3,b3,0
DAMIMAS_A21B_0722,train,DAMIMAS,lnk-5,2,b4,3,b4,0
DAMIMAS_A21B_0722,train,DAMIMAS,lnk-6,2,b1,3,b5,0
DAMIMAS_A21B_0722,train,DAMIMAS,lnk-7,3,b2,0,b3,0
DAMIMAS_A21B_0722,train,DAMIMAS,lnk-8,3,b1,0,b2,0
DAMIMAS_A21B_0723,train,DAMIMAS,lnk-0,0,b0,1,b0,0
DAMIMAS_A21B_0723,train,DAMIMAS,lnk-1,0,b8,1,b7,0
DAMIMAS_A21B_0723,train,DAMIMAS,lnk-2,0,b6,1,b9,0
DAMIMAS_A21B_0723,train,DAMIMAS,lnk-3,0,b7,1,b6,0
DAMIMAS_A21B_0723,train,DAMIMAS,lnk-4,0,b1,1,b8,0
DAMIMAS_A21B_0723,train,DAMIMAS,lnk-5,1,b2,2,b0,0
DAMIMAS_A21B_0723,train,DAMIMAS,lnk-6,2,b0,3,b0,0
DAMIMAS_A21B_0723,train,DAMIMAS,lnk-7,1,b3,2,b1,0
DAMIMAS_A21B_0723,train,DAMIMAS,lnk-8,2,b1,3,b8,0
DAMIMAS_A21B_0723,train,DAMIMAS,lnk-9,1,b1,2,b2,0
DAMIMAS_A21B_0723,train,DAMIMAS,lnk-10,1,b5,2,b4,0
DAMIMAS_A21B_0723,train,DAMIMAS,lnk-11,2,b4,3,b7,0
DAMIMAS_A21B_0723,train,DAMIMAS,lnk-12,1,b4,2,b3,0
DAMIMAS_A21B_0723,train,DAMIMAS,lnk-13,2,b5,3,b6,0
DAMIMAS_A21B_0723,train,DAMIMAS,lnk-14,2,b6,3,b1,0
DAMIMAS_A21B_0723,train,DAMIMAS,lnk-15,3,b2,0,b2,0
DAMIMAS_A21B_0723,train,DAMIMAS,lnk-16,3,b5,0,b4,0
DAMIMAS_A21B_0723,train,DAMIMAS,lnk-17,3,b4,0,b5,0
DAMIMAS_A21B_0723,train,DAMIMAS,lnk-18,3,b3,0,b3,0
DAMIMAS_A21B_0724,val,DAMIMAS,lnk-0,3,b2,0,b2,0
DAMIMAS_A21B_0724,val,DAMIMAS,lnk-1,3,b1,0,b1,0
DAMIMAS_A21B_0724,val,DAMIMAS,lnk-2,0,b1,1,b2,0
DAMIMAS_A21B_0724,val,DAMIMAS,lnk-3,0,b0,1,b0,0
DAMIMAS_A21B_0724,val,DAMIMAS,lnk-4,1,b0,2,b2,0
DAMIMAS_A21B_0724,val,DAMIMAS,lnk-5,1,b3,2,b1,0
DAMIMAS_A21B_0724,val,DAMIMAS,lnk-6,1,b1,2,b4,0
DAMIMAS_A21B_0724,val,DAMIMAS,lnk-7,2,b4,3,b3,0
DAMIMAS_A21B_0724,val,DAMIMAS,lnk-8,2,b3,3,b0,0
DAMIMAS_A21B_0724,val,DAMIMAS,lnk-9,2,b0,3,b4,0
DAMIMAS_A21B_0725,val,DAMIMAS,lnk-0,0,b0,1,b2,0
DAMIMAS_A21B_0725,val,DAMIMAS,lnk-1,1,b0,2,b0,0
DAMIMAS_A21B_0725,val,DAMIMAS,lnk-2,1,b1,2,b1,0
DAMIMAS_A21B_0725,val,DAMIMAS,lnk-3,2,b3,3,b1,0
DAMIMAS_A21B_0725,val,DAMIMAS,lnk-4,3,b0,0,b1,0
DAMIMAS_A21B_0726,test,DAMIMAS,lnk-0,0,b5,1,b1,0
DAMIMAS_A21B_0726,test,DAMIMAS,lnk-1,0,b4,1,b3,0
DAMIMAS_A21B_0726,test,DAMIMAS,lnk-2,0,b3,1,b5,0
DAMIMAS_A21B_0726,test,DAMIMAS,lnk-3,3,b0,0,b0,0
DAMIMAS_A21B_0726,test,DAMIMAS,lnk-4,3,b3,0,b2,0
DAMIMAS_A21B_0726,test,DAMIMAS,lnk-5,3,b4,0,b1,0
DAMIMAS_A21B_0726,test,DAMIMAS,lnk-6,1,b0,2,b0,0
DAMIMAS_A21B_0726,test,DAMIMAS,lnk-7,1,b4,2,b4,0
DAMIMAS_A21B_0726,test,DAMIMAS,lnk-8,1,b6,2,b1,0
DAMIMAS_A21B_0726,test,DAMIMAS,lnk-9,1,b2,2,b5,0
DAMIMAS_A21B_0726,test,DAMIMAS,lnk-10,2,b2,3,b1,0
DAMIMAS_A21B_0726,test,DAMIMAS,lnk-11,2,b6,3,b2,0
DAMIMAS_A21B_0726,test,DAMIMAS,lnk-12,2,b3,3,b6,0
DAMIMAS_A21B_0727,test,DAMIMAS,lnk-0,0,b6,1,b0,0
DAMIMAS_A21B_0727,test,DAMIMAS,lnk-1,0,b5,1,b3,0
DAMIMAS_A21B_0727,test,DAMIMAS,lnk-2,0,b7,1,b1,0
DAMIMAS_A21B_0727,test,DAMIMAS,lnk-3,0,b4,1,b2,0
DAMIMAS_A21B_0727,test,DAMIMAS,lnk-4,1,b6,2,b2,0
DAMIMAS_A21B_0727,test,DAMIMAS,lnk-5,1,b5,2,b1,0
DAMIMAS_A21B_0727,test,DAMIMAS,lnk-6,1,b4,2,b3,0
DAMIMAS_A21B_0727,test,DAMIMAS,lnk-7,2,b0,3,b1,0
DAMIMAS_A21B_0727,test,DAMIMAS,lnk-8,2,b7,3,b3,0
DAMIMAS_A21B_0727,test,DAMIMAS,lnk-9,2,b5,3,b4,0
DAMIMAS_A21B_0727,test,DAMIMAS,lnk-10,2,b6,3,b2,0
DAMIMAS_A21B_0727,test,DAMIMAS,lnk-11,3,b0,0,b0,0
DAMIMAS_A21B_0727,test,DAMIMAS,lnk-12,3,b7,0,b1,0
DAMIMAS_A21B_0727,test,DAMIMAS,lnk-13,3,b5,0,b8,0
DAMIMAS_A21B_0727,test,DAMIMAS,lnk-14,3,b6,0,b2,0
DAMIMAS_A21B_0728,train,DAMIMAS,lnk-0,0,b0,1,b0,0
DAMIMAS_A21B_0728,train,DAMIMAS,lnk-1,0,b2,1,b5,0
DAMIMAS_A21B_0728,train,DAMIMAS,lnk-2,0,b1,1,b2,0
DAMIMAS_A21B_0728,train,DAMIMAS,lnk-3,0,b3,1,b6,0
DAMIMAS_A21B_0728,train,DAMIMAS,lnk-4,1,b4,2,b3,0
DAMIMAS_A21B_0728,train,DAMIMAS,lnk-5,1,b1,2,b5,0
DAMIMAS_A21B_0728,train,DAMIMAS,lnk-6,1,b3,2,b4,0
DAMIMAS_A21B_0728,train,DAMIMAS,lnk-7,2,b0,3,b0,0
DAMIMAS_A21B_0728,train,DAMIMAS,lnk-8,2,b1,3,b1,0
DAMIMAS_A21B_0728,train,DAMIMAS,lnk-9,2,b2,3,b2,0
DAMIMAS_A21B_0728,train,DAMIMAS,lnk-10,2,b6,3,b3,0
DAMIMAS_A21B_0728,train,DAMIMAS,lnk-11,3,b6,0,b4,0
DAMIMAS_A21B_0728,train,DAMIMAS,lnk-12,3,b4,0,b6,0
DAMIMAS_A21B_0728,train,DAMIMAS,lnk-13,3,b5,0,b5,0
DAMIMAS_A21B_0729,train,DAMIMAS,lnk-0,0,b3,1,b4,0
DAMIMAS_A21B_0729,train,DAMIMAS,lnk-1,0,b1,1,b5,0
DAMIMAS_A21B_0729,train,DAMIMAS,lnk-2,0,b2,1,b2,0
DAMIMAS_A21B_0729,train,DAMIMAS,lnk-3,1,b2,2,b4,0
DAMIMAS_A21B_0729,train,DAMIMAS,lnk-4,1,b0,2,b1,0
DAMIMAS_A21B_0729,train,DAMIMAS,lnk-5,1,b1,2,b2,0
DAMIMAS_A21B_0729,train,DAMIMAS,lnk-6,1,b3,2,b3,0
DAMIMAS_A21B_0729,train,DAMIMAS,lnk-7,2,b0,3,b1,0
DAMIMAS_A21B_0729,train,DAMIMAS,lnk-8,2,b7,3,b0,0
DAMIMAS_A21B_0729,train,DAMIMAS,lnk-9,3,b0,0,b6,0
DAMIMAS_A21B_0729,train,DAMIMAS,lnk-10,2,b5,3,b6,0
DAMIMAS_A21B_0729,train,DAMIMAS,lnk-11,3,b3,0,b0,0
DAMIMAS_A21B_0729,train,DAMIMAS,lnk-12,3,b4,0,b4,0
DAMIMAS_A21B_0729,train,DAMIMAS,lnk-13,3,b2,0,b5,0
DAMIMAS_A21B_0730,train,DAMIMAS,lnk-0,0,b0,1,b0,0
DAMIMAS_A21B_0730,train,DAMIMAS,lnk-1,0,b2,1,b3,0
DAMIMAS_A21B_0730,train,DAMIMAS,lnk-2,1,b2,2,b0,0
DAMIMAS_A21B_0730,train,DAMIMAS,lnk-3,1,b4,2,b2,0
DAMIMAS_A21B_0730,train,DAMIMAS,lnk-4,1,b1,2,b1,0
DAMIMAS_A21B_0730,train,DAMIMAS,lnk-5,2,b3,3,b2,0
DAMIMAS_A21B_0730,train,DAMIMAS,lnk-6,2,b4,3,b0,0
DAMIMAS_A21B_0730,train,DAMIMAS,lnk-7,3,b1,0,b1,0
DAMIMAS_A21B_0731,train,DAMIMAS,lnk-0,0,b0,1,b1,0
DAMIMAS_A21B_0731,train,DAMIMAS,lnk-1,1,b0,2,b3,0
DAMIMAS_A21B_0731,train,DAMIMAS,lnk-2,1,b2,2,b2,0
DAMIMAS_A21B_0731,train,DAMIMAS,lnk-3,2,b0,3,b1,0
DAMIMAS_A21B_0731,train,DAMIMAS,lnk-4,3,b1,0,b2,0
DAMIMAS_A21B_0731,train,DAMIMAS,lnk-5,2,b1,3,b0,0
DAMIMAS_A21B_0731,train,DAMIMAS,lnk-6,3,b2,0,b1,0
DAMIMAS_A21B_0732,train,DAMIMAS,lnk-0,0,b4,1,b3,0
DAMIMAS_A21B_0732,train,DAMIMAS,lnk-1,1,b1,2,b1,0
DAMIMAS_A21B_0732,train,DAMIMAS,lnk-2,1,b0,2,b2,0
DAMIMAS_A21B_0732,train,DAMIMAS,lnk-3,2,b0,3,b3,0
DAMIMAS_A21B_0732,train,DAMIMAS,lnk-4,3,b1,0,b1,0
DAMIMAS_A21B_0732,train,DAMIMAS,lnk-5,3,b0,0,b0,0
DAMIMAS_A21B_0733,test,DAMIMAS,lnk-0,0,b0,1,b4,0
DAMIMAS_A21B_0733,test,DAMIMAS,lnk-1,0,b1,1,b3,0
DAMIMAS_A21B_0733,test,DAMIMAS,lnk-2,1,b2,2,b3,0
DAMIMAS_A21B_0733,test,DAMIMAS,lnk-3,1,b1,2,b0,0
DAMIMAS_A21B_0733,test,DAMIMAS,lnk-4,1,b0,2,b4,0
DAMIMAS_A21B_0733,test,DAMIMAS,lnk-5,2,b1,3,b3,0
DAMIMAS_A21B_0733,test,DAMIMAS,lnk-6,2,b2,3,b4,0
DAMIMAS_A21B_0733,test,DAMIMAS,lnk-7,3,b2,0,b4,0
DAMIMAS_A21B_0733,test,DAMIMAS,lnk-8,3,b0,0,b2,0
DAMIMAS_A21B_0733,test,DAMIMAS,lnk-9,3,b1,0,b3,0
DAMIMAS_A21B_0734,train,DAMIMAS,lnk-0,0,b2,1,b4,0
DAMIMAS_A21B_0734,train,DAMIMAS,lnk-1,0,b1,1,b0,0
DAMIMAS_A21B_0734,train,DAMIMAS,lnk-2,1,b2,2,b0,0
DAMIMAS_A21B_0734,train,DAMIMAS,lnk-3,1,b1,2,b2,0
DAMIMAS_A21B_0734,train,DAMIMAS,lnk-4,1,b3,2,b4,0
DAMIMAS_A21B_0734,train,DAMIMAS,lnk-5,2,b1,3,b1,0
DAMIMAS_A21B_0734,train,DAMIMAS,lnk-6,3,b2,0,b0,0
DAMIMAS_A21B_0735,train,DAMIMAS,lnk-0,0,b1,1,b1,0
DAMIMAS_A21B_0735,train,DAMIMAS,lnk-1,0,b0,1,b0,0
DAMIMAS_A21B_0735,train,DAMIMAS,lnk-2,1,b3,2,b1,0
DAMIMAS_A21B_0735,train,DAMIMAS,lnk-3,2,b1,3,b0,0
DAMIMAS_A21B_0735,train,DAMIMAS,lnk-4,2,b0,3,b2,0
DAMIMAS_A21B_0735,train,DAMIMAS,lnk-5,2,b2,3,b1,0
DAMIMAS_A21B_0735,train,DAMIMAS,lnk-6,3,b4,0,b3,0
DAMIMAS_A21B_0735,train,DAMIMAS,lnk-7,3,b3,0,b2,0
DAMIMAS_A21B_0736,train,DAMIMAS,lnk-0,0,b0,1,b0,0
DAMIMAS_A21B_0736,train,DAMIMAS,lnk-1,0,b1,1,b3,0
DAMIMAS_A21B_0736,train,DAMIMAS,lnk-2,1,b4,2,b3,0
DAMIMAS_A21B_0736,train,DAMIMAS,lnk-3,1,b2,2,b4,0
DAMIMAS_A21B_0736,train,DAMIMAS,lnk-4,2,b0,3,b1,0
DAMIMAS_A21B_0736,train,DAMIMAS,lnk-5,2,b2,3,b2,0
DAMIMAS_A21B_0736,train,DAMIMAS,lnk-6,3,b3,0,b3,0
DAMIMAS_A21B_0736,train,DAMIMAS,lnk-7,3,b4,0,b2,0
DAMIMAS_A21B_0736,train,DAMIMAS,lnk-8,3,b0,0,b4,0
DAMIMAS_A21B_0737,test,DAMIMAS,lnk-0,0,b0,1,b3,0
DAMIMAS_A21B_0737,test,DAMIMAS,lnk-1,0,b1,1,b0,0
DAMIMAS_A21B_0737,test,DAMIMAS,lnk-2,1,b0,2,b1,0
DAMIMAS_A21B_0737,test,DAMIMAS,lnk-3,1,b1,2,b0,0
DAMIMAS_A21B_0737,test,DAMIMAS,lnk-4,2,b0,3,b1,0
DAMIMAS_A21B_0737,test,DAMIMAS,lnk-5,2,b2,3,b0,0
DAMIMAS_A21B_0737,test,DAMIMAS,lnk-6,3,b2,0,b3,0
DAMIMAS_A21B_0737,test,DAMIMAS,lnk-7,3,b3,0,b2,0
DAMIMAS_A21B_0738,train,DAMIMAS,lnk-0,0,b0,1,b3,0
DAMIMAS_A21B_0738,train,DAMIMAS,lnk-1,1,b2,2,b2,0
DAMIMAS_A21B_0738,train,DAMIMAS,lnk-2,1,b1,2,b0,0
DAMIMAS_A21B_0738,train,DAMIMAS,lnk-3,1,b4,2,b4,0
DAMIMAS_A21B_0738,train,DAMIMAS,lnk-4,2,b1,3,b1,0
DAMIMAS_A21B_0738,train,DAMIMAS,lnk-5,2,b3,3,b2,0
DAMIMAS_A21B_0738,train,DAMIMAS,lnk-6,3,b0,0,b3,0
DAMIMAS_A21B_0739,train,DAMIMAS,lnk-0,0,b3,1,b5,0
DAMIMAS_A21B_0739,train,DAMIMAS,lnk-1,0,b2,1,b1,0
DAMIMAS_A21B_0739,train,DAMIMAS,lnk-2,0,b1,1,b0,0
DAMIMAS_A21B_0739,train,DAMIMAS,lnk-3,1,b4,2,b3,0
DAMIMAS_A21B_0739,train,DAMIMAS,lnk-4,1,b3,2,b2,0
DAMIMAS_A21B_0739,train,DAMIMAS,lnk-5,1,b2,2,b4,0
DAMIMAS_A21B_0739,train,DAMIMAS,lnk-6,2,b1,3,b1,0
DAMIMAS_A21B_0739,train,DAMIMAS,lnk-7,2,b0,3,b0,0
DAMIMAS_A21B_0739,train,DAMIMAS,lnk-8,3,b3,0,b5,0
DAMIMAS_A21B_0739,train,DAMIMAS,lnk-9,3,b2,0,b4,0
DAMIMAS_A21B_0740,train,DAMIMAS,lnk-0,0,b3,1,b4,0
DAMIMAS_A21B_0740,train,DAMIMAS,lnk-1,0,b4,1,b0,0
DAMIMAS_A21B_0740,train,DAMIMAS,lnk-2,1,b3,2,b3,0
DAMIMAS_A21B_0740,train,DAMIMAS,lnk-3,1,b2,2,b4,0
DAMIMAS_A21B_0740,train,DAMIMAS,lnk-4,2,b0,3,b3,0
DAMIMAS_A21B_0740,train,DAMIMAS,lnk-5,2,b1,3,b4,0
DAMIMAS_A21B_0740,train,DAMIMAS,lnk-6,2,b5,3,b2,0
DAMIMAS_A21B_0740,train,DAMIMAS,lnk-7,3,b1,0,b0,0
DAMIMAS_A21B_0740,train,DAMIMAS,lnk-8,3,b0,0,b2,0
DAMIMAS_A21B_0741,train,DAMIMAS,lnk-0,0,b0,1,b3,0
DAMIMAS_A21B_0741,train,DAMIMAS,lnk-1,3,b6,0,b0,0
DAMIMAS_A21B_0741,train,DAMIMAS,lnk-2,0,b1,1,b2,0
DAMIMAS_A21B_0741,train,DAMIMAS,lnk-3,0,b2,1,b5,0
DAMIMAS_A21B_0741,train,DAMIMAS,lnk-4,1,b0,2,b3,0
DAMIMAS_A21B_0741,train,DAMIMAS,lnk-5,1,b1,2,b4,0
DAMIMAS_A21B_0741,train,DAMIMAS,lnk-6,1,b4,2,b5,0
DAMIMAS_A21B_0741,train,DAMIMAS,lnk-7,2,b0,3,b0,0
DAMIMAS_A21B_0741,train,DAMIMAS,lnk-8,2,b1,3,b1,0
DAMIMAS_A21B_0741,train,DAMIMAS,lnk-9,3,b1,0,b5,0
DAMIMAS_A21B_0741,train,DAMIMAS,lnk-10,2,b2,3,b3,0
DAMIMAS_A21B_0741,train,DAMIMAS,lnk-11,2,b6,3,b2,0
DAMIMAS_A21B_0741,train,DAMIMAS,lnk-12,3,b5,0,b3,0
DAMIMAS_A21B_0741,train,DAMIMAS,lnk-13,3,b4,0,b4,0
DAMIMAS_A21B_0742,test,DAMIMAS,lnk-0,0,b0,1,b2,0
DAMIMAS_A21B_0742,test,DAMIMAS,lnk-1,0,b1,1,b3,0
DAMIMAS_A21B_0742,test,DAMIMAS,lnk-2,1,b0,2,b0,0
DAMIMAS_A21B_0742,test,DAMIMAS,lnk-3,1,b1,2,b1,0
DAMIMAS_A21B_0742,test,DAMIMAS,lnk-4,2,b1,3,b0,0
DAMIMAS_A21B_0743,val,DAMIMAS,lnk-0,0,b0,1,b1,0
DAMIMAS_A21B_0743,val,DAMIMAS,lnk-1,0,b2,1,b2,0
DAMIMAS_A21B_0743,val,DAMIMAS,lnk-2,1,b0,2,b3,0
DAMIMAS_A21B_0743,val,DAMIMAS,lnk-3,2,b1,3,b0,0
DAMIMAS_A21B_0743,val,DAMIMAS,lnk-4,2,b0,3,b2,0
DAMIMAS_A21B_0744,test,DAMIMAS,lnk-0,0,b0,1,b2,0
DAMIMAS_A21B_0744,test,DAMIMAS,lnk-1,0,b1,1,b3,0
DAMIMAS_A21B_0744,test,DAMIMAS,lnk-2,1,b0,2,b1,0
DAMIMAS_A21B_0744,test,DAMIMAS,lnk-3,1,b1,2,b2,0
DAMIMAS_A21B_0744,test,DAMIMAS,lnk-4,2,b0,3,b1,0
DAMIMAS_A21B_0744,test,DAMIMAS,lnk-5,3,b0,0,b3,0
DAMIMAS_A21B_0745,val,DAMIMAS,lnk-0,0,b3,1,b1,0
DAMIMAS_A21B_0745,val,DAMIMAS,lnk-1,0,b6,1,b2,0
DAMIMAS_A21B_0745,val,DAMIMAS,lnk-2,0,b4,1,b0,0
DAMIMAS_A21B_0745,val,DAMIMAS,lnk-3,1,b3,2,b4,0
DAMIMAS_A21B_0745,val,DAMIMAS,lnk-4,1,b4,2,b5,0
DAMIMAS_A21B_0745,val,DAMIMAS,lnk-5,1,b5,2,b2,0
DAMIMAS_A21B_0745,val,DAMIMAS,lnk-6,2,b0,3,b0,0
DAMIMAS_A21B_0745,val,DAMIMAS,lnk-7,2,b3,3,b1,0
DAMIMAS_A21B_0745,val,DAMIMAS,lnk-8,3,b6,0,b7,0
DAMIMAS_A21B_0745,val,DAMIMAS,lnk-9,3,b5,0,b2,0
DAMIMAS_A21B_0745,val,DAMIMAS,lnk-10,3,b2,0,b1,0
DAMIMAS_A21B_0745,val,DAMIMAS,lnk-11,3,b4,0,b0,0
DAMIMAS_A21B_0746,train,DAMIMAS,lnk-0,0,b3,1,b2,0
DAMIMAS_A21B_0746,train,DAMIMAS,lnk-1,0,b4,1,b0,0
DAMIMAS_A21B_0746,train,DAMIMAS,lnk-2,1,b4,2,b4,0
DAMIMAS_A21B_0746,train,DAMIMAS,lnk-3,1,b3,2,b2,0
DAMIMAS_A21B_0746,train,DAMIMAS,lnk-4,2,b0,3,b1,0
DAMIMAS_A21B_0746,train,DAMIMAS,lnk-5,2,b3,3,b0,0
DAMIMAS_A21B_0746,train,DAMIMAS,lnk-6,2,b5,3,b4,0
DAMIMAS_A21B_0746,train,DAMIMAS,lnk-7,3,b2,0,b1,0
DAMIMAS_A21B_0746,train,DAMIMAS,lnk-8,3,b3,0,b0,0
DAMIMAS_A21B_0746,train,DAMIMAS,lnk-9,3,b5,0,b2,0
DAMIMAS_A21B_0747,train,DAMIMAS,lnk-0,0,b0,1,b0,0
DAMIMAS_A21B_0747,train,DAMIMAS,lnk-1,0,b1,1,b4,0
DAMIMAS_A21B_0747,train,DAMIMAS,lnk-2,0,b2,1,b2,0
DAMIMAS_A21B_0747,train,DAMIMAS,lnk-3,0,b4,1,b1,0
DAMIMAS_A21B_0747,train,DAMIMAS,lnk-4,3,b4,0,b4,0
DAMIMAS_A21B_0747,train,DAMIMAS,lnk-5,0,b3,1,b3,0
DAMIMAS_A21B_0747,train,DAMIMAS,lnk-6,1,b8,2,b0,0
DAMIMAS_A21B_0747,train,DAMIMAS,lnk-7,2,b0,3,b1,0
DAMIMAS_A21B_0747,train,DAMIMAS,lnk-8,1,b7,2,b1,0
DAMIMAS_A21B_0747,train,DAMIMAS,lnk-9,1,b6,2,b3,0
DAMIMAS_A21B_0747,train,DAMIMAS,lnk-10,1,b5,2,b2,0
DAMIMAS_A21B_0747,train,DAMIMAS,lnk-11,2,b4,3,b2,0
DAMIMAS_A21B_0747,train,DAMIMAS,lnk-12,2,b6,3,b0,0
DAMIMAS_A21B_0747,train,DAMIMAS,lnk-13,2,b5,3,b3,0
DAMIMAS_A21B_0747,train,DAMIMAS,lnk-14,3,b7,0,b6,0
DAMIMAS_A21B_0747,train,DAMIMAS,lnk-15,3,b5,0,b5,0
DAMIMAS_A21B_0747,train,DAMIMAS,lnk-16,3,b6,0,b7,0
DAMIMAS_A21B_0748,test,DAMIMAS,lnk-0,0,b2,1,b2,0
DAMIMAS_A21B_0748,test,DAMIMAS,lnk-1,0,b0,1,b3,0
DAMIMAS_A21B_0748,test,DAMIMAS,lnk-2,0,b1,1,b4,0
DAMIMAS_A21B_0748,test,DAMIMAS,lnk-3,1,b0,2,b5,0
DAMIMAS_A21B_0748,test,DAMIMAS,lnk-4,1,b1,2,b6,0
DAMIMAS_A21B_0748,test,DAMIMAS,lnk-5,2,b0,3,b0,0
DAMIMAS_A21B_0748,test,DAMIMAS,lnk-6,2,b1,3,b1,0
DAMIMAS_A21B_0748,test,DAMIMAS,lnk-7,2,b2,3,b2,0
DAMIMAS_A21B_0748,test,DAMIMAS,lnk-8,3,b4,0,b3,0
DAMIMAS_A21B_0748,test,DAMIMAS,lnk-9,3,b3,0,b4,0
DAMIMAS_A21B_0749,test,DAMIMAS,lnk-0,0,b3,1,b0,0
DAMIMAS_A21B_0749,test,DAMIMAS,lnk-1,0,b4,1,b3,0
DAMIMAS_A21B_0749,test,DAMIMAS,lnk-2,0,b2,1,b5,0
DAMIMAS_A21B_0749,test,DAMIMAS,lnk-3,1,b1,2,b2,0
DAMIMAS_A21B_0749,test,DAMIMAS,lnk-4,1,b4,2,b3,0
DAMIMAS_A21B_0749,test,DAMIMAS,lnk-5,1,b2,2,b4,0
DAMIMAS_A21B_0749,test,DAMIMAS,lnk-6,2,b5,3,b2,0
DAMIMAS_A21B_0749,test,DAMIMAS,lnk-7,2,b1,3,b3,0
DAMIMAS_A21B_0749,test,DAMIMAS,lnk-8,2,b0,3,b1,0
DAMIMAS_A21B_0749,test,DAMIMAS,lnk-9,3,b0,0,b0,0
DAMIMAS_A21B_0749,test,DAMIMAS,lnk-10,3,b5,0,b6,0
DAMIMAS_A21B_0749,test,DAMIMAS,lnk-11,3,b4,0,b1,0
DAMIMAS_A21B_0750,train,DAMIMAS,lnk-0,0,b1,1,b0,0
DAMIMAS_A21B_0750,train,DAMIMAS,lnk-1,1,b1,2,b0,0
DAMIMAS_A21B_0750,train,DAMIMAS,lnk-2,2,b1,3,b2,0
DAMIMAS_A21B_0750,train,DAMIMAS,lnk-3,2,b2,3,b0,0
DAMIMAS_A21B_0750,train,DAMIMAS,lnk-4,3,b3,0,b0,0
DAMIMAS_A21B_0750,train,DAMIMAS,lnk-5,3,b1,0,b2,0
DAMIMAS_A21B_0751,train,DAMIMAS,lnk-0,0,b5,1,b1,0
DAMIMAS_A21B_0751,train,DAMIMAS,lnk-1,0,b0,1,b0,0
DAMIMAS_A21B_0751,train,DAMIMAS,lnk-2,0,b1,1,b5,0
DAMIMAS_A21B_0751,train,DAMIMAS,lnk-3,1,b4,2,b0,0
DAMIMAS_A21B_0751,train,DAMIMAS,lnk-4,2,b0,3,b4,0
DAMIMAS_A21B_0751,train,DAMIMAS,lnk-5,1,b2,2,b2,0
DAMIMAS_A21B_0751,train,DAMIMAS,lnk-6,1,b3,2,b3,0
DAMIMAS_A21B_0751,train,DAMIMAS,lnk-7,2,b3,3,b5,0
DAMIMAS_A21B_0751,train,DAMIMAS,lnk-8,2,b1,3,b0,0
DAMIMAS_A21B_0751,train,DAMIMAS,lnk-9,2,b4,3,b3,0
DAMIMAS_A21B_0751,train,DAMIMAS,lnk-10,3,b1,0,b2,0
DAMIMAS_A21B_0751,train,DAMIMAS,lnk-11,3,b2,0,b3,0
DAMIMAS_A21B_0752,train,DAMIMAS,lnk-0,0,b0,1,b2,0
DAMIMAS_A21B_0752,train,DAMIMAS,lnk-1,1,b1,2,b3,0
DAMIMAS_A21B_0752,train,DAMIMAS,lnk-2,1,b0,2,b2,0
DAMIMAS_A21B_0752,train,DAMIMAS,lnk-3,2,b0,3,b0,0
DAMIMAS_A21B_0752,train,DAMIMAS,lnk-4,3,b0,0,b2,0
DAMIMAS_A21B_0752,train,DAMIMAS,lnk-5,2,b1,3,b2,0
DAMIMAS_A21B_0752,train,DAMIMAS,lnk-6,3,b1,0,b1,0
DAMIMAS_A21B_0753,train,DAMIMAS,lnk-0,0,b0,1,b0,0
DAMIMAS_A21B_0753,train,DAMIMAS,lnk-1,1,b0,2,b3,0
DAMIMAS_A21B_0753,train,DAMIMAS,lnk-2,0,b1,1,b2,0
DAMIMAS_A21B_0753,train,DAMIMAS,lnk-3,1,b1,2,b2,0
DAMIMAS_A21B_0753,train,DAMIMAS,lnk-4,2,b0,3,b3,0
DAMIMAS_A21B_0753,train,DAMIMAS,lnk-5,2,b1,3,b4,0
DAMIMAS_A21B_0753,train,DAMIMAS,lnk-6,3,b2,0,b4,0
DAMIMAS_A21B_0753,train,DAMIMAS,lnk-7,3,b1,0,b3,0
DAMIMAS_A21B_0753,train,DAMIMAS,lnk-8,3,b0,0,b2,0
DAMIMAS_A21B_0754,train,DAMIMAS,lnk-0,2,b0,3,b1,0
DAMIMAS_A21B_0755,train,DAMIMAS,lnk-0,0,b1,1,b0,0
DAMIMAS_A21B_0755,train,DAMIMAS,lnk-1,3,b0,0,b1,0
DAMIMAS_A21B_0755,train,DAMIMAS,lnk-2,0,b2,1,b1,0
DAMIMAS_A21B_0755,train,DAMIMAS,lnk-3,1,b2,2,b0,0
DAMIMAS_A21B_0755,train,DAMIMAS,lnk-4,1,b4,2,b4,0
DAMIMAS_A21B_0755,train,DAMIMAS,lnk-5,1,b3,2,b3,0
DAMIMAS_A21B_0755,train,DAMIMAS,lnk-6,2,b1,3,b3,0
DAMIMAS_A21B_0755,train,DAMIMAS,lnk-7,2,b2,3,b4,0
DAMIMAS_A21B_0755,train,DAMIMAS,lnk-8,3,b1,0,b0,0
DAMIMAS_A21B_0756,train,DAMIMAS,lnk-0,0,b5,1,b3,0
DAMIMAS_A21B_0756,train,DAMIMAS,lnk-1,0,b3,1,b4,0
DAMIMAS_A21B_0756,train,DAMIMAS,lnk-2,0,b4,1,b5,0
DAMIMAS_A21B_0756,train,DAMIMAS,lnk-3,1,b1,2,b1,0
DAMIMAS_A21B_0756,train,DAMIMAS,lnk-4,2,b1,3,b4,0
DAMIMAS_A21B_0756,train,DAMIMAS,lnk-5,1,b0,2,b5,0
DAMIMAS_A21B_0756,train,DAMIMAS,lnk-6,1,b2,2,b4,0
DAMIMAS_A21B_0756,train,DAMIMAS,lnk-7,2,b0,3,b2,0
DAMIMAS_A21B_0756,train,DAMIMAS,lnk-8,2,b3,3,b3,0
DAMIMAS_A21B_0756,train,DAMIMAS,lnk-9,3,b1,0,b2,0
DAMIMAS_A21B_0756,train,DAMIMAS,lnk-10,3,b0,0,b0,0
DAMIMAS_A21B_0757,train,DAMIMAS,lnk-0,0,b2,1,b2,0
DAMIMAS_A21B_0757,train,DAMIMAS,lnk-1,3,b4,0,b2,0
DAMIMAS_A21B_0757,train,DAMIMAS,lnk-2,0,b0,1,b1,0
DAMIMAS_A21B_0757,train,DAMIMAS,lnk-3,0,b4,1,b3,0
DAMIMAS_A21B_0757,train,DAMIMAS,lnk-4,1,b0,2,b0,0
DAMIMAS_A21B_0757,train,DAMIMAS,lnk-5,1,b4,2,b2,0
DAMIMAS_A21B_0757,train,DAMIMAS,lnk-6,2,b1,3,b0,0
DAMIMAS_A21B_0757,train,DAMIMAS,lnk-7,2,b3,3,b2,0
DAMIMAS_A21B_0757,train,DAMIMAS,lnk-8,2,b4,3,b3,0
DAMIMAS_A21B_0757,train,DAMIMAS,lnk-9,3,b1,0,b1,0
DAMIMAS_A21B_0757,train,DAMIMAS,lnk-10,3,b5,0,b3,0
DAMIMAS_A21B_0758,train,DAMIMAS,lnk-0,0,b1,1,b1,0
DAMIMAS_A21B_0758,train,DAMIMAS,lnk-1,1,b0,2,b0,0
DAMIMAS_A21B_0758,train,DAMIMAS,lnk-2,2,b1,3,b0,0
DAMIMAS_A21B_0758,train,DAMIMAS,lnk-3,3,b2,0,b0,0
DAMIMAS_A21B_0759,val,DAMIMAS,lnk-0,0,b0,1,b2,0
DAMIMAS_A21B_0759,val,DAMIMAS,lnk-1,0,b1,1,b1,0
DAMIMAS_A21B_0759,val,DAMIMAS,lnk-2,0,b2,1,b0,0
DAMIMAS_A21B_0759,val,DAMIMAS,lnk-3,3,b5,0,b2,0
DAMIMAS_A21B_0759,val,DAMIMAS,lnk-4,1,b4,2,b0,0
DAMIMAS_A21B_0759,val,DAMIMAS,lnk-5,2,b0,3,b1,0
DAMIMAS_A21B_0759,val,DAMIMAS,lnk-6,1,b3,2,b1,0
DAMIMAS_A21B_0759,val,DAMIMAS,lnk-7,2,b3,3,b0,0
DAMIMAS_A21B_0759,val,DAMIMAS,lnk-8,2,b4,3,b2,0
DAMIMAS_A21B_0759,val,DAMIMAS,lnk-9,3,b4,0,b4,0
DAMIMAS_A21B_0760,test,DAMIMAS,lnk-0,0,b1,1,b2,0
DAMIMAS_A21B_0760,test,DAMIMAS,lnk-1,1,b2,2,b2,0
DAMIMAS_A21B_0760,test,DAMIMAS,lnk-2,0,b0,1,b1,0
DAMIMAS_A21B_0760,test,DAMIMAS,lnk-3,0,b2,1,b3,0
DAMIMAS_A21B_0760,test,DAMIMAS,lnk-4,3,b0,0,b2,0
DAMIMAS_A21B_0760,test,DAMIMAS,lnk-5,1,b0,2,b1,0
DAMIMAS_A21B_0760,test,DAMIMAS,lnk-6,2,b0,3,b3,0
DAMIMAS_A21B_0760,test,DAMIMAS,lnk-7,3,b2,0,b3,0
DAMIMAS_A21B_0760,test,DAMIMAS,lnk-8,3,b1,0,b4,0
DAMIMAS_A21B_0761,train,DAMIMAS,lnk-0,0,b0,1,b2,0
DAMIMAS_A21B_0761,train,DAMIMAS,lnk-1,0,b4,1,b4,0
DAMIMAS_A21B_0761,train,DAMIMAS,lnk-2,0,b6,1,b1,0
DAMIMAS_A21B_0761,train,DAMIMAS,lnk-3,1,b0,2,b5,0
DAMIMAS_A21B_0761,train,DAMIMAS,lnk-4,1,b3,2,b4,0
DAMIMAS_A21B_0761,train,DAMIMAS,lnk-5,2,b0,3,b0,0
DAMIMAS_A21B_0761,train,DAMIMAS,lnk-6,2,b1,3,b1,0
DAMIMAS_A21B_0761,train,DAMIMAS,lnk-7,2,b2,3,b2,0
DAMIMAS_A21B_0761,train,DAMIMAS,lnk-8,3,b3,0,b3,0
DAMIMAS_A21B_0761,train,DAMIMAS,lnk-9,3,b4,0,b2,0
DAMIMAS_A21B_0762,val,DAMIMAS,lnk-0,1,b0,2,b1,0
DAMIMAS_A21B_0762,val,DAMIMAS,lnk-1,3,b0,0,b0,0
DAMIMAS_A21B_0762,val,DAMIMAS,lnk-2,3,b1,0,b1,0
DAMIMAS_A21B_0762,val,DAMIMAS,lnk-3,0,b2,1,b1,0
DAMIMAS_A21B_0762,val,DAMIMAS,lnk-4,2,b0,3,b2,0
DAMIMAS_A21B_0763,train,DAMIMAS,lnk-0,2,b0,3,b0,0
DAMIMAS_A21B_0763,train,DAMIMAS,lnk-1,3,b0,0,b0,0
DAMIMAS_A21B_0764,train,DAMIMAS,lnk-0,1,b0,2,b0,0
DAMIMAS_A21B_0764,train,DAMIMAS,lnk-1,2,b1,3,b0,0
DAMIMAS_A21B_0764,train,DAMIMAS,lnk-2,2,b2,3,b3,0
DAMIMAS_A21B_0764,train,DAMIMAS,lnk-3,3,b2,0,b0,0
DAMIMAS_A21B_0764,train,DAMIMAS,lnk-4,3,b1,0,b1,0
DAMIMAS_A21B_0765,train,DAMIMAS,lnk-0,0,b1,1,b3,0
DAMIMAS_A21B_0765,train,DAMIMAS,lnk-1,1,b0,2,b3,0
DAMIMAS_A21B_0765,train,DAMIMAS,lnk-2,1,b2,2,b2,0
DAMIMAS_A21B_0765,train,DAMIMAS,lnk-3,1,b1,2,b1,0
DAMIMAS_A21B_0765,train,DAMIMAS,lnk-4,2,b1,3,b4,0
DAMIMAS_A21B_0765,train,DAMIMAS,lnk-5,2,b0,3,b3,0
DAMIMAS_A21B_0765,train,DAMIMAS,lnk-6,3,b2,0,b0,0
DAMIMAS_A21B_0765,train,DAMIMAS,lnk-7,3,b0,0,b3,0
DAMIMAS_A21B_0765,train,DAMIMAS,lnk-8,3,b1,0,b4,0
DAMIMAS_A21B_0766,train,DAMIMAS,lnk-0,0,b3,1,b0,0
DAMIMAS_A21B_0766,train,DAMIMAS,lnk-1,0,b2,1,b1,0
DAMIMAS_A21B_0766,train,DAMIMAS,lnk-2,1,b2,2,b0,0
DAMIMAS_A21B_0766,train,DAMIMAS,lnk-3,2,b2,3,b2,0
DAMIMAS_A21B_0766,train,DAMIMAS,lnk-4,2,b1,3,b1,0
DAMIMAS_A21B_0766,train,DAMIMAS,lnk-5,3,b0,0,b1,0
DAMIMAS_A21B_0766,train,DAMIMAS,lnk-6,3,b3,0,b0,0
DAMIMAS_A21B_0767,train,DAMIMAS,lnk-0,0,b0,1,b0,0
DAMIMAS_A21B_0767,train,DAMIMAS,lnk-1,0,b1,1,b1,0
DAMIMAS_A21B_0767,train,DAMIMAS,lnk-2,1,b3,2,b0,0
DAMIMAS_A21B_0767,train,DAMIMAS,lnk-3,2,b0,3,b0,0
DAMIMAS_A21B_0767,train,DAMIMAS,lnk-4,1,b2,2,b1,0
DAMIMAS_A21B_0767,train,DAMIMAS,lnk-5,2,b2,3,b1,0
DAMIMAS_A21B_0767,train,DAMIMAS,lnk-6,3,b3,0,b2,0
DAMIMAS_A21B_0767,train,DAMIMAS,lnk-7,3,b4,0,b3,0
DAMIMAS_A21B_0768,train,DAMIMAS,lnk-0,0,b0,1,b0,0
DAMIMAS_A21B_0768,train,DAMIMAS,lnk-1,1,b3,2,b1,0
DAMIMAS_A21B_0768,train,DAMIMAS,lnk-2,2,b1,3,b1,0
DAMIMAS_A21B_0768,train,DAMIMAS,lnk-3,1,b2,2,b2,0
DAMIMAS_A21B_0768,train,DAMIMAS,lnk-4,1,b1,2,b3,0
DAMIMAS_A21B_0768,train,DAMIMAS,lnk-5,2,b0,3,b2,0
DAMIMAS_A21B_0768,train,DAMIMAS,lnk-6,3,b0,0,b2,0
DAMIMAS_A21B_0768,train,DAMIMAS,lnk-7,3,b3,0,b3,0
DAMIMAS_A21B_0769,train,DAMIMAS,lnk-0,0,b1,1,b2,0
DAMIMAS_A21B_0769,train,DAMIMAS,lnk-1,0,b5,1,b0,0
DAMIMAS_A21B_0769,train,DAMIMAS,lnk-2,0,b2,1,b3,0
DAMIMAS_A21B_0769,train,DAMIMAS,lnk-3,1,b5,2,b4,0
DAMIMAS_A21B_0769,train,DAMIMAS,lnk-4,1,b4,2,b5,0
DAMIMAS_A21B_0769,train,DAMIMAS,lnk-5,2,b2,3,b2,0
DAMIMAS_A21B_0769,train,DAMIMAS,lnk-6,2,b1,3,b1,0
DAMIMAS_A21B_0769,train,DAMIMAS,lnk-7,2,b0,3,b0,0
DAMIMAS_A21B_0769,train,DAMIMAS,lnk-8,3,b3,0,b0,0
DAMIMAS_A21B_0769,train,DAMIMAS,lnk-9,3,b4,0,b3,0
DAMIMAS_A21B_0769,train,DAMIMAS,lnk-10,3,b6,0,b4,0
DAMIMAS_A21B_0770,train,DAMIMAS,lnk-0,0,b4,1,b0,0
DAMIMAS_A21B_0770,train,DAMIMAS,lnk-1,0,b3,1,b4,0
DAMIMAS_A21B_0770,train,DAMIMAS,lnk-2,0,b5,1,b3,0
DAMIMAS_A21B_0770,train,DAMIMAS,lnk-3,1,b1,2,b0,0
DAMIMAS_A21B_0770,train,DAMIMAS,lnk-4,1,b2,2,b2,0
DAMIMAS_A21B_0770,train,DAMIMAS,lnk-5,2,b1,3,b1,0
DAMIMAS_A21B_0770,train,DAMIMAS,lnk-6,3,b2,0,b0,0
DAMIMAS_A21B_0770,train,DAMIMAS,lnk-7,3,b3,0,b6,0
DAMIMAS_A21B_0771,val,DAMIMAS,lnk-0,0,b0,1,b1,0
DAMIMAS_A21B_0771,val,DAMIMAS,lnk-1,1,b0,2,b0,0
DAMIMAS_A21B_0771,val,DAMIMAS,lnk-2,1,b3,2,b1,0
DAMIMAS_A21B_0771,val,DAMIMAS,lnk-3,2,b1,3,b0,0
DAMIMAS_A21B_0771,val,DAMIMAS,lnk-4,2,b2,3,b1,0
DAMIMAS_A21B_0771,val,DAMIMAS,lnk-5,3,b2,0,b1,0
DAMIMAS_A21B_0771,val,DAMIMAS,lnk-6,3,b3,0,b3,0
DAMIMAS_A21B_0772,train,DAMIMAS,lnk-0,0,b0,1,b0,0
DAMIMAS_A21B_0772,train,DAMIMAS,lnk-1,1,b1,2,b1,0
DAMIMAS_A21B_0772,train,DAMIMAS,lnk-2,2,b0,3,b0,0
DAMIMAS_A21B_0772,train,DAMIMAS,lnk-3,3,b0,0,b1,0
DAMIMAS_A21B_0772,train,DAMIMAS,lnk-4,3,b1,0,b2,0
DAMIMAS_A21B_0773,train,DAMIMAS,lnk-0,0,b5,1,b1,0
DAMIMAS_A21B_0773,train,DAMIMAS,lnk-1,0,b4,1,b0,0
DAMIMAS_A21B_0773,train,DAMIMAS,lnk-2,1,b0,2,b0,0
DAMIMAS_A21B_0773,train,DAMIMAS,lnk-3,2,b2,3,b3,0
DAMIMAS_A21B_0773,train,DAMIMAS,lnk-4,2,b1,3,b0,0
DAMIMAS_A21B_0773,train,DAMIMAS,lnk-5,3,b0,0,b0,0
DAMIMAS_A21B_0773,train,DAMIMAS,lnk-6,3,b1,0,b1,0
DAMIMAS_A21B_0773,train,DAMIMAS,lnk-7,3,b2,0,b2,0
DAMIMAS_A21B_0775,val,DAMIMAS,lnk-0,1,b0,2,b0,0
DAMIMAS_A21B_0775,val,DAMIMAS,lnk-1,0,b4,1,b0,0
DAMIMAS_A21B_0775,val,DAMIMAS,lnk-2,1,b2,2,b1,0
DAMIMAS_A21B_0775,val,DAMIMAS,lnk-3,3,b0,0,b0,0
DAMIMAS_A21B_0775,val,DAMIMAS,lnk-4,3,b1,0,b1,0
DAMIMAS_A21B_0775,val,DAMIMAS,lnk-5,0,b3,1,b1,0
DAMIMAS_A21B_0775,val,DAMIMAS,lnk-6,2,b4,3,b3,0
DAMIMAS_A21B_0775,val,DAMIMAS,lnk-7,2,b3,3,b2,0
DAMIMAS_A21B_0776,val,DAMIMAS,lnk-0,0,b1,1,b4,0
DAMIMAS_A21B_0776,val,DAMIMAS,lnk-1,0,b2,1,b2,0
DAMIMAS_A21B_0776,val,DAMIMAS,lnk-2,1,b1,2,b4,0
DAMIMAS_A21B_0776,val,DAMIMAS,lnk-3,1,b3,2,b3,0
DAMIMAS_A21B_0776,val,DAMIMAS,lnk-4,1,b0,2,b2,0
DAMIMAS_A21B_0776,val,DAMIMAS,lnk-5,2,b2,3,b3,0
DAMIMAS_A21B_0776,val,DAMIMAS,lnk-6,2,b0,3,b1,0
DAMIMAS_A21B_0776,val,DAMIMAS,lnk-7,2,b1,3,b2,0
DAMIMAS_A21B_0776,val,DAMIMAS,lnk-8,3,b0,0,b0,0
DAMIMAS_A21B_0777,train,DAMIMAS,lnk-0,0,b0,1,b0,0
DAMIMAS_A21B_0777,train,DAMIMAS,lnk-1,3,b4,0,b0,0
DAMIMAS_A21B_0777,train,DAMIMAS,lnk-2,0,b2,1,b1,0
DAMIMAS_A21B_0777,train,DAMIMAS,lnk-3,3,b3,0,b2,0
DAMIMAS_A21B_0777,train,DAMIMAS,lnk-4,1,b2,2,b3,0
DAMIMAS_A21B_0777,train,DAMIMAS,lnk-5,1,b3,2,b4,0
DAMIMAS_A21B_0777,train,DAMIMAS,lnk-6,2,b0,3,b0,0
DAMIMAS_A21B_0777,train,DAMIMAS,lnk-7,3,b0,0,b3,0
DAMIMAS_A21B_0777,train,DAMIMAS,lnk-8,2,b1,3,b1,0
DAMIMAS_A21B_0777,train,DAMIMAS,lnk-9,3,b2,0,b1,0
DAMIMAS_A21B_0778,test,DAMIMAS,lnk-0,3,b1,0,b1,0
DAMIMAS_A21B_0779,train,DAMIMAS,lnk-0,0,b2,1,b0,0
DAMIMAS_A21B_0779,train,DAMIMAS,lnk-1,1,b0,2,b0,0
DAMIMAS_A21B_0779,train,DAMIMAS,lnk-2,0,b3,1,b1,0
DAMIMAS_A21B_0779,train,DAMIMAS,lnk-3,1,b2,2,b1,0
DAMIMAS_A21B_0779,train,DAMIMAS,lnk-4,3,b0,0,b0,0
DAMIMAS_A21B_0779,train,DAMIMAS,lnk-5,2,b3,3,b0,0
DAMIMAS_A21B_0779,train,DAMIMAS,lnk-6,3,b1,0,b1,0
DAMIMAS_A21B_0779,train,DAMIMAS,lnk-7,2,b2,3,b2,0
DAMIMAS_A21B_0780,train,DAMIMAS,lnk-0,0,b0,1,b1,0
DAMIMAS_A21B_0780,train,DAMIMAS,lnk-1,2,b0,3,b0,0
DAMIMAS_A21B_0781,train,DAMIMAS,lnk-0,0,b1,1,b1,0
DAMIMAS_A21B_0781,train,DAMIMAS,lnk-1,1,b1,2,b1,0
DAMIMAS_A21B_0781,train,DAMIMAS,lnk-2,0,b3,1,b4,0
DAMIMAS_A21B_0781,train,DAMIMAS,lnk-3,0,b2,1,b3,0
DAMIMAS_A21B_0781,train,DAMIMAS,lnk-4,1,b0,2,b0,0
DAMIMAS_A21B_0781,train,DAMIMAS,lnk-5,2,b0,3,b3,0
DAMIMAS_A21B_0781,train,DAMIMAS,lnk-6,1,b5,2,b2,0
DAMIMAS_A21B_0781,train,DAMIMAS,lnk-7,2,b4,3,b2,0
DAMIMAS_A21B_0781,train,DAMIMAS,lnk-8,3,b4,0,b4,0
DAMIMAS_A21B_0781,train,DAMIMAS,lnk-9,3,b0,0,b0,0
DAMIMAS_A21B_0782,val,DAMIMAS,lnk-0,0,b1,1,b0,0
DAMIMAS_A21B_0782,val,DAMIMAS,lnk-1,1,b0,2,b2,0
DAMIMAS_A21B_0782,val,DAMIMAS,lnk-2,2,b0,3,b0,0
DAMIMAS_A21B_0783,val,DAMIMAS,lnk-0,0,b1,1,b0,0
DAMIMAS_A21B_0783,val,DAMIMAS,lnk-1,0,b2,1,b1,0
DAMIMAS_A21B_0783,val,DAMIMAS,lnk-2,1,b3,2,b0,0
DAMIMAS_A21B_0783,val,DAMIMAS,lnk-3,1,b5,2,b3,0
DAMIMAS_A21B_0783,val,DAMIMAS,lnk-4,1,b4,2,b2,0
DAMIMAS_A21B_0783,val,DAMIMAS,lnk-5,2,b5,3,b0,0
DAMIMAS_A21B_0783,val,DAMIMAS,lnk-6,3,b0,0,b0,0
DAMIMAS_A21B_0783,val,DAMIMAS,lnk-7,2,b4,3,b2,0
DAMIMAS_A21B_0783,val,DAMIMAS,lnk-8,3,b2,0,b3,0
DAMIMAS_A21B_0784,train,DAMIMAS,lnk-0,0,b0,1,b2,0
DAMIMAS_A21B_0784,train,DAMIMAS,lnk-1,0,b1,1,b1,0
DAMIMAS_A21B_0784,train,DAMIMAS,lnk-2,2,b0,3,b1,0
DAMIMAS_A21B_0784,train,DAMIMAS,lnk-3,3,b1,0,b2,0
DAMIMAS_A21B_0784,train,DAMIMAS,lnk-4,3,b2,0,b3,0
DAMIMAS_A21B_0785,train,DAMIMAS,lnk-0,0,b1,1,b2,0
DAMIMAS_A21B_0785,train,DAMIMAS,lnk-1,3,b0,0,b1,0
DAMIMAS_A21B_0785,train,DAMIMAS,lnk-2,1,b1,2,b2,0
DAMIMAS_A21B_0785,train,DAMIMAS,lnk-3,2,b2,3,b3,0
DAMIMAS_A21B_0785,train,DAMIMAS,lnk-4,1,b0,2,b3,0
DAMIMAS_A21B_0785,train,DAMIMAS,lnk-5,2,b0,3,b1,0
DAMIMAS_A21B_0785,train,DAMIMAS,lnk-6,3,b1,0,b2,0
DAMIMAS_A21B_0785,train,DAMIMAS,lnk-7,2,b1,3,b2,0
DAMIMAS_A21B_0786,val,DAMIMAS,lnk-0,0,b1,1,b0,0
DAMIMAS_A21B_0786,val,DAMIMAS,lnk-1,1,b1,2,b0,0
DAMIMAS_A21B_0786,val,DAMIMAS,lnk-2,3,b0,0,b0,0
DAMIMAS_A21B_0787,val,DAMIMAS,lnk-0,0,b0,1,b2,0
DAMIMAS_A21B_0787,val,DAMIMAS,lnk-1,1,b1,2,b0,0
DAMIMAS_A21B_0787,val,DAMIMAS,lnk-2,2,b0,3,b0,0
DAMIMAS_A21B_0787,val,DAMIMAS,lnk-3,2,b2,3,b2,0
DAMIMAS_A21B_0787,val,DAMIMAS,lnk-4,3,b1,0,b2,0
DAMIMAS_A21B_0788,train,DAMIMAS,lnk-0,0,b1,1,b4,0
DAMIMAS_A21B_0788,train,DAMIMAS,lnk-1,0,b0,1,b3,0
DAMIMAS_A21B_0788,train,DAMIMAS,lnk-2,1,b1,2,b3,0
DAMIMAS_A21B_0788,train,DAMIMAS,lnk-3,1,b0,2,b4,0
DAMIMAS_A21B_0788,train,DAMIMAS,lnk-4,1,b2,2,b2,0
DAMIMAS_A21B_0788,train,DAMIMAS,lnk-5,2,b1,3,b4,0
DAMIMAS_A21B_0788,train,DAMIMAS,lnk-6,2,b0,3,b3,0
DAMIMAS_A21B_0788,train,DAMIMAS,lnk-7,2,b5,3,b2,0
DAMIMAS_A21B_0788,train,DAMIMAS,lnk-8,3,b0,0,b3,0
DAMIMAS_A21B_0788,train,DAMIMAS,lnk-9,3,b1,0,b4,0
DAMIMAS_A21B_0789,train,DAMIMAS,lnk-0,0,b0,1,b0,0
DAMIMAS_A21B_0789,train,DAMIMAS,lnk-1,0,b1,1,b5,0
DAMIMAS_A21B_0789,train,DAMIMAS,lnk-2,0,b6,1,b4,0
DAMIMAS_A21B_0789,train,DAMIMAS,lnk-3,1,b1,2,b4,0
DAMIMAS_A21B_0789,train,DAMIMAS,lnk-4,1,b3,2,b2,0
DAMIMAS_A21B_0789,train,DAMIMAS,lnk-5,2,b1,3,b5,0
DAMIMAS_A21B_0789,train,DAMIMAS,lnk-6,2,b5,3,b4,0
DAMIMAS_A21B_0789,train,DAMIMAS,lnk-7,3,b0,0,b3,0
DAMIMAS_A21B_0789,train,DAMIMAS,lnk-8,3,b1,0,b2,0
DAMIMAS_A21B_0789,train,DAMIMAS,lnk-9,3,b2,0,b5,0
DAMIMAS_A21B_0790,train,DAMIMAS,lnk-0,0,b0,1,b3,0
DAMIMAS_A21B_0790,train,DAMIMAS,lnk-1,0,b2,1,b2,0
DAMIMAS_A21B_0790,train,DAMIMAS,lnk-2,0,b3,1,b0,0
DAMIMAS_A21B_0790,train,DAMIMAS,lnk-3,1,b1,2,b0,0
DAMIMAS_A21B_0790,train,DAMIMAS,lnk-4,2,b1,3,b1,0
DAMIMAS_A21B_0790,train,DAMIMAS,lnk-5,2,b2,3,b2,0
DAMIMAS_A21B_0790,train,DAMIMAS,lnk-6,3,b0,0,b1,0
DAMIMAS_A21B_0791,test,DAMIMAS,lnk-0,0,b0,1,b0,0
DAMIMAS_A21B_0791,test,DAMIMAS,lnk-1,1,b1,2,b0,0
DAMIMAS_A21B_0791,test,DAMIMAS,lnk-2,2,b1,3,b0,0
DAMIMAS_A21B_0791,test,DAMIMAS,lnk-3,3,b1,0,b1,0
DAMIMAS_A21B_0792,train,DAMIMAS,lnk-0,0,b5,1,b0,0
DAMIMAS_A21B_0792,train,DAMIMAS,lnk-1,0,b6,1,b1,0
DAMIMAS_A21B_0792,train,DAMIMAS,lnk-2,0,b4,1,b4,0
DAMIMAS_A21B_0792,train,DAMIMAS,lnk-3,1,b3,2,b3,0
DAMIMAS_A21B_0792,train,DAMIMAS,lnk-4,1,b2,2,b4,0
DAMIMAS_A21B_0792,train,DAMIMAS,lnk-5,2,b0,3,b0,0
DAMIMAS_A21B_0792,train,DAMIMAS,lnk-6,2,b2,3,b4,0
DAMIMAS_A21B_0792,train,DAMIMAS,lnk-7,2,b1,3,b1,0
DAMIMAS_A21B_0792,train,DAMIMAS,lnk-8,3,b2,0,b0,0
DAMIMAS_A21B_0792,train,DAMIMAS,lnk-9,3,b3,0,b1,0
DAMIMAS_A21B_0794,val,DAMIMAS,lnk-0,0,b3,1,b3,0
DAMIMAS_A21B_0794,val,DAMIMAS,lnk-1,0,b2,1,b1,0
DAMIMAS_A21B_0794,val,DAMIMAS,lnk-2,0,b1,1,b0,0
DAMIMAS_A21B_0794,val,DAMIMAS,lnk-3,1,b2,2,b0,0
DAMIMAS_A21B_0794,val,DAMIMAS,lnk-4,1,b4,2,b1,0
DAMIMAS_A21B_0794,val,DAMIMAS,lnk-5,2,b3,3,b0,0
DAMIMAS_A21B_0794,val,DAMIMAS,lnk-6,2,b2,3,b1,0
DAMIMAS_A21B_0794,val,DAMIMAS,lnk-7,3,b2,0,b0,0
DAMIMAS_A21B_0794,val,DAMIMAS,lnk-8,3,b3,0,b4,0
DAMIMAS_A21B_0795,val,DAMIMAS,lnk-0,0,b2,1,b0,0
DAMIMAS_A21B_0795,val,DAMIMAS,lnk-1,2,b0,3,b0,0
DAMIMAS_A21B_0795,val,DAMIMAS,lnk-2,3,b1,0,b0,0
DAMIMAS_A21B_0796,val,DAMIMAS,lnk-0,0,b0,1,b2,0
DAMIMAS_A21B_0796,val,DAMIMAS,lnk-1,3,b1,0,b0,0
DAMIMAS_A21B_0796,val,DAMIMAS,lnk-2,0,b1,1,b1,0
DAMIMAS_A21B_0796,val,DAMIMAS,lnk-3,1,b0,2,b0,0
DAMIMAS_A21B_0796,val,DAMIMAS,lnk-4,2,b0,3,b2,0
DAMIMAS_A21B_0796,val,DAMIMAS,lnk-5,2,b2,3,b0,0
DAMIMAS_A21B_0796,val,DAMIMAS,lnk-6,2,b1,3,b3,0
DAMIMAS_A21B_0797,train,DAMIMAS,lnk-0,0,b0,1,b0,0
DAMIMAS_A21B_0797,train,DAMIMAS,lnk-1,1,b1,2,b2,0
DAMIMAS_A21B_0797,train,DAMIMAS,lnk-2,1,b2,2,b3,0
DAMIMAS_A21B_0797,train,DAMIMAS,lnk-3,2,b1,3,b1,0
DAMIMAS_A21B_0797,train,DAMIMAS,lnk-4,3,b0,0,b2,0
DAMIMAS_A21B_0797,train,DAMIMAS,lnk-5,3,b2,0,b1,0
DAMIMAS_A21B_0798,train,DAMIMAS,lnk-0,0,b0,1,b0,0
DAMIMAS_A21B_0798,train,DAMIMAS,lnk-1,0,b1,1,b2,0
DAMIMAS_A21B_0798,train,DAMIMAS,lnk-2,1,b1,2,b1,0
DAMIMAS_A21B_0798,train,DAMIMAS,lnk-3,1,b3,2,b2,0
DAMIMAS_A21B_0798,train,DAMIMAS,lnk-4,1,b4,2,b0,0
DAMIMAS_A21B_0798,train,DAMIMAS,lnk-5,2,b0,3,b0,0
DAMIMAS_A21B_0798,train,DAMIMAS,lnk-6,3,b2,0,b2,0
DAMIMAS_A21B_0799,train,DAMIMAS,lnk-0,0,b2,1,b1,0
DAMIMAS_A21B_0799,train,DAMIMAS,lnk-1,0,b3,1,b0,0
DAMIMAS_A21B_0799,train,DAMIMAS,lnk-2,1,b2,2,b0,0
DAMIMAS_A21B_0799,train,DAMIMAS,lnk-3,1,b3,2,b1,0
DAMIMAS_A21B_0799,train,DAMIMAS,lnk-4,2,b2,3,b2,0
DAMIMAS_A21B_0799,train,DAMIMAS,lnk-5,2,b3,3,b1,0
DAMIMAS_A21B_0799,train,DAMIMAS,lnk-6,3,b0,0,b1,0
DAMIMAS_A21B_0800,train,DAMIMAS,lnk-0,0,b0,1,b0,0
DAMIMAS_A21B_0800,train,DAMIMAS,lnk-1,0,b1,1,b3,0
DAMIMAS_A21B_0800,train,DAMIMAS,lnk-2,3,b0,0,b2,0
DAMIMAS_A21B_0800,train,DAMIMAS,lnk-3,1,b2,2,b0,0
DAMIMAS_A21B_0800,train,DAMIMAS,lnk-4,2,b0,3,b2,0
DAMIMAS_A21B_0800,train,DAMIMAS,lnk-5,2,b2,3,b4,0
DAMIMAS_A21B_0800,train,DAMIMAS,lnk-6,2,b1,3,b3,0
DAMIMAS_A21B_0801,train,DAMIMAS,lnk-0,0,b1,1,b4,0
DAMIMAS_A21B_0801,train,DAMIMAS,lnk-1,0,b4,1,b3,0
DAMIMAS_A21B_0801,train,DAMIMAS,lnk-2,3,b1,0,b4,0
DAMIMAS_A21B_0801,train,DAMIMAS,lnk-3,0,b2,1,b2,0
DAMIMAS_A21B_0801,train,DAMIMAS,lnk-4,0,b3,1,b1,0
DAMIMAS_A21B_0801,train,DAMIMAS,lnk-5,1,b1,2,b1,0
DAMIMAS_A21B_0801,train,DAMIMAS,lnk-6,1,b0,2,b0,0
DAMIMAS_A21B_0801,train,DAMIMAS,lnk-7,2,b3,3,b4,0
DAMIMAS_A21B_0801,train,DAMIMAS,lnk-8,2,b4,3,b3,0
DAMIMAS_A21B_0801,train,DAMIMAS,lnk-9,3,b0,0,b0,0
DAMIMAS_A21B_0801,train,DAMIMAS,lnk-10,3,b2,0,b5,0
DAMIMAS_A21B_0802,train,DAMIMAS,lnk-0,2,b2,3,b0,0
DAMIMAS_A21B_0802,train,DAMIMAS,lnk-1,2,b3,3,b1,0
DAMIMAS_A21B_0802,train,DAMIMAS,lnk-2,3,b2,0,b3,0
DAMIMAS_A21B_0802,train,DAMIMAS,lnk-3,1,b1,2,b0,0
DAMIMAS_A21B_0802,train,DAMIMAS,lnk-4,1,b0,2,b1,0
DAMIMAS_A21B_0803,train,DAMIMAS,lnk-0,0,b3,1,b0,0
DAMIMAS_A21B_0803,train,DAMIMAS,lnk-1,0,b4,1,b1,0
DAMIMAS_A21B_0803,train,DAMIMAS,lnk-2,1,b4,2,b3,0
DAMIMAS_A21B_0803,train,DAMIMAS,lnk-3,1,b3,2,b4,0
DAMIMAS_A21B_0803,train,DAMIMAS,lnk-4,1,b2,2,b5,0
DAMIMAS_A21B_0803,train,DAMIMAS,lnk-5,2,b0,3,b0,0
DAMIMAS_A21B_0803,train,DAMIMAS,lnk-6,2,b2,3,b1,0
DAMIMAS_A21B_0803,train,DAMIMAS,lnk-7,2,b1,3,b4,0
DAMIMAS_A21B_0803,train,DAMIMAS,lnk-8,3,b6,0,b0,0
DAMIMAS_A21B_0803,train,DAMIMAS,lnk-9,3,b5,0,b1,0
DAMIMAS_A21B_0803,train,DAMIMAS,lnk-10,3,b3,0,b5,0
DAMIMAS_A21B_0804,train,DAMIMAS,lnk-0,0,b0,1,b3,0
DAMIMAS_A21B_0804,train,DAMIMAS,lnk-1,0,b1,1,b4,0
DAMIMAS_A21B_0804,train,DAMIMAS,lnk-2,1,b0,2,b0,0
DAMIMAS_A21B_0804,train,DAMIMAS,lnk-3,1,b1,2,b4,0
DAMIMAS_A21B_0804,train,DAMIMAS,lnk-4,1,b2,2,b3,0
DAMIMAS_A21B_0804,train,DAMIMAS,lnk-5,2,b1,3,b1,0
DAMIMAS_A21B_0804,train,DAMIMAS,lnk-6,2,b2,3,b2,0
DAMIMAS_A21B_0804,train,DAMIMAS,lnk-7,3,b0,0,b3,0
DAMIMAS_A21B_0805,train,DAMIMAS,lnk-0,0,b5,1,b0,0
DAMIMAS_A21B_0805,train,DAMIMAS,lnk-1,1,b0,2,b5,0
DAMIMAS_A21B_0805,train,DAMIMAS,lnk-2,0,b4,1,b1,0
DAMIMAS_A21B_0805,train,DAMIMAS,lnk-3,0,b3,1,b2,0
DAMIMAS_A21B_0805,train,DAMIMAS,lnk-4,1,b2,2,b6,0
DAMIMAS_A21B_0805,train,DAMIMAS,lnk-5,1,b4,2,b1,0
DAMIMAS_A21B_0805,train,DAMIMAS,lnk-6,2,b1,3,b1,0
DAMIMAS_A21B_0805,train,DAMIMAS,lnk-7,1,b3,2,b4,0
DAMIMAS_A21B_0805,train,DAMIMAS,lnk-8,1,b5,2,b3,0
DAMIMAS_A21B_0805,train,DAMIMAS,lnk-9,2,b3,3,b3,0
DAMIMAS_A21B_0805,train,DAMIMAS,lnk-10,2,b0,3,b0,0
DAMIMAS_A21B_0805,train,DAMIMAS,lnk-11,2,b2,3,b2,0
DAMIMAS_A21B_0805,train,DAMIMAS,lnk-12,3,b2,0,b2,0
DAMIMAS_A21B_0805,train,DAMIMAS,lnk-13,3,b4,0,b1,0
DAMIMAS_A21B_0806,train,DAMIMAS,lnk-0,0,b2,1,b1,0
DAMIMAS_A21B_0806,train,DAMIMAS,lnk-1,0,b3,1,b3,0
DAMIMAS_A21B_0806,train,DAMIMAS,lnk-2,1,b0,2,b0,0
DAMIMAS_A21B_0806,train,DAMIMAS,lnk-3,1,b2,2,b2,0
DAMIMAS_A21B_0806,train,DAMIMAS,lnk-4,2,b1,3,b1,0
DAMIMAS_A21B_0806,train,DAMIMAS,lnk-5,3,b0,0,b0,0
DAMIMAS_A21B_0806,train,DAMIMAS,lnk-6,3,b2,0,b1,0
DAMIMAS_A21B_0807,train,DAMIMAS,lnk-0,0,b2,1,b3,0
DAMIMAS_A21B_0807,train,DAMIMAS,lnk-1,0,b3,1,b0,0
DAMIMAS_A21B_0807,train,DAMIMAS,lnk-2,0,b4,1,b2,0
DAMIMAS_A21B_0807,train,DAMIMAS,lnk-3,1,b1,2,b2,0
DAMIMAS_A21B_0807,train,DAMIMAS,lnk-4,2,b0,3,b0,0
DAMIMAS_A21B_0807,train,DAMIMAS,lnk-5,3,b4,0,b1,0
DAMIMAS_A21B_0807,train,DAMIMAS,lnk-6,3,b3,0,b0,0
DAMIMAS_A21B_0807,train,DAMIMAS,lnk-7,2,b5,3,b2,0
DAMIMAS_A21B_0808,train,DAMIMAS,lnk-0,0,b3,1,b0,0
DAMIMAS_A21B_0808,train,DAMIMAS,lnk-1,1,b0,2,b1,0
DAMIMAS_A21B_0808,train,DAMIMAS,lnk-2,0,b2,1,b3,0
DAMIMAS_A21B_0808,train,DAMIMAS,lnk-3,0,b5,1,b4,0
DAMIMAS_A21B_0808,train,DAMIMAS,lnk-4,1,b2,2,b2,0
DAMIMAS_A21B_0808,train,DAMIMAS,lnk-5,1,b1,2,b0,0
DAMIMAS_A21B_0808,train,DAMIMAS,lnk-6,2,b0,3,b4,0
DAMIMAS_A21B_0808,train,DAMIMAS,lnk-7,2,b4,3,b3,0
DAMIMAS_A21B_0808,train,DAMIMAS,lnk-8,2,b3,3,b5,0
DAMIMAS_A21B_0808,train,DAMIMAS,lnk-9,3,b0,0,b0,0
DAMIMAS_A21B_0808,train,DAMIMAS,lnk-10,3,b1,0,b1,0
DAMIMAS_A21B_0808,train,DAMIMAS,lnk-11,3,b2,0,b4,0
DAMIMAS_A21B_0809,val,DAMIMAS,lnk-0,0,b4,1,b5,0
DAMIMAS_A21B_0809,val,DAMIMAS,lnk-1,3,b3,0,b4,0
DAMIMAS_A21B_0809,val,DAMIMAS,lnk-2,0,b0,1,b4,0
DAMIMAS_A21B_0809,val,DAMIMAS,lnk-3,0,b1,1,b3,0
DAMIMAS_A21B_0809,val,DAMIMAS,lnk-4,1,b0,2,b5,0
DAMIMAS_A21B_0809,val,DAMIMAS,lnk-5,1,b2,2,b4,0
DAMIMAS_A21B_0809,val,DAMIMAS,lnk-6,1,b1,2,b3,0
DAMIMAS_A21B_0809,val,DAMIMAS,lnk-7,2,b0,3,b0,0
DAMIMAS_A21B_0809,val,DAMIMAS,lnk-8,2,b1,3,b1,0
DAMIMAS_A21B_0809,val,DAMIMAS,lnk-9,2,b2,3,b5,0
DAMIMAS_A21B_0809,val,DAMIMAS,lnk-10,3,b6,0,b2,0
DAMIMAS_A21B_0809,val,DAMIMAS,lnk-11,3,b2,0,b3,0
DAMIMAS_A21B_0810,val,DAMIMAS,lnk-0,0,b4,1,b2,0
DAMIMAS_A21B_0810,val,DAMIMAS,lnk-1,0,b3,1,b3,0
DAMIMAS_A21B_0810,val,DAMIMAS,lnk-2,1,b2,2,b4,0
DAMIMAS_A21B_0810,val,DAMIMAS,lnk-3,1,b3,2,b5,0
DAMIMAS_A21B_0810,val,DAMIMAS,lnk-4,1,b1,2,b3,0
DAMIMAS_A21B_0810,val,DAMIMAS,lnk-5,1,b0,2,b2,0
DAMIMAS_A21B_0810,val,DAMIMAS,lnk-6,1,b5,2,b1,0
DAMIMAS_A21B_0810,val,DAMIMAS,lnk-7,2,b4,3,b0,0
DAMIMAS_A21B_0810,val,DAMIMAS,lnk-8,2,b5,3,b1,0
DAMIMAS_A21B_0810,val,DAMIMAS,lnk-9,2,b2,3,b4,0
DAMIMAS_A21B_0810,val,DAMIMAS,lnk-10,2,b1,3,b3,0
DAMIMAS_A21B_0810,val,DAMIMAS,lnk-11,2,b0,3,b5,0
DAMIMAS_A21B_0810,val,DAMIMAS,lnk-12,3,b5,4,b2,0
DAMIMAS_A21B_0810,val,DAMIMAS,lnk-13,3,b3,4,b3,0
DAMIMAS_A21B_0810,val,DAMIMAS,lnk-14,3,b4,4,b4,0
DAMIMAS_A21B_0810,val,DAMIMAS,lnk-15,4,b2,5,b0,0
DAMIMAS_A21B_0810,val,DAMIMAS,lnk-16,4,b3,5,b1,0
DAMIMAS_A21B_0810,val,DAMIMAS,lnk-17,4,b0,5,b3,0
DAMIMAS_A21B_0810,val,DAMIMAS,lnk-18,4,b1,5,b5,0
DAMIMAS_A21B_0810,val,DAMIMAS,lnk-19,5,b0,6,b0,0
DAMIMAS_A21B_0810,val,DAMIMAS,lnk-20,5,b3,6,b1,0
DAMIMAS_A21B_0810,val,DAMIMAS,lnk-21,5,b2,6,b2,0
DAMIMAS_A21B_0810,val,DAMIMAS,lnk-22,5,b5,6,b3,0
DAMIMAS_A21B_0810,val,DAMIMAS,lnk-23,5,b4,6,b5,0
DAMIMAS_A21B_0810,val,DAMIMAS,lnk-24,6,b4,7,b1,0
DAMIMAS_A21B_0810,val,DAMIMAS,lnk-25,6,b3,7,b0,0
DAMIMAS_A21B_0810,val,DAMIMAS,lnk-26,6,b5,7,b3,0
DAMIMAS_A21B_0810,val,DAMIMAS,lnk-27,6,b2,7,b4,0
DAMIMAS_A21B_0810,val,DAMIMAS,lnk-28,6,b1,7,b5,0
DAMIMAS_A21B_0810,val,DAMIMAS,lnk-29,7,b1,0,b0,0
DAMIMAS_A21B_0810,val,DAMIMAS,lnk-30,7,b3,0,b1,0
DAMIMAS_A21B_0810,val,DAMIMAS,lnk-31,7,b2,0,b2,0
DAMIMAS_A21B_0811,train,DAMIMAS,lnk-0,0,b0,1,b2,0
DAMIMAS_A21B_0811,train,DAMIMAS,lnk-1,0,b2,1,b3,0
DAMIMAS_A21B_0811,train,DAMIMAS,lnk-2,0,b1,1,b1,0
DAMIMAS_A21B_0811,train,DAMIMAS,lnk-3,1,b2,2,b4,0
DAMIMAS_A21B_0811,train,DAMIMAS,lnk-4,1,b3,2,b3,0
DAMIMAS_A21B_0811,train,DAMIMAS,lnk-5,1,b1,2,b2,0
DAMIMAS_A21B_0811,train,DAMIMAS,lnk-6,1,b0,2,b0,0
DAMIMAS_A21B_0811,train,DAMIMAS,lnk-9,2,b0,3,b0,0
DAMIMAS_A21B_0811,train,DAMIMAS,lnk-10,2,b1,3,b3,0
DAMIMAS_A21B_0811,train,DAMIMAS,lnk-11,2,b6,3,b4,0
DAMIMAS_A21B_0811,train,DAMIMAS,lnk-12,2,b2,3,b5,0
DAMIMAS_A21B_0811,train,DAMIMAS,lnk-13,3,b0,4,b2,0
DAMIMAS_A21B_0811,train,DAMIMAS,lnk-14,3,b3,4,b3,0
DAMIMAS_A21B_0811,train,DAMIMAS,lnk-15,3,b2,4,b0,0
DAMIMAS_A21B_0811,train,DAMIMAS,lnk-16,3,b1,4,b4,0
DAMIMAS_A21B_0811,train,DAMIMAS,lnk-17,4,b2,5,b4,0
DAMIMAS_A21B_0811,train,DAMIMAS,lnk-18,4,b0,5,b3,0
DAMIMAS_A21B_0811,train,DAMIMAS,lnk-19,4,b1,5,b2,0
DAMIMAS_A21B_0811,train,DAMIMAS,lnk-20,4,b4,5,b1,0
DAMIMAS_A21B_0811,train,DAMIMAS,lnk-21,5,b2,6,b4,0
DAMIMAS_A21B_0811,train,DAMIMAS,lnk-22,5,b3,6,b3,0
DAMIMAS_A21B_0811,train,DAMIMAS,lnk-23,5,b0,6,b0,0
DAMIMAS_A21B_0811,train,DAMIMAS,lnk-24,5,b1,6,b2,0
DAMIMAS_A21B_0811,train,DAMIMAS,lnk-25,6,b0,7,b0,0
DAMIMAS_A21B_0811,train,DAMIMAS,lnk-26,6,b2,7,b1,0
DAMIMAS_A21B_0811,train,DAMIMAS,lnk-27,6,b4,7,b2,0
DAMIMAS_A21B_0811,train,DAMIMAS,lnk-28,6,b1,7,b3,0
DAMIMAS_A21B_0811,train,DAMIMAS,lnk-29,7,b0,0,b4,0
DAMIMAS_A21B_0811,train,DAMIMAS,lnk-30,7,b2,0,b5,0
DAMIMAS_A21B_0811,train,DAMIMAS,lnk-31,7,b3,0,b3,0
DAMIMAS_A21B_0811,train,DAMIMAS,lnk-32,7,b1,0,b6,0
DAMIMAS_A21B_0812,val,DAMIMAS,lnk-0,0,b0,1,b0,0
DAMIMAS_A21B_0812,val,DAMIMAS,lnk-1,1,b0,2,b1,0
DAMIMAS_A21B_0812,val,DAMIMAS,lnk-2,2,b1,3,b3,0
DAMIMAS_A21B_0812,val,DAMIMAS,lnk-3,5,b4,6,b0,0
DAMIMAS_A21B_0812,val,DAMIMAS,lnk-4,6,b0,7,b0,0
DAMIMAS_A21B_0812,val,DAMIMAS,lnk-5,7,b0,0,b0,0
DAMIMAS_A21B_0812,val,DAMIMAS,lnk-6,0,b4,1,b2,0
DAMIMAS_A21B_0812,val,DAMIMAS,lnk-7,7,b1,0,b4,0
DAMIMAS_A21B_0812,val,DAMIMAS,lnk-8,0,b1,1,b3,0
DAMIMAS_A21B_0812,val,DAMIMAS,lnk-9,1,b3,2,b3,0
DAMIMAS_A21B_0812,val,DAMIMAS,lnk-10,2,b3,3,b5,0
DAMIMAS_A21B_0812,val,DAMIMAS,lnk-11,5,b3,6,b1,0
DAMIMAS_A21B_0812,val,DAMIMAS,lnk-12,6,b1,7,b3,0
DAMIMAS_A21B_0812,val,DAMIMAS,lnk-13,7,b3,0,b1,0
DAMIMAS_A21B_0812,val,DAMIMAS,lnk-14,0,b2,1,b4,0
DAMIMAS_A21B_0812,val,DAMIMAS,lnk-15,4,b1,5,b1,0
DAMIMAS_A21B_0812,val,DAMIMAS,lnk-16,5,b1,6,b2,0
DAMIMAS_A21B_0812,val,DAMIMAS,lnk-17,6,b2,7,b4,0
DAMIMAS_A21B_0812,val,DAMIMAS,lnk-18,7,b4,0,b2,0
DAMIMAS_A21B_0812,val,DAMIMAS,lnk-19,1,b1,2,b0,0
DAMIMAS_A21B_0812,val,DAMIMAS,lnk-20,2,b0,3,b2,0
DAMIMAS_A21B_0812,val,DAMIMAS,lnk-21,3,b2,4,b3,0
DAMIMAS_A21B_0812,val,DAMIMAS,lnk-22,2,b4,3,b0,0
DAMIMAS_A21B_0812,val,DAMIMAS,lnk-23,3,b0,4,b0,0
DAMIMAS_A21B_0812,val,DAMIMAS,lnk-24,4,b0,5,b0,0
DAMIMAS_A21B_0812,val,DAMIMAS,lnk-25,5,b0,6,b3,0
DAMIMAS_A21B_0812,val,DAMIMAS,lnk-26,2,b2,3,b4,0
DAMIMAS_A21B_0812,val,DAMIMAS,lnk-27,3,b4,4,b2,0
DAMIMAS_A21B_0812,val,DAMIMAS,lnk-28,4,b2,5,b2,0
DAMIMAS_A21B_0813,test,DAMIMAS,lnk-0,0,b2,1,b1,0
DAMIMAS_A21B_0813,test,DAMIMAS,lnk-1,1,b1,2,b0,0
DAMIMAS_A21B_0813,test,DAMIMAS,lnk-2,0,b0,1,b0,0
DAMIMAS_A21B_0813,test,DAMIMAS,lnk-3,1,b0,2,b3,0
DAMIMAS_A21B_0813,test,DAMIMAS,lnk-4,2,b3,3,b2,0
DAMIMAS_A21B_0813,test,DAMIMAS,lnk-5,7,b3,0,b0,0
DAMIMAS_A21B_0813,test,DAMIMAS,lnk-6,2,b1,3,b1,0
DAMIMAS_A21B_0813,test,DAMIMAS,lnk-7,3,b0,4,b1,0
DAMIMAS_A21B_0813,test,DAMIMAS,lnk-8,4,b0,5,b0,0
DAMIMAS_A21B_0813,test,DAMIMAS,lnk-9,5,b0,6,b0,0
DAMIMAS_A21B_0813,test,DAMIMAS,lnk-10,6,b1,7,b1,0
DAMIMAS_A21B_0813,test,DAMIMAS,lnk-11,6,b3,7,b2,0
DAMIMAS_A21B_0813,test,DAMIMAS,lnk-12,7,b2,0,b1,0
DAMIMAS_A21B_0814,test,DAMIMAS,lnk-0,0,b2,1,b0,0
DAMIMAS_A21B_0814,test,DAMIMAS,lnk-1,6,b2,7,b0,0
DAMIMAS_A21B_0814,test,DAMIMAS,lnk-2,7,b0,0,b2,0
DAMIMAS_A21B_0814,test,DAMIMAS,lnk-3,0,b1,1,b1,0
DAMIMAS_A21B_0814,test,DAMIMAS,lnk-4,1,b1,2,b0,0
DAMIMAS_A21B_0814,test,DAMIMAS,lnk-5,2,b0,3,b0,0
DAMIMAS_A21B_0814,test,DAMIMAS,lnk-6,6,b3,7,b1,0
DAMIMAS_A21B_0814,test,DAMIMAS,lnk-7,7,b1,0,b1,0
DAMIMAS_A21B_0814,test,DAMIMAS,lnk-8,0,b0,1,b2,0
DAMIMAS_A21B_0814,test,DAMIMAS,lnk-9,1,b2,2,b1,0
DAMIMAS_A21B_0814,test,DAMIMAS,lnk-10,2,b1,3,b1,0
DAMIMAS_A21B_0814,test,DAMIMAS,lnk-11,3,b1,4,b0,0
DAMIMAS_A21B_0814,test,DAMIMAS,lnk-12,3,b3,4,b2,0
DAMIMAS_A21B_0814,test,DAMIMAS,lnk-13,4,b2,5,b1,0
DAMIMAS_A21B_0814,test,DAMIMAS,lnk-14,3,b2,4,b1,0
DAMIMAS_A21B_0814,test,DAMIMAS,lnk-15,4,b1,5,b0,0
DAMIMAS_A21B_0814,test,DAMIMAS,lnk-16,5,b2,6,b1,0
DAMIMAS_A21B_0815,train,DAMIMAS,lnk-0,0,b0,1,b0,0
DAMIMAS_A21B_0815,train,DAMIMAS,lnk-1,1,b0,2,b0,0
DAMIMAS_A21B_0815,train,DAMIMAS,lnk-2,7,b3,0,b0,0
DAMIMAS_A21B_0815,train,DAMIMAS,lnk-3,0,b4,1,b2,0
DAMIMAS_A21B_0815,train,DAMIMAS,lnk-4,1,b2,2,b2,0
DAMIMAS_A21B_0815,train,DAMIMAS,lnk-5,7,b4,0,b4,0
DAMIMAS_A21B_0815,train,DAMIMAS,lnk-6,0,b1,1,b3,0
DAMIMAS_A21B_0815,train,DAMIMAS,lnk-7,1,b3,2,b1,0
DAMIMAS_A21B_0815,train,DAMIMAS,lnk-8,2,b1,3,b4,0
DAMIMAS_A21B_0815,train,DAMIMAS,lnk-9,3,b4,4,b5,0
DAMIMAS_A21B_0815,train,DAMIMAS,lnk-10,0,b2,1,b1,0
DAMIMAS_A21B_0815,train,DAMIMAS,lnk-11,6,b3,7,b2,0
DAMIMAS_A21B_0815,train,DAMIMAS,lnk-12,7,b2,0,b2,0
DAMIMAS_A21B_0815,train,DAMIMAS,lnk-13,1,b4,2,b3,0
DAMIMAS_A21B_0815,train,DAMIMAS,lnk-14,2,b3,3,b3,0
DAMIMAS_A21B_0815,train,DAMIMAS,lnk-15,3,b3,4,b4,0
DAMIMAS_A21B_0815,train,DAMIMAS,lnk-16,4,b4,5,b6,0
DAMIMAS_A21B_0815,train,DAMIMAS,lnk-17,1,b5,2,b5,0
DAMIMAS_A21B_0815,train,DAMIMAS,lnk-18,2,b5,3,b2,0
DAMIMAS_A21B_0815,train,DAMIMAS,lnk-19,3,b2,4,b3,0
DAMIMAS_A21B_0815,train,DAMIMAS,lnk-20,4,b3,5,b4,0
DAMIMAS_A21B_0815,train,DAMIMAS,lnk-21,5,b4,6,b5,0
DAMIMAS_A21B_0815,train,DAMIMAS,lnk-22,2,b4,3,b0,0
DAMIMAS_A21B_0815,train,DAMIMAS,lnk-23,3,b0,4,b0,0
DAMIMAS_A21B_0815,train,DAMIMAS,lnk-24,4,b0,5,b0,0
DAMIMAS_A21B_0815,train,DAMIMAS,lnk-25,5,b0,6,b0,0
DAMIMAS_A21B_0815,train,DAMIMAS,lnk-26,3,b1,4,b2,0
DAMIMAS_A21B_0815,train,DAMIMAS,lnk-27,4,b2,5,b1,0
DAMIMAS_A21B_0815,train,DAMIMAS,lnk-28,5,b1,6,b1,0
DAMIMAS_A21B_0815,train,DAMIMAS,lnk-29,4,b7,5,b5,0
DAMIMAS_A21B_0815,train,DAMIMAS,lnk-30,4,b1,5,b2,0
DAMIMAS_A21B_0815,train,DAMIMAS,lnk-31,5,b2,6,b2,0
DAMIMAS_A21B_0815,train,DAMIMAS,lnk-32,6,b2,7,b0,0
DAMIMAS_A21B_0815,train,DAMIMAS,lnk-33,7,b0,0,b5,0
DAMIMAS_A21B_0815,train,DAMIMAS,lnk-34,5,b3,6,b4,0
DAMIMAS_A21B_0815,train,DAMIMAS,lnk-35,6,b4,7,b1,0
DAMIMAS_A21B_0815,train,DAMIMAS,lnk-36,7,b5,0,b3,0
DAMIMAS_A21B_0816,train,DAMIMAS,lnk-0,0,b1,1,b0,0
DAMIMAS_A21B_0816,train,DAMIMAS,lnk-1,1,b0,2,b3,0
DAMIMAS_A21B_0816,train,DAMIMAS,lnk-2,2,b3,3,b2,0
DAMIMAS_A21B_0816,train,DAMIMAS,lnk-3,3,b2,4,b5,0
DAMIMAS_A21B_0816,train,DAMIMAS,lnk-4,1,b1,2,b4,0
DAMIMAS_A21B_0816,train,DAMIMAS,lnk-5,2,b4,3,b1,0
DAMIMAS_A21B_0816,train,DAMIMAS,lnk-6,3,b1,4,b4,0
DAMIMAS_A21B_0816,train,DAMIMAS,lnk-7,1,b2,2,b5,0
DAMIMAS_A21B_0816,train,DAMIMAS,lnk-8,2,b5,3,b3,0
DAMIMAS_A21B_0816,train,DAMIMAS,lnk-9,1,b3,2,b6,0
DAMIMAS_A21B_0816,train,DAMIMAS,lnk-10,2,b0,3,b0,0
DAMIMAS_A21B_0816,train,DAMIMAS,lnk-11,3,b0,4,b0,0
DAMIMAS_A21B_0816,train,DAMIMAS,lnk-12,4,b0,5,b0,0
DAMIMAS_A21B_0816,train,DAMIMAS,lnk-13,5,b0,6,b0,0
DAMIMAS_A21B_0816,train,DAMIMAS,lnk-14,2,b1,3,b5,0
DAMIMAS_A21B_0816,train,DAMIMAS,lnk-15,3,b5,4,b2,0
DAMIMAS_A21B_0816,train,DAMIMAS,lnk-16,4,b2,5,b4,0
DAMIMAS_A21B_0816,train,DAMIMAS,lnk-17,4,b3,5,b5,0
DAMIMAS_A21B_0816,train,DAMIMAS,lnk-18,4,b1,5,b2,0
DAMIMAS_A21B_0816,train,DAMIMAS,lnk-19,5,b1,6,b2,0
DAMIMAS_A21B_0816,train,DAMIMAS,lnk-20,6,b2,7,b4,0
DAMIMAS_A21B_0816,train,DAMIMAS,lnk-21,5,b3,6,b1,0
DAMIMAS_A21B_0816,train,DAMIMAS,lnk-22,6,b1,7,b3,0
DAMIMAS_A21B_0816,train,DAMIMAS,lnk-23,7,b3,0,b4,0
DAMIMAS_A21B_0816,train,DAMIMAS,lnk-24,7,b0,0,b0,0
DAMIMAS_A21B_0816,train,DAMIMAS,lnk-25,7,b1,0,b3,0
DAMIMAS_A21B_0817,val,DAMIMAS,lnk-0,0,b0,1,b3,0
DAMIMAS_A21B_0817,val,DAMIMAS,lnk-1,6,b0,7,b1,0
DAMIMAS_A21B_0817,val,DAMIMAS,lnk-2,7,b1,0,b0,0
DAMIMAS_A21B_0817,val,DAMIMAS,lnk-3,0,b1,1,b2,0
DAMIMAS_A21B_0817,val,DAMIMAS,lnk-4,0,b3,1,b0,0
DAMIMAS_A21B_0817,val,DAMIMAS,lnk-5,1,b0,2,b1,0
DAMIMAS_A21B_0817,val,DAMIMAS,lnk-6,0,b2,1,b1,0
DAMIMAS_A21B_0817,val,DAMIMAS,lnk-7,1,b1,2,b0,0
DAMIMAS_A21B_0817,val,DAMIMAS,lnk-8,2,b0,3,b0,0
DAMIMAS_A21B_0817,val,DAMIMAS,lnk-9,3,b0,4,b0,0
DAMIMAS_A21B_0817,val,DAMIMAS,lnk-10,4,b0,5,b3,0
DAMIMAS_A21B_0817,val,DAMIMAS,lnk-11,3,b2,4,b1,0
DAMIMAS_A21B_0817,val,DAMIMAS,lnk-12,3,b1,4,b2,0
DAMIMAS_A21B_0817,val,DAMIMAS,lnk-13,4,b2,5,b0,0
DAMIMAS_A21B_0817,val,DAMIMAS,lnk-14,5,b0,6,b2,0
DAMIMAS_A21B_0817,val,DAMIMAS,lnk-15,4,b3,5,b1,0
DAMIMAS_A21B_0817,val,DAMIMAS,lnk-16,5,b1,6,b1,0
DAMIMAS_A21B_0817,val,DAMIMAS,lnk-17,6,b1,7,b2,0
DAMIMAS_A21B_0817,val,DAMIMAS,lnk-18,5,b2,6,b3,0
DAMIMAS_A21B_0817,val,DAMIMAS,lnk-19,6,b3,7,b0,0
DAMIMAS_A21B_0818,train,DAMIMAS,lnk-0,0,b1,1,b1,0
DAMIMAS_A21B_0818,train,DAMIMAS,lnk-1,1,b1,2,b0,0
DAMIMAS_A21B_0818,train,DAMIMAS,lnk-2,7,b4,0,b1,0
DAMIMAS_A21B_0818,train,DAMIMAS,lnk-3,0,b0,1,b3,0
DAMIMAS_A21B_0818,train,DAMIMAS,lnk-4,1,b3,2,b4,0
DAMIMAS_A21B_0818,train,DAMIMAS,lnk-5,2,b4,3,b2,0
DAMIMAS_A21B_0818,train,DAMIMAS,lnk-6,0,b2,1,b2,0
DAMIMAS_A21B_0818,train,DAMIMAS,lnk-7,6,b4,7,b3,0
DAMIMAS_A21B_0818,train,DAMIMAS,lnk-8,7,b3,0,b2,0
DAMIMAS_A21B_0818,train,DAMIMAS,lnk-9,0,b3,1,b0,0
DAMIMAS_A21B_0818,train,DAMIMAS,lnk-10,5,b0,6,b3,0
DAMIMAS_A21B_0818,train,DAMIMAS,lnk-11,6,b3,7,b1,0
DAMIMAS_A21B_0818,train,DAMIMAS,lnk-12,7,b1,0,b3,0
DAMIMAS_A21B_0818,train,DAMIMAS,lnk-13,1,b5,2,b3,0
DAMIMAS_A21B_0818,train,DAMIMAS,lnk-14,2,b3,3,b1,0
DAMIMAS_A21B_0818,train,DAMIMAS,lnk-15,3,b1,4,b2,0
DAMIMAS_A21B_0818,train,DAMIMAS,lnk-16,1,b4,2,b2,0
DAMIMAS_A21B_0818,train,DAMIMAS,lnk-17,2,b2,3,b3,0
DAMIMAS_A21B_0818,train,DAMIMAS,lnk-18,3,b3,4,b1,0
DAMIMAS_A21B_0818,train,DAMIMAS,lnk-19,2,b1,3,b0,0
DAMIMAS_A21B_0818,train,DAMIMAS,lnk-20,3,b0,4,b0,0
DAMIMAS_A21B_0818,train,DAMIMAS,lnk-21,4,b0,5,b1,0
DAMIMAS_A21B_0818,train,DAMIMAS,lnk-22,5,b1,6,b0,0
DAMIMAS_A21B_0818,train,DAMIMAS,lnk-23,3,b4,4,b3,0
DAMIMAS_A21B_0818,train,DAMIMAS,lnk-24,4,b3,5,b4,0
DAMIMAS_A21B_0818,train,DAMIMAS,lnk-25,4,b4,5,b2,0
DAMIMAS_A21B_0818,train,DAMIMAS,lnk-26,5,b2,6,b1,0
DAMIMAS_A21B_0818,train,DAMIMAS,lnk-27,6,b1,7,b0,0
DAMIMAS_A21B_0818,train,DAMIMAS,lnk-28,5,b3,6,b2,0
DAMIMAS_A21B_0818,train,DAMIMAS,lnk-29,6,b2,7,b2,0
DAMIMAS_A21B_0819,train,DAMIMAS,lnk-0,0,b2,1,b0,0
DAMIMAS_A21B_0819,train,DAMIMAS,lnk-1,1,b0,2,b2,0
DAMIMAS_A21B_0819,train,DAMIMAS,lnk-2,2,b2,3,b3,0
DAMIMAS_A21B_0819,train,DAMIMAS,lnk-3,0,b1,1,b1,0
DAMIMAS_A21B_0819,train,DAMIMAS,lnk-4,5,b5,6,b5,0
DAMIMAS_A21B_0819,train,DAMIMAS,lnk-5,6,b5,7,b0,0
DAMIMAS_A21B_0819,train,DAMIMAS,lnk-6,7,b0,0,b1,0
DAMIMAS_A21B_0819,train,DAMIMAS,lnk-7,2,b0,3,b0,0
DAMIMAS_A21B_0819,train,DAMIMAS,lnk-8,3,b0,4,b0,0
DAMIMAS_A21B_0819,train,DAMIMAS,lnk-9,4,b0,5,b0,0
DAMIMAS_A21B_0819,train,DAMIMAS,lnk-10,5,b0,6,b0,0
DAMIMAS_A21B_0819,train,DAMIMAS,lnk-11,2,b1,3,b2,0
DAMIMAS_A21B_0819,train,DAMIMAS,lnk-12,3,b2,4,b4,0
DAMIMAS_A21B_0819,train,DAMIMAS,lnk-13,3,b1,4,b5,0
DAMIMAS_A21B_0819,train,DAMIMAS,lnk-14,4,b5,5,b2,0
DAMIMAS_A21B_0819,train,DAMIMAS,lnk-15,5,b2,6,b2,0
DAMIMAS_A21B_0819,train,DAMIMAS,lnk-16,3,b4,4,b1,0
DAMIMAS_A21B_0819,train,DAMIMAS,lnk-17,4,b1,5,b1,0
DAMIMAS_A21B_0819,train,DAMIMAS,lnk-18,5,b1,6,b1,0
DAMIMAS_A21B_0819,train,DAMIMAS,lnk-19,6,b1,7,b3,0
DAMIMAS_A21B_0819,train,DAMIMAS,lnk-20,4,b3,5,b3,0
DAMIMAS_A21B_0819,train,DAMIMAS,lnk-21,5,b3,6,b3,0
DAMIMAS_A21B_0819,train,DAMIMAS,lnk-22,6,b3,7,b2,0
DAMIMAS_A21B_0819,train,DAMIMAS,lnk-23,4,b2,5,b4,0
DAMIMAS_A21B_0819,train,DAMIMAS,lnk-24,5,b4,6,b4,0
DAMIMAS_A21B_0819,train,DAMIMAS,lnk-25,6,b4,7,b1,0
DAMIMAS_A21B_0819,train,DAMIMAS,lnk-26,7,b1,0,b0,0
DAMIMAS_A21B_0819,train,DAMIMAS,lnk-27,5,b6,6,b6,0
DAMIMAS_A21B_0820,train,DAMIMAS,lnk-0,0,b5,1,b0,0
DAMIMAS_A21B_0820,train,DAMIMAS,lnk-1,1,b0,2,b1,0
DAMIMAS_A21B_0820,train,DAMIMAS,lnk-2,2,b1,3,b0,0
DAMIMAS_A21B_0820,train,DAMIMAS,lnk-3,3,b0,4,b5,0
DAMIMAS_A21B_0820,train,DAMIMAS,lnk-4,4,b5,5,b6,0
DAMIMAS_A21B_0820,train,DAMIMAS,lnk-5,0,b1,1,b2,0
DAMIMAS_A21B_0820,train,DAMIMAS,lnk-6,1,b2,2,b2,0
DAMIMAS_A21B_0820,train,DAMIMAS,lnk-7,2,b2,3,b2,0
DAMIMAS_A21B_0820,train,DAMIMAS,lnk-8,7,b1,0,b1,0
DAMIMAS_A21B_0820,train,DAMIMAS,lnk-9,0,b4,1,b4,0
DAMIMAS_A21B_0820,train,DAMIMAS,lnk-10,1,b4,2,b4,0
DAMIMAS_A21B_0820,train,DAMIMAS,lnk-11,5,b1,6,b2,0
DAMIMAS_A21B_0820,train,DAMIMAS,lnk-12,6,b2,7,b2,0
DAMIMAS_A21B_0820,train,DAMIMAS,lnk-13,7,b2,0,b4,0
DAMIMAS_A21B_0820,train,DAMIMAS,lnk-14,0,b2,1,b5,0
DAMIMAS_A21B_0820,train,DAMIMAS,lnk-15,4,b0,5,b0,0
DAMIMAS_A21B_0820,train,DAMIMAS,lnk-16,5,b0,6,b0,0
DAMIMAS_A21B_0820,train,DAMIMAS,lnk-17,6,b0,7,b0,0
DAMIMAS_A21B_0820,train,DAMIMAS,lnk-18,7,b0,0,b2,0
DAMIMAS_A21B_0820,train,DAMIMAS,lnk-19,0,b0,1,b1,0
DAMIMAS_A21B_0820,train,DAMIMAS,lnk-20,1,b1,2,b3,0
DAMIMAS_A21B_0820,train,DAMIMAS,lnk-21,2,b3,3,b1,0
DAMIMAS_A21B_0820,train,DAMIMAS,lnk-22,7,b3,0,b0,0
DAMIMAS_A21B_0820,train,DAMIMAS,lnk-23,1,b3,2,b5,0
DAMIMAS_A21B_0820,train,DAMIMAS,lnk-24,2,b0,3,b3,0
DAMIMAS_A21B_0820,train,DAMIMAS,lnk-25,3,b3,4,b4,0
DAMIMAS_A21B_0820,train,DAMIMAS,lnk-26,4,b4,5,b5,0
DAMIMAS_A21B_0820,train,DAMIMAS,lnk-27,3,b4,4,b1,0
DAMIMAS_A21B_0820,train,DAMIMAS,lnk-28,4,b1,5,b3,0
DAMIMAS_A21B_0820,train,DAMIMAS,lnk-29,5,b3,6,b3,0
DAMIMAS_A21B_0820,train,DAMIMAS,lnk-30,6,b3,7,b5,0
DAMIMAS_A21B_0820,train,DAMIMAS,lnk-31,4,b3,5,b4,0
DAMIMAS_A21B_0820,train,DAMIMAS,lnk-32,5,b4,6,b4,0
DAMIMAS_A21B_0820,train,DAMIMAS,lnk-33,4,b2,5,b2,0
DAMIMAS_A21B_0820,train,DAMIMAS,lnk-34,5,b2,6,b1,0
DAMIMAS_A21B_0820,train,DAMIMAS,lnk-35,6,b1,7,b4,0
DAMIMAS_A21B_0820,train,DAMIMAS,lnk-36,7,b4,0,b3,0
DAMIMAS_A21B_0821,val,DAMIMAS,lnk-0,0,b0,1,b0,0
DAMIMAS_A21B_0821,val,DAMIMAS,lnk-1,1,b0,2,b0,0
DAMIMAS_A21B_0821,val,DAMIMAS,lnk-2,2,b0,3,b0,0
DAMIMAS_A21B_0821,val,DAMIMAS,lnk-3,3,b0,4,b2,0
DAMIMAS_A21B_0821,val,DAMIMAS,lnk-4,0,b1,1,b1,0
DAMIMAS_A21B_0821,val,DAMIMAS,lnk-5,7,b3,0,b1,0
DAMIMAS_A21B_0821,val,DAMIMAS,lnk-6,3,b1,4,b1,0
DAMIMAS_A21B_0821,val,DAMIMAS,lnk-7,4,b1,5,b1,0
DAMIMAS_A21B_0821,val,DAMIMAS,lnk-8,5,b1,6,b2,0
DAMIMAS_A21B_0821,val,DAMIMAS,lnk-9,4,b0,5,b0,0
DAMIMAS_A21B_0821,val,DAMIMAS,lnk-10,5,b0,6,b0,0
DAMIMAS_A21B_0821,val,DAMIMAS,lnk-11,6,b0,7,b0,0
DAMIMAS_A21B_0821,val,DAMIMAS,lnk-12,6,b3,7,b1,0
DAMIMAS_A21B_0821,val,DAMIMAS,lnk-13,7,b2,0,b2,0
DAMIMAS_A21B_0822,test,DAMIMAS,lnk-0,0,b3,1,b1,0
DAMIMAS_A21B_0822,test,DAMIMAS,lnk-1,1,b1,2,b4,0
DAMIMAS_A21B_0822,test,DAMIMAS,lnk-2,7,b4,0,b3,0
DAMIMAS_A21B_0822,test,DAMIMAS,lnk-3,0,b2,1,b3,0
DAMIMAS_A21B_0822,test,DAMIMAS,lnk-4,7,b3,0,b2,0
DAMIMAS_A21B_0822,test,DAMIMAS,lnk-5,0,b0,1,b4,0
DAMIMAS_A21B_0822,test,DAMIMAS,lnk-6,5,b1,6,b3,0
DAMIMAS_A21B_0822,test,DAMIMAS,lnk-7,6,b3,7,b2,0
DAMIMAS_A21B_0822,test,DAMIMAS,lnk-8,7,b2,0,b0,0
DAMIMAS_A21B_0822,test,DAMIMAS,lnk-9,1,b0,2,b0,0
DAMIMAS_A21B_0822,test,DAMIMAS,lnk-10,2,b0,3,b0,0
DAMIMAS_A21B_0822,test,DAMIMAS,lnk-11,3,b0,4,b0,0
DAMIMAS_A21B_0822,test,DAMIMAS,lnk-12,1,b2,2,b5,0
DAMIMAS_A21B_0822,test,DAMIMAS,lnk-13,2,b2,3,b2,0
DAMIMAS_A21B_0822,test,DAMIMAS,lnk-14,3,b2,4,b2,0
DAMIMAS_A21B_0822,test,DAMIMAS,lnk-15,2,b3,3,b1,0
DAMIMAS_A21B_0822,test,DAMIMAS,lnk-16,2,b1,3,b3,0
DAMIMAS_A21B_0822,test,DAMIMAS,lnk-17,3,b3,4,b1,0
DAMIMAS_A21B_0822,test,DAMIMAS,lnk-18,4,b1,5,b4,0
DAMIMAS_A21B_0822,test,DAMIMAS,lnk-19,4,b3,5,b3,0
DAMIMAS_A21B_0822,test,DAMIMAS,lnk-20,5,b3,6,b1,0
DAMIMAS_A21B_0822,test,DAMIMAS,lnk-21,5,b0,6,b0,0
DAMIMAS_A21B_0822,test,DAMIMAS,lnk-22,6,b0,7,b0,0
DAMIMAS_A21B_0822,test,DAMIMAS,lnk-23,5,b2,6,b2,0
DAMIMAS_A21B_0822,test,DAMIMAS,lnk-24,6,b2,7,b1,0
DAMIMAS_A21B_0822,test,DAMIMAS,lnk-25,7,b1,0,b1,0
DAMIMAS_A21B_0823,train,DAMIMAS,lnk-0,0,b3,1,b3,0
DAMIMAS_A21B_0823,train,DAMIMAS,lnk-1,1,b3,2,b4,0
DAMIMAS_A21B_0823,train,DAMIMAS,lnk-2,7,b2,0,b3,0
DAMIMAS_A21B_0823,train,DAMIMAS,lnk-3,0,b0,1,b5,0
DAMIMAS_A21B_0823,train,DAMIMAS,lnk-4,1,b5,2,b1,0
DAMIMAS_A21B_0823,train,DAMIMAS,lnk-5,2,b1,3,b4,0
DAMIMAS_A21B_0823,train,DAMIMAS,lnk-6,0,b1,1,b0,0
DAMIMAS_A21B_0823,train,DAMIMAS,lnk-7,1,b0,2,b5,0
DAMIMAS_A21B_0823,train,DAMIMAS,lnk-8,6,b1,7,b1,0
DAMIMAS_A21B_0823,train,DAMIMAS,lnk-9,7,b1,0,b1,0
DAMIMAS_A21B_0823,train,DAMIMAS,lnk-10,0,b2,1,b1,0
DAMIMAS_A21B_0823,train,DAMIMAS,lnk-11,1,b1,2,b6,0
DAMIMAS_A21B_0823,train,DAMIMAS,lnk-12,0,b6,1,b2,0
DAMIMAS_A21B_0823,train,DAMIMAS,lnk-13,5,b7,6,b3,0
DAMIMAS_A21B_0823,train,DAMIMAS,lnk-14,6,b3,7,b3,0
DAMIMAS_A21B_0823,train,DAMIMAS,lnk-15,7,b3,0,b6,0
DAMIMAS_A21B_0823,train,DAMIMAS,lnk-16,0,b4,1,b6,0
DAMIMAS_A21B_0823,train,DAMIMAS,lnk-17,1,b6,2,b2,0
DAMIMAS_A21B_0823,train,DAMIMAS,lnk-18,2,b2,3,b2,0
DAMIMAS_A21B_0823,train,DAMIMAS,lnk-19,3,b2,4,b1,0
DAMIMAS_A21B_0823,train,DAMIMAS,lnk-20,4,b1,5,b1,0
DAMIMAS_A21B_0823,train,DAMIMAS,lnk-21,5,b1,6,b7,0
DAMIMAS_A21B_0823,train,DAMIMAS,lnk-22,1,b4,2,b3,0
DAMIMAS_A21B_0823,train,DAMIMAS,lnk-23,2,b3,3,b5,0
DAMIMAS_A21B_0823,train,DAMIMAS,lnk-24,2,b0,3,b0,0
DAMIMAS_A21B_0823,train,DAMIMAS,lnk-25,3,b0,4,b0,0
DAMIMAS_A21B_0823,train,DAMIMAS,lnk-26,4,b0,5,b0,0
DAMIMAS_A21B_0823,train,DAMIMAS,lnk-27,5,b0,6,b8,0
DAMIMAS_A21B_0823,train,DAMIMAS,lnk-28,3,b3,4,b6,0
DAMIMAS_A21B_0823,train,DAMIMAS,lnk-29,4,b6,5,b3,0
DAMIMAS_A21B_0823,train,DAMIMAS,lnk-30,5,b3,6,b6,0
DAMIMAS_A21B_0823,train,DAMIMAS,lnk-31,3,b1,4,b3,0
DAMIMAS_A21B_0823,train,DAMIMAS,lnk-32,4,b3,5,b2,0
DAMIMAS_A21B_0823,train,DAMIMAS,lnk-33,5,b2,6,b5,0
DAMIMAS_A21B_0823,train,DAMIMAS,lnk-34,6,b5,7,b5,0
DAMIMAS_A21B_0823,train,DAMIMAS,lnk-35,4,b5,5,b4,0
DAMIMAS_A21B_0823,train,DAMIMAS,lnk-36,5,b4,6,b4,0
DAMIMAS_A21B_0823,train,DAMIMAS,lnk-37,4,b4,5,b5,0
DAMIMAS_A21B_0823,train,DAMIMAS,lnk-38,5,b5,6,b2,0
DAMIMAS_A21B_0823,train,DAMIMAS,lnk-39,6,b2,7,b4,0
DAMIMAS_A21B_0823,train,DAMIMAS,lnk-40,7,b4,0,b5,0
DAMIMAS_A21B_0823,train,DAMIMAS,lnk-41,5,b6,6,b0,0
DAMIMAS_A21B_0823,train,DAMIMAS,lnk-42,6,b0,7,b0,0
DAMIMAS_A21B_0824,val,DAMIMAS,lnk-0,0,b1,1,b2,0
DAMIMAS_A21B_0824,val,DAMIMAS,lnk-1,1,b2,2,b3,0
DAMIMAS_A21B_0824,val,DAMIMAS,lnk-2,2,b3,3,b2,0
DAMIMAS_A21B_0824,val,DAMIMAS,lnk-3,3,b2,4,b4,0
DAMIMAS_A21B_0824,val,DAMIMAS,lnk-4,7,b5,0,b1,0
DAMIMAS_A21B_0824,val,DAMIMAS,lnk-5,0,b3,1,b4,0
DAMIMAS_A21B_0824,val,DAMIMAS,lnk-6,1,b4,2,b2,0
DAMIMAS_A21B_0824,val,DAMIMAS,lnk-7,0,b0,1,b1,0
DAMIMAS_A21B_0824,val,DAMIMAS,lnk-8,1,b1,2,b4,0
DAMIMAS_A21B_0824,val,DAMIMAS,lnk-9,2,b4,3,b3,0
DAMIMAS_A21B_0824,val,DAMIMAS,lnk-10,3,b3,4,b3,0
DAMIMAS_A21B_0824,val,DAMIMAS,lnk-11,5,b3,6,b0,0
DAMIMAS_A21B_0824,val,DAMIMAS,lnk-12,6,b0,7,b0,0
DAMIMAS_A21B_0824,val,DAMIMAS,lnk-13,7,b0,0,b0,0
DAMIMAS_A21B_0824,val,DAMIMAS,lnk-14,1,b3,2,b0,0
DAMIMAS_A21B_0824,val,DAMIMAS,lnk-15,2,b0,3,b0,0
DAMIMAS_A21B_0824,val,DAMIMAS,lnk-16,3,b0,4,b1,0
DAMIMAS_A21B_0824,val,DAMIMAS,lnk-17,4,b1,5,b2,0
DAMIMAS_A21B_0824,val,DAMIMAS,lnk-18,2,b1,3,b1,0
DAMIMAS_A21B_0824,val,DAMIMAS,lnk-19,3,b1,4,b2,0
DAMIMAS_A21B_0824,val,DAMIMAS,lnk-20,4,b2,5,b1,0
DAMIMAS_A21B_0824,val,DAMIMAS,lnk-21,5,b1,6,b4,0
DAMIMAS_A21B_0824,val,DAMIMAS,lnk-22,3,b4,4,b0,0
DAMIMAS_A21B_0824,val,DAMIMAS,lnk-23,4,b0,5,b0,0
DAMIMAS_A21B_0824,val,DAMIMAS,lnk-24,5,b0,6,b3,0
DAMIMAS_A21B_0824,val,DAMIMAS,lnk-25,6,b3,7,b2,0
DAMIMAS_A21B_0824,val,DAMIMAS,lnk-26,5,b5,6,b2,0
DAMIMAS_A21B_0824,val,DAMIMAS,lnk-27,6,b2,7,b3,0
DAMIMAS_A21B_0824,val,DAMIMAS,lnk-28,5,b4,6,b1,0
DAMIMAS_A21B_0824,val,DAMIMAS,lnk-29,6,b1,7,b1,0
DAMIMAS_A21B_0824,val,DAMIMAS,lnk-30,7,b4,0,b2,0
DAMIMAS_A21B_0825,val,DAMIMAS,lnk-0,0,b1,1,b2,0
DAMIMAS_A21B_0825,val,DAMIMAS,lnk-1,7,b4,0,b1,0
DAMIMAS_A21B_0825,val,DAMIMAS,lnk-2,0,b2,1,b0,0
DAMIMAS_A21B_0825,val,DAMIMAS,lnk-3,1,b0,2,b0,0
DAMIMAS_A21B_0825,val,DAMIMAS,lnk-4,1,b1,2,b1,0
DAMIMAS_A21B_0825,val,DAMIMAS,lnk-5,2,b1,3,b1,0
DAMIMAS_A21B_0825,val,DAMIMAS,lnk-6,3,b1,4,b1,0
DAMIMAS_A21B_0825,val,DAMIMAS,lnk-7,3,b2,4,b0,0
DAMIMAS_A21B_0825,val,DAMIMAS,lnk-8,4,b0,5,b0,0
DAMIMAS_A21B_0825,val,DAMIMAS,lnk-9,3,b3,4,b2,0
DAMIMAS_A21B_0825,val,DAMIMAS,lnk-10,4,b3,5,b1,0
DAMIMAS_A21B_0825,val,DAMIMAS,lnk-11,5,b2,6,b2,0
DAMIMAS_A21B_0825,val,DAMIMAS,lnk-12,5,b3,6,b0,0
DAMIMAS_A21B_0825,val,DAMIMAS,lnk-13,6,b0,7,b0,0
DAMIMAS_A21B_0825,val,DAMIMAS,lnk-14,7,b0,0,b0,0
DAMIMAS_A21B_0825,val,DAMIMAS,lnk-15,6,b1,7,b1,0
DAMIMAS_A21B_0825,val,DAMIMAS,lnk-16,6,b3,7,b2,0
DAMIMAS_A21B_0826,val,DAMIMAS,lnk-0,0,b2,1,b0,0
DAMIMAS_A21B_0826,val,DAMIMAS,lnk-1,7,b1,0,b2,0
DAMIMAS_A21B_0826,val,DAMIMAS,lnk-2,0,b0,1,b1,0
DAMIMAS_A21B_0826,val,DAMIMAS,lnk-3,0,b1,1,b2,0
DAMIMAS_A21B_0826,val,DAMIMAS,lnk-4,1,b2,2,b0,0
DAMIMAS_A21B_0826,val,DAMIMAS,lnk-5,2,b0,3,b0,0
DAMIMAS_A21B_0826,val,DAMIMAS,lnk-6,2,b1,3,b1,0
DAMIMAS_A21B_0826,val,DAMIMAS,lnk-7,3,b1,4,b1,0
DAMIMAS_A21B_0826,val,DAMIMAS,lnk-8,4,b1,5,b2,0
DAMIMAS_A21B_0826,val,DAMIMAS,lnk-9,3,b2,4,b0,0
DAMIMAS_A21B_0826,val,DAMIMAS,lnk-10,4,b0,5,b1,0
DAMIMAS_A21B_0826,val,DAMIMAS,lnk-11,5,b1,6,b1,0
DAMIMAS_A21B_0826,val,DAMIMAS,lnk-12,6,b1,7,b2,0
DAMIMAS_A21B_0826,val,DAMIMAS,lnk-13,5,b0,6,b0,0
DAMIMAS_A21B_0826,val,DAMIMAS,lnk-14,6,b0,7,b0,0
DAMIMAS_A21B_0827,train,DAMIMAS,lnk-0,0,b3,1,b2,0
DAMIMAS_A21B_0827,train,DAMIMAS,lnk-1,1,b2,2,b0,0
DAMIMAS_A21B_0827,train,DAMIMAS,lnk-2,7,b5,0,b3,0
DAMIMAS_A21B_0827,train,DAMIMAS,lnk-3,0,b5,1,b0,0
DAMIMAS_A21B_0827,train,DAMIMAS,lnk-4,1,b0,2,b3,0
DAMIMAS_A21B_0827,train,DAMIMAS,lnk-5,2,b3,3,b2,0
DAMIMAS_A21B_0827,train,DAMIMAS,lnk-6,3,b2,4,b1,0
DAMIMAS_A21B_0827,train,DAMIMAS,lnk-7,0,b4,1,b1,0
DAMIMAS_A21B_0827,train,DAMIMAS,lnk-8,1,b1,2,b1,0
DAMIMAS_A21B_0827,train,DAMIMAS,lnk-9,2,b1,3,b4,0
DAMIMAS_A21B_0827,train,DAMIMAS,lnk-10,3,b4,4,b2,0
DAMIMAS_A21B_0827,train,DAMIMAS,lnk-11,4,b2,5,b2,0
DAMIMAS_A21B_0827,train,DAMIMAS,lnk-12,0,b0,1,b3,0
DAMIMAS_A21B_0827,train,DAMIMAS,lnk-13,6,b3,7,b1,0
DAMIMAS_A21B_0827,train,DAMIMAS,lnk-14,7,b1,0,b0,0
DAMIMAS_A21B_0827,train,DAMIMAS,lnk-15,0,b2,1,b4,0
DAMIMAS_A21B_0827,train,DAMIMAS,lnk-16,5,b5,6,b2,0
DAMIMAS_A21B_0827,train,DAMIMAS,lnk-17,6,b2,7,b2,0
DAMIMAS_A21B_0827,train,DAMIMAS,lnk-18,7,b2,0,b2,0
DAMIMAS_A21B_0827,train,DAMIMAS,lnk-19,2,b4,3,b0,0
DAMIMAS_A21B_0827,train,DAMIMAS,lnk-20,3,b0,4,b0,0
DAMIMAS_A21B_0827,train,DAMIMAS,lnk-21,4,b0,5,b0,0
DAMIMAS_A21B_0827,train,DAMIMAS,lnk-22,5,b0,6,b0,0
DAMIMAS_A21B_0827,train,DAMIMAS,lnk-23,3,b3,4,b4,0
DAMIMAS_A21B_0827,train,DAMIMAS,lnk-24,4,b4,5,b1,0
DAMIMAS_A21B_0827,train,DAMIMAS,lnk-25,5,b1,6,b5,0
DAMIMAS_A21B_0827,train,DAMIMAS,lnk-26,3,b1,4,b3,0
DAMIMAS_A21B_0827,train,DAMIMAS,lnk-27,4,b3,5,b4,0
DAMIMAS_A21B_0827,train,DAMIMAS,lnk-28,5,b4,6,b1,0
DAMIMAS_A21B_0827,train,DAMIMAS,lnk-29,6,b1,7,b0,0
DAMIMAS_A21B_0828,train,DAMIMAS,lnk-0,0,b3,1,b1,0
DAMIMAS_A21B_0828,train,DAMIMAS,lnk-1,1,b1,2,b4,0
DAMIMAS_A21B_0828,train,DAMIMAS,lnk-2,7,b3,0,b3,0
DAMIMAS_A21B_0828,train,DAMIMAS,lnk-3,0,b0,1,b3,0
DAMIMAS_A21B_0828,train,DAMIMAS,lnk-4,5,b3,6,b4,0
DAMIMAS_A21B_0828,train,DAMIMAS,lnk-5,6,b4,7,b2,0
DAMIMAS_A21B_0828,train,DAMIMAS,lnk-6,7,b2,0,b0,0
DAMIMAS_A21B_0828,train,DAMIMAS,lnk-7,0,b6,1,b2,0
DAMIMAS_A21B_0828,train,DAMIMAS,lnk-8,7,b4,0,b6,0
DAMIMAS_A21B_0828,train,DAMIMAS,lnk-9,0,b4,1,b4,0
DAMIMAS_A21B_0828,train,DAMIMAS,lnk-10,1,b4,2,b3,0
DAMIMAS_A21B_0828,train,DAMIMAS,lnk-11,2,b3,3,b2,0
DAMIMAS_A21B_0828,train,DAMIMAS,lnk-12,0,b5,1,b0,0
DAMIMAS_A21B_0828,train,DAMIMAS,lnk-13,1,b0,2,b0,0
DAMIMAS_A21B_0828,train,DAMIMAS,lnk-14,2,b0,3,b1,0
DAMIMAS_A21B_0828,train,DAMIMAS,lnk-15,2,b1,3,b0,0
DAMIMAS_A21B_0828,train,DAMIMAS,lnk-16,2,b2,3,b4,0
DAMIMAS_A21B_0828,train,DAMIMAS,lnk-17,3,b4,4,b5,0
DAMIMAS_A21B_0828,train,DAMIMAS,lnk-18,3,b5,4,b2,0
DAMIMAS_A21B_0828,train,DAMIMAS,lnk-19,4,b2,5,b6,0
DAMIMAS_A21B_0828,train,DAMIMAS,lnk-20,3,b6,4,b4,0
DAMIMAS_A21B_0828,train,DAMIMAS,lnk-21,4,b4,5,b5,0
DAMIMAS_A21B_0828,train,DAMIMAS,lnk-22,4,b0,5,b0,0
DAMIMAS_A21B_0828,train,DAMIMAS,lnk-23,5,b0,6,b0,0
DAMIMAS_A21B_0828,train,DAMIMAS,lnk-24,6,b0,7,b5,0
DAMIMAS_A21B_0828,train,DAMIMAS,lnk-25,4,b3,5,b4,0
DAMIMAS_A21B_0828,train,DAMIMAS,lnk-26,4,b1,5,b2,0
DAMIMAS_A21B_0828,train,DAMIMAS,lnk-27,5,b2,6,b2,0
DAMIMAS_A21B_0828,train,DAMIMAS,lnk-28,6,b2,7,b1,0
DAMIMAS_A21B_0828,train,DAMIMAS,lnk-29,7,b1,0,b1,0
DAMIMAS_A21B_0828,train,DAMIMAS,lnk-30,5,b1,6,b1,0
DAMIMAS_A21B_0828,train,DAMIMAS,lnk-31,6,b1,7,b0,0
DAMIMAS_A21B_0828,train,DAMIMAS,lnk-32,7,b0,0,b2,0
DAMIMAS_A21B_0829,val,DAMIMAS,lnk-0,0,b0,1,b0,0
DAMIMAS_A21B_0829,val,DAMIMAS,lnk-1,1,b0,2,b0,0
DAMIMAS_A21B_0829,val,DAMIMAS,lnk-2,7,b3,0,b0,0
DAMIMAS_A21B_0829,val,DAMIMAS,lnk-3,0,b3,1,b3,0
DAMIMAS_A21B_0829,val,DAMIMAS,lnk-4,6,b3,7,b2,0
DAMIMAS_A21B_0829,val,DAMIMAS,lnk-5,7,b2,0,b3,0
DAMIMAS_A21B_0829,val,DAMIMAS,lnk-6,0,b1,1,b1,0
DAMIMAS_A21B_0829,val,DAMIMAS,lnk-7,1,b1,2,b2,0
DAMIMAS_A21B_0829,val,DAMIMAS,lnk-8,2,b2,3,b3,0
DAMIMAS_A21B_0829,val,DAMIMAS,lnk-9,0,b4,1,b2,0
DAMIMAS_A21B_0829,val,DAMIMAS,lnk-10,1,b2,2,b1,0
DAMIMAS_A21B_0829,val,DAMIMAS,lnk-11,2,b1,3,b1,0
DAMIMAS_A21B_0829,val,DAMIMAS,lnk-12,3,b1,4,b0,0
DAMIMAS_A21B_0829,val,DAMIMAS,lnk-13,3,b2,4,b1,0
DAMIMAS_A21B_0829,val,DAMIMAS,lnk-14,3,b4,4,b2,0
DAMIMAS_A21B_0829,val,DAMIMAS,lnk-15,3,b0,4,b3,0
DAMIMAS_A21B_0829,val,DAMIMAS,lnk-16,5,b0,6,b0,0
DAMIMAS_A21B_0829,val,DAMIMAS,lnk-17,6,b0,7,b0,0
DAMIMAS_A21B_0829,val,DAMIMAS,lnk-18,6,b1,7,b4,0
DAMIMAS_A21B_0829,val,DAMIMAS,lnk-19,6,b2,7,b1,0
DAMIMAS_A21B_0829,val,DAMIMAS,lnk-20,7,b1,0,b2,0
DAMIMAS_A21B_0829,val,DAMIMAS,lnk-21,6,b4,7,b5,0
DAMIMAS_A21B_0830,train,DAMIMAS,lnk-0,0,b0,1,b0,0
DAMIMAS_A21B_0830,train,DAMIMAS,lnk-1,1,b0,2,b1,0
DAMIMAS_A21B_0830,train,DAMIMAS,lnk-2,2,b1,3,b1,0
DAMIMAS_A21B_0830,train,DAMIMAS,lnk-3,3,b1,4,b4,0
DAMIMAS_A21B_0830,train,DAMIMAS,lnk-4,0,b2,1,b1,0
DAMIMAS_A21B_0830,train,DAMIMAS,lnk-5,6,b3,7,b3,0
DAMIMAS_A21B_0830,train,DAMIMAS,lnk-6,7,b3,0,b2,0
DAMIMAS_A21B_0830,train,DAMIMAS,lnk-7,1,b3,2,b2,0
DAMIMAS_A21B_0830,train,DAMIMAS,lnk-8,2,b2,3,b2,0
DAMIMAS_A21B_0830,train,DAMIMAS,lnk-9,2,b3,3,b3,0
DAMIMAS_A21B_0830,train,DAMIMAS,lnk-10,3,b3,4,b1,0
DAMIMAS_A21B_0830,train,DAMIMAS,lnk-11,2,b0,3,b0,0
DAMIMAS_A21B_0830,train,DAMIMAS,lnk-12,3,b0,4,b0,0
DAMIMAS_A21B_0830,train,DAMIMAS,lnk-13,4,b0,5,b0,0
DAMIMAS_A21B_0830,train,DAMIMAS,lnk-14,4,b3,5,b1,0
DAMIMAS_A21B_0830,train,DAMIMAS,lnk-15,5,b1,6,b1,0
DAMIMAS_A21B_0830,train,DAMIMAS,lnk-16,6,b1,7,b1,0
DAMIMAS_A21B_0830,train,DAMIMAS,lnk-17,4,b2,5,b2,0
DAMIMAS_A21B_0830,train,DAMIMAS,lnk-18,5,b4,6,b0,0
DAMIMAS_A21B_0830,train,DAMIMAS,lnk-19,6,b0,7,b0,0
DAMIMAS_A21B_0830,train,DAMIMAS,lnk-20,7,b0,0,b1,0
DAMIMAS_A21B_0830,train,DAMIMAS,lnk-21,5,b3,6,b2,0
DAMIMAS_A21B_0830,train,DAMIMAS,lnk-22,6,b2,7,b2,0
DAMIMAS_A21B_0831,train,DAMIMAS,lnk-0,0,b0,1,b0,0
DAMIMAS_A21B_0831,train,DAMIMAS,lnk-1,1,b0,2,b0,0
DAMIMAS_A21B_0831,train,DAMIMAS,lnk-2,2,b0,3,b1,0
DAMIMAS_A21B_0831,train,DAMIMAS,lnk-3,0,b1,1,b5,0
DAMIMAS_A21B_0831,train,DAMIMAS,lnk-4,6,b5,7,b3,0
DAMIMAS_A21B_0831,train,DAMIMAS,lnk-5,7,b3,0,b1,0
DAMIMAS_A21B_0831,train,DAMIMAS,lnk-6,0,b3,1,b3,0
DAMIMAS_A21B_0831,train,DAMIMAS,lnk-7,1,b3,2,b2,0
DAMIMAS_A21B_0831,train,DAMIMAS,lnk-8,7,b4,0,b3,0
DAMIMAS_A21B_0831,train,DAMIMAS,lnk-9,0,b2,1,b4,0
DAMIMAS_A21B_0831,train,DAMIMAS,lnk-10,6,b6,7,b5,0
DAMIMAS_A21B_0831,train,DAMIMAS,lnk-11,7,b5,0,b2,0
DAMIMAS_A21B_0831,train,DAMIMAS,lnk-12,0,b4,1,b2,0
DAMIMAS_A21B_0831,train,DAMIMAS,lnk-13,1,b2,2,b1,0
DAMIMAS_A21B_0831,train,DAMIMAS,lnk-14,2,b1,3,b2,0
DAMIMAS_A21B_0831,train,DAMIMAS,lnk-15,3,b2,4,b6,0
DAMIMAS_A21B_0831,train,DAMIMAS,lnk-16,1,b1,2,b4,0
DAMIMAS_A21B_0831,train,DAMIMAS,lnk-17,2,b4,3,b0,0
DAMIMAS_A21B_0831,train,DAMIMAS,lnk-18,3,b0,4,b0,0
DAMIMAS_A21B_0831,train,DAMIMAS,lnk-19,4,b0,5,b5,0
DAMIMAS_A21B_0831,train,DAMIMAS,lnk-20,2,b3,3,b3,0
DAMIMAS_A21B_0831,train,DAMIMAS,lnk-21,3,b3,4,b5,0
DAMIMAS_A21B_0831,train,DAMIMAS,lnk-22,4,b5,5,b2,0
DAMIMAS_A21B_0831,train,DAMIMAS,lnk-23,5,b2,6,b3,0
DAMIMAS_A21B_0831,train,DAMIMAS,lnk-24,2,b5,3,b5,0
DAMIMAS_A21B_0831,train,DAMIMAS,lnk-25,3,b5,4,b1,0
DAMIMAS_A21B_0831,train,DAMIMAS,lnk-26,4,b1,5,b6,0
DAMIMAS_A21B_0831,train,DAMIMAS,lnk-27,3,b4,4,b2,0
DAMIMAS_A21B_0831,train,DAMIMAS,lnk-28,4,b2,5,b1,0
DAMIMAS_A21B_0831,train,DAMIMAS,lnk-29,5,b1,6,b1,0
DAMIMAS_A21B_0831,train,DAMIMAS,lnk-30,4,b3,5,b3,0
DAMIMAS_A21B_0831,train,DAMIMAS,lnk-31,5,b3,6,b2,0
DAMIMAS_A21B_0831,train,DAMIMAS,lnk-32,6,b2,7,b1,0
DAMIMAS_A21B_0831,train,DAMIMAS,lnk-33,5,b0,6,b0,0
DAMIMAS_A21B_0831,train,DAMIMAS,lnk-34,6,b0,7,b0,0
DAMIMAS_A21B_0831,train,DAMIMAS,lnk-35,7,b0,0,b6,0
DAMIMAS_A21B_0831,train,DAMIMAS,lnk-36,5,b4,6,b4,0
DAMIMAS_A21B_0831,train,DAMIMAS,lnk-37,6,b4,7,b2,0
DAMIMAS_A21B_0831,train,DAMIMAS,lnk-38,7,b2,0,b5,0
DAMIMAS_A21B_0832,train,DAMIMAS,lnk-0,0,b1,1,b3,0
DAMIMAS_A21B_0832,train,DAMIMAS,lnk-1,1,b3,2,b4,0
DAMIMAS_A21B_0832,train,DAMIMAS,lnk-2,7,b0,0,b1,0
DAMIMAS_A21B_0832,train,DAMIMAS,lnk-3,0,b2,1,b4,0
DAMIMAS_A21B_0832,train,DAMIMAS,lnk-4,7,b3,0,b2,0
DAMIMAS_A21B_0832,train,DAMIMAS,lnk-5,0,b0,1,b2,0
DAMIMAS_A21B_0832,train,DAMIMAS,lnk-6,1,b2,2,b3,0
DAMIMAS_A21B_0832,train,DAMIMAS,lnk-7,2,b3,3,b4,0
DAMIMAS_A21B_0832,train,DAMIMAS,lnk-8,1,b0,2,b2,0
DAMIMAS_A21B_0832,train,DAMIMAS,lnk-9,2,b2,3,b2,0
DAMIMAS_A21B_0832,train,DAMIMAS,lnk-10,3,b2,4,b3,0
DAMIMAS_A21B_0832,train,DAMIMAS,lnk-11,1,b1,2,b1,0
DAMIMAS_A21B_0832,train,DAMIMAS,lnk-12,2,b1,3,b3,0
DAMIMAS_A21B_0832,train,DAMIMAS,lnk-13,2,b0,3,b0,0
DAMIMAS_A21B_0832,train,DAMIMAS,lnk-14,3,b0,4,b2,0
DAMIMAS_A21B_0832,train,DAMIMAS,lnk-15,4,b2,5,b2,0
DAMIMAS_A21B_0832,train,DAMIMAS,lnk-16,3,b1,4,b1,0
DAMIMAS_A21B_0832,train,DAMIMAS,lnk-17,4,b1,5,b1,0
DAMIMAS_A21B_0832,train,DAMIMAS,lnk-18,5,b1,6,b3,0
DAMIMAS_A21B_0832,train,DAMIMAS,lnk-19,4,b0,5,b0,0
DAMIMAS_A21B_0832,train,DAMIMAS,lnk-20,5,b0,6,b2,0
DAMIMAS_A21B_0832,train,DAMIMAS,lnk-21,6,b2,7,b4,0
DAMIMAS_A21B_0832,train,DAMIMAS,lnk-22,5,b4,6,b1,0
DAMIMAS_A21B_0832,train,DAMIMAS,lnk-23,6,b1,7,b2,0
DAMIMAS_A21B_0832,train,DAMIMAS,lnk-24,5,b3,6,b0,0
DAMIMAS_A21B_0832,train,DAMIMAS,lnk-25,6,b0,7,b1,0
DAMIMAS_A21B_0832,train,DAMIMAS,lnk-26,7,b1,0,b3,0
DAMIMAS_A21B_0833,train,DAMIMAS,lnk-0,0,b0,1,b1,0
DAMIMAS_A21B_0833,train,DAMIMAS,lnk-1,0,b2,1,b0,0
DAMIMAS_A21B_0833,train,DAMIMAS,lnk-2,1,b0,2,b0,0
DAMIMAS_A21B_0833,train,DAMIMAS,lnk-3,2,b0,3,b0,0
DAMIMAS_A21B_0833,train,DAMIMAS,lnk-4,3,b0,4,b3,0
DAMIMAS_A21B_0833,train,DAMIMAS,lnk-5,2,b1,3,b1,0
DAMIMAS_A21B_0833,train,DAMIMAS,lnk-6,3,b1,4,b2,0
DAMIMAS_A21B_0833,train,DAMIMAS,lnk-7,3,b2,4,b1,0
DAMIMAS_A21B_0833,train,DAMIMAS,lnk-8,4,b1,5,b2,0
DAMIMAS_A21B_0833,train,DAMIMAS,lnk-9,4,b0,5,b0,0
DAMIMAS_A21B_0833,train,DAMIMAS,lnk-10,5,b0,6,b0,0
DAMIMAS_A21B_0833,train,DAMIMAS,lnk-11,6,b0,7,b1,0
DAMIMAS_A21B_0833,train,DAMIMAS,lnk-12,5,b1,6,b1,0
DAMIMAS_A21B_0833,train,DAMIMAS,lnk-13,6,b1,7,b2,0
DAMIMAS_A21B_0833,train,DAMIMAS,lnk-14,7,b0,0,b1,0
DAMIMAS_A21B_0834,train,DAMIMAS,lnk-0,0,b0,1,b0,0
DAMIMAS_A21B_0834,train,DAMIMAS,lnk-1,1,b0,2,b5,0
DAMIMAS_A21B_0834,train,DAMIMAS,lnk-2,7,b0,0,b0,0
DAMIMAS_A21B_0834,train,DAMIMAS,lnk-3,0,b3,1,b4,0
DAMIMAS_A21B_0834,train,DAMIMAS,lnk-4,1,b4,2,b6,0
DAMIMAS_A21B_0834,train,DAMIMAS,lnk-5,7,b2,0,b3,0
DAMIMAS_A21B_0834,train,DAMIMAS,lnk-6,0,b2,1,b1,0
DAMIMAS_A21B_0834,train,DAMIMAS,lnk-7,1,b1,2,b0,0
DAMIMAS_A21B_0834,train,DAMIMAS,lnk-8,2,b0,3,b4,0
DAMIMAS_A21B_0834,train,DAMIMAS,lnk-9,3,b4,4,b4,0
DAMIMAS_A21B_0834,train,DAMIMAS,lnk-10,0,b5,1,b3,0
DAMIMAS_A21B_0834,train,DAMIMAS,lnk-11,1,b3,2,b3,0
DAMIMAS_A21B_0834,train,DAMIMAS,lnk-12,2,b3,3,b2,0
DAMIMAS_A21B_0834,train,DAMIMAS,lnk-13,3,b2,4,b5,0
DAMIMAS_A21B_0834,train,DAMIMAS,lnk-14,0,b4,1,b2,0
DAMIMAS_A21B_0834,train,DAMIMAS,lnk-15,1,b2,2,b2,0
DAMIMAS_A21B_0834,train,DAMIMAS,lnk-16,2,b1,3,b3,0
DAMIMAS_A21B_0834,train,DAMIMAS,lnk-17,3,b3,4,b3,0
DAMIMAS_A21B_0834,train,DAMIMAS,lnk-18,2,b4,3,b1,0
DAMIMAS_A21B_0834,train,DAMIMAS,lnk-19,3,b1,4,b1,0
DAMIMAS_A21B_0834,train,DAMIMAS,lnk-20,4,b1,5,b1,0
DAMIMAS_A21B_0834,train,DAMIMAS,lnk-21,3,b0,4,b0,0
DAMIMAS_A21B_0834,train,DAMIMAS,lnk-22,4,b0,5,b0,0
DAMIMAS_A21B_0834,train,DAMIMAS,lnk-23,4,b6,5,b2,0
DAMIMAS_A21B_0834,train,DAMIMAS,lnk-24,5,b2,6,b4,0
DAMIMAS_A21B_0834,train,DAMIMAS,lnk-25,4,b2,5,b4,0
DAMIMAS_A21B_0834,train,DAMIMAS,lnk-26,5,b4,6,b2,0
DAMIMAS_A21B_0834,train,DAMIMAS,lnk-27,6,b0,7,b1,0
DAMIMAS_A21B_0834,train,DAMIMAS,lnk-28,7,b1,0,b1,0
DAMIMAS_A21B_0834,train,DAMIMAS,lnk-29,6,b3,7,b4,0
DAMIMAS_A21B_0834,train,DAMIMAS,lnk-30,6,b1,7,b3,0
DAMIMAS_A21B_0835,train,DAMIMAS,lnk-0,0,b2,1,b4,0
DAMIMAS_A21B_0835,train,DAMIMAS,lnk-1,5,b3,6,b3,0
DAMIMAS_A21B_0835,train,DAMIMAS,lnk-2,6,b3,7,b1,0
DAMIMAS_A21B_0835,train,DAMIMAS,lnk-3,7,b1,0,b2,0
DAMIMAS_A21B_0835,train,DAMIMAS,lnk-4,0,b1,1,b3,0
DAMIMAS_A21B_0835,train,DAMIMAS,lnk-5,1,b3,2,b4,0
DAMIMAS_A21B_0835,train,DAMIMAS,lnk-6,6,b0,7,b0,0
DAMIMAS_A21B_0835,train,DAMIMAS,lnk-7,7,b0,0,b1,0
DAMIMAS_A21B_0835,train,DAMIMAS,lnk-8,0,b4,1,b2,0
DAMIMAS_A21B_0835,train,DAMIMAS,lnk-9,0,b0,1,b1,0
DAMIMAS_A21B_0835,train,DAMIMAS,lnk-10,1,b1,2,b3,0
DAMIMAS_A21B_0835,train,DAMIMAS,lnk-11,2,b3,3,b3,0
DAMIMAS_A21B_0835,train,DAMIMAS,lnk-12,1,b0,2,b0,0
DAMIMAS_A21B_0835,train,DAMIMAS,lnk-13,2,b0,3,b2,0
DAMIMAS_A21B_0835,train,DAMIMAS,lnk-14,2,b2,3,b4,0
DAMIMAS_A21B_0835,train,DAMIMAS,lnk-15,2,b1,3,b1,0
DAMIMAS_A21B_0835,train,DAMIMAS,lnk-16,3,b1,4,b3,0
DAMIMAS_A21B_0835,train,DAMIMAS,lnk-17,3,b5,4,b4,0
DAMIMAS_A21B_0835,train,DAMIMAS,lnk-18,3,b0,4,b0,0
DAMIMAS_A21B_0835,train,DAMIMAS,lnk-19,4,b2,5,b2,0
DAMIMAS_A21B_0835,train,DAMIMAS,lnk-20,4,b1,5,b1,0
DAMIMAS_A21B_0835,train,DAMIMAS,lnk-21,5,b1,6,b4,0
DAMIMAS_A21B_0835,train,DAMIMAS,lnk-22,5,b0,6,b2,0
DAMIMAS_A21B_0835,train,DAMIMAS,lnk-23,6,b2,7,b5,0
DAMIMAS_A21B_0836,train,DAMIMAS,lnk-0,0,b0,1,b0,0
DAMIMAS_A21B_0836,train,DAMIMAS,lnk-1,1,b0,2,b0,0
DAMIMAS_A21B_0836,train,DAMIMAS,lnk-2,2,b0,3,b0,0
DAMIMAS_A21B_0836,train,DAMIMAS,lnk-3,0,b4,1,b1,0
DAMIMAS_A21B_0836,train,DAMIMAS,lnk-4,1,b1,2,b1,0
DAMIMAS_A21B_0836,train,DAMIMAS,lnk-5,7,b1,0,b4,0
DAMIMAS_A21B_0836,train,DAMIMAS,lnk-6,0,b3,1,b3,0
DAMIMAS_A21B_0836,train,DAMIMAS,lnk-7,6,b1,7,b2,0
DAMIMAS_A21B_0836,train,DAMIMAS,lnk-8,7,b2,0,b3,0
DAMIMAS_A21B_0836,train,DAMIMAS,lnk-9,0,b1,1,b2,0
DAMIMAS_A21B_0836,train,DAMIMAS,lnk-10,5,b0,6,b0,0
DAMIMAS_A21B_0836,train,DAMIMAS,lnk-11,6,b0,7,b0,0
DAMIMAS_A21B_0836,train,DAMIMAS,lnk-12,7,b0,0,b1,0
DAMIMAS_A21B_0836,train,DAMIMAS,lnk-13,0,b5,1,b4,0
DAMIMAS_A21B_0836,train,DAMIMAS,lnk-14,1,b4,2,b2,0
DAMIMAS_A21B_0836,train,DAMIMAS,lnk-15,2,b2,3,b3,0
DAMIMAS_A21B_0836,train,DAMIMAS,lnk-16,3,b3,4,b1,0
DAMIMAS_A21B_0836,train,DAMIMAS,lnk-17,2,b3,3,b1,0
DAMIMAS_A21B_0836,train,DAMIMAS,lnk-18,3,b1,4,b0,0
DAMIMAS_A21B_0836,train,DAMIMAS,lnk-19,4,b0,5,b2,0
DAMIMAS_A21B_0836,train,DAMIMAS,lnk-20,5,b2,6,b4,0
DAMIMAS_A21B_0836,train,DAMIMAS,lnk-21,3,b2,4,b2,0
DAMIMAS_A21B_0836,train,DAMIMAS,lnk-22,4,b2,5,b3,0
DAMIMAS_A21B_0836,train,DAMIMAS,lnk-23,5,b3,6,b3,0
DAMIMAS_A21B_0836,train,DAMIMAS,lnk-24,4,b3,5,b1,0
DAMIMAS_A21B_0836,train,DAMIMAS,lnk-25,5,b1,6,b2,0
DAMIMAS_A21B_0836,train,DAMIMAS,lnk-26,6,b2,7,b3,0
DAMIMAS_A21B_0837,train,DAMIMAS,lnk-0,0,b0,1,b0,0
DAMIMAS_A21B_0837,train,DAMIMAS,lnk-1,1,b0,2,b0,0
DAMIMAS_A21B_0837,train,DAMIMAS,lnk-2,2,b0,3,b0,0
DAMIMAS_A21B_0837,train,DAMIMAS,lnk-3,0,b1,1,b2,0
DAMIMAS_A21B_0837,train,DAMIMAS,lnk-4,1,b2,2,b2,0
DAMIMAS_A21B_0837,train,DAMIMAS,lnk-5,6,b1,7,b1,0
DAMIMAS_A21B_0837,train,DAMIMAS,lnk-6,7,b1,0,b1,0
DAMIMAS_A21B_0837,train,DAMIMAS,lnk-7,0,b2,1,b1,0
DAMIMAS_A21B_0837,train,DAMIMAS,lnk-8,1,b3,2,b1,0
DAMIMAS_A21B_0837,train,DAMIMAS,lnk-9,2,b1,3,b1,0
DAMIMAS_A21B_0837,train,DAMIMAS,lnk-10,3,b1,4,b2,0
DAMIMAS_A21B_0837,train,DAMIMAS,lnk-11,3,b2,4,b3,0
DAMIMAS_A21B_0837,train,DAMIMAS,lnk-12,4,b3,5,b2,0
DAMIMAS_A21B_0837,train,DAMIMAS,lnk-13,5,b2,6,b3,0
DAMIMAS_A21B_0837,train,DAMIMAS,lnk-14,3,b3,4,b0,0
DAMIMAS_A21B_0837,train,DAMIMAS,lnk-15,4,b0,5,b1,0
DAMIMAS_A21B_0837,train,DAMIMAS,lnk-16,4,b1,5,b0,0
DAMIMAS_A21B_0837,train,DAMIMAS,lnk-17,5,b0,6,b0,0
DAMIMAS_A21B_0837,train,DAMIMAS,lnk-18,6,b0,7,b0,0
DAMIMAS_A21B_0837,train,DAMIMAS,lnk-19,7,b0,0,b3,0
DAMIMAS_A21B_0837,train,DAMIMAS,lnk-20,5,b3,6,b2,0
DAMIMAS_A21B_0837,train,DAMIMAS,lnk-21,6,b4,7,b2,0
DAMIMAS_A21B_0838,train,DAMIMAS,lnk-0,0,b1,1,b0,0
DAMIMAS_A21B_0838,train,DAMIMAS,lnk-1,5,b2,6,b4,0
DAMIMAS_A21B_0838,train,DAMIMAS,lnk-2,6,b4,7,b1,0
DAMIMAS_A21B_0838,train,DAMIMAS,lnk-3,7,b1,0,b1,0
DAMIMAS_A21B_0838,train,DAMIMAS,lnk-4,0,b2,1,b1,0
DAMIMAS_A21B_0838,train,DAMIMAS,lnk-5,1,b1,2,b2,0
DAMIMAS_A21B_0838,train,DAMIMAS,lnk-6,7,b2,0,b2,0
DAMIMAS_A21B_0838,train,DAMIMAS,lnk-7,1,b4,2,b4,0
DAMIMAS_A21B_0838,train,DAMIMAS,lnk-8,2,b4,3,b0,0
DAMIMAS_A21B_0838,train,DAMIMAS,lnk-9,1,b2,2,b1,0
DAMIMAS_A21B_0838,train,DAMIMAS,lnk-10,2,b1,3,b1,0
DAMIMAS_A21B_0838,train,DAMIMAS,lnk-11,3,b1,4,b2,0
DAMIMAS_A21B_0838,train,DAMIMAS,lnk-12,1,b3,2,b0,0
DAMIMAS_A21B_0838,train,DAMIMAS,lnk-13,2,b3,3,b2,0
DAMIMAS_A21B_0838,train,DAMIMAS,lnk-14,3,b2,4,b4,0
DAMIMAS_A21B_0838,train,DAMIMAS,lnk-15,3,b3,4,b0,0
DAMIMAS_A21B_0838,train,DAMIMAS,lnk-16,4,b0,5,b4,0
DAMIMAS_A21B_0838,train,DAMIMAS,lnk-17,5,b4,6,b2,0
DAMIMAS_A21B_0838,train,DAMIMAS,lnk-18,3,b4,4,b5,0
DAMIMAS_A21B_0838,train,DAMIMAS,lnk-19,4,b5,5,b0,0
DAMIMAS_A21B_0838,train,DAMIMAS,lnk-20,4,b1,5,b3,0
DAMIMAS_A21B_0838,train,DAMIMAS,lnk-21,5,b3,6,b1,0
DAMIMAS_A21B_0838,train,DAMIMAS,lnk-22,5,b1,6,b3,0
DAMIMAS_A21B_0838,train,DAMIMAS,lnk-23,6,b3,7,b0,0
DAMIMAS_A21B_0838,train,DAMIMAS,lnk-24,7,b0,0,b0,0
DAMIMAS_A21B_0838,train,DAMIMAS,lnk-25,5,b5,6,b0,0
DAMIMAS_A21B_0839,val,DAMIMAS,lnk-0,0,b0,1,b1,0
DAMIMAS_A21B_0839,val,DAMIMAS,lnk-1,5,b0,6,b0,0
DAMIMAS_A21B_0839,val,DAMIMAS,lnk-2,6,b0,7,b0,0
DAMIMAS_A21B_0839,val,DAMIMAS,lnk-3,7,b0,0,b0,0
DAMIMAS_A21B_0839,val,DAMIMAS,lnk-4,0,b2,1,b0,0
DAMIMAS_A21B_0839,val,DAMIMAS,lnk-5,1,b0,2,b2,0
DAMIMAS_A21B_0839,val,DAMIMAS,lnk-6,2,b2,3,b3,0
DAMIMAS_A21B_0839,val,DAMIMAS,lnk-7,6,b3,7,b2,0
DAMIMAS_A21B_0839,val,DAMIMAS,lnk-8,7,b2,0,b2,0
DAMIMAS_A21B_0839,val,DAMIMAS,lnk-9,0,b4,1,b4,0
DAMIMAS_A21B_0839,val,DAMIMAS,lnk-10,1,b4,2,b3,0
DAMIMAS_A21B_0839,val,DAMIMAS,lnk-11,0,b3,1,b3,0
DAMIMAS_A21B_0839,val,DAMIMAS,lnk-12,1,b3,2,b1,0
DAMIMAS_A21B_0839,val,DAMIMAS,lnk-13,2,b1,3,b1,0
DAMIMAS_A21B_0839,val,DAMIMAS,lnk-14,3,b1,4,b1,0
DAMIMAS_A21B_0839,val,DAMIMAS,lnk-15,4,b1,5,b4,0
DAMIMAS_A21B_0839,val,DAMIMAS,lnk-16,1,b2,2,b0,0
DAMIMAS_A21B_0839,val,DAMIMAS,lnk-17,2,b0,3,b0,0
DAMIMAS_A21B_0839,val,DAMIMAS,lnk-18,3,b0,4,b2,0
DAMIMAS_A21B_0839,val,DAMIMAS,lnk-19,4,b2,5,b3,0
DAMIMAS_A21B_0839,val,DAMIMAS,lnk-20,3,b2,4,b0,0
DAMIMAS_A21B_0839,val,DAMIMAS,lnk-21,4,b0,5,b1,0
DAMIMAS_A21B_0839,val,DAMIMAS,lnk-22,5,b1,6,b1,0
DAMIMAS_A21B_0839,val,DAMIMAS,lnk-23,5,b2,6,b2,0
DAMIMAS_A21B_0839,val,DAMIMAS,lnk-24,6,b2,7,b1,0
DAMIMAS_A21B_0839,val,DAMIMAS,lnk-25,7,b1,0,b1,0
DAMIMAS_A21B_0840,train,DAMIMAS,lnk-0,0,b3,1,b2,0
DAMIMAS_A21B_0840,train,DAMIMAS,lnk-1,1,b2,2,b2,0
DAMIMAS_A21B_0840,train,DAMIMAS,lnk-2,2,b2,3,b4,0
DAMIMAS_A21B_0840,train,DAMIMAS,lnk-3,0,b2,1,b1,0
DAMIMAS_A21B_0840,train,DAMIMAS,lnk-4,0,b0,1,b0,0
DAMIMAS_A21B_0840,train,DAMIMAS,lnk-5,6,b2,7,b0,0
DAMIMAS_A21B_0840,train,DAMIMAS,lnk-6,7,b0,0,b0,0
DAMIMAS_A21B_0840,train,DAMIMAS,lnk-7,0,b4,1,b3,0
DAMIMAS_A21B_0840,train,DAMIMAS,lnk-8,1,b3,2,b1,0
DAMIMAS_A21B_0840,train,DAMIMAS,lnk-9,2,b1,3,b3,0
DAMIMAS_A21B_0840,train,DAMIMAS,lnk-10,3,b3,4,b6,0
DAMIMAS_A21B_0840,train,DAMIMAS,lnk-11,1,b4,2,b0,0
DAMIMAS_A21B_0840,train,DAMIMAS,lnk-12,2,b0,3,b0,0
DAMIMAS_A21B_0840,train,DAMIMAS,lnk-13,3,b0,4,b5,0
DAMIMAS_A21B_0840,train,DAMIMAS,lnk-14,2,b3,3,b2,0
DAMIMAS_A21B_0840,train,DAMIMAS,lnk-15,3,b2,4,b4,0
DAMIMAS_A21B_0840,train,DAMIMAS,lnk-16,2,b4,3,b1,0
DAMIMAS_A21B_0840,train,DAMIMAS,lnk-17,3,b1,4,b3,0
DAMIMAS_A21B_0840,train,DAMIMAS,lnk-18,4,b3,5,b1,0
DAMIMAS_A21B_0840,train,DAMIMAS,lnk-19,4,b0,5,b0,0
DAMIMAS_A21B_0840,train,DAMIMAS,lnk-20,5,b0,6,b0,0
DAMIMAS_A21B_0840,train,DAMIMAS,lnk-21,6,b0,7,b2,0
DAMIMAS_A21B_0840,train,DAMIMAS,lnk-22,4,b1,5,b2,0
DAMIMAS_A21B_0840,train,DAMIMAS,lnk-23,5,b2,6,b5,0
DAMIMAS_A21B_0840,train,DAMIMAS,lnk-24,4,b2,5,b4,0
DAMIMAS_A21B_0840,train,DAMIMAS,lnk-25,5,b3,6,b1,0
DAMIMAS_A21B_0840,train,DAMIMAS,lnk-26,6,b1,7,b1,0
DAMIMAS_A21B_0840,train,DAMIMAS,lnk-27,6,b4,7,b3,0
DAMIMAS_A21B_0840,train,DAMIMAS,lnk-28,7,b3,0,b1,0
DAMIMAS_A21B_0840,train,DAMIMAS,lnk-29,6,b3,7,b4,0
DAMIMAS_A21B_0841,train,DAMIMAS,lnk-0,0,b0,1,b1,0
DAMIMAS_A21B_0841,train,DAMIMAS,lnk-1,0,b1,1,b2,0
DAMIMAS_A21B_0841,train,DAMIMAS,lnk-2,1,b2,2,b1,0
DAMIMAS_A21B_0841,train,DAMIMAS,lnk-3,0,b2,1,b3,0
DAMIMAS_A21B_0841,train,DAMIMAS,lnk-4,1,b0,2,b0,0
DAMIMAS_A21B_0841,train,DAMIMAS,lnk-5,2,b0,3,b0,0
DAMIMAS_A21B_0841,train,DAMIMAS,lnk-6,3,b0,4,b1,0
DAMIMAS_A21B_0841,train,DAMIMAS,lnk-7,3,b1,4,b0,0
DAMIMAS_A21B_0841,train,DAMIMAS,lnk-8,4,b0,5,b1,0
DAMIMAS_A21B_0841,train,DAMIMAS,lnk-9,4,b2,5,b0,0
DAMIMAS_A21B_0841,train,DAMIMAS,lnk-10,5,b0,6,b1,0
DAMIMAS_A21B_0841,train,DAMIMAS,lnk-11,6,b1,7,b1,0
DAMIMAS_A21B_0841,train,DAMIMAS,lnk-12,6,b0,7,b0,0
DAMIMAS_A21B_0842,train,DAMIMAS,lnk-0,0,b0,1,b2,0
DAMIMAS_A21B_0842,train,DAMIMAS,lnk-1,1,b2,2,b4,0
DAMIMAS_A21B_0842,train,DAMIMAS,lnk-2,0,b4,1,b1,0
DAMIMAS_A21B_0842,train,DAMIMAS,lnk-3,1,b1,2,b1,0
DAMIMAS_A21B_0842,train,DAMIMAS,lnk-4,2,b1,3,b5,0
DAMIMAS_A21B_0842,train,DAMIMAS,lnk-5,0,b3,1,b3,0
DAMIMAS_A21B_0842,train,DAMIMAS,lnk-6,1,b3,2,b3,0
DAMIMAS_A21B_0842,train,DAMIMAS,lnk-7,0,b2,1,b4,0
DAMIMAS_A21B_0842,train,DAMIMAS,lnk-8,1,b0,2,b0,0
DAMIMAS_A21B_0842,train,DAMIMAS,lnk-9,2,b0,3,b0,0
DAMIMAS_A21B_0842,train,DAMIMAS,lnk-10,3,b0,4,b0,0
DAMIMAS_A21B_0842,train,DAMIMAS,lnk-11,1,b5,2,b2,0
DAMIMAS_A21B_0842,train,DAMIMAS,lnk-12,2,b2,3,b2,0
DAMIMAS_A21B_0842,train,DAMIMAS,lnk-13,3,b2,4,b5,0
DAMIMAS_A21B_0842,train,DAMIMAS,lnk-14,2,b5,3,b1,0
DAMIMAS_A21B_0842,train,DAMIMAS,lnk-15,3,b1,4,b3,0
DAMIMAS_A21B_0842,train,DAMIMAS,lnk-16,4,b3,5,b4,0
DAMIMAS_A21B_0842,train,DAMIMAS,lnk-17,5,b4,6,b2,0
DAMIMAS_A21B_0842,train,DAMIMAS,lnk-18,3,b3,4,b4,0
DAMIMAS_A21B_0842,train,DAMIMAS,lnk-19,4,b4,5,b3,0
DAMIMAS_A21B_0842,train,DAMIMAS,lnk-20,5,b3,6,b3,0
DAMIMAS_A21B_0842,train,DAMIMAS,lnk-21,6,b3,7,b5,0
DAMIMAS_A21B_0842,train,DAMIMAS,lnk-22,3,b4,4,b2,0
DAMIMAS_A21B_0842,train,DAMIMAS,lnk-23,4,b2,5,b1,0
DAMIMAS_A21B_0842,train,DAMIMAS,lnk-24,4,b1,5,b0,0
DAMIMAS_A21B_0842,train,DAMIMAS,lnk-25,5,b0,6,b0,0
DAMIMAS_A21B_0842,train,DAMIMAS,lnk-26,6,b0,7,b0,0
DAMIMAS_A21B_0842,train,DAMIMAS,lnk-27,5,b2,6,b4,0
DAMIMAS_A21B_0842,train,DAMIMAS,lnk-28,6,b4,7,b4,0
DAMIMAS_A21B_0842,train,DAMIMAS,lnk-29,5,b5,6,b1,0
DAMIMAS_A21B_0842,train,DAMIMAS,lnk-30,6,b1,7,b1,0
DAMIMAS_A21B_0842,train,DAMIMAS,lnk-31,7,b3,0,b1,0
DAMIMAS_A21B_0843,test,DAMIMAS,lnk-0,0,b1,1,b0,0
DAMIMAS_A21B_0843,test,DAMIMAS,lnk-1,1,b0,2,b0,0
DAMIMAS_A21B_0843,test,DAMIMAS,lnk-2,2,b0,3,b0,0
DAMIMAS_A21B_0843,test,DAMIMAS,lnk-3,3,b0,4,b1,0
DAMIMAS_A21B_0843,test,DAMIMAS,lnk-4,0,b2,1,b1,0
DAMIMAS_A21B_0843,test,DAMIMAS,lnk-5,1,b1,2,b1,0
DAMIMAS_A21B_0843,test,DAMIMAS,lnk-6,2,b1,3,b1,0
DAMIMAS_A21B_0843,test,DAMIMAS,lnk-7,0,b3,1,b2,0
DAMIMAS_A21B_0843,test,DAMIMAS,lnk-8,6,b1,7,b1,0
DAMIMAS_A21B_0843,test,DAMIMAS,lnk-9,7,b1,0,b3,0
DAMIMAS_A21B_0843,test,DAMIMAS,lnk-10,2,b2,3,b5,0
DAMIMAS_A21B_0843,test,DAMIMAS,lnk-11,3,b3,4,b0,0
DAMIMAS_A21B_0843,test,DAMIMAS,lnk-12,3,b4,4,b2,0
DAMIMAS_A21B_0843,test,DAMIMAS,lnk-13,3,b2,4,b3,0
DAMIMAS_A21B_0843,test,DAMIMAS,lnk-14,4,b3,5,b3,0
DAMIMAS_A21B_0843,test,DAMIMAS,lnk-15,4,b4,5,b1,0
DAMIMAS_A21B_0843,test,DAMIMAS,lnk-16,5,b1,6,b3,0
DAMIMAS_A21B_0843,test,DAMIMAS,lnk-17,5,b2,6,b4,0
DAMIMAS_A21B_0843,test,DAMIMAS,lnk-18,5,b4,6,b0,0
DAMIMAS_A21B_0843,test,DAMIMAS,lnk-19,6,b0,7,b0,0
DAMIMAS_A21B_0843,test,DAMIMAS,lnk-20,5,b0,6,b2,0
DAMIMAS_A21B_0844,train,DAMIMAS,lnk-0,0,b0,1,b0,0
DAMIMAS_A21B_0844,train,DAMIMAS,lnk-1,0,b1,1,b1,0
DAMIMAS_A21B_0844,train,DAMIMAS,lnk-2,0,b2,1,b2,0
DAMIMAS_A21B_0844,train,DAMIMAS,lnk-3,1,b0,2,b0,0
DAMIMAS_A21B_0844,train,DAMIMAS,lnk-4,1,b2,2,b1,0
DAMIMAS_A21B_0844,train,DAMIMAS,lnk-5,1,b1,2,b5,0
DAMIMAS_A21B_0844,train,DAMIMAS,lnk-6,1,b3,2,b2,0
DAMIMAS_A21B_0844,train,DAMIMAS,lnk-7,1,b4,2,b3,0
DAMIMAS_A21B_0844,train,DAMIMAS,lnk-9,2,b2,3,b2,0
DAMIMAS_A21B_0844,train,DAMIMAS,lnk-10,2,b0,3,b3,0
DAMIMAS_A21B_0844,train,DAMIMAS,lnk-11,2,b3,3,b1,0
DAMIMAS_A21B_0844,train,DAMIMAS,lnk-12,2,b4,3,b4,0
DAMIMAS_A21B_0844,train,DAMIMAS,lnk-13,3,b0,4,b0,0
DAMIMAS_A21B_0844,train,DAMIMAS,lnk-14,3,b1,4,b1,0
DAMIMAS_A21B_0844,train,DAMIMAS,lnk-16,3,b4,4,b2,0
DAMIMAS_A21B_0844,train,DAMIMAS,lnk-17,4,b0,5,b0,0
DAMIMAS_A21B_0844,train,DAMIMAS,lnk-18,4,b1,5,b1,0
DAMIMAS_A21B_0844,train,DAMIMAS,lnk-19,4,b2,5,b2,0
DAMIMAS_A21B_0844,train,DAMIMAS,lnk-20,4,b3,5,b3,0
DAMIMAS_A21B_0844,train,DAMIMAS,lnk-21,5,b0,6,b0,0
DAMIMAS_A21B_0844,train,DAMIMAS,lnk-22,5,b3,6,b1,0
DAMIMAS_A21B_0844,train,DAMIMAS,lnk-23,5,b2,6,b5,0
DAMIMAS_A21B_0844,train,DAMIMAS,lnk-24,5,b4,6,b2,0
DAMIMAS_A21B_0844,train,DAMIMAS,lnk-25,5,b5,6,b3,0
DAMIMAS_A21B_0844,train,DAMIMAS,lnk-30,6,b3,7,b0,0
DAMIMAS_A21B_0844,train,DAMIMAS,lnk-31,6,b4,7,b2,0
DAMIMAS_A21B_0844,train,DAMIMAS,lnk-32,6,b2,7,b1,0
DAMIMAS_A21B_0844,train,DAMIMAS,lnk-33,7,b6,0,b4,0
DAMIMAS_A21B_0844,train,DAMIMAS,lnk-34,7,b4,0,b3,0
DAMIMAS_A21B_0845,val,DAMIMAS,lnk-0,0,b0,1,b0,0
DAMIMAS_A21B_0845,val,DAMIMAS,lnk-1,1,b0,2,b2,0
DAMIMAS_A21B_0845,val,DAMIMAS,lnk-2,2,b2,3,b2,0
DAMIMAS_A21B_0845,val,DAMIMAS,lnk-3,0,b1,1,b2,0
DAMIMAS_A21B_0845,val,DAMIMAS,lnk-4,2,b0,3,b0,0
DAMIMAS_A21B_0845,val,DAMIMAS,lnk-5,3,b0,4,b0,0
DAMIMAS_A21B_0845,val,DAMIMAS,lnk-6,4,b0,5,b1,0
DAMIMAS_A21B_0845,val,DAMIMAS,lnk-7,3,b1,4,b1,0
DAMIMAS_A21B_0845,val,DAMIMAS,lnk-8,4,b1,5,b2,0
DAMIMAS_A21B_0845,val,DAMIMAS,lnk-9,5,b0,6,b0,0
DAMIMAS_A21B_0845,val,DAMIMAS,lnk-10,6,b0,7,b0,0
DAMIMAS_A21B_0845,val,DAMIMAS,lnk-11,7,b1,0,b2,0
DAMIMAS_A21B_0846,train,DAMIMAS,lnk-0,1,b0,2,b0,0
DAMIMAS_A21B_0846,train,DAMIMAS,lnk-1,7,b3,0,b1,0
DAMIMAS_A21B_0846,train,DAMIMAS,lnk-2,0,b1,1,b0,0
DAMIMAS_A21B_0846,train,DAMIMAS,lnk-3,1,b2,2,b1,0
DAMIMAS_A21B_0846,train,DAMIMAS,lnk-4,2,b1,3,b0,0
DAMIMAS_A21B_0846,train,DAMIMAS,lnk-5,2,b2,3,b2,0
DAMIMAS_A21B_0846,train,DAMIMAS,lnk-6,3,b2,4,b1,0
DAMIMAS_A21B_0846,train,DAMIMAS,lnk-7,2,b3,3,b1,0
DAMIMAS_A21B_0846,train,DAMIMAS,lnk-8,3,b1,4,b0,0
DAMIMAS_A21B_0846,train,DAMIMAS,lnk-9,4,b0,5,b0,0
DAMIMAS_A21B_0846,train,DAMIMAS,lnk-10,4,b2,5,b1,0
DAMIMAS_A21B_0846,train,DAMIMAS,lnk-11,5,b1,6,b0,0
DAMIMAS_A21B_0846,train,DAMIMAS,lnk-12,6,b0,7,b0,0
DAMIMAS_A21B_0846,train,DAMIMAS,lnk-13,5,b2,6,b1,0
DAMIMAS_A21B_0846,train,DAMIMAS,lnk-14,6,b1,7,b1,0
DAMIMAS_A21B_0846,train,DAMIMAS,lnk-15,7,b1,0,b0,0
DAMIMAS_A21B_0846,train,DAMIMAS,lnk-16,6,b2,7,b2,0
DAMIMAS_A21B_0846,train,DAMIMAS,lnk-17,7,b2,0,b2,0
DAMIMAS_A21B_0846,train,DAMIMAS,lnk-18,0,b2,1,b1,0
DAMIMAS_A21B_0847,test,DAMIMAS,lnk-0,0,b0,1,b2,0
DAMIMAS_A21B_0847,test,DAMIMAS,lnk-1,7,b0,0,b0,0
DAMIMAS_A21B_0847,test,DAMIMAS,lnk-2,0,b2,1,b1,0
DAMIMAS_A21B_0847,test,DAMIMAS,lnk-3,1,b1,2,b1,0
DAMIMAS_A21B_0847,test,DAMIMAS,lnk-4,2,b1,3,b3,0
DAMIMAS_A21B_0847,test,DAMIMAS,lnk-5,3,b3,4,b2,0
DAMIMAS_A21B_0847,test,DAMIMAS,lnk-6,7,b1,0,b2,0
DAMIMAS_A21B_0847,test,DAMIMAS,lnk-7,0,b3,1,b3,0
DAMIMAS_A21B_0847,test,DAMIMAS,lnk-8,1,b3,2,b5,0
DAMIMAS_A21B_0847,test,DAMIMAS,lnk-9,7,b2,0,b3,0
DAMIMAS_A21B_0847,test,DAMIMAS,lnk-10,0,b4,1,b4,0
DAMIMAS_A21B_0847,test,DAMIMAS,lnk-11,1,b0,2,b0,0
DAMIMAS_A21B_0847,test,DAMIMAS,lnk-12,2,b0,3,b0,0
DAMIMAS_A21B_0847,test,DAMIMAS,lnk-13,3,b0,4,b0,0
DAMIMAS_A21B_0847,test,DAMIMAS,lnk-14,4,b0,5,b3,0
DAMIMAS_A21B_0847,test,DAMIMAS,lnk-15,2,b4,3,b4,0
DAMIMAS_A21B_0847,test,DAMIMAS,lnk-16,2,b2,3,b1,0
DAMIMAS_A21B_0847,test,DAMIMAS,lnk-17,3,b1,4,b1,0
DAMIMAS_A21B_0847,test,DAMIMAS,lnk-18,4,b1,5,b2,0
DAMIMAS_A21B_0847,test,DAMIMAS,lnk-19,3,b2,4,b3,0
DAMIMAS_A21B_0847,test,DAMIMAS,lnk-20,4,b3,5,b1,0
DAMIMAS_A21B_0847,test,DAMIMAS,lnk-21,5,b1,6,b3,0
DAMIMAS_A21B_0847,test,DAMIMAS,lnk-22,5,b0,6,b0,0
DAMIMAS_A21B_0847,test,DAMIMAS,lnk-23,6,b0,7,b6,0
DAMIMAS_A21B_0847,test,DAMIMAS,lnk-24,6,b1,7,b4,0
DAMIMAS_A21B_0847,test,DAMIMAS,lnk-25,6,b4,7,b5,0
DAMIMAS_A21B_0847,test,DAMIMAS,lnk-26,6,b2,7,b3,0
DAMIMAS_A21B_0847,test,DAMIMAS,lnk-27,7,b3,0,b1,0
DAMIMAS_A21B_0848,val,DAMIMAS,lnk-0,0,b0,1,b1,0
DAMIMAS_A21B_0848,val,DAMIMAS,lnk-1,1,b1,2,b1,0
DAMIMAS_A21B_0848,val,DAMIMAS,lnk-2,2,b1,3,b3,0
DAMIMAS_A21B_0848,val,DAMIMAS,lnk-3,6,b0,7,b1,0
DAMIMAS_A21B_0848,val,DAMIMAS,lnk-4,7,b1,0,b0,0
DAMIMAS_A21B_0848,val,DAMIMAS,lnk-5,0,b2,1,b2,0
DAMIMAS_A21B_0848,val,DAMIMAS,lnk-6,0,b1,1,b0,0
DAMIMAS_A21B_0848,val,DAMIMAS,lnk-7,1,b0,2,b0,0
DAMIMAS_A21B_0848,val,DAMIMAS,lnk-8,2,b0,3,b2,0
DAMIMAS_A21B_0848,val,DAMIMAS,lnk-9,3,b2,4,b2,0
DAMIMAS_A21B_0848,val,DAMIMAS,lnk-10,6,b1,7,b0,0
DAMIMAS_A21B_0848,val,DAMIMAS,lnk-11,7,b0,0,b1,0
DAMIMAS_A21B_0848,val,DAMIMAS,lnk-12,1,b3,2,b2,0
DAMIMAS_A21B_0848,val,DAMIMAS,lnk-13,2,b2,3,b0,0
DAMIMAS_A21B_0848,val,DAMIMAS,lnk-14,3,b0,4,b0,0
DAMIMAS_A21B_0848,val,DAMIMAS,lnk-15,4,b0,5,b0,0
DAMIMAS_A21B_0848,val,DAMIMAS,lnk-16,5,b0,6,b2,0
DAMIMAS_A21B_0848,val,DAMIMAS,lnk-17,3,b1,4,b1,0
DAMIMAS_A21B_0848,val,DAMIMAS,lnk-18,4,b1,5,b1,0
DAMIMAS_A21B_0848,val,DAMIMAS,lnk-19,5,b1,6,b3,0
DAMIMAS_A21B_0849,train,DAMIMAS,lnk-0,0,b0,1,b2,0
DAMIMAS_A21B_0849,train,DAMIMAS,lnk-1,7,b1,0,b0,0
DAMIMAS_A21B_0849,train,DAMIMAS,lnk-2,1,b0,2,b0,0
DAMIMAS_A21B_0849,train,DAMIMAS,lnk-3,2,b0,3,b0,0
DAMIMAS_A21B_0849,train,DAMIMAS,lnk-4,1,b1,2,b1,0
DAMIMAS_A21B_0849,train,DAMIMAS,lnk-5,2,b1,3,b1,0
DAMIMAS_A21B_0849,train,DAMIMAS,lnk-6,3,b1,4,b0,0
DAMIMAS_A21B_0849,train,DAMIMAS,lnk-7,4,b0,5,b0,0
DAMIMAS_A21B_0849,train,DAMIMAS,lnk-8,5,b1,6,b1,0
DAMIMAS_A21B_0849,train,DAMIMAS,lnk-9,5,b2,6,b0,0
DAMIMAS_A21B_0849,train,DAMIMAS,lnk-10,6,b0,7,b0,0
DAMIMAS_A21B_0849,train,DAMIMAS,lnk-11,7,b0,0,b1,0
DAMIMAS_A21B_0850,train,DAMIMAS,lnk-0,7,b3,0,b2,0
DAMIMAS_A21B_0850,train,DAMIMAS,lnk-1,0,b2,1,b1,0
DAMIMAS_A21B_0850,train,DAMIMAS,lnk-2,1,b1,2,b2,0
DAMIMAS_A21B_0850,train,DAMIMAS,lnk-3,7,b2,0,b1,0
DAMIMAS_A21B_0850,train,DAMIMAS,lnk-4,6,b2,7,b2,0
DAMIMAS_A21B_0850,train,DAMIMAS,lnk-5,7,b0,0,b0,0
DAMIMAS_A21B_0850,train,DAMIMAS,lnk-6,0,b0,1,b4,0
DAMIMAS_A21B_0850,train,DAMIMAS,lnk-7,5,b3,6,b1,0
DAMIMAS_A21B_0850,train,DAMIMAS,lnk-8,6,b1,7,b0,0
DAMIMAS_A21B_0850,train,DAMIMAS,lnk-9,7,b4,0,b5,0
DAMIMAS_A21B_0850,train,DAMIMAS,lnk-10,4,b3,5,b2,0
DAMIMAS_A21B_0850,train,DAMIMAS,lnk-11,5,b2,6,b3,0
DAMIMAS_A21B_0850,train,DAMIMAS,lnk-12,6,b3,7,b4,0
DAMIMAS_A21B_0850,train,DAMIMAS,lnk-13,7,b5,0,b4,0
DAMIMAS_A21B_0850,train,DAMIMAS,lnk-14,0,b4,1,b2,0
DAMIMAS_A21B_0850,train,DAMIMAS,lnk-15,1,b2,2,b3,0
DAMIMAS_A21B_0850,train,DAMIMAS,lnk-16,2,b3,3,b3,0
DAMIMAS_A21B_0850,train,DAMIMAS,lnk-17,0,b3,1,b0,0
DAMIMAS_A21B_0850,train,DAMIMAS,lnk-18,1,b0,2,b0,0
DAMIMAS_A21B_0850,train,DAMIMAS,lnk-19,2,b0,3,b0,0
DAMIMAS_A21B_0850,train,DAMIMAS,lnk-20,3,b0,4,b0,0
DAMIMAS_A21B_0850,train,DAMIMAS,lnk-21,1,b3,2,b4,0
DAMIMAS_A21B_0850,train,DAMIMAS,lnk-22,2,b4,3,b2,0
DAMIMAS_A21B_0850,train,DAMIMAS,lnk-23,3,b2,4,b1,0
DAMIMAS_A21B_0850,train,DAMIMAS,lnk-24,2,b1,3,b1,0
DAMIMAS_A21B_0850,train,DAMIMAS,lnk-25,3,b1,4,b2,0
DAMIMAS_A21B_0850,train,DAMIMAS,lnk-26,4,b2,5,b1,0
DAMIMAS_A21B_0850,train,DAMIMAS,lnk-27,3,b4,4,b4,0
DAMIMAS_A21B_0850,train,DAMIMAS,lnk-28,4,b4,5,b4,0
DAMIMAS_A21B_0850,train,DAMIMAS,lnk-29,5,b4,6,b0,0
DAMIMAS_A21B_0851,train,DAMIMAS,lnk-0,0,b0,1,b0,0
DAMIMAS_A21B_0851,train,DAMIMAS,lnk-1,1,b0,2,b0,0
DAMIMAS_A21B_0851,train,DAMIMAS,lnk-2,2,b0,3,b0,0
DAMIMAS_A21B_0851,train,DAMIMAS,lnk-3,3,b0,4,b1,0
DAMIMAS_A21B_0851,train,DAMIMAS,lnk-4,0,b1,1,b1,0
DAMIMAS_A21B_0851,train,DAMIMAS,lnk-5,1,b1,2,b2,0
DAMIMAS_A21B_0851,train,DAMIMAS,lnk-6,0,b3,1,b4,0
DAMIMAS_A21B_0851,train,DAMIMAS,lnk-7,6,b0,7,b0,0
DAMIMAS_A21B_0851,train,DAMIMAS,lnk-8,7,b0,0,b3,0
DAMIMAS_A21B_0851,train,DAMIMAS,lnk-9,0,b6,1,b2,0
DAMIMAS_A21B_0851,train,DAMIMAS,lnk-10,1,b2,2,b1,0
DAMIMAS_A21B_0851,train,DAMIMAS,lnk-11,2,b1,3,b5,0
DAMIMAS_A21B_0851,train,DAMIMAS,lnk-12,1,b3,2,b3,0
DAMIMAS_A21B_0851,train,DAMIMAS,lnk-13,2,b3,3,b1,0
DAMIMAS_A21B_0851,train,DAMIMAS,lnk-14,3,b1,4,b2,0
DAMIMAS_A21B_0851,train,DAMIMAS,lnk-15,2,b4,3,b2,0
DAMIMAS_A21B_0851,train,DAMIMAS,lnk-16,3,b2,4,b0,0
DAMIMAS_A21B_0851,train,DAMIMAS,lnk-17,4,b0,5,b0,0
DAMIMAS_A21B_0851,train,DAMIMAS,lnk-18,2,b5,3,b4,0
DAMIMAS_A21B_0851,train,DAMIMAS,lnk-19,3,b4,4,b3,0
DAMIMAS_A21B_0851,train,DAMIMAS,lnk-20,4,b3,5,b5,0
DAMIMAS_A21B_0851,train,DAMIMAS,lnk-21,3,b3,4,b4,0
DAMIMAS_A21B_0851,train,DAMIMAS,lnk-22,4,b4,5,b1,0
DAMIMAS_A21B_0851,train,DAMIMAS,lnk-23,4,b5,5,b2,0
DAMIMAS_A21B_0851,train,DAMIMAS,lnk-24,5,b4,6,b6,0
DAMIMAS_A21B_0851,train,DAMIMAS,lnk-25,5,b3,6,b4,0
DAMIMAS_A21B_0851,train,DAMIMAS,lnk-26,6,b3,7,b1,0
DAMIMAS_A21B_0851,train,DAMIMAS,lnk-27,6,b2,7,b2,0
DAMIMAS_A21B_0851,train,DAMIMAS,lnk-28,7,b3,0,b7,0
DAMIMAS_A21B_0851,train,DAMIMAS,lnk-29,7,b4,0,b2,0
DAMIMAS_A21B_0852,train,DAMIMAS,lnk-0,0,b0,1,b1,0
DAMIMAS_A21B_0852,train,DAMIMAS,lnk-1,1,b1,2,b1,0
DAMIMAS_A21B_0852,train,DAMIMAS,lnk-2,0,b1,1,b0,0
DAMIMAS_A21B_0852,train,DAMIMAS,lnk-3,1,b0,2,b0,0
DAMIMAS_A21B_0852,train,DAMIMAS,lnk-4,2,b0,3,b1,0
DAMIMAS_A21B_0852,train,DAMIMAS,lnk-5,2,b2,3,b0,0
DAMIMAS_A21B_0852,train,DAMIMAS,lnk-6,3,b0,4,b0,0
DAMIMAS_A21B_0852,train,DAMIMAS,lnk-7,4,b0,5,b1,0
DAMIMAS_A21B_0852,train,DAMIMAS,lnk-8,5,b0,6,b0,0
DAMIMAS_A21B_0853,train,DAMIMAS,lnk-0,0,b1,1,b0,0
DAMIMAS_A21B_0853,train,DAMIMAS,lnk-1,1,b0,2,b0,0
DAMIMAS_A21B_0853,train,DAMIMAS,lnk-2,2,b0,3,b0,0
DAMIMAS_A21B_0853,train,DAMIMAS,lnk-3,0,b0,1,b2,0
DAMIMAS_A21B_0853,train,DAMIMAS,lnk-4,2,b1,3,b1,0
DAMIMAS_A21B_0853,train,DAMIMAS,lnk-5,3,b1,4,b2,0
DAMIMAS_A21B_0853,train,DAMIMAS,lnk-6,4,b2,5,b3,0
DAMIMAS_A21B_0853,train,DAMIMAS,lnk-7,2,b2,3,b3,0
DAMIMAS_A21B_0853,train,DAMIMAS,lnk-8,3,b3,4,b4,0
DAMIMAS_A21B_0853,train,DAMIMAS,lnk-9,3,b4,4,b1,0
DAMIMAS_A21B_0853,train,DAMIMAS,lnk-10,4,b1,5,b4,0
DAMIMAS_A21B_0853,train,DAMIMAS,lnk-11,3,b2,4,b3,0
DAMIMAS_A21B_0853,train,DAMIMAS,lnk-12,4,b0,5,b0,0
DAMIMAS_A21B_0853,train,DAMIMAS,lnk-13,5,b0,6,b1,0
DAMIMAS_A21B_0853,train,DAMIMAS,lnk-14,5,b1,6,b0,0
DAMIMAS_A21B_0853,train,DAMIMAS,lnk-15,6,b0,7,b3,0
DAMIMAS_A21B_0853,train,DAMIMAS,lnk-16,6,b2,7,b2,0
DAMIMAS_A21B_0853,train,DAMIMAS,lnk-17,6,b3,7,b0,0
DAMIMAS_A21B_0854,train,DAMIMAS,lnk-0,0,b0,1,b0,0
DAMIMAS_A21B_0854,train,DAMIMAS,lnk-1,6,b0,7,b0,0
DAMIMAS_A21B_0854,train,DAMIMAS,lnk-2,7,b0,0,b0,0
DAMIMAS_A21B_0854,train,DAMIMAS,lnk-3,0,b1,1,b1,0
DAMIMAS_A21B_0854,train,DAMIMAS,lnk-4,1,b1,2,b4,0
DAMIMAS_A21B_0854,train,DAMIMAS,lnk-5,7,b4,0,b1,0
DAMIMAS_A21B_0854,train,DAMIMAS,lnk-6,0,b4,1,b5,0
DAMIMAS_A21B_0854,train,DAMIMAS,lnk-7,0,b2,1,b4,0
DAMIMAS_A21B_0854,train,DAMIMAS,lnk-8,1,b4,2,b3,0
DAMIMAS_A21B_0854,train,DAMIMAS,lnk-9,1,b2,2,b1,0
DAMIMAS_A21B_0854,train,DAMIMAS,lnk-10,2,b1,3,b4,0
DAMIMAS_A21B_0854,train,DAMIMAS,lnk-11,1,b3,2,b0,0
DAMIMAS_A21B_0854,train,DAMIMAS,lnk-12,2,b0,3,b1,0
DAMIMAS_A21B_0854,train,DAMIMAS,lnk-13,2,b2,3,b3,0
DAMIMAS_A21B_0854,train,DAMIMAS,lnk-14,3,b0,4,b0,0
DAMIMAS_A21B_0854,train,DAMIMAS,lnk-15,4,b0,5,b3,0
DAMIMAS_A21B_0854,train,DAMIMAS,lnk-16,5,b3,6,b3,0
DAMIMAS_A21B_0854,train,DAMIMAS,lnk-17,3,b2,4,b1,0
DAMIMAS_A21B_0854,train,DAMIMAS,lnk-18,4,b1,5,b2,0
DAMIMAS_A21B_0854,train,DAMIMAS,lnk-19,3,b5,4,b3,0
DAMIMAS_A21B_0854,train,DAMIMAS,lnk-20,3,b6,4,b2,0
DAMIMAS_A21B_0854,train,DAMIMAS,lnk-21,4,b2,5,b1,0
DAMIMAS_A21B_0854,train,DAMIMAS,lnk-22,5,b1,6,b4,0
DAMIMAS_A21B_0854,train,DAMIMAS,lnk-23,5,b0,6,b2,0
DAMIMAS_A21B_0854,train,DAMIMAS,lnk-24,6,b2,7,b1,0
DAMIMAS_A21B_0854,train,DAMIMAS,lnk-25,5,b4,6,b5,0
DAMIMAS_A21B_0854,train,DAMIMAS,lnk-26,6,b1,7,b2,0
DAMIMAS_A21B_0854,train,DAMIMAS,lnk-27,7,b2,0,b3,0
DAMIMAS_A21B_0854,train,DAMIMAS,lnk-28,6,b6,7,b3,0
LONSUM_A21A_0001,train,LONSUM,lnk-0,0,b0,1,b1,0
LONSUM_A21A_0001,train,LONSUM,lnk-1,3,b4,0,b0,0
LONSUM_A21A_0001,train,LONSUM,lnk-2,0,b1,1,b0,0
LONSUM_A21A_0001,train,LONSUM,lnk-3,3,b3,0,b1,0
LONSUM_A21A_0001,train,LONSUM,lnk-4,1,b2,2,b0,0
LONSUM_A21A_0001,train,LONSUM,lnk-5,2,b0,3,b2,0
LONSUM_A21A_0001,train,LONSUM,lnk-6,2,b1,3,b1,0
LONSUM_A21A_0002,test,LONSUM,lnk-0,0,b2,1,b0,0
LONSUM_A21A_0002,test,LONSUM,lnk-1,0,b1,1,b1,0
LONSUM_A21A_0002,test,LONSUM,lnk-2,0,b0,1,b2,0
LONSUM_A21A_0002,test,LONSUM,lnk-3,1,b3,2,b0,0
LONSUM_A21A_0002,test,LONSUM,lnk-4,2,b0,3,b1,0
LONSUM_A21A_0002,test,LONSUM,lnk-5,2,b1,3,b2,0
LONSUM_A21A_0002,test,LONSUM,lnk-6,3,b0,0,b3,0
LONSUM_A21A_0003,val,LONSUM,lnk-0,0,b1,1,b0,0
LONSUM_A21A_0003,val,LONSUM,lnk-1,1,b1,2,b0,0
LONSUM_A21A_0003,val,LONSUM,lnk-2,2,b4,3,b0,0
LONSUM_A21A_0003,val,LONSUM,lnk-3,3,b4,0,b2,0
LONSUM_A21A_0003,val,LONSUM,lnk-4,3,b1,0,b0,0
LONSUM_A21A_0004,train,LONSUM,lnk-0,0,b4,1,b3,0
LONSUM_A21A_0004,train,LONSUM,lnk-1,0,b3,1,b4,0
LONSUM_A21A_0004,train,LONSUM,lnk-2,1,b0,2,b0,0
LONSUM_A21A_0004,train,LONSUM,lnk-3,2,b0,3,b1,0
LONSUM_A21A_0004,train,LONSUM,lnk-4,1,b1,2,b1,0
LONSUM_A21A_0004,train,LONSUM,lnk-5,1,b2,2,b2,0
LONSUM_A21A_0004,train,LONSUM,lnk-6,2,b3,3,b0,0
LONSUM_A21A_0004,train,LONSUM,lnk-7,3,b3,0,b1,0
LONSUM_A21A_0004,train,LONSUM,lnk-8,3,b4,0,b2,0
LONSUM_A21A_0005,train,LONSUM,lnk-0,0,b3,1,b0,0
LONSUM_A21A_0005,train,LONSUM,lnk-1,0,b0,1,b1,0
LONSUM_A21A_0005,train,LONSUM,lnk-2,2,b0,3,b1,0
LONSUM_A21A_0005,train,LONSUM,lnk-3,3,b0,0,b2,0
LONSUM_A21A_0006,train,LONSUM,lnk-0,0,b0,1,b2,0
LONSUM_A21A_0006,train,LONSUM,lnk-1,1,b0,2,b0,0
LONSUM_A21A_0006,train,LONSUM,lnk-2,1,b1,2,b3,0
LONSUM_A21A_0006,train,LONSUM,lnk-3,2,b1,3,b3,0
LONSUM_A21A_0006,train,LONSUM,lnk-4,2,b2,3,b2,0
LONSUM_A21A_0007,test,LONSUM,lnk-0,0,b2,1,b2,0
LONSUM_A21A_0007,test,LONSUM,lnk-1,0,b3,1,b1,0
LONSUM_A21A_0007,test,LONSUM,lnk-2,1,b1,2,b0,0
LONSUM_A21A_0007,test,LONSUM,lnk-3,1,b0,2,b1,0
LONSUM_A21A_0007,test,LONSUM,lnk-4,2,b2,3,b0,0
LONSUM_A21A_0007,test,LONSUM,lnk-5,2,b3,3,b1,0
LONSUM_A21A_0007,test,LONSUM,lnk-6,3,b1,0,b0,0
LONSUM_A21A_0007,test,LONSUM,lnk-7,3,b2,0,b1,0
LONSUM_A21A_0008,val,LONSUM,lnk-0,0,b0,1,b0,0
LONSUM_A21A_0009,train,LONSUM,lnk-0,0,b1,1,b2,0
LONSUM_A21A_0009,train,LONSUM,lnk-1,0,b0,1,b1,0
LONSUM_A21A_0009,train,LONSUM,lnk-2,1,b0,2,b2,0
LONSUM_A21A_0009,train,LONSUM,lnk-3,2,b0,3,b2,0
LONSUM_A21A_0009,train,LONSUM,lnk-4,3,b0,0,b2,0
LONSUM_A21A_0010,train,LONSUM,lnk-0,0,b2,1,b2,0
LONSUM_A21A_0010,train,LONSUM,lnk-1,1,b3,2,b2,0
LONSUM_A21A_0010,train,LONSUM,lnk-2,1,b0,2,b0,0
LONSUM_A21A_0010,train,LONSUM,lnk-3,1,b1,2,b3,0
LONSUM_A21A_0010,train,LONSUM,lnk-4,2,b1,3,b2,0
LONSUM_A21A_0010,train,LONSUM,lnk-5,2,b4,3,b0,0
LONSUM_A21A_0010,train,LONSUM,lnk-6,3,b0,0,b3,0
LONSUM_A21A_0010,train,LONSUM,lnk-7,3,b1,0,b1,0
LONSUM_A21A_0011,train,LONSUM,lnk-0,0,b0,1,b3,0
LONSUM_A21A_0011,train,LONSUM,lnk-1,1,b0,2,b0,0
LONSUM_A21A_0011,train,LONSUM,lnk-2,1,b1,2,b5,0
LONSUM_A21A_0011,train,LONSUM,lnk-3,2,b2,3,b5,0
LONSUM_A21A_0011,train,LONSUM,lnk-4,2,b4,3,b0,0
LONSUM_A21A_0011,train,LONSUM,lnk-5,2,b3,3,b4,0
LONSUM_A21A_0011,train,LONSUM,lnk-6,3,b3,0,b2,0
LONSUM_A21A_0011,train,LONSUM,lnk-7,3,b1,0,b1,0
LONSUM_A21A_0012,train,LONSUM,lnk-0,0,b0,1,b1,0
LONSUM_A21A_0012,train,LONSUM,lnk-1,3,b2,0,b0,0
LONSUM_A21A_0012,train,LONSUM,lnk-2,1,b2,2,b0,0
LONSUM_A21A_0012,train,LONSUM,lnk-3,1,b0,2,b2,0
LONSUM_A21A_0012,train,LONSUM,lnk-4,2,b1,3,b1,0
LONSUM_A21A_0012,train,LONSUM,lnk-5,3,b0,0,b1,0
LONSUM_A21A_0013,train,LONSUM,lnk-0,1,b0,2,b0,0
LONSUM_A21A_0013,train,LONSUM,lnk-1,2,b1,3,b0,0
LONSUM_A21A_0013,train,LONSUM,lnk-2,3,b0,0,b0,0
LONSUM_A21A_0014,train,LONSUM,lnk-0,0,b1,1,b0,0
LONSUM_A21A_0014,train,LONSUM,lnk-1,0,b2,1,b1,0
LONSUM_A21A_0014,train,LONSUM,lnk-2,2,b1,3,b1,0
LONSUM_A21A_0014,train,LONSUM,lnk-3,3,b0,0,b0,0
LONSUM_A21A_0015,train,LONSUM,lnk-0,0,b2,1,b1,0
LONSUM_A21A_0015,train,LONSUM,lnk-1,0,b1,1,b0,0
LONSUM_A21A_0015,train,LONSUM,lnk-2,3,b4,0,b1,0
LONSUM_A21A_0015,train,LONSUM,lnk-3,1,b4,2,b3,0
LONSUM_A21A_0015,train,LONSUM,lnk-4,1,b3,2,b0,0
LONSUM_A21A_0015,train,LONSUM,lnk-5,2,b1,3,b1,0
LONSUM_A21A_0015,train,LONSUM,lnk-6,2,b2,3,b2,0
LONSUM_A21A_0015,train,LONSUM,lnk-7,3,b0,0,b0,0
LONSUM_A21A_0016,val,LONSUM,lnk-0,0,b0,1,b0,0
LONSUM_A21A_0016,val,LONSUM,lnk-1,1,b0,2,b1,0
LONSUM_A21A_0017,train,LONSUM,lnk-0,0,b0,1,b1,0
LONSUM_A21A_0017,train,LONSUM,lnk-1,1,b0,2,b0,0
LONSUM_A21A_0017,train,LONSUM,lnk-2,2,b0,3,b0,0
LONSUM_A21A_0018,val,LONSUM,lnk-0,1,b0,2,b2,0
LONSUM_A21A_0018,val,LONSUM,lnk-1,1,b1,2,b1,0
LONSUM_A21A_0018,val,LONSUM,lnk-2,2,b1,3,b1,0
LONSUM_A21A_0018,val,LONSUM,lnk-3,1,b2,2,b3,0
LONSUM_A21A_0018,val,LONSUM,lnk-4,2,b0,3,b2,0
LONSUM_A21A_0018,val,LONSUM,lnk-5,3,b0,0,b0,0
LONSUM_A21A_0019,train,LONSUM,lnk-0,0,b3,1,b3,0
LONSUM_A21A_0019,train,LONSUM,lnk-1,0,b0,1,b1,0
LONSUM_A21A_0019,train,LONSUM,lnk-2,1,b1,2,b3,0
LONSUM_A21A_0019,train,LONSUM,lnk-3,0,b1,1,b2,0
LONSUM_A21A_0019,train,LONSUM,lnk-4,1,b0,2,b2,0
LONSUM_A21A_0019,train,LONSUM,lnk-5,2,b0,3,b4,0
LONSUM_A21A_0019,train,LONSUM,lnk-6,2,b1,3,b2,0
LONSUM_A21A_0019,train,LONSUM,lnk-7,3,b1,0,b2,0
LONSUM_A21A_0020,train,LONSUM,lnk-0,0,b1,1,b0,0
LONSUM_A21A_0020,train,LONSUM,lnk-1,1,b0,2,b0,0
LONSUM_A21A_0020,train,LONSUM,lnk-2,1,b1,2,b2,0
LONSUM_A21A_0020,train,LONSUM,lnk-3,2,b1,3,b0,0
LONSUM_A21A_0021,val,LONSUM,lnk-0,0,b0,1,b4,0
LONSUM_A21A_0021,val,LONSUM,lnk-1,0,b2,1,b5,0
LONSUM_A21A_0021,val,LONSUM,lnk-2,1,b1,2,b2,0
LONSUM_A21A_0021,val,LONSUM,lnk-3,2,b2,3,b0,0
LONSUM_A21A_0021,val,LONSUM,lnk-4,1,b0,2,b1,0
LONSUM_A21A_0021,val,LONSUM,lnk-5,1,b3,2,b0,0
LONSUM_A21A_0021,val,LONSUM,lnk-6,3,b1,0,b1,0
LONSUM_A21A_0022,train,LONSUM,lnk-0,0,b0,1,b0,0
LONSUM_A21A_0022,train,LONSUM,lnk-1,0,b2,1,b2,0
LONSUM_A21A_0022,train,LONSUM,lnk-2,1,b3,2,b0,0
LONSUM_A21A_0023,train,LONSUM,lnk-0,0,b2,1,b4,0
LONSUM_A21A_0023,train,LONSUM,lnk-1,0,b0,1,b3,0
LONSUM_A21A_0023,train,LONSUM,lnk-2,0,b1,1,b0,0
LONSUM_A21A_0023,train,LONSUM,lnk-3,1,b2,2,b0,0
LONSUM_A21A_0023,train,LONSUM,lnk-4,2,b0,3,b0,0
LONSUM_A21A_0023,train,LONSUM,lnk-5,1,b1,2,b1,0
LONSUM_A21A_0023,train,LONSUM,lnk-6,2,b2,3,b2,0
LONSUM_A21A_0023,train,LONSUM,lnk-7,3,b1,0,b3,0
LONSUM_A21A_0024,train,LONSUM,lnk-0,1,b0,2,b1,0
LONSUM_A21A_0024,train,LONSUM,lnk-1,2,b1,3,b0,0
LONSUM_A21A_0024,train,LONSUM,lnk-2,3,b0,0,b0,0
LONSUM_A21A_0025,train,LONSUM,lnk-0,0,b1,1,b0,0
LONSUM_A21A_0025,train,LONSUM,lnk-1,1,b0,2,b0,0
LONSUM_A21A_0025,train,LONSUM,lnk-2,0,b0,1,b1,0
LONSUM_A21A_0025,train,LONSUM,lnk-3,1,b2,2,b1,0
LONSUM_A21A_0025,train,LONSUM,lnk-4,2,b1,3,b1,0
LONSUM_A21A_0025,train,LONSUM,lnk-5,2,b2,3,b2,0
LONSUM_A21A_0025,train,LONSUM,lnk-6,3,b0,0,b2,0
LONSUM_A21A_0026,test,LONSUM,lnk-0,1,b1,2,b0,0
LONSUM_A21A_0026,test,LONSUM,lnk-1,2,b0,3,b0,0
LONSUM_A21A_0026,test,LONSUM,lnk-2,1,b2,2,b1,0
LONSUM_A21A_0026,test,LONSUM,lnk-3,2,b1,3,b2,0
LONSUM_A21A_0027,train,LONSUM,lnk-0,0,b2,1,b3,0
LONSUM_A21A_0027,train,LONSUM,lnk-1,1,b3,2,b4,0
LONSUM_A21A_0027,train,LONSUM,lnk-2,0,b1,1,b0,0
LONSUM_A21A_0027,train,LONSUM,lnk-3,0,b3,1,b5,0
LONSUM_A21A_0027,train,LONSUM,lnk-4,1,b4,2,b3,0
LONSUM_A21A_0027,train,LONSUM,lnk-5,2,b3,3,b2,0
LONSUM_A21A_0027,train,LONSUM,lnk-6,1,b2,2,b0,0
LONSUM_A21A_0027,train,LONSUM,lnk-7,1,b1,2,b1,0
LONSUM_A21A_0027,train,LONSUM,lnk-8,2,b1,3,b0,0
LONSUM_A21A_0027,train,LONSUM,lnk-9,2,b2,3,b1,0
LONSUM_A21A_0027,train,LONSUM,lnk-10,3,b4,0,b4,0
LONSUM_A21A_0027,train,LONSUM,lnk-11,3,b3,0,b0,0
LONSUM_A21A_0028,test,LONSUM,lnk-0,0,b0,1,b3,0
LONSUM_A21A_0028,test,LONSUM,lnk-1,1,b0,2,b3,0
LONSUM_A21A_0028,test,LONSUM,lnk-2,1,b1,2,b4,0
LONSUM_A21A_0028,test,LONSUM,lnk-3,2,b1,3,b3,0
LONSUM_A21A_0028,test,LONSUM,lnk-4,2,b0,3,b1,0
LONSUM_A21A_0028,test,LONSUM,lnk-5,3,b1,0,b4,0
LONSUM_A21A_0028,test,LONSUM,lnk-6,2,b2,3,b2,0
LONSUM_A21A_0028,test,LONSUM,lnk-7,3,b0,0,b3,0
LONSUM_A21A_0029,train,LONSUM,lnk-0,0,b0,1,b2,0
LONSUM_A21A_0029,train,LONSUM,lnk-1,0,b1,1,b0,0
LONSUM_A21A_0029,train,LONSUM,lnk-2,1,b1,2,b0,0
LONSUM_A21A_0029,train,LONSUM,lnk-3,2,b3,3,b1,0
LONSUM_A21A_0029,train,LONSUM,lnk-4,3,b0,0,b4,0
LONSUM_A21A_0029,train,LONSUM,lnk-5,3,b2,0,b3,0
LONSUM_A21A_0030,train,LONSUM,lnk-0,0,b0,1,b0,0
LONSUM_A21A_0030,train,LONSUM,lnk-1,3,b0,0,b0,0
LONSUM_A21A_0031,train,LONSUM,lnk-0,0,b3,1,b2,0
LONSUM_A21A_0031,train,LONSUM,lnk-1,1,b2,2,b3,0
LONSUM_A21A_0031,train,LONSUM,lnk-2,0,b2,1,b1,0
LONSUM_A21A_0031,train,LONSUM,lnk-3,1,b1,2,b0,0
LONSUM_A21A_0031,train,LONSUM,lnk-4,0,b4,1,b0,0
LONSUM_A21A_0031,train,LONSUM,lnk-5,2,b2,3,b2,0
LONSUM_A21A_0031,train,LONSUM,lnk-6,3,b2,0,b1,0
LONSUM_A21A_0031,train,LONSUM,lnk-7,2,b1,3,b3,0
LONSUM_A21A_0031,train,LONSUM,lnk-8,3,b0,0,b0,0
LONSUM_A21A_0032,train,LONSUM,lnk-0,2,b0,3,b0,0
LONSUM_A21A_0033,train,LONSUM,lnk-0,0,b0,1,b1,0
LONSUM_A21A_0033,train,LONSUM,lnk-1,0,b1,1,b2,0
LONSUM_A21A_0033,train,LONSUM,lnk-2,1,b2,2,b2,0
LONSUM_A21A_0033,train,LONSUM,lnk-3,3,b0,0,b1,0
LONSUM_A21A_0033,train,LONSUM,lnk-4,1,b0,2,b0,0
LONSUM_A21A_0033,train,LONSUM,lnk-5,2,b1,3,b1,0
LONSUM_A21A_0034,train,LONSUM,lnk-0,0,b0,1,b1,0
LONSUM_A21A_0034,train,LONSUM,lnk-1,0,b2,1,b0,0
LONSUM_A21A_0034,train,LONSUM,lnk-2,0,b3,1,b4,0
LONSUM_A21A_0034,train,LONSUM,lnk-3,1,b3,2,b2,0
LONSUM_A21A_0034,train,LONSUM,lnk-4,1,b2,2,b3,0
LONSUM_A21A_0034,train,LONSUM,lnk-5,2,b1,3,b1,0
LONSUM_A21A_0034,train,LONSUM,lnk-6,2,b0,3,b0,0
LONSUM_A21A_0034,train,LONSUM,lnk-7,3,b2,0,b4,0
LONSUM_A21A_0035,train,LONSUM,lnk-0,0,b2,1,b1,0
LONSUM_A21A_0035,train,LONSUM,lnk-1,0,b1,1,b2,0
LONSUM_A21A_0035,train,LONSUM,lnk-2,1,b3,2,b2,0
LONSUM_A21A_0035,train,LONSUM,lnk-3,2,b2,3,b2,0
LONSUM_A21A_0035,train,LONSUM,lnk-4,1,b0,2,b3,0
LONSUM_A21A_0035,train,LONSUM,lnk-5,2,b1,3,b1,0
LONSUM_A21A_0035,train,LONSUM,lnk-6,3,b1,0,b3,0
LONSUM_A21A_0035,train,LONSUM,lnk-7,2,b0,3,b0,0
LONSUM_A21A_0035,train,LONSUM,lnk-8,3,b3,0,b0,0
LONSUM_A21A_0036,train,LONSUM,lnk-0,0,b1,1,b2,0
LONSUM_A21A_0036,train,LONSUM,lnk-1,1,b2,2,b4,0
LONSUM_A21A_0036,train,LONSUM,lnk-2,1,b1,2,b3,0
LONSUM_A21A_0036,train,LONSUM,lnk-3,1,b0,2,b2,0
LONSUM_A21A_0036,train,LONSUM,lnk-4,2,b0,3,b1,0
LONSUM_A21A_0036,train,LONSUM,lnk-5,2,b1,3,b3,0
LONSUM_A21A_0036,train,LONSUM,lnk-6,3,b0,0,b0,0
LONSUM_A21A_0036,train,LONSUM,lnk-7,3,b2,0,b2,0
LONSUM_A21A_0037,train,LONSUM,lnk-0,0,b0,1,b0,0
LONSUM_A21A_0037,train,LONSUM,lnk-1,1,b1,2,b0,0
LONSUM_A21A_0037,train,LONSUM,lnk-2,2,b0,3,b0,0
LONSUM_A21A_0038,val,LONSUM,lnk-0,0,b2,1,b4,0
LONSUM_A21A_0038,val,LONSUM,lnk-1,0,b0,1,b2,0
LONSUM_A21A_0038,val,LONSUM,lnk-2,3,b3,0,b0,0
LONSUM_A21A_0038,val,LONSUM,lnk-3,0,b1,1,b0,0
LONSUM_A21A_0038,val,LONSUM,lnk-4,1,b1,2,b0,0
LONSUM_A21A_0038,val,LONSUM,lnk-5,2,b0,3,b2,0
LONSUM_A21A_0038,val,LONSUM,lnk-6,1,b3,2,b3,0
LONSUM_A21A_0038,val,LONSUM,lnk-7,2,b2,3,b0,0
LONSUM_A21A_0038,val,LONSUM,lnk-8,2,b1,3,b1,0
LONSUM_A21A_0039,train,LONSUM,lnk-0,1,b0,2,b1,0
LONSUM_A21A_0039,train,LONSUM,lnk-1,1,b1,2,b2,0
LONSUM_A21A_0039,train,LONSUM,lnk-2,2,b3,3,b2,0
LONSUM_A21A_0039,train,LONSUM,lnk-3,2,b0,3,b1,0
LONSUM_A21A_0039,train,LONSUM,lnk-4,3,b0,0,b1,0
LONSUM_A21A_0040,train,LONSUM,lnk-0,0,b0,1,b0,0
LONSUM_A21A_0040,train,LONSUM,lnk-1,1,b1,2,b1,0
LONSUM_A21A_0040,train,LONSUM,lnk-2,2,b1,3,b2,0
LONSUM_A21A_0040,train,LONSUM,lnk-3,2,b0,3,b1,0
LONSUM_A21A_0040,train,LONSUM,lnk-4,3,b1,0,b2,0
LONSUM_A21A_0040,train,LONSUM,lnk-5,3,b0,0,b1,0
LONSUM_A21A_0041,train,LONSUM,lnk-0,1,b0,2,b0,0
LONSUM_A21A_0041,train,LONSUM,lnk-1,0,b0,1,b1,0
LONSUM_A21A_0041,train,LONSUM,lnk-2,3,b0,0,b1,0
LONSUM_A21A_0042,train,LONSUM,lnk-0,1,b0,2,b0,0
LONSUM_A21A_0042,train,LONSUM,lnk-1,2,b0,3,b0,0
LONSUM_A21A_0042,train,LONSUM,lnk-2,2,b1,3,b1,0
LONSUM_A21A_0043,train,LONSUM,lnk-0,0,b0,1,b2,0
LONSUM_A21A_0043,train,LONSUM,lnk-1,1,b0,2,b2,0
LONSUM_A21A_0043,train,LONSUM,lnk-2,1,b1,2,b1,0
LONSUM_A21A_0043,train,LONSUM,lnk-3,2,b0,3,b0,0
LONSUM_A21A_0044,train,LONSUM,lnk-0,0,b0,1,b3,0
LONSUM_A21A_0044,train,LONSUM,lnk-1,0,b1,1,b2,0
LONSUM_A21A_0044,train,LONSUM,lnk-2,1,b1,2,b2,0
LONSUM_A21A_0044,train,LONSUM,lnk-3,1,b0,2,b3,0
LONSUM_A21A_0044,train,LONSUM,lnk-4,2,b0,3,b2,0
LONSUM_A21A_0044,train,LONSUM,lnk-5,3,b1,0,b2,0
LONSUM_A21A_0044,train,LONSUM,lnk-6,3,b0,0,b3,0
LONSUM_A21A_0045,train,LONSUM,lnk-0,0,b1,1,b1,0
LONSUM_A21A_0045,train,LONSUM,lnk-1,1,b0,2,b2,0
LONSUM_A21A_0045,train,LONSUM,lnk-2,1,b3,2,b0,0
LONSUM_A21A_0045,train,LONSUM,lnk-3,2,b0,3,b0,0
LONSUM_A21A_0045,train,LONSUM,lnk-4,2,b1,3,b1,0
LONSUM_A21A_0045,train,LONSUM,lnk-5,3,b1,0,b2,0
LONSUM_A21A_0046,val,LONSUM,lnk-0,1,b0,2,b0,0
LONSUM_A21A_0046,val,LONSUM,lnk-1,2,b0,3,b0,0
LONSUM_A21A_0047,train,LONSUM,lnk-0,0,b0,1,b0,0
LONSUM_A21A_0047,train,LONSUM,lnk-1,1,b0,2,b1,0
LONSUM_A21A_0047,train,LONSUM,lnk-2,1,b2,2,b0,0
LONSUM_A21A_0047,train,LONSUM,lnk-3,2,b0,3,b0,0
LONSUM_A21A_0047,train,LONSUM,lnk-4,3,b2,0,b1,0
LONSUM_A21A_0047,train,LONSUM,lnk-5,3,b1,0,b2,0
LONSUM_A21A_0048,train,LONSUM,lnk-0,0,b0,1,b1,0
LONSUM_A21A_0048,train,LONSUM,lnk-1,1,b1,2,b0,0
LONSUM_A21A_0048,train,LONSUM,lnk-2,2,b0,3,b2,0
LONSUM_A21A_0048,train,LONSUM,lnk-3,0,b2,1,b4,0
LONSUM_A21A_0048,train,LONSUM,lnk-4,0,b1,1,b3,0
LONSUM_A21A_0048,train,LONSUM,lnk-5,1,b2,2,b1,0
LONSUM_A21A_0048,train,LONSUM,lnk-6,1,b0,2,b2,0
LONSUM_A21A_0048,train,LONSUM,lnk-7,2,b2,3,b1,0
LONSUM_A21A_0048,train,LONSUM,lnk-8,2,b3,3,b0,0
LONSUM_A21A_0049,test,LONSUM,lnk-0,0,b0,1,b1,0
LONSUM_A21A_0049,test,LONSUM,lnk-1,1,b1,2,b0,0
LONSUM_A21A_0049,test,LONSUM,lnk-2,3,b1,0,b0,0
LONSUM_A21A_0049,test,LONSUM,lnk-3,1,b0,2,b1,0
LONSUM_A21A_0049,test,LONSUM,lnk-4,2,b1,3,b0,0
LONSUM_A21A_0050,train,LONSUM,lnk-0,0,b1,1,b1,0
LONSUM_A21A_0050,train,LONSUM,lnk-1,1,b1,2,b0,0
LONSUM_A21A_0050,train,LONSUM,lnk-2,2,b0,3,b0,0
LONSUM_A21A_0050,train,LONSUM,lnk-3,0,b2,1,b0,0
LONSUM_A21A_0050,train,LONSUM,lnk-4,1,b0,2,b1,0
LONSUM_A21A_0050,train,LONSUM,lnk-5,2,b1,3,b5,0
LONSUM_A21A_0050,train,LONSUM,lnk-6,0,b3,1,b2,0
LONSUM_A21A_0050,train,LONSUM,lnk-7,1,b2,2,b2,0
LONSUM_A21A_0050,train,LONSUM,lnk-8,2,b3,3,b4,0
LONSUM_A21A_0050,train,LONSUM,lnk-9,3,b1,0,b0,0
LONSUM_A21A_0051,test,LONSUM,lnk-0,0,b2,1,b1,0
LONSUM_A21A_0051,test,LONSUM,lnk-1,0,b0,1,b3,0
LONSUM_A21A_0051,test,LONSUM,lnk-2,1,b3,2,b1,0
LONSUM_A21A_0051,test,LONSUM,lnk-3,0,b3,1,b0,0
LONSUM_A21A_0051,test,LONSUM,lnk-4,1,b2,2,b0,0
LONSUM_A21A_0051,test,LONSUM,lnk-5,2,b0,3,b1,0
LONSUM_A21A_0051,test,LONSUM,lnk-6,2,b2,3,b0,0
LONSUM_A21A_0051,test,LONSUM,lnk-7,3,b2,0,b1,0
LONSUM_A21A_0052,train,LONSUM,lnk-0,0,b0,1,b1,0
LONSUM_A21A_0052,train,LONSUM,lnk-1,0,b1,1,b0,0
LONSUM_A21A_0052,train,LONSUM,lnk-2,1,b0,2,b0,0
LONSUM_A21A_0052,train,LONSUM,lnk-3,3,b0,0,b2,0
LONSUM_A21A_0053,test,LONSUM,lnk-0,0,b0,1,b1,0
LONSUM_A21A_0053,test,LONSUM,lnk-1,0,b1,1,b0,0
LONSUM_A21A_0053,test,LONSUM,lnk-2,1,b2,2,b0,0
LONSUM_A21A_0053,test,LONSUM,lnk-3,2,b0,3,b3,0
LONSUM_A21A_0053,test,LONSUM,lnk-4,2,b1,3,b2,0
LONSUM_A21A_0053,test,LONSUM,lnk-5,3,b0,0,b2,0
LONSUM_A21A_0054,val,LONSUM,lnk-0,3,b2,0,b2,0
LONSUM_A21A_0054,val,LONSUM,lnk-1,0,b2,1,b5,0
LONSUM_A21A_0054,val,LONSUM,lnk-2,0,b0,1,b0,0
LONSUM_A21A_0054,val,LONSUM,lnk-3,0,b1,1,b3,0
LONSUM_A21A_0054,val,LONSUM,lnk-4,1,b1,2,b1,0
LONSUM_A21A_0054,val,LONSUM,lnk-5,1,b2,2,b0,0
LONSUM_A21A_0054,val,LONSUM,lnk-6,2,b0,3,b0,0
LONSUM_A21A_0054,val,LONSUM,lnk-7,2,b2,3,b1,0
LONSUM_A21A_0055,test,LONSUM,lnk-0,0,b0,1,b2,0
LONSUM_A21A_0055,test,LONSUM,lnk-1,1,b1,2,b0,0
LONSUM_A21A_0055,test,LONSUM,lnk-2,1,b0,2,b1,0
LONSUM_A21A_0055,test,LONSUM,lnk-3,3,b1,0,b2,0
LONSUM_A21A_0056,train,LONSUM,lnk-0,0,b0,1,b2,0
LONSUM_A21A_0056,train,LONSUM,lnk-1,1,b0,2,b0,0
LONSUM_A21A_0056,train,LONSUM,lnk-2,2,b0,3,b1,0
LONSUM_A21A_0056,train,LONSUM,lnk-3,1,b1,2,b1,0
LONSUM_A21A_0056,train,LONSUM,lnk-4,3,b2,0,b3,0
LONSUM_A21A_0056,train,LONSUM,lnk-5,3,b0,0,b2,0
LONSUM_A21A_0058,train,LONSUM,lnk-0,0,b1,1,b3,0
LONSUM_A21A_0058,train,LONSUM,lnk-1,0,b2,1,b0,0
LONSUM_A21A_0058,train,LONSUM,lnk-2,1,b0,2,b0,0
LONSUM_A21A_0058,train,LONSUM,lnk-3,1,b2,2,b1,0
LONSUM_A21A_0058,train,LONSUM,lnk-4,1,b1,2,b3,0
LONSUM_A21A_0058,train,LONSUM,lnk-5,2,b3,3,b1,0
LONSUM_A21A_0058,train,LONSUM,lnk-6,3,b0,0,b3,0
LONSUM_A21A_0059,train,LONSUM,lnk-0,0,b0,1,b2,0
LONSUM_A21A_0059,train,LONSUM,lnk-1,0,b3,1,b3,0
LONSUM_A21A_0059,train,LONSUM,lnk-2,0,b2,1,b1,0
LONSUM_A21A_0059,train,LONSUM,lnk-3,1,b0,2,b2,0
LONSUM_A21A_0059,train,LONSUM,lnk-4,1,b4,2,b3,0
LONSUM_A21A_0059,train,LONSUM,lnk-5,2,b0,3,b0,0
LONSUM_A21A_0059,train,LONSUM,lnk-6,3,b2,0,b5,0
LONSUM_A21A_0060,train,LONSUM,lnk-0,0,b0,1,b0,0
LONSUM_A21A_0060,train,LONSUM,lnk-1,1,b0,2,b1,0
LONSUM_A21A_0060,train,LONSUM,lnk-2,1,b2,2,b0,0
LONSUM_A21A_0060,train,LONSUM,lnk-3,2,b0,3,b0,0
LONSUM_A21A_0060,train,LONSUM,lnk-4,1,b1,2,b2,0
LONSUM_A21A_0060,train,LONSUM,lnk-5,2,b2,3,b1,0
LONSUM_A21A_0060,train,LONSUM,lnk-6,3,b2,0,b2,0
LONSUM_A21A_0061,val,LONSUM,lnk-0,0,b1,1,b2,0
LONSUM_A21A_0061,val,LONSUM,lnk-1,1,b1,2,b0,0
LONSUM_A21A_0061,val,LONSUM,lnk-2,2,b0,3,b0,0
LONSUM_A21A_0061,val,LONSUM,lnk-3,2,b1,3,b1,0
LONSUM_A21A_0061,val,LONSUM,lnk-4,3,b2,0,b2,0
LONSUM_A21A_0062,val,LONSUM,lnk-0,0,b0,1,b1,0
LONSUM_A21A_0062,val,LONSUM,lnk-1,1,b2,2,b0,0
LONSUM_A21A_0062,val,LONSUM,lnk-2,2,b0,3,b1,0
LONSUM_A21A_0062,val,LONSUM,lnk-3,1,b0,2,b2,0
LONSUM_A21A_0062,val,LONSUM,lnk-4,3,b0,0,b3,0
LONSUM_A21A_0063,train,LONSUM,lnk-0,0,b3,1,b2,0
LONSUM_A21A_0063,train,LONSUM,lnk-1,0,b4,1,b4,0
LONSUM_A21A_0063,train,LONSUM,lnk-2,0,b1,1,b1,0
LONSUM_A21A_0063,train,LONSUM,lnk-3,3,b3,0,b1,0
LONSUM_A21A_0063,train,LONSUM,lnk-4,1,b0,2,b1,0
LONSUM_A21A_0063,train,LONSUM,lnk-5,1,b3,2,b2,0
LONSUM_A21A_0063,train,LONSUM,lnk-6,2,b0,3,b0,0
LONSUM_A21A_0063,train,LONSUM,lnk-7,3,b1,0,b0,0
LONSUM_A21A_0063,train,LONSUM,lnk-8,3,b2,0,b2,0
LONSUM_A21A_0064,train,LONSUM,lnk-0,1,b1,2,b1,0
LONSUM_A21A_0064,train,LONSUM,lnk-1,2,b0,3,b0,0
LONSUM_A21A_0065,train,LONSUM,lnk-0,0,b1,1,b0,0
LONSUM_A21A_0065,train,LONSUM,lnk-1,1,b3,2,b1,0
LONSUM_A21A_0065,train,LONSUM,lnk-2,2,b1,3,b0,0
LONSUM_A21A_0065,train,LONSUM,lnk-3,1,b1,2,b0,0
LONSUM_A21A_0065,train,LONSUM,lnk-4,3,b3,0,b0,0
LONSUM_A21A_0066,train,LONSUM,lnk-0,0,b1,1,b0,0
LONSUM_A21A_0066,train,LONSUM,lnk-1,1,b2,2,b1,0
LONSUM_A21A_0066,train,LONSUM,lnk-2,2,b1,3,b2,0
LONSUM_A21A_0066,train,LONSUM,lnk-3,3,b0,0,b0,0
LONSUM_A21A_0066,train,LONSUM,lnk-4,3,b1,0,b3,0
LONSUM_A21A_0067,test,LONSUM,lnk-0,0,b2,1,b2,0
LONSUM_A21A_0067,test,LONSUM,lnk-1,1,b1,2,b4,0
LONSUM_A21A_0067,test,LONSUM,lnk-2,1,b3,2,b3,0
LONSUM_A21A_0067,test,LONSUM,lnk-3,1,b0,2,b2,0
LONSUM_A21A_0067,test,LONSUM,lnk-4,2,b1,3,b0,0
LONSUM_A21A_0067,test,LONSUM,lnk-5,2,b0,3,b1,0
LONSUM_A21A_0067,test,LONSUM,lnk-6,3,b4,0,b1,0
LONSUM_A21A_0067,test,LONSUM,lnk-7,3,b5,0,b0,0
LONSUM_A21A_0068,train,LONSUM,lnk-0,3,b0,0,b1,0
LONSUM_A21A_0068,train,LONSUM,lnk-1,0,b0,1,b3,0
LONSUM_A21A_0068,train,LONSUM,lnk-2,0,b2,1,b0,0
LONSUM_A21A_0068,train,LONSUM,lnk-3,1,b0,2,b4,0
LONSUM_A21A_0068,train,LONSUM,lnk-4,0,b3,1,b1,0
LONSUM_A21A_0068,train,LONSUM,lnk-5,1,b2,2,b3,0
LONSUM_A21A_0068,train,LONSUM,lnk-6,2,b0,3,b2,0
LONSUM_A21A_0068,train,LONSUM,lnk-7,2,b2,3,b3,0
LONSUM_A21A_0069,train,LONSUM,lnk-0,1,b1,2,b0,0
LONSUM_A21A_0070,train,LONSUM,lnk-0,0,b1,1,b1,0
LONSUM_A21A_0070,train,LONSUM,lnk-1,1,b3,2,b0,0
LONSUM_A21A_0070,train,LONSUM,lnk-2,2,b1,3,b0,0
LONSUM_A21A_0070,train,LONSUM,lnk-3,2,b2,3,b1,0
LONSUM_A21A_0070,train,LONSUM,lnk-4,3,b2,0,b0,0
LONSUM_A21A_0071,train,LONSUM,lnk-0,0,b0,1,b0,0
LONSUM_A21A_0071,train,LONSUM,lnk-1,1,b0,2,b1,0
LONSUM_A21A_0071,train,LONSUM,lnk-2,2,b0,3,b1,0
LONSUM_A21A_0071,train,LONSUM,lnk-3,3,b0,0,b1,0
LONSUM_A21A_0074,train,LONSUM,lnk-0,0,b2,1,b2,0
LONSUM_A21A_0074,train,LONSUM,lnk-1,0,b0,1,b1,0
LONSUM_A21A_0074,train,LONSUM,lnk-2,0,b1,1,b0,0
LONSUM_A21A_0074,train,LONSUM,lnk-3,1,b0,2,b0,0
LONSUM_A21A_0074,train,LONSUM,lnk-4,2,b1,3,b0,0
LONSUM_A21A_0075,train,LONSUM,lnk-0,1,b0,2,b0,0
LONSUM_A21A_0075,train,LONSUM,lnk-1,2,b1,3,b0,0
LONSUM_A21A_0075,train,LONSUM,lnk-2,3,b1,0,b0,0
LONSUM_A21A_0075,train,LONSUM,lnk-3,0,b1,1,b2,0
LONSUM_A21A_0076,val,LONSUM,lnk-0,0,b0,1,b1,0
LONSUM_A21A_0076,val,LONSUM,lnk-1,1,b1,2,b2,0
LONSUM_A21A_0076,val,LONSUM,lnk-2,1,b0,2,b1,0
LONSUM_A21A_0076,val,LONSUM,lnk-3,2,b1,3,b3,0
LONSUM_A21A_0076,val,LONSUM,lnk-4,2,b0,3,b2,0
LONSUM_A21A_0076,val,LONSUM,lnk-5,3,b1,0,b1,0
LONSUM_A21A_0077,train,LONSUM,lnk-0,0,b0,1,b0,0
LONSUM_A21A_0077,train,LONSUM,lnk-1,1,b1,2,b1,0
LONSUM_A21A_0078,val,LONSUM,lnk-0,0,b1,1,b2,0
LONSUM_A21A_0078,val,LONSUM,lnk-1,0,b2,1,b0,0
LONSUM_A21A_0078,val,LONSUM,lnk-2,1,b3,2,b1,0
LONSUM_A21A_0078,val,LONSUM,lnk-3,1,b1,2,b0,0
LONSUM_A21A_0078,val,LONSUM,lnk-4,2,b3,3,b3,0
LONSUM_A21A_0078,val,LONSUM,lnk-5,3,b2,0,b0,0
LONSUM_A21A_0079,train,LONSUM,lnk-0,0,b2,1,b1,0
LONSUM_A21A_0079,train,LONSUM,lnk-1,1,b0,2,b1,0
LONSUM_A21A_0079,train,LONSUM,lnk-2,2,b0,3,b0,0
LONSUM_A21A_0080,train,LONSUM,lnk-0,0,b1,1,b0,0
LONSUM_A21A_0080,train,LONSUM,lnk-1,3,b0,0,b0,0
LONSUM_A21A_0081,train,LONSUM,lnk-0,0,b1,1,b0,0
LONSUM_A21A_0081,train,LONSUM,lnk-1,1,b0,2,b0,0
LONSUM_A21A_0081,train,LONSUM,lnk-2,2,b0,3,b0,0
LONSUM_A21A_0082,train,LONSUM,lnk-0,0,b0,1,b0,0
LONSUM_A21A_0082,train,LONSUM,lnk-1,1,b0,2,b0,0
LONSUM_A21A_0082,train,LONSUM,lnk-2,2,b1,3,b0,0
LONSUM_A21A_0083,train,LONSUM,lnk-0,0,b0,1,b1,0
LONSUM_A21A_0083,train,LONSUM,lnk-1,0,b2,1,b0,0
LONSUM_A21A_0083,train,LONSUM,lnk-2,1,b3,2,b4,0
LONSUM_A21A_0083,train,LONSUM,lnk-3,1,b2,2,b1,0
LONSUM_A21A_0083,train,LONSUM,lnk-4,2,b2,3,b0,0
LONSUM_A21A_0083,train,LONSUM,lnk-5,2,b0,3,b1,0
LONSUM_A21A_0083,train,LONSUM,lnk-6,3,b2,0,b1,0
LONSUM_A21A_0084,test,LONSUM,lnk-0,1,b0,2,b0,0
LONSUM_A21A_0086,test,LONSUM,lnk-0,0,b2,1,b0,0
LONSUM_A21A_0086,test,LONSUM,lnk-1,1,b0,2,b0,0
LONSUM_A21A_0086,test,LONSUM,lnk-2,2,b3,3,b0,0
LONSUM_A21A_0087,test,LONSUM,lnk-0,1,b1,2,b1,0
LONSUM_A21A_0087,test,LONSUM,lnk-1,2,b2,3,b0,0
LONSUM_A21A_0087,test,LONSUM,lnk-2,0,b0,1,b0,0
LONSUM_A21A_0088,train,LONSUM,lnk-0,0,b2,1,b3,0
LONSUM_A21A_0088,train,LONSUM,lnk-1,2,b2,3,b2,0
LONSUM_A21A_0088,train,LONSUM,lnk-2,2,b1,3,b1,0
LONSUM_A21A_0088,train,LONSUM,lnk-3,3,b0,0,b1,0
LONSUM_A21A_0088,train,LONSUM,lnk-4,3,b3,0,b0,0
LONSUM_A21A_0088,train,LONSUM,lnk-5,1,b2,2,b4,0
LONSUM_A21A_0088,train,LONSUM,lnk-6,1,b1,2,b3,0
LONSUM_A21A_0090,train,LONSUM,lnk-0,0,b0,1,b0,0
LONSUM_A21A_0090,train,LONSUM,lnk-1,1,b2,2,b2,0
LONSUM_A21A_0090,train,LONSUM,lnk-2,1,b1,2,b3,0
LONSUM_A21A_0090,train,LONSUM,lnk-3,2,b0,3,b0,0
LONSUM_A21A_0090,train,LONSUM,lnk-4,3,b0,0,b1,0
LONSUM_A21A_0091,val,LONSUM,lnk-0,1,b1,2,b0,0
LONSUM_A21A_0091,val,LONSUM,lnk-1,1,b2,2,b1,0
LONSUM_A21A_0091,val,LONSUM,lnk-2,2,b3,3,b0,0
LONSUM_A21A_0091,val,LONSUM,lnk-3,3,b2,0,b2,0
LONSUM_A21A_0091,val,LONSUM,lnk-4,0,b0,1,b3,0
LONSUM_A21A_0092,train,LONSUM,lnk-0,0,b1,1,b0,0
LONSUM_A21A_0092,train,LONSUM,lnk-1,0,b0,1,b1,0
LONSUM_A21A_0092,train,LONSUM,lnk-2,2,b0,3,b2,0
LONSUM_A21A_0092,train,LONSUM,lnk-3,3,b0,0,b2,0
LONSUM_A21A_0093,val,LONSUM,lnk-0,0,b0,1,b0,0
LONSUM_A21A_0093,val,LONSUM,lnk-1,1,b1,2,b1,0
LONSUM_A21A_0093,val,LONSUM,lnk-2,2,b2,3,b0,0
LONSUM_A21A_0094,test,LONSUM,lnk-0,0,b0,1,b2,0
LONSUM_A21A_0094,test,LONSUM,lnk-1,1,b1,2,b1,0
LONSUM_A21A_0094,test,LONSUM,lnk-2,2,b0,3,b0,0
LONSUM_A21A_0094,test,LONSUM,lnk-3,2,b2,3,b1,0
LONSUM_A21A_0094,test,LONSUM,lnk-4,2,b3,3,b2,0
LONSUM_A21A_0095,train,LONSUM,lnk-0,0,b2,1,b0,0
LONSUM_A21A_0095,train,LONSUM,lnk-1,0,b0,1,b3,0
LONSUM_A21A_0095,train,LONSUM,lnk-2,1,b1,2,b0,0
LONSUM_A21A_0095,train,LONSUM,lnk-3,2,b1,3,b2,0
LONSUM_A21A_0095,train,LONSUM,lnk-4,3,b1,0,b1,0
LONSUM_A21A_0096,train,LONSUM,lnk-0,1,b0,2,b0,0
LONSUM_A21A_0096,train,LONSUM,lnk-1,2,b1,3,b2,0
LONSUM_A21A_0097,val,LONSUM,lnk-0,0,b0,1,b0,0
LONSUM_A21A_0097,val,LONSUM,lnk-1,2,b0,3,b0,0
LONSUM_A21A_0098,train,LONSUM,lnk-0,0,b0,1,b1,0
LONSUM_A21A_0098,train,LONSUM,lnk-1,1,b2,2,b0,0
LONSUM_A21A_0098,train,LONSUM,lnk-2,1,b0,2,b1,0
LONSUM_A21A_0098,train,LONSUM,lnk-3,2,b1,3,b0,0
LONSUM_A21A_0098,train,LONSUM,lnk-4,2,b2,3,b1,0
LONSUM_A21A_0099,test,LONSUM,lnk-0,0,b1,1,b2,0
LONSUM_A21A_0099,test,LONSUM,lnk-1,2,b3,3,b1,0
LONSUM_A21A_0099,test,LONSUM,lnk-2,2,b2,3,b0,0
LONSUM_A21A_0099,test,LONSUM,lnk-3,2,b0,3,b2,0
LONSUM_A21A_0099,test,LONSUM,lnk-4,3,b3,0,b0,0
