tree_id,split,M01,M03,M05,M06,M07,M08,M16,M19,M30,M31,M33,vis,sid,gmb,med,adp,any_pass,winners
DAMIMAS_A21B_0001,unknown,1,1,1,1,1,1,1,1,1,1,1,1,1,1,1,1,1,"M01,M03,M05,M06,M07,M08,M16,M19,M30,M31,M33,vis,sid,gmb,med,adp"
DAMIMAS_A21B_0002,train,1,1,1,1,1,1,0,0,0,1,0,1,1,1,1,0,1,"M01,M03,M05,M06,M07,M08,M31,vis,sid,gmb,med"
DAMIMAS_A21B_0003,train,1,1,1,1,1,1,1,1,1,1,1,1,1,1,1,1,1,"M01,M03,M05,M06,M07,M08,M16,M19,M30,M31,M33,vis,sid,gmb,med,adp"
DAMIMAS_A21B_0004,train,1,1,1,1,1,1,1,1,1,1,1,1,1,1,1,1,1,"M01,M03,M05,M06,M07,M08,M16,M19,M30,M31,M33,vis,sid,gmb,med,adp"
DAMIMAS_A21B_0005,test,1,1,1,1,1,1,1,1,1,1,1,1,1,1,1,1,1,"M01,M03,M05,M06,M07,M08,M16,M19,M30,M31,M33,vis,sid,gmb,med,adp"
DAMIMAS_A21B_0006,train,1,1,1,1,1,1,1,1,1,1,1,1,1,1,1,1,1,"M01,M03,M05,M06,M07,M08,M16,M19,M30,M31,M33,vis,sid,gmb,med,adp"
DAMIMAS_A21B_0007,train,1,1,1,1,1,1,1,1,1,1,1,1,1,1,1,1,1,"M01,M03,M05,M06,M07,M08,M16,M19,M30,M31,M33,vis,sid,gmb,med,adp"
DAMIMAS_A21B_0008,train,1,1,1,1,1,1,1,1,1,1,1,1,1,1,1,1,1,"M01,M03,M05,M06,M07,M08,M16,M19,M30,M31,M33,vis,sid,gmb,med,adp"
DAMIMAS_A21B_0009,train,1,1,1,1,1,1,1,1,1,1,1,1,1,1,1,1,1,"M01,M03,M05,M06,M07,M08,M16,M19,M30,M31,M33,vis,sid,gmb,med,adp"
DAMIMAS_A21B_0010,train,1,1,1,1,1,1,1,1,1,1,1,1,1,1,1,1,1,"M01,M03,M05,M06,M07,M08,M16,M19,M30,M31,M33,vis,sid,gmb,med,adp"
DAMIMAS_A21B_0011,train,1,1,1,1,1,1,1,1,1,1,0,1,1,1,1,1,1,"M01,M03,M05,M06,M07,M08,M16,M19,M30,M31,vis,sid,gmb,med,adp"
DAMIMAS_A21B_0012,test,1,1,1,1,1,1,1,1,1,1,1,1,1,1,1,1,1,"M01,M03,M05,M06,M07,M08,M16,M19,M30,M31,M33,vis,sid,gmb,med,adp"
DAMIMAS_A21B_0013,val,1,1,1,1,1,1,1,1,1,1,1,1,1,1,1,1,1,"M01,M03,M05,M06,M07,M08,M16,M19,M30,M31,M33,vis,sid,gmb,med,adp"
DAMIMAS_A21B_0014,test,1,1,1,1,1,1,1,1,1,1,1,1,1,1,1,1,1,"M01,M03,M05,M06,M07,M08,M16,M19,M30,M31,M33,vis,sid,gmb,med,adp"
DAMIMAS_A21B_0015,test,1,1,1,1,1,1,1,1,1,1,1,1,1,1,1,1,1,"M01,M03,M05,M06,M07,M08,M16,M19,M30,M31,M33,vis,sid,gmb,med,adp"
DAMIMAS_A21B_0016,train,1,1,1,1,1,1,1,1,1,1,1,1,1,1,1,1,1,"M01,M03,M05,M06,M07,M08,M16,M19,M30,M31,M33,vis,sid,gmb,med,adp"
DAMIMAS_A21B_0017,train,1,1,1,1,1,1,1,1,0,1,1,1,1,1,1,1,1,"M01,M03,M05,M06,M07,M08,M16,M19,M31,M33,vis,sid,gmb,med,adp"
DAMIMAS_A21B_0018,train,1,1,1,1,1,1,1,1,1,1,1,1,1,1,1,1,1,"M01,M03,M05,M06,M07,M08,M16,M19,M30,M31,M33,vis,sid,gmb,med,adp"
DAMIMAS_A21B_0019,train,1,1,1,1,1,1,1,1,1,1,1,1,1,1,1,1,1,"M01,M03,M05,M06,M07,M08,M16,M19,M30,M31,M33,vis,sid,gmb,med,adp"
DAMIMAS_A21B_0020,train,1,1,1,1,1,1,1,1,1,1,1,1,1,1,1,1,1,"M01,M03,M05,M06,M07,M08,M16,M19,M30,M31,M33,vis,sid,gmb,med,adp"
DAMIMAS_A21B_0021,test,1,1,1,1,1,1,1,1,1,1,1,1,1,1,1,1,1,"M01,M03,M05,M06,M07,M08,M16,M19,M30,M31,M33,vis,sid,gmb,med,adp"
DAMIMAS_A21B_0022,test,1,1,1,1,1,1,1,1,1,1,1,1,1,1,1,1,1,"M01,M03,M05,M06,M07,M08,M16,M19,M30,M31,M33,vis,sid,gmb,med,adp"
DAMIMAS_A21B_0023,train,1,1,1,1,1,1,1,1,1,1,1,1,1,1,1,1,1,"M01,M03,M05,M06,M07,M08,M16,M19,M30,M31,M33,vis,sid,gmb,med,adp"
DAMIMAS_A21B_0024,train,1,1,1,1,1,1,1,1,1,1,1,1,1,1,1,1,1,"M01,M03,M05,M06,M07,M08,M16,M19,M30,M31,M33,vis,sid,gmb,med,adp"
DAMIMAS_A21B_0025,train,1,1,1,1,1,1,1,1,1,1,1,1,1,1,1,1,1,"M01,M03,M05,M06,M07,M08,M16,M19,M30,M31,M33,vis,sid,gmb,med,adp"
DAMIMAS_A21B_0026,val,1,1,1,1,1,1,1,1,1,1,1,1,1,1,1,1,1,"M01,M03,M05,M06,M07,M08,M16,M19,M30,M31,M33,vis,sid,gmb,med,adp"
DAMIMAS_A21B_0027,train,1,1,1,1,1,1,1,1,1,1,1,1,1,1,1,1,1,"M01,M03,M05,M06,M07,M08,M16,M19,M30,M31,M33,vis,sid,gmb,med,adp"
DAMIMAS_A21B_0028,val,1,1,1,1,1,1,1,1,1,1,1,1,1,1,1,1,1,"M01,M03,M05,M06,M07,M08,M16,M19,M30,M31,M33,vis,sid,gmb,med,adp"
DAMIMAS_A21B_0029,train,1,1,1,1,1,1,1,1,1,1,1,1,1,1,1,1,1,"M01,M03,M05,M06,M07,M08,M16,M19,M30,M31,M33,vis,sid,gmb,med,adp"
DAMIMAS_A21B_0030,train,1,1,1,1,1,1,1,1,1,1,1,1,1,1,1,1,1,"M01,M03,M05,M06,M07,M08,M16,M19,M30,M31,M33,vis,sid,gmb,med,adp"
DAMIMAS_A21B_0031,train,1,1,1,1,1,1,1,1,1,1,1,1,1,1,1,1,1,"M01,M03,M05,M06,M07,M08,M16,M19,M30,M31,M33,vis,sid,gmb,med,adp"
DAMIMAS_A21B_0032,train,1,1,1,1,1,1,1,1,1,1,1,1,1,1,1,1,1,"M01,M03,M05,M06,M07,M08,M16,M19,M30,M31,M33,vis,sid,gmb,med,adp"
DAMIMAS_A21B_0033,train,1,1,1,1,1,1,1,1,1,1,1,1,1,1,1,1,1,"M01,M03,M05,M06,M07,M08,M16,M19,M30,M31,M33,vis,sid,gmb,med,adp"
DAMIMAS_A21B_0034,train,0,0,0,0,0,0,0,1,1,0,1,0,0,0,0,1,1,"M19,M30,M33,adp"
DAMIMAS_A21B_0035,train,0,0,0,0,0,0,0,0,0,0,0,0,0,0,0,0,0,
DAMIMAS_A21B_0036,train,1,1,1,1,1,1,1,1,1,1,1,1,1,1,1,1,1,"M01,M03,M05,M06,M07,M08,M16,M19,M30,M31,M33,vis,sid,gmb,med,adp"
DAMIMAS_A21B_0037,val,1,1,1,1,1,1,1,1,1,1,1,1,1,1,1,1,1,"M01,M03,M05,M06,M07,M08,M16,M19,M30,M31,M33,vis,sid,gmb,med,adp"
DAMIMAS_A21B_0038,val,1,1,1,1,1,1,1,1,1,1,1,1,1,1,1,1,1,"M01,M03,M05,M06,M07,M08,M16,M19,M30,M31,M33,vis,sid,gmb,med,adp"
DAMIMAS_A21B_0039,test,1,1,1,1,1,1,1,1,1,1,1,1,1,1,1,1,1,"M01,M03,M05,M06,M07,M08,M16,M19,M30,M31,M33,vis,sid,gmb,med,adp"
DAMIMAS_A21B_0040,train,1,1,1,1,1,1,1,1,1,1,1,1,1,1,1,1,1,"M01,M03,M05,M06,M07,M08,M16,M19,M30,M31,M33,vis,sid,gmb,med,adp"
DAMIMAS_A21B_0041,test,1,1,1,1,1,1,1,1,1,1,1,1,1,1,1,1,1,"M01,M03,M05,M06,M07,M08,M16,M19,M30,M31,M33,vis,sid,gmb,med,adp"
DAMIMAS_A21B_0042,train,1,1,1,1,1,1,1,1,1,1,1,1,1,1,1,1,1,"M01,M03,M05,M06,M07,M08,M16,M19,M30,M31,M33,vis,sid,gmb,med,adp"
DAMIMAS_A21B_0043,train,1,1,1,1,1,1,0,0,0,1,0,1,1,1,1,0,1,"M01,M03,M05,M06,M07,M08,M31,vis,sid,gmb,med"
DAMIMAS_A21B_0044,test,1,1,1,1,1,1,1,1,1,1,1,1,1,1,1,1,1,"M01,M03,M05,M06,M07,M08,M16,M19,M30,M31,M33,vis,sid,gmb,med,adp"
DAMIMAS_A21B_0045,train,1,1,1,1,1,1,0,0,1,1,1,1,1,1,1,0,1,"M01,M03,M05,M06,M07,M08,M30,M31,M33,vis,sid,gmb,med"
DAMIMAS_A21B_0046,test,1,1,1,1,1,1,1,1,1,1,1,1,1,1,1,1,1,"M01,M03,M05,M06,M07,M08,M16,M19,M30,M31,M33,vis,sid,gmb,med,adp"
DAMIMAS_A21B_0047,val,1,1,1,1,1,1,1,1,1,1,1,1,1,1,1,1,1,"M01,M03,M05,M06,M07,M08,M16,M19,M30,M31,M33,vis,sid,gmb,med,adp"
DAMIMAS_A21B_0048,val,1,1,1,1,1,1,1,1,1,1,1,1,1,1,1,1,1,"M01,M03,M05,M06,M07,M08,M16,M19,M30,M31,M33,vis,sid,gmb,med,adp"
DAMIMAS_A21B_0049,train,1,1,1,1,1,1,1,1,1,1,1,1,1,1,1,1,1,"M01,M03,M05,M06,M07,M08,M16,M19,M30,M31,M33,vis,sid,gmb,med,adp"
DAMIMAS_A21B_0050,train,1,1,1,1,1,1,1,1,1,1,1,1,1,1,1,1,1,"M01,M03,M05,M06,M07,M08,M16,M19,M30,M31,M33,vis,sid,gmb,med,adp"
DAMIMAS_A21B_0051,train,1,1,1,1,1,1,1,1,1,1,1,1,1,1,1,1,1,"M01,M03,M05,M06,M07,M08,M16,M19,M30,M31,M33,vis,sid,gmb,med,adp"
DAMIMAS_A21B_0052,train,1,1,1,1,1,1,1,1,1,1,1,1,1,1,1,1,1,"M01,M03,M05,M06,M07,M08,M16,M19,M30,M31,M33,vis,sid,gmb,med,adp"
DAMIMAS_A21B_0053,train,1,1,1,1,1,1,1,1,1,1,1,1,1,1,1,1,1,"M01,M03,M05,M06,M07,M08,M16,M19,M30,M31,M33,vis,sid,gmb,med,adp"
DAMIMAS_A21B_0054,test,1,1,1,1,1,1,1,1,1,1,1,1,1,1,1,1,1,"M01,M03,M05,M06,M07,M08,M16,M19,M30,M31,M33,vis,sid,gmb,med,adp"
DAMIMAS_A21B_0055,train,1,1,1,1,1,1,1,1,1,1,1,1,1,1,1,1,1,"M01,M03,M05,M06,M07,M08,M16,M19,M30,M31,M33,vis,sid,gmb,med,adp"
DAMIMAS_A21B_0056,train,1,1,1,1,1,1,1,1,1,1,1,1,1,1,1,1,1,"M01,M03,M05,M06,M07,M08,M16,M19,M30,M31,M33,vis,sid,gmb,med,adp"
DAMIMAS_A21B_0057,train,1,1,1,1,1,1,1,1,1,1,1,1,1,1,1,1,1,"M01,M03,M05,M06,M07,M08,M16,M19,M30,M31,M33,vis,sid,gmb,med,adp"
DAMIMAS_A21B_0058,train,1,1,1,1,1,1,1,1,1,1,1,1,1,1,1,1,1,"M01,M03,M05,M06,M07,M08,M16,M19,M30,M31,M33,vis,sid,gmb,med,adp"
DAMIMAS_A21B_0059,test,1,1,1,1,1,1,1,1,1,1,1,1,1,1,1,1,1,"M01,M03,M05,M06,M07,M08,M16,M19,M30,M31,M33,vis,sid,gmb,med,adp"
DAMIMAS_A21B_0060,val,1,1,1,1,1,1,1,0,1,1,1,1,1,1,1,0,1,"M01,M03,M05,M06,M07,M08,M16,M30,M31,M33,vis,sid,gmb,med"
DAMIMAS_A21B_0061,train,1,1,1,1,1,1,1,0,1,1,1,1,1,1,1,0,1,"M01,M03,M05,M06,M07,M08,M16,M30,M31,M33,vis,sid,gmb,med"
DAMIMAS_A21B_0062,train,1,1,1,1,1,1,1,1,1,1,1,1,1,1,1,1,1,"M01,M03,M05,M06,M07,M08,M16,M19,M30,M31,M33,vis,sid,gmb,med,adp"
DAMIMAS_A21B_0063,val,1,1,1,1,1,1,1,1,1,1,1,1,1,1,1,1,1,"M01,M03,M05,M06,M07,M08,M16,M19,M30,M31,M33,vis,sid,gmb,med,adp"
DAMIMAS_A21B_0064,train,1,1,1,1,1,1,1,1,1,1,1,1,1,1,1,1,1,"M01,M03,M05,M06,M07,M08,M16,M19,M30,M31,M33,vis,sid,gmb,med,adp"
DAMIMAS_A21B_0065,train,1,1,1,1,1,1,1,1,1,1,1,1,1,1,1,1,1,"M01,M03,M05,M06,M07,M08,M16,M19,M30,M31,M33,vis,sid,gmb,med,adp"
DAMIMAS_A21B_0066,train,1,1,1,1,1,1,1,1,1,1,1,1,1,1,1,1,1,"M01,M03,M05,M06,M07,M08,M16,M19,M30,M31,M33,vis,sid,gmb,med,adp"
DAMIMAS_A21B_0067,train,1,1,1,1,1,1,1,1,1,1,1,1,1,1,1,1,1,"M01,M03,M05,M06,M07,M08,M16,M19,M30,M31,M33,vis,sid,gmb,med,adp"
DAMIMAS_A21B_0068,train,1,1,1,1,1,1,1,1,1,1,1,1,1,1,1,1,1,"M01,M03,M05,M06,M07,M08,M16,M19,M30,M31,M33,vis,sid,gmb,med,adp"
DAMIMAS_A21B_0069,train,1,1,1,1,1,1,1,1,1,1,1,1,1,1,1,1,1,"M01,M03,M05,M06,M07,M08,M16,M19,M30,M31,M33,vis,sid,gmb,med,adp"
DAMIMAS_A21B_0070,train,1,1,1,1,1,1,1,1,1,1,1,1,1,1,1,1,1,"M01,M03,M05,M06,M07,M08,M16,M19,M30,M31,M33,vis,sid,gmb,med,adp"
DAMIMAS_A21B_0071,train,1,1,1,1,1,1,1,1,1,1,1,1,1,1,1,1,1,"M01,M03,M05,M06,M07,M08,M16,M19,M30,M31,M33,vis,sid,gmb,med,adp"
DAMIMAS_A21B_0072,train,1,1,1,1,1,1,1,1,1,1,1,1,1,1,1,1,1,"M01,M03,M05,M06,M07,M08,M16,M19,M30,M31,M33,vis,sid,gmb,med,adp"
DAMIMAS_A21B_0073,test,0,0,0,0,0,0,0,1,1,0,1,0,0,0,0,1,1,"M19,M30,M33,adp"
DAMIMAS_A21B_0074,train,1,1,1,1,1,1,1,1,1,1,1,1,1,1,1,1,1,"M01,M03,M05,M06,M07,M08,M16,M19,M30,M31,M33,vis,sid,gmb,med,adp"
DAMIMAS_A21B_0075,train,1,1,1,1,1,1,1,1,1,1,1,1,1,1,1,1,1,"M01,M03,M05,M06,M07,M08,M16,M19,M30,M31,M33,vis,sid,gmb,med,adp"
DAMIMAS_A21B_0076,test,1,1,1,1,1,1,1,1,1,1,1,1,1,1,1,1,1,"M01,M03,M05,M06,M07,M08,M16,M19,M30,M31,M33,vis,sid,gmb,med,adp"
DAMIMAS_A21B_0077,train,1,1,1,1,1,1,1,1,1,1,1,1,1,1,1,1,1,"M01,M03,M05,M06,M07,M08,M16,M19,M30,M31,M33,vis,sid,gmb,med,adp"
DAMIMAS_A21B_0078,train,1,1,1,1,1,1,1,1,1,1,1,1,1,1,1,1,1,"M01,M03,M05,M06,M07,M08,M16,M19,M30,M31,M33,vis,sid,gmb,med,adp"
DAMIMAS_A21B_0079,train,1,1,1,1,1,1,0,0,1,1,1,1,1,1,1,0,1,"M01,M03,M05,M06,M07,M08,M30,M31,M33,vis,sid,gmb,med"
DAMIMAS_A21B_0080,train,1,1,1,1,1,1,1,1,1,1,1,1,1,1,1,1,1,"M01,M03,M05,M06,M07,M08,M16,M19,M30,M31,M33,vis,sid,gmb,med,adp"
DAMIMAS_A21B_0081,train,1,1,1,1,1,1,1,1,1,1,1,1,1,1,1,1,1,"M01,M03,M05,M06,M07,M08,M16,M19,M30,M31,M33,vis,sid,gmb,med,adp"
DAMIMAS_A21B_0082,train,1,1,1,1,1,1,1,1,1,1,1,1,1,1,1,1,1,"M01,M03,M05,M06,M07,M08,M16,M19,M30,M31,M33,vis,sid,gmb,med,adp"
DAMIMAS_A21B_0083,train,1,1,1,1,1,1,1,1,1,1,1,1,1,1,1,1,1,"M01,M03,M05,M06,M07,M08,M16,M19,M30,M31,M33,vis,sid,gmb,med,adp"
DAMIMAS_A21B_0084,train,1,1,1,1,1,1,1,1,1,1,1,1,1,1,1,1,1,"M01,M03,M05,M06,M07,M08,M16,M19,M30,M31,M33,vis,sid,gmb,med,adp"
DAMIMAS_A21B_0085,train,1,1,1,1,1,1,1,0,1,1,1,1,1,1,1,0,1,"M01,M03,M05,M06,M07,M08,M16,M30,M31,M33,vis,sid,gmb,med"
DAMIMAS_A21B_0086,train,1,1,1,1,1,1,1,1,1,1,1,1,1,1,1,1,1,"M01,M03,M05,M06,M07,M08,M16,M19,M30,M31,M33,vis,sid,gmb,med,adp"
DAMIMAS_A21B_0087,train,1,1,1,1,1,1,1,1,1,1,1,1,1,1,1,1,1,"M01,M03,M05,M06,M07,M08,M16,M19,M30,M31,M33,vis,sid,gmb,med,adp"
DAMIMAS_A21B_0088,test,1,1,1,1,1,1,1,1,1,1,1,1,1,1,1,1,1,"M01,M03,M05,M06,M07,M08,M16,M19,M30,M31,M33,vis,sid,gmb,med,adp"
DAMIMAS_A21B_0089,test,1,1,1,1,1,1,1,1,1,1,1,1,1,1,1,1,1,"M01,M03,M05,M06,M07,M08,M16,M19,M30,M31,M33,vis,sid,gmb,med,adp"
DAMIMAS_A21B_0090,train,1,1,1,1,1,1,1,1,1,1,1,1,1,1,1,1,1,"M01,M03,M05,M06,M07,M08,M16,M19,M30,M31,M33,vis,sid,gmb,med,adp"
DAMIMAS_A21B_0091,train,1,1,1,1,1,1,1,1,1,1,1,1,1,1,1,1,1,"M01,M03,M05,M06,M07,M08,M16,M19,M30,M31,M33,vis,sid,gmb,med,adp"
DAMIMAS_A21B_0092,test,1,1,1,1,1,1,1,1,1,1,1,1,1,1,1,1,1,"M01,M03,M05,M06,M07,M08,M16,M19,M30,M31,M33,vis,sid,gmb,med,adp"
DAMIMAS_A21B_0093,train,1,1,1,1,1,1,1,1,1,1,1,1,1,1,1,1,1,"M01,M03,M05,M06,M07,M08,M16,M19,M30,M31,M33,vis,sid,gmb,med,adp"
DAMIMAS_A21B_0094,test,1,1,1,1,1,1,1,1,1,1,1,1,1,1,1,1,1,"M01,M03,M05,M06,M07,M08,M16,M19,M30,M31,M33,vis,sid,gmb,med,adp"
DAMIMAS_A21B_0095,train,1,1,1,1,1,1,1,1,1,1,1,1,1,1,1,1,1,"M01,M03,M05,M06,M07,M08,M16,M19,M30,M31,M33,vis,sid,gmb,med,adp"
DAMIMAS_A21B_0096,test,1,1,1,1,1,1,1,1,1,1,1,1,1,1,1,1,1,"M01,M03,M05,M06,M07,M08,M16,M19,M30,M31,M33,vis,sid,gmb,med,adp"
DAMIMAS_A21B_0097,train,1,1,1,1,1,1,1,1,1,1,1,1,1,1,1,1,1,"M01,M03,M05,M06,M07,M08,M16,M19,M30,M31,M33,vis,sid,gmb,med,adp"
DAMIMAS_A21B_0098,train,1,1,1,1,1,1,1,1,1,1,1,1,1,1,1,1,1,"M01,M03,M05,M06,M07,M08,M16,M19,M30,M31,M33,vis,sid,gmb,med,adp"
DAMIMAS_A21B_0099,train,1,1,1,1,1,1,1,1,1,1,1,1,1,1,1,1,1,"M01,M03,M05,M06,M07,M08,M16,M19,M30,M31,M33,vis,sid,gmb,med,adp"
DAMIMAS_A21B_0100,val,1,1,1,1,1,1,1,1,1,1,1,1,1,1,1,1,1,"M01,M03,M05,M06,M07,M08,M16,M19,M30,M31,M33,vis,sid,gmb,med,adp"
DAMIMAS_A21B_0101,train,1,1,1,1,1,1,1,1,1,1,1,1,1,1,1,1,1,"M01,M03,M05,M06,M07,M08,M16,M19,M30,M31,M33,vis,sid,gmb,med,adp"
DAMIMAS_A21B_0102,train,1,1,1,1,1,1,0,0,0,1,1,1,1,1,1,0,1,"M01,M03,M05,M06,M07,M08,M31,M33,vis,sid,gmb,med"
DAMIMAS_A21B_0103,val,1,1,1,1,1,1,1,1,1,1,1,1,1,1,1,1,1,"M01,M03,M05,M06,M07,M08,M16,M19,M30,M31,M33,vis,sid,gmb,med,adp"
DAMIMAS_A21B_0104,train,1,1,1,1,1,1,1,1,1,1,1,1,1,1,1,1,1,"M01,M03,M05,M06,M07,M08,M16,M19,M30,M31,M33,vis,sid,gmb,med,adp"
DAMIMAS_A21B_0105,train,1,1,1,1,1,1,1,1,1,1,1,1,1,1,1,1,1,"M01,M03,M05,M06,M07,M08,M16,M19,M30,M31,M33,vis,sid,gmb,med,adp"
DAMIMAS_A21B_0106,test,1,1,1,1,1,1,1,1,1,1,1,1,1,1,1,1,1,"M01,M03,M05,M06,M07,M08,M16,M19,M30,M31,M33,vis,sid,gmb,med,adp"
DAMIMAS_A21B_0107,val,1,1,1,1,1,1,1,1,1,1,0,1,1,1,1,1,1,"M01,M03,M05,M06,M07,M08,M16,M19,M30,M31,vis,sid,gmb,med,adp"
DAMIMAS_A21B_0108,train,1,1,1,1,1,1,1,1,1,1,1,1,1,1,1,1,1,"M01,M03,M05,M06,M07,M08,M16,M19,M30,M31,M33,vis,sid,gmb,med,adp"
DAMIMAS_A21B_0109,train,1,1,1,1,1,1,1,1,1,1,1,1,1,1,1,1,1,"M01,M03,M05,M06,M07,M08,M16,M19,M30,M31,M33,vis,sid,gmb,med,adp"
DAMIMAS_A21B_0110,train,1,1,1,1,1,1,1,1,1,1,1,1,1,1,1,1,1,"M01,M03,M05,M06,M07,M08,M16,M19,M30,M31,M33,vis,sid,gmb,med,adp"
DAMIMAS_A21B_0111,train,1,1,1,1,1,1,1,1,1,1,1,1,1,1,1,1,1,"M01,M03,M05,M06,M07,M08,M16,M19,M30,M31,M33,vis,sid,gmb,med,adp"
DAMIMAS_A21B_0112,train,1,1,1,1,1,1,1,1,1,1,1,1,1,1,1,1,1,"M01,M03,M05,M06,M07,M08,M16,M19,M30,M31,M33,vis,sid,gmb,med,adp"
DAMIMAS_A21B_0113,train,1,1,1,1,1,1,1,1,1,1,1,1,1,1,1,1,1,"M01,M03,M05,M06,M07,M08,M16,M19,M30,M31,M33,vis,sid,gmb,med,adp"
DAMIMAS_A21B_0114,train,1,1,1,1,1,1,1,1,1,1,1,1,1,1,1,1,1,"M01,M03,M05,M06,M07,M08,M16,M19,M30,M31,M33,vis,sid,gmb,med,adp"
DAMIMAS_A21B_0115,train,1,1,1,1,1,1,1,1,1,1,1,1,1,1,1,1,1,"M01,M03,M05,M06,M07,M08,M16,M19,M30,M31,M33,vis,sid,gmb,med,adp"
DAMIMAS_A21B_0116,val,1,1,1,1,1,1,0,0,1,1,1,1,1,1,1,0,1,"M01,M03,M05,M06,M07,M08,M30,M31,M33,vis,sid,gmb,med"
DAMIMAS_A21B_0117,val,1,1,1,1,1,1,1,1,1,1,1,1,1,1,1,1,1,"M01,M03,M05,M06,M07,M08,M16,M19,M30,M31,M33,vis,sid,gmb,med,adp"
DAMIMAS_A21B_0118,train,1,1,1,1,1,1,1,1,1,1,1,1,1,1,1,1,1,"M01,M03,M05,M06,M07,M08,M16,M19,M30,M31,M33,vis,sid,gmb,med,adp"
DAMIMAS_A21B_0119,train,1,1,1,1,1,1,1,1,1,1,1,1,1,1,1,1,1,"M01,M03,M05,M06,M07,M08,M16,M19,M30,M31,M33,vis,sid,gmb,med,adp"
DAMIMAS_A21B_0120,train,1,1,1,1,1,1,1,1,1,1,1,1,1,1,1,1,1,"M01,M03,M05,M06,M07,M08,M16,M19,M30,M31,M33,vis,sid,gmb,med,adp"
DAMIMAS_A21B_0121,train,1,1,1,1,1,1,0,0,1,1,1,1,1,1,1,0,1,"M01,M03,M05,M06,M07,M08,M30,M31,M33,vis,sid,gmb,med"
DAMIMAS_A21B_0122,train,1,1,1,1,1,1,1,1,1,1,1,1,1,1,1,1,1,"M01,M03,M05,M06,M07,M08,M16,M19,M30,M31,M33,vis,sid,gmb,med,adp"
DAMIMAS_A21B_0123,train,1,1,1,1,1,1,1,1,1,1,1,1,1,1,1,1,1,"M01,M03,M05,M06,M07,M08,M16,M19,M30,M31,M33,vis,sid,gmb,med,adp"
DAMIMAS_A21B_0124,train,1,1,1,1,1,1,0,0,0,1,0,1,1,1,1,0,1,"M01,M03,M05,M06,M07,M08,M31,vis,sid,gmb,med"
DAMIMAS_A21B_0125,train,1,1,1,1,1,1,1,1,1,1,1,1,1,1,1,1,1,"M01,M03,M05,M06,M07,M08,M16,M19,M30,M31,M33,vis,sid,gmb,med,adp"
DAMIMAS_A21B_0126,train,1,1,1,1,1,1,1,1,1,1,1,1,1,1,1,1,1,"M01,M03,M05,M06,M07,M08,M16,M19,M30,M31,M33,vis,sid,gmb,med,adp"
DAMIMAS_A21B_0127,train,1,1,1,1,1,1,1,1,1,1,1,1,1,1,1,1,1,"M01,M03,M05,M06,M07,M08,M16,M19,M30,M31,M33,vis,sid,gmb,med,adp"
DAMIMAS_A21B_0128,train,1,1,1,1,1,1,0,0,1,1,0,1,1,1,1,0,1,"M01,M03,M05,M06,M07,M08,M30,M31,vis,sid,gmb,med"
DAMIMAS_A21B_0129,train,1,1,1,1,1,1,1,1,1,1,1,1,1,1,1,1,1,"M01,M03,M05,M06,M07,M08,M16,M19,M30,M31,M33,vis,sid,gmb,med,adp"
DAMIMAS_A21B_0130,train,1,1,1,1,1,1,1,1,1,1,1,1,1,1,1,1,1,"M01,M03,M05,M06,M07,M08,M16,M19,M30,M31,M33,vis,sid,gmb,med,adp"
DAMIMAS_A21B_0131,train,1,1,1,1,1,1,1,1,1,1,1,1,1,1,1,1,1,"M01,M03,M05,M06,M07,M08,M16,M19,M30,M31,M33,vis,sid,gmb,med,adp"
DAMIMAS_A21B_0132,train,1,1,1,1,1,1,1,1,1,1,1,1,1,1,1,1,1,"M01,M03,M05,M06,M07,M08,M16,M19,M30,M31,M33,vis,sid,gmb,med,adp"
DAMIMAS_A21B_0133,train,0,0,0,0,0,0,0,0,0,0,1,0,0,0,0,0,1,M33
DAMIMAS_A21B_0134,train,1,1,1,1,1,1,1,1,1,1,0,1,1,1,1,1,1,"M01,M03,M05,M06,M07,M08,M16,M19,M30,M31,vis,sid,gmb,med,adp"
DAMIMAS_A21B_0135,train,1,1,1,1,1,1,1,0,1,1,0,1,1,1,1,0,1,"M01,M03,M05,M06,M07,M08,M16,M30,M31,vis,sid,gmb,med"
DAMIMAS_A21B_0136,train,1,1,1,1,1,1,1,0,1,1,1,1,1,1,1,0,1,"M01,M03,M05,M06,M07,M08,M16,M30,M31,M33,vis,sid,gmb,med"
DAMIMAS_A21B_0137,train,1,1,1,1,1,1,1,0,1,1,1,1,1,1,1,0,1,"M01,M03,M05,M06,M07,M08,M16,M30,M31,M33,vis,sid,gmb,med"
DAMIMAS_A21B_0138,train,1,1,1,1,1,1,1,1,1,1,1,1,1,1,1,1,1,"M01,M03,M05,M06,M07,M08,M16,M19,M30,M31,M33,vis,sid,gmb,med,adp"
DAMIMAS_A21B_0139,train,0,0,0,0,0,0,0,0,0,0,0,0,0,0,0,0,0,
DAMIMAS_A21B_0140,train,1,1,1,1,1,1,1,0,0,1,0,1,1,1,1,0,1,"M01,M03,M05,M06,M07,M08,M16,M31,vis,sid,gmb,med"
DAMIMAS_A21B_0141,train,0,0,0,0,0,0,0,0,0,0,1,0,0,0,0,0,1,M33
DAMIMAS_A21B_0142,train,1,1,1,1,1,1,1,1,1,1,1,1,1,1,1,1,1,"M01,M03,M05,M06,M07,M08,M16,M19,M30,M31,M33,vis,sid,gmb,med,adp"
DAMIMAS_A21B_0143,train,0,0,0,0,0,0,0,0,0,0,1,0,0,0,0,0,1,M33
DAMIMAS_A21B_0144,val,1,1,1,1,1,1,1,1,1,1,1,1,1,1,1,1,1,"M01,M03,M05,M06,M07,M08,M16,M19,M30,M31,M33,vis,sid,gmb,med,adp"
DAMIMAS_A21B_0145,val,1,1,1,1,1,1,1,1,1,1,1,1,1,1,1,1,1,"M01,M03,M05,M06,M07,M08,M16,M19,M30,M31,M33,vis,sid,gmb,med,adp"
DAMIMAS_A21B_0146,val,1,1,1,1,1,1,1,1,1,1,1,1,1,1,1,1,1,"M01,M03,M05,M06,M07,M08,M16,M19,M30,M31,M33,vis,sid,gmb,med,adp"
DAMIMAS_A21B_0147,val,1,0,0,1,1,1,0,0,0,1,1,1,1,0,1,0,1,"M01,M06,M07,M08,M31,M33,vis,sid,med"
DAMIMAS_A21B_0148,val,1,1,1,1,1,1,1,1,1,1,1,1,1,1,1,1,1,"M01,M03,M05,M06,M07,M08,M16,M19,M30,M31,M33,vis,sid,gmb,med,adp"
DAMIMAS_A21B_0149,val,1,1,1,1,1,1,1,1,1,1,1,1,1,1,1,1,1,"M01,M03,M05,M06,M07,M08,M16,M19,M30,M31,M33,vis,sid,gmb,med,adp"
DAMIMAS_A21B_0150,val,1,1,1,1,1,1,1,0,1,1,1,1,1,1,1,0,1,"M01,M03,M05,M06,M07,M08,M16,M30,M31,M33,vis,sid,gmb,med"
DAMIMAS_A21B_0151,val,0,0,0,0,0,0,0,0,0,0,0,0,0,0,0,0,0,
DAMIMAS_A21B_0152,val,0,0,0,0,0,0,0,0,0,0,0,0,0,0,0,0,0,
DAMIMAS_A21B_0153,val,1,1,1,1,1,1,1,1,1,1,1,1,1,1,1,1,1,"M01,M03,M05,M06,M07,M08,M16,M19,M30,M31,M33,vis,sid,gmb,med,adp"
DAMIMAS_A21B_0154,val,1,1,1,1,1,1,1,0,0,1,0,1,1,1,1,0,1,"M01,M03,M05,M06,M07,M08,M16,M31,vis,sid,gmb,med"
DAMIMAS_A21B_0155,val,1,1,1,1,1,1,1,1,1,1,1,1,1,1,1,1,1,"M01,M03,M05,M06,M07,M08,M16,M19,M30,M31,M33,vis,sid,gmb,med,adp"
DAMIMAS_A21B_0156,val,1,1,1,1,1,1,1,1,1,1,1,1,1,1,1,1,1,"M01,M03,M05,M06,M07,M08,M16,M19,M30,M31,M33,vis,sid,gmb,med,adp"
DAMIMAS_A21B_0157,val,1,1,1,1,1,1,1,1,1,1,1,1,1,1,1,1,1,"M01,M03,M05,M06,M07,M08,M16,M19,M30,M31,M33,vis,sid,gmb,med,adp"
DAMIMAS_A21B_0158,val,1,1,1,1,1,1,1,1,1,1,1,1,1,1,1,1,1,"M01,M03,M05,M06,M07,M08,M16,M19,M30,M31,M33,vis,sid,gmb,med,adp"
DAMIMAS_A21B_0159,val,1,1,1,1,1,1,1,1,1,1,1,1,1,1,1,1,1,"M01,M03,M05,M06,M07,M08,M16,M19,M30,M31,M33,vis,sid,gmb,med,adp"
DAMIMAS_A21B_0160,val,1,1,1,1,1,1,1,1,1,1,1,1,1,1,1,1,1,"M01,M03,M05,M06,M07,M08,M16,M19,M30,M31,M33,vis,sid,gmb,med,adp"
DAMIMAS_A21B_0161,val,1,1,1,1,1,1,1,1,1,1,1,1,1,1,1,1,1,"M01,M03,M05,M06,M07,M08,M16,M19,M30,M31,M33,vis,sid,gmb,med,adp"
DAMIMAS_A21B_0162,val,0,0,0,0,0,0,0,0,0,0,0,0,0,0,0,0,0,
DAMIMAS_A21B_0163,val,0,0,0,1,1,1,0,0,1,0,1,1,1,0,1,0,1,"M06,M07,M08,M30,M33,vis,sid,med"
DAMIMAS_A21B_0164,val,1,1,1,1,1,1,1,1,1,1,1,1,1,1,1,1,1,"M01,M03,M05,M06,M07,M08,M16,M19,M30,M31,M33,vis,sid,gmb,med,adp"
DAMIMAS_A21B_0165,val,1,1,1,1,1,1,1,1,1,1,1,1,1,1,1,1,1,"M01,M03,M05,M06,M07,M08,M16,M19,M30,M31,M33,vis,sid,gmb,med,adp"
DAMIMAS_A21B_0166,val,1,1,1,1,1,1,1,1,1,1,1,1,1,1,1,1,1,"M01,M03,M05,M06,M07,M08,M16,M19,M30,M31,M33,vis,sid,gmb,med,adp"
DAMIMAS_A21B_0167,val,1,1,1,1,1,1,1,1,1,1,1,1,1,1,1,1,1,"M01,M03,M05,M06,M07,M08,M16,M19,M30,M31,M33,vis,sid,gmb,med,adp"
DAMIMAS_A21B_0168,val,1,1,1,1,1,1,1,1,1,1,1,1,1,1,1,1,1,"M01,M03,M05,M06,M07,M08,M16,M19,M30,M31,M33,vis,sid,gmb,med,adp"
DAMIMAS_A21B_0169,val,1,1,1,1,1,1,1,1,1,1,0,1,1,1,1,1,1,"M01,M03,M05,M06,M07,M08,M16,M19,M30,M31,vis,sid,gmb,med,adp"
DAMIMAS_A21B_0170,val,0,0,0,1,1,1,0,0,0,0,0,1,1,0,1,0,1,"M06,M07,M08,vis,sid,med"
DAMIMAS_A21B_0171,val,1,1,1,1,1,1,1,1,1,1,1,1,1,1,1,1,1,"M01,M03,M05,M06,M07,M08,M16,M19,M30,M31,M33,vis,sid,gmb,med,adp"
DAMIMAS_A21B_0172,val,1,1,1,1,1,1,1,1,1,1,1,1,1,1,1,1,1,"M01,M03,M05,M06,M07,M08,M16,M19,M30,M31,M33,vis,sid,gmb,med,adp"
DAMIMAS_A21B_0173,val,1,1,1,1,1,1,1,1,1,1,1,1,1,1,1,1,1,"M01,M03,M05,M06,M07,M08,M16,M19,M30,M31,M33,vis,sid,gmb,med,adp"
DAMIMAS_A21B_0174,val,1,1,1,1,1,1,1,1,1,1,1,1,1,1,1,1,1,"M01,M03,M05,M06,M07,M08,M16,M19,M30,M31,M33,vis,sid,gmb,med,adp"
DAMIMAS_A21B_0175,val,0,0,0,0,0,0,0,0,0,0,0,0,0,0,0,0,0,
DAMIMAS_A21B_0176,val,0,0,0,0,0,0,0,0,0,0,0,0,0,0,0,0,0,
DAMIMAS_A21B_0177,val,0,0,0,0,0,0,0,0,0,0,0,0,0,0,0,0,0,
DAMIMAS_A21B_0178,val,1,1,1,1,1,1,1,1,1,1,1,1,1,1,1,1,1,"M01,M03,M05,M06,M07,M08,M16,M19,M30,M31,M33,vis,sid,gmb,med,adp"
DAMIMAS_A21B_0179,val,1,1,1,1,1,1,1,1,1,1,1,1,1,1,1,1,1,"M01,M03,M05,M06,M07,M08,M16,M19,M30,M31,M33,vis,sid,gmb,med,adp"
DAMIMAS_A21B_0180,val,1,1,1,1,1,1,1,0,0,1,1,1,1,1,1,0,1,"M01,M03,M05,M06,M07,M08,M16,M31,M33,vis,sid,gmb,med"
DAMIMAS_A21B_0181,val,1,1,1,1,1,1,1,1,1,1,1,1,1,1,1,1,1,"M01,M03,M05,M06,M07,M08,M16,M19,M30,M31,M33,vis,sid,gmb,med,adp"
DAMIMAS_A21B_0182,val,1,1,1,1,1,1,1,1,1,1,1,1,1,1,1,1,1,"M01,M03,M05,M06,M07,M08,M16,M19,M30,M31,M33,vis,sid,gmb,med,adp"
DAMIMAS_A21B_0183,val,1,1,1,1,1,1,1,0,1,1,1,1,1,1,1,0,1,"M01,M03,M05,M06,M07,M08,M16,M30,M31,M33,vis,sid,gmb,med"
DAMIMAS_A21B_0184,val,1,1,1,1,1,1,1,1,1,1,1,1,1,1,1,1,1,"M01,M03,M05,M06,M07,M08,M16,M19,M30,M31,M33,vis,sid,gmb,med,adp"
DAMIMAS_A21B_0185,val,1,1,1,1,1,1,1,1,1,1,1,1,1,1,1,1,1,"M01,M03,M05,M06,M07,M08,M16,M19,M30,M31,M33,vis,sid,gmb,med,adp"
DAMIMAS_A21B_0186,val,1,1,1,1,1,1,1,1,1,1,1,1,1,1,1,1,1,"M01,M03,M05,M06,M07,M08,M16,M19,M30,M31,M33,vis,sid,gmb,med,adp"
DAMIMAS_A21B_0187,val,1,1,1,1,1,1,1,1,1,1,1,1,1,1,1,1,1,"M01,M03,M05,M06,M07,M08,M16,M19,M30,M31,M33,vis,sid,gmb,med,adp"
DAMIMAS_A21B_0188,val,1,1,1,1,1,1,1,1,1,1,1,1,1,1,1,1,1,"M01,M03,M05,M06,M07,M08,M16,M19,M30,M31,M33,vis,sid,gmb,med,adp"
DAMIMAS_A21B_0189,val,1,1,1,1,1,1,1,1,1,1,1,1,1,1,1,1,1,"M01,M03,M05,M06,M07,M08,M16,M19,M30,M31,M33,vis,sid,gmb,med,adp"
DAMIMAS_A21B_0190,val,1,1,1,1,1,1,1,1,1,1,1,1,1,1,1,1,1,"M01,M03,M05,M06,M07,M08,M16,M19,M30,M31,M33,vis,sid,gmb,med,adp"
DAMIMAS_A21B_0191,val,1,1,1,1,1,1,1,1,1,1,1,1,1,1,1,1,1,"M01,M03,M05,M06,M07,M08,M16,M19,M30,M31,M33,vis,sid,gmb,med,adp"
DAMIMAS_A21B_0192,val,1,1,1,1,1,1,1,1,1,1,1,1,1,1,1,1,1,"M01,M03,M05,M06,M07,M08,M16,M19,M30,M31,M33,vis,sid,gmb,med,adp"
DAMIMAS_A21B_0193,val,1,1,1,1,1,1,0,0,1,1,1,1,1,1,1,0,1,"M01,M03,M05,M06,M07,M08,M30,M31,M33,vis,sid,gmb,med"
DAMIMAS_A21B_0194,test,1,1,1,1,1,1,1,1,1,1,1,1,1,1,1,1,1,"M01,M03,M05,M06,M07,M08,M16,M19,M30,M31,M33,vis,sid,gmb,med,adp"
DAMIMAS_A21B_0195,test,1,1,1,1,1,1,1,1,1,1,1,1,1,1,1,1,1,"M01,M03,M05,M06,M07,M08,M16,M19,M30,M31,M33,vis,sid,gmb,med,adp"
DAMIMAS_A21B_0196,test,1,1,1,1,1,1,1,1,1,1,1,1,1,1,1,1,1,"M01,M03,M05,M06,M07,M08,M16,M19,M30,M31,M33,vis,sid,gmb,med,adp"
DAMIMAS_A21B_0197,test,1,1,1,1,1,1,1,1,1,1,1,1,1,1,1,1,1,"M01,M03,M05,M06,M07,M08,M16,M19,M30,M31,M33,vis,sid,gmb,med,adp"
DAMIMAS_A21B_0198,test,1,1,1,1,1,1,1,1,1,1,1,1,1,1,1,1,1,"M01,M03,M05,M06,M07,M08,M16,M19,M30,M31,M33,vis,sid,gmb,med,adp"
DAMIMAS_A21B_0199,test,1,1,1,1,1,1,1,0,1,1,1,1,1,1,1,0,1,"M01,M03,M05,M06,M07,M08,M16,M30,M31,M33,vis,sid,gmb,med"
DAMIMAS_A21B_0200,test,1,1,1,1,1,1,1,1,1,1,1,1,1,1,1,1,1,"M01,M03,M05,M06,M07,M08,M16,M19,M30,M31,M33,vis,sid,gmb,med,adp"
DAMIMAS_A21B_0201,test,1,1,1,1,1,1,0,0,0,1,1,1,1,1,1,0,1,"M01,M03,M05,M06,M07,M08,M31,M33,vis,sid,gmb,med"
DAMIMAS_A21B_0202,test,1,1,1,1,1,1,1,1,1,1,1,1,1,1,1,1,1,"M01,M03,M05,M06,M07,M08,M16,M19,M30,M31,M33,vis,sid,gmb,med,adp"
DAMIMAS_A21B_0203,test,1,1,1,1,1,1,1,1,1,1,1,1,1,1,1,1,1,"M01,M03,M05,M06,M07,M08,M16,M19,M30,M31,M33,vis,sid,gmb,med,adp"
DAMIMAS_A21B_0204,test,1,1,1,1,1,1,1,1,1,1,1,1,1,1,1,1,1,"M01,M03,M05,M06,M07,M08,M16,M19,M30,M31,M33,vis,sid,gmb,med,adp"
DAMIMAS_A21B_0205,test,1,1,1,1,1,1,1,1,1,1,1,1,1,1,1,1,1,"M01,M03,M05,M06,M07,M08,M16,M19,M30,M31,M33,vis,sid,gmb,med,adp"
DAMIMAS_A21B_0206,test,1,1,1,1,1,1,1,0,1,1,1,1,1,1,1,0,1,"M01,M03,M05,M06,M07,M08,M16,M30,M31,M33,vis,sid,gmb,med"
DAMIMAS_A21B_0207,test,1,1,1,1,1,1,1,1,1,1,1,1,1,1,1,1,1,"M01,M03,M05,M06,M07,M08,M16,M19,M30,M31,M33,vis,sid,gmb,med,adp"
DAMIMAS_A21B_0208,test,1,1,1,1,1,1,0,0,0,1,0,1,1,1,1,0,1,"M01,M03,M05,M06,M07,M08,M31,vis,sid,gmb,med"
DAMIMAS_A21B_0209,test,1,1,1,1,1,1,1,1,1,1,1,1,1,1,1,1,1,"M01,M03,M05,M06,M07,M08,M16,M19,M30,M31,M33,vis,sid,gmb,med,adp"
DAMIMAS_A21B_0210,test,1,1,1,1,1,1,1,1,1,1,1,1,1,1,1,1,1,"M01,M03,M05,M06,M07,M08,M16,M19,M30,M31,M33,vis,sid,gmb,med,adp"
DAMIMAS_A21B_0211,test,1,1,1,1,1,1,1,1,1,1,1,1,1,1,1,1,1,"M01,M03,M05,M06,M07,M08,M16,M19,M30,M31,M33,vis,sid,gmb,med,adp"
DAMIMAS_A21B_0212,test,1,1,1,1,1,1,1,1,1,1,1,1,1,1,1,1,1,"M01,M03,M05,M06,M07,M08,M16,M19,M30,M31,M33,vis,sid,gmb,med,adp"
DAMIMAS_A21B_0213,test,1,1,1,1,1,1,1,1,1,1,1,1,1,1,1,1,1,"M01,M03,M05,M06,M07,M08,M16,M19,M30,M31,M33,vis,sid,gmb,med,adp"
DAMIMAS_A21B_0214,test,0,0,0,0,0,0,0,0,0,0,0,0,0,0,0,0,0,
DAMIMAS_A21B_0215,test,1,1,1,1,1,1,1,1,1,1,1,1,1,1,1,1,1,"M01,M03,M05,M06,M07,M08,M16,M19,M30,M31,M33,vis,sid,gmb,med,adp"
DAMIMAS_A21B_0216,test,1,1,1,1,1,1,1,1,1,1,1,1,1,1,1,1,1,"M01,M03,M05,M06,M07,M08,M16,M19,M30,M31,M33,vis,sid,gmb,med,adp"
DAMIMAS_A21B_0217,test,1,1,1,1,1,1,1,1,1,1,1,1,1,1,1,1,1,"M01,M03,M05,M06,M07,M08,M16,M19,M30,M31,M33,vis,sid,gmb,med,adp"
DAMIMAS_A21B_0218,test,1,1,1,1,1,1,1,1,1,1,1,1,1,1,1,1,1,"M01,M03,M05,M06,M07,M08,M16,M19,M30,M31,M33,vis,sid,gmb,med,adp"
DAMIMAS_A21B_0219,test,1,1,1,1,1,1,1,1,1,1,1,1,1,1,1,1,1,"M01,M03,M05,M06,M07,M08,M16,M19,M30,M31,M33,vis,sid,gmb,med,adp"
DAMIMAS_A21B_0220,test,1,1,1,1,1,1,1,1,1,1,1,1,1,1,1,1,1,"M01,M03,M05,M06,M07,M08,M16,M19,M30,M31,M33,vis,sid,gmb,med,adp"
DAMIMAS_A21B_0221,test,1,0,0,0,0,0,1,1,0,1,1,0,0,0,0,1,1,"M01,M16,M19,M31,M33,adp"
DAMIMAS_A21B_0222,test,1,1,1,1,1,1,1,1,1,1,1,1,1,1,1,1,1,"M01,M03,M05,M06,M07,M08,M16,M19,M30,M31,M33,vis,sid,gmb,med,adp"
DAMIMAS_A21B_0223,test,1,1,1,1,1,1,1,1,1,1,1,1,1,1,1,1,1,"M01,M03,M05,M06,M07,M08,M16,M19,M30,M31,M33,vis,sid,gmb,med,adp"
DAMIMAS_A21B_0224,test,1,1,1,1,1,1,1,1,1,1,1,1,1,1,1,1,1,"M01,M03,M05,M06,M07,M08,M16,M19,M30,M31,M33,vis,sid,gmb,med,adp"
DAMIMAS_A21B_0225,test,1,1,1,1,1,1,1,1,1,1,1,1,1,1,1,1,1,"M01,M03,M05,M06,M07,M08,M16,M19,M30,M31,M33,vis,sid,gmb,med,adp"
DAMIMAS_A21B_0226,test,1,1,1,1,1,1,1,1,1,1,1,1,1,1,1,1,1,"M01,M03,M05,M06,M07,M08,M16,M19,M30,M31,M33,vis,sid,gmb,med,adp"
DAMIMAS_A21B_0227,test,1,1,1,1,1,1,1,1,1,1,1,1,1,1,1,1,1,"M01,M03,M05,M06,M07,M08,M16,M19,M30,M31,M33,vis,sid,gmb,med,adp"
DAMIMAS_A21B_0228,test,1,1,1,1,1,1,1,1,1,1,1,1,1,1,1,1,1,"M01,M03,M05,M06,M07,M08,M16,M19,M30,M31,M33,vis,sid,gmb,med,adp"
DAMIMAS_A21B_0229,test,1,1,1,1,1,1,1,1,1,1,1,1,1,1,1,1,1,"M01,M03,M05,M06,M07,M08,M16,M19,M30,M31,M33,vis,sid,gmb,med,adp"
DAMIMAS_A21B_0230,train,1,1,1,1,1,1,1,1,1,1,1,1,1,1,1,1,1,"M01,M03,M05,M06,M07,M08,M16,M19,M30,M31,M33,vis,sid,gmb,med,adp"
DAMIMAS_A21B_0231,train,1,1,1,1,1,1,1,1,1,1,1,1,1,1,1,1,1,"M01,M03,M05,M06,M07,M08,M16,M19,M30,M31,M33,vis,sid,gmb,med,adp"
DAMIMAS_A21B_0232,test,1,1,1,1,1,1,1,1,1,1,1,1,1,1,1,1,1,"M01,M03,M05,M06,M07,M08,M16,M19,M30,M31,M33,vis,sid,gmb,med,adp"
DAMIMAS_A21B_0233,test,1,1,1,1,1,1,1,1,1,1,1,1,1,1,1,1,1,"M01,M03,M05,M06,M07,M08,M16,M19,M30,M31,M33,vis,sid,gmb,med,adp"
DAMIMAS_A21B_0234,test,0,0,0,0,0,0,0,0,0,0,0,0,0,0,0,0,0,
DAMIMAS_A21B_0235,test,1,1,1,1,1,1,1,1,1,1,1,1,1,1,1,1,1,"M01,M03,M05,M06,M07,M08,M16,M19,M30,M31,M33,vis,sid,gmb,med,adp"
DAMIMAS_A21B_0236,test,1,1,1,1,1,1,1,1,1,1,1,1,1,1,1,1,1,"M01,M03,M05,M06,M07,M08,M16,M19,M30,M31,M33,vis,sid,gmb,med,adp"
DAMIMAS_A21B_0237,test,0,0,0,0,0,0,0,0,0,0,0,0,0,0,0,0,0,
DAMIMAS_A21B_0238,test,1,1,1,1,1,1,1,1,1,1,1,1,1,1,1,1,1,"M01,M03,M05,M06,M07,M08,M16,M19,M30,M31,M33,vis,sid,gmb,med,adp"
DAMIMAS_A21B_0239,test,1,1,1,1,1,1,1,1,1,1,1,1,1,1,1,1,1,"M01,M03,M05,M06,M07,M08,M16,M19,M30,M31,M33,vis,sid,gmb,med,adp"
DAMIMAS_A21B_0240,train,1,1,1,1,1,1,1,1,1,1,1,1,1,1,1,1,1,"M01,M03,M05,M06,M07,M08,M16,M19,M30,M31,M33,vis,sid,gmb,med,adp"
DAMIMAS_A21B_0241,val,1,1,1,1,1,1,1,1,1,1,1,1,1,1,1,1,1,"M01,M03,M05,M06,M07,M08,M16,M19,M30,M31,M33,vis,sid,gmb,med,adp"
DAMIMAS_A21B_0242,train,1,1,1,1,1,1,1,1,1,1,1,1,1,1,1,1,1,"M01,M03,M05,M06,M07,M08,M16,M19,M30,M31,M33,vis,sid,gmb,med,adp"
DAMIMAS_A21B_0243,val,0,0,0,0,0,0,0,0,0,0,0,0,0,0,0,0,0,
DAMIMAS_A21B_0244,train,1,1,1,1,1,1,1,0,0,1,0,1,1,1,1,0,1,"M01,M03,M05,M06,M07,M08,M16,M31,vis,sid,gmb,med"
DAMIMAS_A21B_0245,train,1,1,1,1,1,1,1,1,0,1,0,1,1,1,1,1,1,"M01,M03,M05,M06,M07,M08,M16,M19,M31,vis,sid,gmb,med,adp"
DAMIMAS_A21B_0246,test,0,0,0,0,0,0,0,1,0,0,0,0,0,0,0,1,1,"M19,adp"
DAMIMAS_A21B_0247,test,1,1,1,1,1,1,1,1,1,1,1,1,1,1,1,1,1,"M01,M03,M05,M06,M07,M08,M16,M19,M30,M31,M33,vis,sid,gmb,med,adp"
DAMIMAS_A21B_0248,train,1,1,1,1,1,1,1,1,1,1,1,1,1,1,1,1,1,"M01,M03,M05,M06,M07,M08,M16,M19,M30,M31,M33,vis,sid,gmb,med,adp"
DAMIMAS_A21B_0249,train,1,1,1,1,1,1,1,1,1,1,1,1,1,1,1,1,1,"M01,M03,M05,M06,M07,M08,M16,M19,M30,M31,M33,vis,sid,gmb,med,adp"
DAMIMAS_A21B_0250,test,1,1,1,1,1,1,1,1,1,1,1,1,1,1,1,1,1,"M01,M03,M05,M06,M07,M08,M16,M19,M30,M31,M33,vis,sid,gmb,med,adp"
DAMIMAS_A21B_0251,train,1,1,1,1,1,1,1,1,1,1,1,1,1,1,1,1,1,"M01,M03,M05,M06,M07,M08,M16,M19,M30,M31,M33,vis,sid,gmb,med,adp"
DAMIMAS_A21B_0252,train,1,1,1,1,1,1,1,1,1,1,1,1,1,1,1,1,1,"M01,M03,M05,M06,M07,M08,M16,M19,M30,M31,M33,vis,sid,gmb,med,adp"
DAMIMAS_A21B_0253,train,1,1,1,1,1,1,1,1,1,1,1,1,1,1,1,1,1,"M01,M03,M05,M06,M07,M08,M16,M19,M30,M31,M33,vis,sid,gmb,med,adp"
DAMIMAS_A21B_0254,test,1,1,1,1,1,1,1,1,1,1,1,1,1,1,1,1,1,"M01,M03,M05,M06,M07,M08,M16,M19,M30,M31,M33,vis,sid,gmb,med,adp"
DAMIMAS_A21B_0255,train,1,1,1,1,1,1,1,1,1,1,1,1,1,1,1,1,1,"M01,M03,M05,M06,M07,M08,M16,M19,M30,M31,M33,vis,sid,gmb,med,adp"
DAMIMAS_A21B_0256,train,1,1,1,1,1,1,1,1,1,1,1,1,1,1,1,1,1,"M01,M03,M05,M06,M07,M08,M16,M19,M30,M31,M33,vis,sid,gmb,med,adp"
DAMIMAS_A21B_0257,train,0,0,0,0,0,0,0,0,0,0,0,0,0,0,0,0,0,
DAMIMAS_A21B_0258,train,0,0,0,0,0,0,1,1,0,0,1,0,0,0,0,1,1,"M16,M19,M33,adp"
DAMIMAS_A21B_0259,train,0,0,0,0,0,0,0,0,0,0,0,0,0,0,0,0,0,
DAMIMAS_A21B_0260,train,1,1,1,1,1,1,1,1,1,1,1,1,1,1,1,1,1,"M01,M03,M05,M06,M07,M08,M16,M19,M30,M31,M33,vis,sid,gmb,med,adp"
DAMIMAS_A21B_0261,train,1,1,1,1,1,1,1,1,1,1,1,1,1,1,1,1,1,"M01,M03,M05,M06,M07,M08,M16,M19,M30,M31,M33,vis,sid,gmb,med,adp"
DAMIMAS_A21B_0262,train,1,1,1,1,1,1,1,1,1,1,1,1,1,1,1,1,1,"M01,M03,M05,M06,M07,M08,M16,M19,M30,M31,M33,vis,sid,gmb,med,adp"
DAMIMAS_A21B_0263,val,1,1,1,1,1,1,1,1,1,1,1,1,1,1,1,1,1,"M01,M03,M05,M06,M07,M08,M16,M19,M30,M31,M33,vis,sid,gmb,med,adp"
DAMIMAS_A21B_0264,train,1,1,1,1,1,1,1,1,1,1,1,1,1,1,1,1,1,"M01,M03,M05,M06,M07,M08,M16,M19,M30,M31,M33,vis,sid,gmb,med,adp"
DAMIMAS_A21B_0265,train,1,1,1,1,1,1,1,1,1,1,1,1,1,1,1,1,1,"M01,M03,M05,M06,M07,M08,M16,M19,M30,M31,M33,vis,sid,gmb,med,adp"
DAMIMAS_A21B_0266,train,1,1,1,1,1,1,1,1,1,1,1,1,1,1,1,1,1,"M01,M03,M05,M06,M07,M08,M16,M19,M30,M31,M33,vis,sid,gmb,med,adp"
DAMIMAS_A21B_0267,train,1,1,1,1,1,1,1,1,1,1,1,1,1,1,1,1,1,"M01,M03,M05,M06,M07,M08,M16,M19,M30,M31,M33,vis,sid,gmb,med,adp"
DAMIMAS_A21B_0268,train,1,0,0,0,0,0,0,1,0,1,0,0,0,0,0,1,1,"M01,M19,M31,adp"
DAMIMAS_A21B_0269,train,1,1,1,1,1,1,1,1,1,1,1,1,1,1,1,1,1,"M01,M03,M05,M06,M07,M08,M16,M19,M30,M31,M33,vis,sid,gmb,med,adp"
DAMIMAS_A21B_0270,test,1,1,1,1,1,1,1,1,1,1,1,1,1,1,1,1,1,"M01,M03,M05,M06,M07,M08,M16,M19,M30,M31,M33,vis,sid,gmb,med,adp"
DAMIMAS_A21B_0271,test,1,1,1,1,1,1,1,1,0,1,1,1,1,1,1,1,1,"M01,M03,M05,M06,M07,M08,M16,M19,M31,M33,vis,sid,gmb,med,adp"
DAMIMAS_A21B_0272,val,1,1,1,1,1,1,1,1,1,1,1,1,1,1,1,1,1,"M01,M03,M05,M06,M07,M08,M16,M19,M30,M31,M33,vis,sid,gmb,med,adp"
DAMIMAS_A21B_0273,train,1,1,1,1,1,1,0,0,0,1,0,1,1,1,1,0,1,"M01,M03,M05,M06,M07,M08,M31,vis,sid,gmb,med"
DAMIMAS_A21B_0274,train,1,1,1,1,1,1,1,1,1,1,1,1,1,1,1,1,1,"M01,M03,M05,M06,M07,M08,M16,M19,M30,M31,M33,vis,sid,gmb,med,adp"
DAMIMAS_A21B_0275,test,1,1,1,1,1,1,1,1,1,1,1,1,1,1,1,1,1,"M01,M03,M05,M06,M07,M08,M16,M19,M30,M31,M33,vis,sid,gmb,med,adp"
DAMIMAS_A21B_0276,train,1,1,1,1,1,1,1,1,1,1,1,1,1,1,1,1,1,"M01,M03,M05,M06,M07,M08,M16,M19,M30,M31,M33,vis,sid,gmb,med,adp"
DAMIMAS_A21B_0277,val,1,1,1,1,1,1,1,1,1,1,1,1,1,1,1,1,1,"M01,M03,M05,M06,M07,M08,M16,M19,M30,M31,M33,vis,sid,gmb,med,adp"
DAMIMAS_A21B_0278,val,1,0,0,0,0,0,1,1,0,1,0,0,0,0,0,1,1,"M01,M16,M19,M31,adp"
DAMIMAS_A21B_0279,test,1,1,1,1,1,1,1,1,1,1,1,1,1,1,1,1,1,"M01,M03,M05,M06,M07,M08,M16,M19,M30,M31,M33,vis,sid,gmb,med,adp"
DAMIMAS_A21B_0280,test,1,1,1,1,1,1,1,1,1,1,1,1,1,1,1,1,1,"M01,M03,M05,M06,M07,M08,M16,M19,M30,M31,M33,vis,sid,gmb,med,adp"
DAMIMAS_A21B_0281,train,0,0,0,0,0,0,0,1,0,0,0,0,0,0,0,1,1,"M19,adp"
DAMIMAS_A21B_0282,train,1,1,1,1,1,1,1,1,1,1,1,1,1,1,1,1,1,"M01,M03,M05,M06,M07,M08,M16,M19,M30,M31,M33,vis,sid,gmb,med,adp"
DAMIMAS_A21B_0283,val,1,1,1,1,1,1,1,1,1,1,1,1,1,1,1,1,1,"M01,M03,M05,M06,M07,M08,M16,M19,M30,M31,M33,vis,sid,gmb,med,adp"
DAMIMAS_A21B_0284,test,1,1,1,1,1,1,1,1,1,1,1,1,1,1,1,1,1,"M01,M03,M05,M06,M07,M08,M16,M19,M30,M31,M33,vis,sid,gmb,med,adp"
DAMIMAS_A21B_0285,train,1,1,1,1,1,1,1,1,1,1,1,1,1,1,1,1,1,"M01,M03,M05,M06,M07,M08,M16,M19,M30,M31,M33,vis,sid,gmb,med,adp"
DAMIMAS_A21B_0286,train,1,1,1,1,1,1,1,1,1,1,1,1,1,1,1,1,1,"M01,M03,M05,M06,M07,M08,M16,M19,M30,M31,M33,vis,sid,gmb,med,adp"
DAMIMAS_A21B_0287,train,1,1,1,1,1,1,1,1,1,1,1,1,1,1,1,1,1,"M01,M03,M05,M06,M07,M08,M16,M19,M30,M31,M33,vis,sid,gmb,med,adp"
DAMIMAS_A21B_0288,test,1,1,1,1,1,1,1,1,1,1,1,1,1,1,1,1,1,"M01,M03,M05,M06,M07,M08,M16,M19,M30,M31,M33,vis,sid,gmb,med,adp"
DAMIMAS_A21B_0289,val,0,0,0,0,0,0,0,0,0,0,0,0,0,0,0,0,0,
DAMIMAS_A21B_0290,train,1,1,1,1,1,1,1,1,1,1,1,1,1,1,1,1,1,"M01,M03,M05,M06,M07,M08,M16,M19,M30,M31,M33,vis,sid,gmb,med,adp"
DAMIMAS_A21B_0291,train,0,0,0,0,0,0,0,0,0,0,0,0,0,0,0,0,0,
DAMIMAS_A21B_0292,train,1,1,1,1,1,1,1,1,1,1,1,1,1,1,1,1,1,"M01,M03,M05,M06,M07,M08,M16,M19,M30,M31,M33,vis,sid,gmb,med,adp"
DAMIMAS_A21B_0293,train,0,0,0,0,0,0,1,1,0,0,0,0,0,0,0,1,1,"M16,M19,adp"
DAMIMAS_A21B_0294,test,1,1,1,1,1,1,1,1,1,1,0,1,1,1,1,1,1,"M01,M03,M05,M06,M07,M08,M16,M19,M30,M31,vis,sid,gmb,med,adp"
DAMIMAS_A21B_0295,train,1,1,1,1,1,1,1,1,1,1,1,1,1,1,1,1,1,"M01,M03,M05,M06,M07,M08,M16,M19,M30,M31,M33,vis,sid,gmb,med,adp"
DAMIMAS_A21B_0296,test,1,1,1,1,1,1,1,1,1,1,1,1,1,1,1,1,1,"M01,M03,M05,M06,M07,M08,M16,M19,M30,M31,M33,vis,sid,gmb,med,adp"
DAMIMAS_A21B_0297,train,1,1,1,1,1,1,1,1,1,1,1,1,1,1,1,1,1,"M01,M03,M05,M06,M07,M08,M16,M19,M30,M31,M33,vis,sid,gmb,med,adp"
DAMIMAS_A21B_0298,train,1,1,1,1,1,1,1,1,1,1,1,1,1,1,1,1,1,"M01,M03,M05,M06,M07,M08,M16,M19,M30,M31,M33,vis,sid,gmb,med,adp"
DAMIMAS_A21B_0299,train,1,1,1,1,1,1,1,1,1,1,1,1,1,1,1,1,1,"M01,M03,M05,M06,M07,M08,M16,M19,M30,M31,M33,vis,sid,gmb,med,adp"
DAMIMAS_A21B_0300,train,1,1,1,1,1,1,1,1,1,1,1,1,1,1,1,1,1,"M01,M03,M05,M06,M07,M08,M16,M19,M30,M31,M33,vis,sid,gmb,med,adp"
DAMIMAS_A21B_0301,train,1,1,1,1,1,1,1,1,1,1,1,1,1,1,1,1,1,"M01,M03,M05,M06,M07,M08,M16,M19,M30,M31,M33,vis,sid,gmb,med,adp"
DAMIMAS_A21B_0302,test,1,1,1,1,1,1,1,1,1,1,1,1,1,1,1,1,1,"M01,M03,M05,M06,M07,M08,M16,M19,M30,M31,M33,vis,sid,gmb,med,adp"
DAMIMAS_A21B_0303,train,1,1,1,1,1,1,1,0,1,1,1,1,1,1,1,0,1,"M01,M03,M05,M06,M07,M08,M16,M30,M31,M33,vis,sid,gmb,med"
DAMIMAS_A21B_0304,test,1,1,1,1,1,1,1,1,1,1,1,1,1,1,1,1,1,"M01,M03,M05,M06,M07,M08,M16,M19,M30,M31,M33,vis,sid,gmb,med,adp"
DAMIMAS_A21B_0305,train,1,1,1,1,1,1,1,1,1,1,1,1,1,1,1,1,1,"M01,M03,M05,M06,M07,M08,M16,M19,M30,M31,M33,vis,sid,gmb,med,adp"
DAMIMAS_A21B_0306,train,1,1,1,1,1,1,1,1,1,1,1,1,1,1,1,1,1,"M01,M03,M05,M06,M07,M08,M16,M19,M30,M31,M33,vis,sid,gmb,med,adp"
DAMIMAS_A21B_0307,train,1,1,1,1,1,1,1,1,1,1,1,1,1,1,1,1,1,"M01,M03,M05,M06,M07,M08,M16,M19,M30,M31,M33,vis,sid,gmb,med,adp"
DAMIMAS_A21B_0308,val,1,1,1,1,1,1,1,1,1,1,1,1,1,1,1,1,1,"M01,M03,M05,M06,M07,M08,M16,M19,M30,M31,M33,vis,sid,gmb,med,adp"
DAMIMAS_A21B_0309,train,0,0,0,0,0,0,1,0,1,0,1,0,0,0,0,0,1,"M16,M30,M33"
DAMIMAS_A21B_0310,train,1,1,1,1,1,1,1,1,1,1,1,1,1,1,1,1,1,"M01,M03,M05,M06,M07,M08,M16,M19,M30,M31,M33,vis,sid,gmb,med,adp"
DAMIMAS_A21B_0311,val,0,0,0,0,0,0,0,0,0,0,0,0,0,0,0,0,0,
DAMIMAS_A21B_0312,train,1,1,1,1,1,1,1,1,1,1,1,1,1,1,1,1,1,"M01,M03,M05,M06,M07,M08,M16,M19,M30,M31,M33,vis,sid,gmb,med,adp"
DAMIMAS_A21B_0313,train,1,1,1,1,1,1,1,1,1,1,1,1,1,1,1,1,1,"M01,M03,M05,M06,M07,M08,M16,M19,M30,M31,M33,vis,sid,gmb,med,adp"
DAMIMAS_A21B_0314,train,1,1,1,1,1,1,1,1,1,1,1,1,1,1,1,1,1,"M01,M03,M05,M06,M07,M08,M16,M19,M30,M31,M33,vis,sid,gmb,med,adp"
DAMIMAS_A21B_0315,train,0,0,0,0,0,0,0,0,0,0,0,0,0,0,0,0,0,
DAMIMAS_A21B_0316,train,1,1,1,1,1,1,1,1,1,1,1,1,1,1,1,1,1,"M01,M03,M05,M06,M07,M08,M16,M19,M30,M31,M33,vis,sid,gmb,med,adp"
DAMIMAS_A21B_0317,train,1,1,1,1,1,1,1,1,1,1,1,1,1,1,1,1,1,"M01,M03,M05,M06,M07,M08,M16,M19,M30,M31,M33,vis,sid,gmb,med,adp"
DAMIMAS_A21B_0318,train,0,0,0,0,0,0,0,0,0,0,0,0,0,0,0,0,0,
DAMIMAS_A21B_0319,train,1,1,1,1,1,1,1,1,1,1,0,1,1,1,1,1,1,"M01,M03,M05,M06,M07,M08,M16,M19,M30,M31,vis,sid,gmb,med,adp"
DAMIMAS_A21B_0320,train,0,0,0,0,0,0,0,1,0,0,0,0,0,0,0,1,1,"M19,adp"
DAMIMAS_A21B_0321,test,0,0,0,0,0,0,0,0,0,0,0,0,0,0,0,0,0,
DAMIMAS_A21B_0322,train,1,1,1,1,1,1,1,1,1,1,1,1,1,1,1,1,1,"M01,M03,M05,M06,M07,M08,M16,M19,M30,M31,M33,vis,sid,gmb,med,adp"
DAMIMAS_A21B_0323,test,0,0,0,0,0,0,0,0,0,0,0,0,0,0,0,0,0,
DAMIMAS_A21B_0324,train,1,1,1,1,1,1,1,0,0,1,0,1,1,1,1,0,1,"M01,M03,M05,M06,M07,M08,M16,M31,vis,sid,gmb,med"
DAMIMAS_A21B_0325,test,1,1,1,1,1,1,0,0,1,1,0,1,1,1,1,0,1,"M01,M03,M05,M06,M07,M08,M30,M31,vis,sid,gmb,med"
DAMIMAS_A21B_0326,train,1,1,1,1,1,1,1,1,1,1,1,1,1,1,1,1,1,"M01,M03,M05,M06,M07,M08,M16,M19,M30,M31,M33,vis,sid,gmb,med,adp"
DAMIMAS_A21B_0327,train,1,1,1,1,1,1,1,1,1,1,1,1,1,1,1,1,1,"M01,M03,M05,M06,M07,M08,M16,M19,M30,M31,M33,vis,sid,gmb,med,adp"
DAMIMAS_A21B_0328,train,1,1,1,1,1,1,1,1,1,1,1,1,1,1,1,1,1,"M01,M03,M05,M06,M07,M08,M16,M19,M30,M31,M33,vis,sid,gmb,med,adp"
DAMIMAS_A21B_0329,train,1,1,1,1,1,1,1,1,1,1,1,1,1,1,1,1,1,"M01,M03,M05,M06,M07,M08,M16,M19,M30,M31,M33,vis,sid,gmb,med,adp"
DAMIMAS_A21B_0330,val,1,1,1,1,1,1,1,1,1,1,1,1,1,1,1,1,1,"M01,M03,M05,M06,M07,M08,M16,M19,M30,M31,M33,vis,sid,gmb,med,adp"
DAMIMAS_A21B_0331,test,1,1,1,1,1,1,1,0,0,1,0,1,1,1,1,0,1,"M01,M03,M05,M06,M07,M08,M16,M31,vis,sid,gmb,med"
DAMIMAS_A21B_0332,train,1,1,1,1,1,1,1,1,1,1,1,1,1,1,1,1,1,"M01,M03,M05,M06,M07,M08,M16,M19,M30,M31,M33,vis,sid,gmb,med,adp"
DAMIMAS_A21B_0333,train,1,1,1,1,1,1,1,1,1,1,1,1,1,1,1,1,1,"M01,M03,M05,M06,M07,M08,M16,M19,M30,M31,M33,vis,sid,gmb,med,adp"
DAMIMAS_A21B_0334,train,0,0,0,0,0,0,0,0,0,0,0,0,0,0,0,0,0,
DAMIMAS_A21B_0335,train,1,1,0,0,0,0,1,1,0,1,1,0,0,1,0,1,1,"M01,M03,M16,M19,M31,M33,gmb,adp"
DAMIMAS_A21B_0336,train,0,0,0,0,0,0,0,0,1,0,1,0,0,0,0,0,1,"M30,M33"
DAMIMAS_A21B_0337,train,1,1,1,1,1,1,1,1,1,1,1,1,1,1,1,1,1,"M01,M03,M05,M06,M07,M08,M16,M19,M30,M31,M33,vis,sid,gmb,med,adp"
DAMIMAS_A21B_0338,val,1,1,1,1,1,1,1,1,1,1,1,1,1,1,1,1,1,"M01,M03,M05,M06,M07,M08,M16,M19,M30,M31,M33,vis,sid,gmb,med,adp"
DAMIMAS_A21B_0339,train,1,1,1,1,1,1,1,1,1,1,1,1,1,1,1,1,1,"M01,M03,M05,M06,M07,M08,M16,M19,M30,M31,M33,vis,sid,gmb,med,adp"
DAMIMAS_A21B_0340,train,1,1,1,1,1,1,1,1,1,1,1,1,1,1,1,1,1,"M01,M03,M05,M06,M07,M08,M16,M19,M30,M31,M33,vis,sid,gmb,med,adp"
DAMIMAS_A21B_0341,train,0,0,0,0,0,0,0,0,0,0,0,0,0,0,0,0,0,
DAMIMAS_A21B_0342,val,0,0,0,0,0,0,0,0,0,0,0,0,0,0,0,0,0,
DAMIMAS_A21B_0343,train,0,0,0,0,0,0,1,0,1,0,0,0,0,0,0,0,1,"M16,M30"
DAMIMAS_A21B_0344,val,1,1,1,1,1,1,1,1,1,1,1,1,1,1,1,1,1,"M01,M03,M05,M06,M07,M08,M16,M19,M30,M31,M33,vis,sid,gmb,med,adp"
DAMIMAS_A21B_0345,train,1,1,1,1,1,1,1,1,1,1,1,1,1,1,1,1,1,"M01,M03,M05,M06,M07,M08,M16,M19,M30,M31,M33,vis,sid,gmb,med,adp"
DAMIMAS_A21B_0346,test,1,1,1,1,1,1,1,0,1,1,1,1,1,1,1,0,1,"M01,M03,M05,M06,M07,M08,M16,M30,M31,M33,vis,sid,gmb,med"
DAMIMAS_A21B_0347,train,1,1,1,1,1,1,1,1,1,1,1,1,1,1,1,1,1,"M01,M03,M05,M06,M07,M08,M16,M19,M30,M31,M33,vis,sid,gmb,med,adp"
DAMIMAS_A21B_0348,test,1,0,0,0,0,0,0,1,1,1,0,0,0,0,0,1,1,"M01,M19,M30,M31,adp"
DAMIMAS_A21B_0349,val,1,1,1,1,1,1,1,1,1,1,1,1,1,1,1,1,1,"M01,M03,M05,M06,M07,M08,M16,M19,M30,M31,M33,vis,sid,gmb,med,adp"
DAMIMAS_A21B_0350,train,1,1,1,1,1,1,1,1,1,1,1,1,1,1,1,1,1,"M01,M03,M05,M06,M07,M08,M16,M19,M30,M31,M33,vis,sid,gmb,med,adp"
DAMIMAS_A21B_0351,train,1,1,1,1,1,1,1,1,1,1,1,1,1,1,1,1,1,"M01,M03,M05,M06,M07,M08,M16,M19,M30,M31,M33,vis,sid,gmb,med,adp"
DAMIMAS_A21B_0352,train,1,1,1,1,1,1,0,0,0,1,0,1,1,1,1,0,1,"M01,M03,M05,M06,M07,M08,M31,vis,sid,gmb,med"
DAMIMAS_A21B_0353,train,1,1,1,1,1,1,1,0,1,1,1,1,1,1,1,0,1,"M01,M03,M05,M06,M07,M08,M16,M30,M31,M33,vis,sid,gmb,med"
DAMIMAS_A21B_0354,train,1,1,1,1,1,1,1,1,1,1,1,1,1,1,1,1,1,"M01,M03,M05,M06,M07,M08,M16,M19,M30,M31,M33,vis,sid,gmb,med,adp"
DAMIMAS_A21B_0355,test,1,1,1,1,1,1,1,1,1,1,1,1,1,1,1,1,1,"M01,M03,M05,M06,M07,M08,M16,M19,M30,M31,M33,vis,sid,gmb,med,adp"
DAMIMAS_A21B_0356,train,1,1,1,1,1,1,1,1,1,1,1,1,1,1,1,1,1,"M01,M03,M05,M06,M07,M08,M16,M19,M30,M31,M33,vis,sid,gmb,med,adp"
DAMIMAS_A21B_0357,train,1,1,1,1,1,1,1,1,1,1,1,1,1,1,1,1,1,"M01,M03,M05,M06,M07,M08,M16,M19,M30,M31,M33,vis,sid,gmb,med,adp"
DAMIMAS_A21B_0358,train,1,0,0,1,1,1,0,0,0,1,1,1,1,0,1,0,1,"M01,M06,M07,M08,M31,M33,vis,sid,med"
DAMIMAS_A21B_0359,val,1,1,1,1,1,1,1,1,1,1,1,1,1,1,1,1,1,"M01,M03,M05,M06,M07,M08,M16,M19,M30,M31,M33,vis,sid,gmb,med,adp"
DAMIMAS_A21B_0360,train,1,1,1,1,1,1,1,0,1,1,1,1,1,1,1,0,1,"M01,M03,M05,M06,M07,M08,M16,M30,M31,M33,vis,sid,gmb,med"
DAMIMAS_A21B_0361,train,0,0,0,0,0,0,0,0,1,0,1,0,0,0,0,0,1,"M30,M33"
DAMIMAS_A21B_0362,train,0,0,0,0,0,0,0,0,0,0,0,0,0,0,0,0,0,
DAMIMAS_A21B_0363,train,1,1,1,1,1,1,1,1,1,1,1,1,1,1,1,1,1,"M01,M03,M05,M06,M07,M08,M16,M19,M30,M31,M33,vis,sid,gmb,med,adp"
DAMIMAS_A21B_0364,train,1,1,1,1,1,1,0,0,1,1,1,1,1,1,1,0,1,"M01,M03,M05,M06,M07,M08,M30,M31,M33,vis,sid,gmb,med"
DAMIMAS_A21B_0365,train,1,1,1,1,1,1,1,1,1,1,1,1,1,1,1,1,1,"M01,M03,M05,M06,M07,M08,M16,M19,M30,M31,M33,vis,sid,gmb,med,adp"
DAMIMAS_A21B_0366,train,1,1,1,1,1,1,1,0,1,1,1,1,1,1,1,0,1,"M01,M03,M05,M06,M07,M08,M16,M30,M31,M33,vis,sid,gmb,med"
DAMIMAS_A21B_0367,train,1,1,1,1,1,1,1,1,1,1,1,1,1,1,1,1,1,"M01,M03,M05,M06,M07,M08,M16,M19,M30,M31,M33,vis,sid,gmb,med,adp"
DAMIMAS_A21B_0368,train,1,1,1,1,1,1,1,1,1,1,1,1,1,1,1,1,1,"M01,M03,M05,M06,M07,M08,M16,M19,M30,M31,M33,vis,sid,gmb,med,adp"
DAMIMAS_A21B_0369,train,1,1,1,1,1,1,1,1,1,1,0,1,1,1,1,1,1,"M01,M03,M05,M06,M07,M08,M16,M19,M30,M31,vis,sid,gmb,med,adp"
DAMIMAS_A21B_0370,val,1,1,1,1,1,1,1,1,1,1,1,1,1,1,1,1,1,"M01,M03,M05,M06,M07,M08,M16,M19,M30,M31,M33,vis,sid,gmb,med,adp"
DAMIMAS_A21B_0371,train,1,1,1,1,1,1,1,1,1,1,1,1,1,1,1,1,1,"M01,M03,M05,M06,M07,M08,M16,M19,M30,M31,M33,vis,sid,gmb,med,adp"
DAMIMAS_A21B_0372,val,1,1,1,1,1,1,1,1,1,1,1,1,1,1,1,1,1,"M01,M03,M05,M06,M07,M08,M16,M19,M30,M31,M33,vis,sid,gmb,med,adp"
DAMIMAS_A21B_0373,train,1,1,1,1,1,1,1,1,1,1,1,1,1,1,1,1,1,"M01,M03,M05,M06,M07,M08,M16,M19,M30,M31,M33,vis,sid,gmb,med,adp"
DAMIMAS_A21B_0374,train,1,1,1,1,1,1,0,0,1,1,1,1,1,1,1,0,1,"M01,M03,M05,M06,M07,M08,M30,M31,M33,vis,sid,gmb,med"
DAMIMAS_A21B_0375,val,1,1,1,1,1,1,1,1,1,1,1,1,1,1,1,1,1,"M01,M03,M05,M06,M07,M08,M16,M19,M30,M31,M33,vis,sid,gmb,med,adp"
DAMIMAS_A21B_0376,train,1,1,1,1,1,1,1,1,1,1,1,1,1,1,1,1,1,"M01,M03,M05,M06,M07,M08,M16,M19,M30,M31,M33,vis,sid,gmb,med,adp"
DAMIMAS_A21B_0377,train,1,1,1,1,1,1,1,1,1,1,1,1,1,1,1,1,1,"M01,M03,M05,M06,M07,M08,M16,M19,M30,M31,M33,vis,sid,gmb,med,adp"
DAMIMAS_A21B_0378,test,1,1,1,1,1,1,1,1,1,1,1,1,1,1,1,1,1,"M01,M03,M05,M06,M07,M08,M16,M19,M30,M31,M33,vis,sid,gmb,med,adp"
DAMIMAS_A21B_0379,train,1,1,1,1,1,1,1,1,1,1,1,1,1,1,1,1,1,"M01,M03,M05,M06,M07,M08,M16,M19,M30,M31,M33,vis,sid,gmb,med,adp"
DAMIMAS_A21B_0380,test,1,1,1,1,1,1,1,1,1,1,1,1,1,1,1,1,1,"M01,M03,M05,M06,M07,M08,M16,M19,M30,M31,M33,vis,sid,gmb,med,adp"
DAMIMAS_A21B_0381,test,1,1,1,1,1,1,1,1,1,1,1,1,1,1,1,1,1,"M01,M03,M05,M06,M07,M08,M16,M19,M30,M31,M33,vis,sid,gmb,med,adp"
DAMIMAS_A21B_0382,train,1,1,1,0,0,0,1,1,1,1,1,0,0,1,0,1,1,"M01,M03,M05,M16,M19,M30,M31,M33,gmb,adp"
DAMIMAS_A21B_0383,train,1,1,1,1,1,1,1,1,1,1,1,1,1,1,1,1,1,"M01,M03,M05,M06,M07,M08,M16,M19,M30,M31,M33,vis,sid,gmb,med,adp"
DAMIMAS_A21B_0384,train,1,1,1,1,1,1,1,1,1,1,1,1,1,1,1,1,1,"M01,M03,M05,M06,M07,M08,M16,M19,M30,M31,M33,vis,sid,gmb,med,adp"
DAMIMAS_A21B_0385,test,1,1,1,1,1,1,1,1,1,1,1,1,1,1,1,1,1,"M01,M03,M05,M06,M07,M08,M16,M19,M30,M31,M33,vis,sid,gmb,med,adp"
DAMIMAS_A21B_0386,train,1,1,1,1,1,1,1,1,1,1,1,1,1,1,1,1,1,"M01,M03,M05,M06,M07,M08,M16,M19,M30,M31,M33,vis,sid,gmb,med,adp"
DAMIMAS_A21B_0387,train,1,1,1,1,1,1,1,1,1,1,1,1,1,1,1,1,1,"M01,M03,M05,M06,M07,M08,M16,M19,M30,M31,M33,vis,sid,gmb,med,adp"
DAMIMAS_A21B_0388,val,0,0,0,0,0,0,0,0,0,0,0,0,0,0,0,0,0,
DAMIMAS_A21B_0389,train,0,0,0,0,0,0,0,0,0,0,0,0,0,0,0,0,0,
DAMIMAS_A21B_0390,val,1,1,1,1,1,1,1,1,1,1,1,1,1,1,1,1,1,"M01,M03,M05,M06,M07,M08,M16,M19,M30,M31,M33,vis,sid,gmb,med,adp"
DAMIMAS_A21B_0391,val,1,1,1,1,1,1,0,1,1,1,1,1,1,1,1,1,1,"M01,M03,M05,M06,M07,M08,M19,M30,M31,M33,vis,sid,gmb,med,adp"
DAMIMAS_A21B_0392,val,1,1,1,1,1,1,1,1,1,1,1,1,1,1,1,1,1,"M01,M03,M05,M06,M07,M08,M16,M19,M30,M31,M33,vis,sid,gmb,med,adp"
DAMIMAS_A21B_0393,train,1,1,1,1,1,1,1,1,1,1,0,1,1,1,1,1,1,"M01,M03,M05,M06,M07,M08,M16,M19,M30,M31,vis,sid,gmb,med,adp"
DAMIMAS_A21B_0394,train,1,1,1,1,1,1,1,1,1,1,1,1,1,1,1,1,1,"M01,M03,M05,M06,M07,M08,M16,M19,M30,M31,M33,vis,sid,gmb,med,adp"
DAMIMAS_A21B_0395,train,1,0,0,0,0,0,0,1,0,1,0,0,0,0,0,1,1,"M01,M19,M31,adp"
DAMIMAS_A21B_0396,train,1,0,0,0,0,0,0,1,0,1,0,0,0,0,0,1,1,"M01,M19,M31,adp"
DAMIMAS_A21B_0397,train,1,1,1,1,1,1,1,1,1,1,1,1,1,1,1,1,1,"M01,M03,M05,M06,M07,M08,M16,M19,M30,M31,M33,vis,sid,gmb,med,adp"
DAMIMAS_A21B_0398,val,0,0,0,0,0,0,0,0,0,0,0,0,0,0,0,0,0,
DAMIMAS_A21B_0399,train,1,1,1,1,1,1,1,1,1,1,1,1,1,1,1,1,1,"M01,M03,M05,M06,M07,M08,M16,M19,M30,M31,M33,vis,sid,gmb,med,adp"
DAMIMAS_A21B_0400,val,1,1,1,1,1,1,1,1,1,1,1,1,1,1,1,1,1,"M01,M03,M05,M06,M07,M08,M16,M19,M30,M31,M33,vis,sid,gmb,med,adp"
DAMIMAS_A21B_0401,val,1,1,1,1,1,1,1,1,1,1,1,1,1,1,1,1,1,"M01,M03,M05,M06,M07,M08,M16,M19,M30,M31,M33,vis,sid,gmb,med,adp"
DAMIMAS_A21B_0402,test,1,1,1,1,1,1,1,1,1,1,1,1,1,1,1,1,1,"M01,M03,M05,M06,M07,M08,M16,M19,M30,M31,M33,vis,sid,gmb,med,adp"
DAMIMAS_A21B_0403,train,1,1,1,1,1,1,1,1,1,1,1,1,1,1,1,1,1,"M01,M03,M05,M06,M07,M08,M16,M19,M30,M31,M33,vis,sid,gmb,med,adp"
DAMIMAS_A21B_0404,val,1,1,1,1,1,1,1,1,1,1,1,1,1,1,1,1,1,"M01,M03,M05,M06,M07,M08,M16,M19,M30,M31,M33,vis,sid,gmb,med,adp"
DAMIMAS_A21B_0405,train,1,1,1,1,1,1,1,1,1,1,1,1,1,1,1,1,1,"M01,M03,M05,M06,M07,M08,M16,M19,M30,M31,M33,vis,sid,gmb,med,adp"
DAMIMAS_A21B_0406,train,1,1,1,1,1,1,1,1,1,1,1,1,1,1,1,1,1,"M01,M03,M05,M06,M07,M08,M16,M19,M30,M31,M33,vis,sid,gmb,med,adp"
DAMIMAS_A21B_0407,val,1,1,1,1,1,1,1,1,1,1,1,1,1,1,1,1,1,"M01,M03,M05,M06,M07,M08,M16,M19,M30,M31,M33,vis,sid,gmb,med,adp"
DAMIMAS_A21B_0408,train,1,1,1,1,1,1,1,1,0,1,1,1,1,1,1,1,1,"M01,M03,M05,M06,M07,M08,M16,M19,M31,M33,vis,sid,gmb,med,adp"
DAMIMAS_A21B_0409,test,1,1,1,1,1,1,1,1,1,1,1,1,1,1,1,1,1,"M01,M03,M05,M06,M07,M08,M16,M19,M30,M31,M33,vis,sid,gmb,med,adp"
DAMIMAS_A21B_0410,train,0,1,1,0,0,0,1,1,0,0,0,0,0,1,0,1,1,"M03,M05,M16,M19,gmb,adp"
DAMIMAS_A21B_0411,test,1,1,1,1,1,1,1,1,1,1,1,1,1,1,1,1,1,"M01,M03,M05,M06,M07,M08,M16,M19,M30,M31,M33,vis,sid,gmb,med,adp"
DAMIMAS_A21B_0412,train,1,1,1,1,1,1,1,1,1,1,1,1,1,1,1,1,1,"M01,M03,M05,M06,M07,M08,M16,M19,M30,M31,M33,vis,sid,gmb,med,adp"
DAMIMAS_A21B_0413,train,1,1,1,1,1,1,1,1,1,1,1,1,1,1,1,1,1,"M01,M03,M05,M06,M07,M08,M16,M19,M30,M31,M33,vis,sid,gmb,med,adp"
DAMIMAS_A21B_0414,train,0,0,0,0,0,0,0,0,0,0,0,0,0,0,0,0,0,
DAMIMAS_A21B_0415,val,1,1,1,1,1,1,1,1,1,1,1,1,1,1,1,1,1,"M01,M03,M05,M06,M07,M08,M16,M19,M30,M31,M33,vis,sid,gmb,med,adp"
DAMIMAS_A21B_0416,train,1,1,1,1,1,1,1,1,1,1,1,1,1,1,1,1,1,"M01,M03,M05,M06,M07,M08,M16,M19,M30,M31,M33,vis,sid,gmb,med,adp"
DAMIMAS_A21B_0417,val,1,1,1,1,1,1,1,1,1,1,1,1,1,1,1,1,1,"M01,M03,M05,M06,M07,M08,M16,M19,M30,M31,M33,vis,sid,gmb,med,adp"
DAMIMAS_A21B_0418,train,1,1,1,0,0,0,1,1,1,1,1,0,0,1,0,1,1,"M01,M03,M05,M16,M19,M30,M31,M33,gmb,adp"
DAMIMAS_A21B_0419,test,1,1,1,1,1,1,1,1,1,1,1,1,1,1,1,1,1,"M01,M03,M05,M06,M07,M08,M16,M19,M30,M31,M33,vis,sid,gmb,med,adp"
DAMIMAS_A21B_0420,val,1,1,1,1,1,1,1,1,1,1,1,1,1,1,1,1,1,"M01,M03,M05,M06,M07,M08,M16,M19,M30,M31,M33,vis,sid,gmb,med,adp"
DAMIMAS_A21B_0421,train,1,1,1,1,1,1,1,1,1,1,1,1,1,1,1,1,1,"M01,M03,M05,M06,M07,M08,M16,M19,M30,M31,M33,vis,sid,gmb,med,adp"
DAMIMAS_A21B_0422,val,1,1,1,1,1,1,1,1,1,1,1,1,1,1,1,1,1,"M01,M03,M05,M06,M07,M08,M16,M19,M30,M31,M33,vis,sid,gmb,med,adp"
DAMIMAS_A21B_0423,train,1,1,1,1,1,1,1,1,1,1,1,1,1,1,1,1,1,"M01,M03,M05,M06,M07,M08,M16,M19,M30,M31,M33,vis,sid,gmb,med,adp"
DAMIMAS_A21B_0424,train,1,1,1,1,1,1,1,1,1,1,1,1,1,1,1,1,1,"M01,M03,M05,M06,M07,M08,M16,M19,M30,M31,M33,vis,sid,gmb,med,adp"
DAMIMAS_A21B_0425,train,1,1,1,1,1,1,1,1,1,1,1,1,1,1,1,1,1,"M01,M03,M05,M06,M07,M08,M16,M19,M30,M31,M33,vis,sid,gmb,med,adp"
DAMIMAS_A21B_0426,train,1,1,1,1,1,1,1,1,1,1,1,1,1,1,1,1,1,"M01,M03,M05,M06,M07,M08,M16,M19,M30,M31,M33,vis,sid,gmb,med,adp"
DAMIMAS_A21B_0427,train,1,1,1,1,1,1,1,1,1,1,1,1,1,1,1,1,1,"M01,M03,M05,M06,M07,M08,M16,M19,M30,M31,M33,vis,sid,gmb,med,adp"
DAMIMAS_A21B_0428,val,1,1,1,1,1,1,1,1,1,1,1,1,1,1,1,1,1,"M01,M03,M05,M06,M07,M08,M16,M19,M30,M31,M33,vis,sid,gmb,med,adp"
DAMIMAS_A21B_0429,train,1,1,1,1,1,1,0,0,1,1,1,1,1,1,1,0,1,"M01,M03,M05,M06,M07,M08,M30,M31,M33,vis,sid,gmb,med"
DAMIMAS_A21B_0430,train,0,0,0,0,0,0,0,0,0,0,0,0,0,0,0,0,0,
DAMIMAS_A21B_0431,train,1,1,1,1,1,1,1,1,1,1,1,1,1,1,1,1,1,"M01,M03,M05,M06,M07,M08,M16,M19,M30,M31,M33,vis,sid,gmb,med,adp"
DAMIMAS_A21B_0432,test,1,1,1,1,1,1,1,1,1,1,1,1,1,1,1,1,1,"M01,M03,M05,M06,M07,M08,M16,M19,M30,M31,M33,vis,sid,gmb,med,adp"
DAMIMAS_A21B_0433,train,1,1,1,1,1,1,1,1,1,1,1,1,1,1,1,1,1,"M01,M03,M05,M06,M07,M08,M16,M19,M30,M31,M33,vis,sid,gmb,med,adp"
DAMIMAS_A21B_0434,train,1,1,1,1,1,1,1,1,1,1,1,1,1,1,1,1,1,"M01,M03,M05,M06,M07,M08,M16,M19,M30,M31,M33,vis,sid,gmb,med,adp"
DAMIMAS_A21B_0435,train,1,1,1,1,1,1,1,1,1,1,1,1,1,1,1,1,1,"M01,M03,M05,M06,M07,M08,M16,M19,M30,M31,M33,vis,sid,gmb,med,adp"
DAMIMAS_A21B_0436,train,1,1,1,1,1,1,1,1,1,1,1,1,1,1,1,1,1,"M01,M03,M05,M06,M07,M08,M16,M19,M30,M31,M33,vis,sid,gmb,med,adp"
DAMIMAS_A21B_0437,train,1,0,0,0,0,0,1,1,0,1,0,0,0,0,0,1,1,"M01,M16,M19,M31,adp"
DAMIMAS_A21B_0438,val,0,0,0,0,0,0,1,1,1,0,1,0,0,0,0,1,1,"M16,M19,M30,M33,adp"
DAMIMAS_A21B_0439,train,1,1,1,1,1,1,1,1,1,1,1,1,1,1,1,1,1,"M01,M03,M05,M06,M07,M08,M16,M19,M30,M31,M33,vis,sid,gmb,med,adp"
DAMIMAS_A21B_0440,train,0,0,0,0,0,0,0,0,0,0,0,0,0,0,0,0,0,
DAMIMAS_A21B_0441,train,1,1,1,1,1,1,1,1,1,1,1,1,1,1,1,1,1,"M01,M03,M05,M06,M07,M08,M16,M19,M30,M31,M33,vis,sid,gmb,med,adp"
DAMIMAS_A21B_0442,test,0,0,0,0,0,0,1,1,0,0,1,0,0,0,0,1,1,"M16,M19,M33,adp"
DAMIMAS_A21B_0443,train,1,1,1,1,1,1,1,1,0,1,1,1,1,1,1,1,1,"M01,M03,M05,M06,M07,M08,M16,M19,M31,M33,vis,sid,gmb,med,adp"
DAMIMAS_A21B_0444,test,1,1,1,1,1,1,1,1,1,1,1,1,1,1,1,1,1,"M01,M03,M05,M06,M07,M08,M16,M19,M30,M31,M33,vis,sid,gmb,med,adp"
DAMIMAS_A21B_0445,train,1,1,1,1,1,1,1,1,1,1,1,1,1,1,1,1,1,"M01,M03,M05,M06,M07,M08,M16,M19,M30,M31,M33,vis,sid,gmb,med,adp"
DAMIMAS_A21B_0446,train,1,1,1,1,1,1,1,1,1,1,1,1,1,1,1,1,1,"M01,M03,M05,M06,M07,M08,M16,M19,M30,M31,M33,vis,sid,gmb,med,adp"
DAMIMAS_A21B_0447,train,0,0,0,0,0,0,0,0,0,0,0,0,0,0,0,0,0,
DAMIMAS_A21B_0448,train,1,1,1,1,1,1,1,1,1,1,1,1,1,1,1,1,1,"M01,M03,M05,M06,M07,M08,M16,M19,M30,M31,M33,vis,sid,gmb,med,adp"
DAMIMAS_A21B_0449,test,0,0,0,0,0,0,1,1,1,0,0,0,0,0,0,1,1,"M16,M19,M30,adp"
DAMIMAS_A21B_0450,train,0,0,0,0,0,0,0,1,0,0,1,0,0,0,0,1,1,"M19,M33,adp"
DAMIMAS_A21B_0451,train,1,1,1,1,1,1,1,1,1,1,1,1,1,1,1,1,1,"M01,M03,M05,M06,M07,M08,M16,M19,M30,M31,M33,vis,sid,gmb,med,adp"
DAMIMAS_A21B_0452,train,1,1,1,1,1,1,1,1,1,1,1,1,1,1,1,1,1,"M01,M03,M05,M06,M07,M08,M16,M19,M30,M31,M33,vis,sid,gmb,med,adp"
DAMIMAS_A21B_0453,train,1,1,1,1,1,1,1,1,1,1,1,1,1,1,1,1,1,"M01,M03,M05,M06,M07,M08,M16,M19,M30,M31,M33,vis,sid,gmb,med,adp"
DAMIMAS_A21B_0454,train,1,1,1,0,0,0,1,1,1,1,1,0,0,1,0,1,1,"M01,M03,M05,M16,M19,M30,M31,M33,gmb,adp"
DAMIMAS_A21B_0455,val,1,1,1,1,1,1,1,1,1,1,1,1,1,1,1,1,1,"M01,M03,M05,M06,M07,M08,M16,M19,M30,M31,M33,vis,sid,gmb,med,adp"
DAMIMAS_A21B_0456,test,1,1,1,1,1,1,1,1,1,1,1,1,1,1,1,1,1,"M01,M03,M05,M06,M07,M08,M16,M19,M30,M31,M33,vis,sid,gmb,med,adp"
DAMIMAS_A21B_0457,train,1,1,1,1,1,1,1,1,1,1,1,1,1,1,1,1,1,"M01,M03,M05,M06,M07,M08,M16,M19,M30,M31,M33,vis,sid,gmb,med,adp"
DAMIMAS_A21B_0458,train,1,1,1,1,1,1,1,1,1,1,1,1,1,1,1,1,1,"M01,M03,M05,M06,M07,M08,M16,M19,M30,M31,M33,vis,sid,gmb,med,adp"
DAMIMAS_A21B_0459,train,1,1,1,1,1,1,1,1,1,1,1,1,1,1,1,1,1,"M01,M03,M05,M06,M07,M08,M16,M19,M30,M31,M33,vis,sid,gmb,med,adp"
DAMIMAS_A21B_0460,train,1,1,1,1,1,1,1,1,1,1,1,1,1,1,1,1,1,"M01,M03,M05,M06,M07,M08,M16,M19,M30,M31,M33,vis,sid,gmb,med,adp"
DAMIMAS_A21B_0461,val,1,1,1,1,1,1,1,1,1,1,1,1,1,1,1,1,1,"M01,M03,M05,M06,M07,M08,M16,M19,M30,M31,M33,vis,sid,gmb,med,adp"
DAMIMAS_A21B_0462,train,1,1,1,1,1,1,1,1,1,1,1,1,1,1,1,1,1,"M01,M03,M05,M06,M07,M08,M16,M19,M30,M31,M33,vis,sid,gmb,med,adp"
DAMIMAS_A21B_0463,train,1,1,1,1,1,1,1,1,1,1,1,1,1,1,1,1,1,"M01,M03,M05,M06,M07,M08,M16,M19,M30,M31,M33,vis,sid,gmb,med,adp"
DAMIMAS_A21B_0464,train,1,1,1,1,1,1,1,1,1,1,1,1,1,1,1,1,1,"M01,M03,M05,M06,M07,M08,M16,M19,M30,M31,M33,vis,sid,gmb,med,adp"
DAMIMAS_A21B_0465,train,1,1,1,1,1,1,1,1,1,1,1,1,1,1,1,1,1,"M01,M03,M05,M06,M07,M08,M16,M19,M30,M31,M33,vis,sid,gmb,med,adp"
DAMIMAS_A21B_0466,train,1,1,1,1,1,1,1,1,1,1,1,1,1,1,1,1,1,"M01,M03,M05,M06,M07,M08,M16,M19,M30,M31,M33,vis,sid,gmb,med,adp"
DAMIMAS_A21B_0467,train,1,1,1,1,1,1,1,1,1,1,1,1,1,1,1,1,1,"M01,M03,M05,M06,M07,M08,M16,M19,M30,M31,M33,vis,sid,gmb,med,adp"
DAMIMAS_A21B_0468,train,1,1,1,1,1,1,1,1,1,1,1,1,1,1,1,1,1,"M01,M03,M05,M06,M07,M08,M16,M19,M30,M31,M33,vis,sid,gmb,med,adp"
DAMIMAS_A21B_0469,train,1,1,1,1,1,1,1,1,1,1,1,1,1,1,1,1,1,"M01,M03,M05,M06,M07,M08,M16,M19,M30,M31,M33,vis,sid,gmb,med,adp"
DAMIMAS_A21B_0470,train,1,1,1,1,1,1,1,1,1,1,1,1,1,1,1,1,1,"M01,M03,M05,M06,M07,M08,M16,M19,M30,M31,M33,vis,sid,gmb,med,adp"
DAMIMAS_A21B_0471,val,1,0,0,0,0,0,0,1,0,1,0,0,0,0,0,1,1,"M01,M19,M31,adp"
DAMIMAS_A21B_0472,val,0,0,0,0,0,0,1,1,0,0,0,0,0,0,0,1,1,"M16,M19,adp"
DAMIMAS_A21B_0473,train,1,1,1,1,1,1,1,1,1,1,1,1,1,1,1,1,1,"M01,M03,M05,M06,M07,M08,M16,M19,M30,M31,M33,vis,sid,gmb,med,adp"
DAMIMAS_A21B_0474,train,1,1,1,1,1,1,1,1,1,1,1,1,1,1,1,1,1,"M01,M03,M05,M06,M07,M08,M16,M19,M30,M31,M33,vis,sid,gmb,med,adp"
DAMIMAS_A21B_0475,test,1,1,1,1,1,1,0,1,1,1,1,1,1,1,1,1,1,"M01,M03,M05,M06,M07,M08,M19,M30,M31,M33,vis,sid,gmb,med,adp"
DAMIMAS_A21B_0476,train,1,1,1,1,1,1,1,1,1,1,1,1,1,1,1,1,1,"M01,M03,M05,M06,M07,M08,M16,M19,M30,M31,M33,vis,sid,gmb,med,adp"
DAMIMAS_A21B_0477,val,1,1,1,1,1,1,1,1,1,1,1,1,1,1,1,1,1,"M01,M03,M05,M06,M07,M08,M16,M19,M30,M31,M33,vis,sid,gmb,med,adp"
DAMIMAS_A21B_0478,train,1,1,1,1,1,1,1,1,1,1,1,1,1,1,1,1,1,"M01,M03,M05,M06,M07,M08,M16,M19,M30,M31,M33,vis,sid,gmb,med,adp"
DAMIMAS_A21B_0479,val,1,1,1,1,1,1,1,1,1,1,1,1,1,1,1,1,1,"M01,M03,M05,M06,M07,M08,M16,M19,M30,M31,M33,vis,sid,gmb,med,adp"
DAMIMAS_A21B_0480,train,1,1,1,1,1,1,1,1,1,1,1,1,1,1,1,1,1,"M01,M03,M05,M06,M07,M08,M16,M19,M30,M31,M33,vis,sid,gmb,med,adp"
DAMIMAS_A21B_0481,train,1,1,1,1,1,1,1,1,1,1,1,1,1,1,1,1,1,"M01,M03,M05,M06,M07,M08,M16,M19,M30,M31,M33,vis,sid,gmb,med,adp"
DAMIMAS_A21B_0482,train,1,1,1,1,1,1,1,1,1,1,1,1,1,1,1,1,1,"M01,M03,M05,M06,M07,M08,M16,M19,M30,M31,M33,vis,sid,gmb,med,adp"
DAMIMAS_A21B_0483,train,1,1,1,1,1,1,1,1,1,1,1,1,1,1,1,1,1,"M01,M03,M05,M06,M07,M08,M16,M19,M30,M31,M33,vis,sid,gmb,med,adp"
DAMIMAS_A21B_0484,train,1,1,1,1,1,1,1,1,1,1,1,1,1,1,1,1,1,"M01,M03,M05,M06,M07,M08,M16,M19,M30,M31,M33,vis,sid,gmb,med,adp"
DAMIMAS_A21B_0485,val,1,1,1,1,1,1,1,1,1,1,1,1,1,1,1,1,1,"M01,M03,M05,M06,M07,M08,M16,M19,M30,M31,M33,vis,sid,gmb,med,adp"
DAMIMAS_A21B_0486,train,0,1,1,1,1,1,1,0,0,0,1,1,1,1,1,0,1,"M03,M05,M06,M07,M08,M16,M33,vis,sid,gmb,med"
DAMIMAS_A21B_0487,train,1,1,1,1,1,1,1,1,1,1,1,1,1,1,1,1,1,"M01,M03,M05,M06,M07,M08,M16,M19,M30,M31,M33,vis,sid,gmb,med,adp"
DAMIMAS_A21B_0488,train,1,1,1,1,1,1,1,1,1,1,1,1,1,1,1,1,1,"M01,M03,M05,M06,M07,M08,M16,M19,M30,M31,M33,vis,sid,gmb,med,adp"
DAMIMAS_A21B_0489,val,1,1,1,1,1,1,1,0,1,1,1,1,1,1,1,0,1,"M01,M03,M05,M06,M07,M08,M16,M30,M31,M33,vis,sid,gmb,med"
DAMIMAS_A21B_0490,test,1,1,1,1,1,1,1,1,1,1,1,1,1,1,1,1,1,"M01,M03,M05,M06,M07,M08,M16,M19,M30,M31,M33,vis,sid,gmb,med,adp"
DAMIMAS_A21B_0491,train,1,1,1,1,1,1,1,1,1,1,1,1,1,1,1,1,1,"M01,M03,M05,M06,M07,M08,M16,M19,M30,M31,M33,vis,sid,gmb,med,adp"
DAMIMAS_A21B_0492,test,1,1,1,1,1,1,1,1,1,1,1,1,1,1,1,1,1,"M01,M03,M05,M06,M07,M08,M16,M19,M30,M31,M33,vis,sid,gmb,med,adp"
DAMIMAS_A21B_0493,train,1,1,1,1,1,1,1,1,1,1,1,1,1,1,1,1,1,"M01,M03,M05,M06,M07,M08,M16,M19,M30,M31,M33,vis,sid,gmb,med,adp"
DAMIMAS_A21B_0494,train,0,0,0,0,0,0,0,1,1,0,1,0,0,0,0,1,1,"M19,M30,M33,adp"
DAMIMAS_A21B_0495,train,1,1,1,1,1,1,1,1,1,1,1,1,1,1,1,1,1,"M01,M03,M05,M06,M07,M08,M16,M19,M30,M31,M33,vis,sid,gmb,med,adp"
DAMIMAS_A21B_0496,train,1,1,1,1,1,1,1,1,1,1,1,1,1,1,1,1,1,"M01,M03,M05,M06,M07,M08,M16,M19,M30,M31,M33,vis,sid,gmb,med,adp"
DAMIMAS_A21B_0497,test,0,0,0,0,0,0,0,1,0,0,0,0,0,0,0,1,1,"M19,adp"
DAMIMAS_A21B_0498,train,1,1,1,1,1,1,1,1,1,1,1,1,1,1,1,1,1,"M01,M03,M05,M06,M07,M08,M16,M19,M30,M31,M33,vis,sid,gmb,med,adp"
DAMIMAS_A21B_0499,train,1,1,1,1,1,1,1,1,1,1,1,1,1,1,1,1,1,"M01,M03,M05,M06,M07,M08,M16,M19,M30,M31,M33,vis,sid,gmb,med,adp"
DAMIMAS_A21B_0500,train,1,1,1,1,1,1,1,1,1,1,1,1,1,1,1,1,1,"M01,M03,M05,M06,M07,M08,M16,M19,M30,M31,M33,vis,sid,gmb,med,adp"
DAMIMAS_A21B_0501,train,1,1,1,1,1,1,1,1,1,1,1,1,1,1,1,1,1,"M01,M03,M05,M06,M07,M08,M16,M19,M30,M31,M33,vis,sid,gmb,med,adp"
DAMIMAS_A21B_0502,train,1,1,1,1,1,1,1,1,1,1,1,1,1,1,1,1,1,"M01,M03,M05,M06,M07,M08,M16,M19,M30,M31,M33,vis,sid,gmb,med,adp"
DAMIMAS_A21B_0503,train,0,1,1,1,1,1,1,0,1,0,0,1,1,1,1,0,1,"M03,M05,M06,M07,M08,M16,M30,vis,sid,gmb,med"
DAMIMAS_A21B_0504,val,1,1,1,1,1,1,1,1,1,1,1,1,1,1,1,1,1,"M01,M03,M05,M06,M07,M08,M16,M19,M30,M31,M33,vis,sid,gmb,med,adp"
DAMIMAS_A21B_0505,test,1,1,1,1,1,1,1,1,1,1,1,1,1,1,1,1,1,"M01,M03,M05,M06,M07,M08,M16,M19,M30,M31,M33,vis,sid,gmb,med,adp"
DAMIMAS_A21B_0506,train,1,1,1,1,1,1,1,0,1,1,1,1,1,1,1,0,1,"M01,M03,M05,M06,M07,M08,M16,M30,M31,M33,vis,sid,gmb,med"
DAMIMAS_A21B_0507,train,1,1,1,1,1,1,1,1,1,1,1,1,1,1,1,1,1,"M01,M03,M05,M06,M07,M08,M16,M19,M30,M31,M33,vis,sid,gmb,med,adp"
DAMIMAS_A21B_0508,train,1,1,1,1,1,1,1,1,1,1,1,1,1,1,1,1,1,"M01,M03,M05,M06,M07,M08,M16,M19,M30,M31,M33,vis,sid,gmb,med,adp"
DAMIMAS_A21B_0509,train,1,1,1,1,1,1,1,1,1,1,1,1,1,1,1,1,1,"M01,M03,M05,M06,M07,M08,M16,M19,M30,M31,M33,vis,sid,gmb,med,adp"
DAMIMAS_A21B_0510,test,1,1,1,1,1,1,1,1,1,1,1,1,1,1,1,1,1,"M01,M03,M05,M06,M07,M08,M16,M19,M30,M31,M33,vis,sid,gmb,med,adp"
DAMIMAS_A21B_0511,train,1,1,1,1,1,1,1,1,1,1,1,1,1,1,1,1,1,"M01,M03,M05,M06,M07,M08,M16,M19,M30,M31,M33,vis,sid,gmb,med,adp"
DAMIMAS_A21B_0512,val,1,1,1,1,1,1,1,1,1,1,1,1,1,1,1,1,1,"M01,M03,M05,M06,M07,M08,M16,M19,M30,M31,M33,vis,sid,gmb,med,adp"
DAMIMAS_A21B_0513,train,1,1,1,1,1,1,1,1,1,1,1,1,1,1,1,1,1,"M01,M03,M05,M06,M07,M08,M16,M19,M30,M31,M33,vis,sid,gmb,med,adp"
DAMIMAS_A21B_0514,train,1,1,1,1,1,1,1,1,1,1,1,1,1,1,1,1,1,"M01,M03,M05,M06,M07,M08,M16,M19,M30,M31,M33,vis,sid,gmb,med,adp"
DAMIMAS_A21B_0515,train,1,1,1,1,1,1,1,1,1,1,1,1,1,1,1,1,1,"M01,M03,M05,M06,M07,M08,M16,M19,M30,M31,M33,vis,sid,gmb,med,adp"
DAMIMAS_A21B_0516,val,1,1,1,1,1,1,1,1,1,1,1,1,1,1,1,1,1,"M01,M03,M05,M06,M07,M08,M16,M19,M30,M31,M33,vis,sid,gmb,med,adp"
DAMIMAS_A21B_0517,train,1,1,1,1,1,1,1,1,1,1,1,1,1,1,1,1,1,"M01,M03,M05,M06,M07,M08,M16,M19,M30,M31,M33,vis,sid,gmb,med,adp"
DAMIMAS_A21B_0518,val,1,1,1,1,1,1,1,1,1,1,1,1,1,1,1,1,1,"M01,M03,M05,M06,M07,M08,M16,M19,M30,M31,M33,vis,sid,gmb,med,adp"
DAMIMAS_A21B_0519,test,1,1,1,1,1,1,1,1,1,1,1,1,1,1,1,1,1,"M01,M03,M05,M06,M07,M08,M16,M19,M30,M31,M33,vis,sid,gmb,med,adp"
DAMIMAS_A21B_0520,train,1,1,1,1,1,1,1,1,1,1,1,1,1,1,1,1,1,"M01,M03,M05,M06,M07,M08,M16,M19,M30,M31,M33,vis,sid,gmb,med,adp"
DAMIMAS_A21B_0521,val,1,1,1,1,1,1,1,1,1,1,1,1,1,1,1,1,1,"M01,M03,M05,M06,M07,M08,M16,M19,M30,M31,M33,vis,sid,gmb,med,adp"
DAMIMAS_A21B_0522,train,0,0,0,0,0,0,0,0,0,0,0,0,0,0,0,0,0,
DAMIMAS_A21B_0523,train,1,0,0,0,0,0,0,1,0,1,1,0,0,0,0,1,1,"M01,M19,M31,M33,adp"
DAMIMAS_A21B_0524,train,1,0,0,0,0,0,0,1,1,1,1,0,0,0,0,1,1,"M01,M19,M30,M31,M33,adp"
DAMIMAS_A21B_0525,test,1,1,1,1,1,1,1,1,1,1,1,1,1,1,1,1,1,"M01,M03,M05,M06,M07,M08,M16,M19,M30,M31,M33,vis,sid,gmb,med,adp"
DAMIMAS_A21B_0526,train,1,1,1,1,1,1,1,1,1,1,1,1,1,1,1,1,1,"M01,M03,M05,M06,M07,M08,M16,M19,M30,M31,M33,vis,sid,gmb,med,adp"
DAMIMAS_A21B_0527,train,1,1,1,1,1,1,1,1,1,1,1,1,1,1,1,1,1,"M01,M03,M05,M06,M07,M08,M16,M19,M30,M31,M33,vis,sid,gmb,med,adp"
DAMIMAS_A21B_0528,train,1,1,1,1,1,1,1,1,1,1,1,1,1,1,1,1,1,"M01,M03,M05,M06,M07,M08,M16,M19,M30,M31,M33,vis,sid,gmb,med,adp"
DAMIMAS_A21B_0529,train,1,1,1,1,1,1,1,1,1,1,1,1,1,1,1,1,1,"M01,M03,M05,M06,M07,M08,M16,M19,M30,M31,M33,vis,sid,gmb,med,adp"
DAMIMAS_A21B_0530,test,1,1,1,1,1,1,1,1,1,1,1,1,1,1,1,1,1,"M01,M03,M05,M06,M07,M08,M16,M19,M30,M31,M33,vis,sid,gmb,med,adp"
DAMIMAS_A21B_0531,train,0,1,1,1,1,1,0,0,1,0,1,1,1,1,1,0,1,"M03,M05,M06,M07,M08,M30,M33,vis,sid,gmb,med"
DAMIMAS_A21B_0532,train,1,1,1,1,1,1,1,1,1,1,1,1,1,1,1,1,1,"M01,M03,M05,M06,M07,M08,M16,M19,M30,M31,M33,vis,sid,gmb,med,adp"
DAMIMAS_A21B_0533,val,1,1,1,1,1,1,1,1,1,1,1,1,1,1,1,1,1,"M01,M03,M05,M06,M07,M08,M16,M19,M30,M31,M33,vis,sid,gmb,med,adp"
DAMIMAS_A21B_0534,train,1,1,1,1,1,1,1,1,1,1,1,1,1,1,1,1,1,"M01,M03,M05,M06,M07,M08,M16,M19,M30,M31,M33,vis,sid,gmb,med,adp"
DAMIMAS_A21B_0535,train,1,1,1,1,1,1,1,1,1,1,1,1,1,1,1,1,1,"M01,M03,M05,M06,M07,M08,M16,M19,M30,M31,M33,vis,sid,gmb,med,adp"
DAMIMAS_A21B_0536,test,1,1,1,1,1,1,1,1,1,1,1,1,1,1,1,1,1,"M01,M03,M05,M06,M07,M08,M16,M19,M30,M31,M33,vis,sid,gmb,med,adp"
DAMIMAS_A21B_0537,val,1,1,1,1,1,1,1,1,1,1,1,1,1,1,1,1,1,"M01,M03,M05,M06,M07,M08,M16,M19,M30,M31,M33,vis,sid,gmb,med,adp"
DAMIMAS_A21B_0538,train,1,1,1,1,1,1,1,1,1,1,1,1,1,1,1,1,1,"M01,M03,M05,M06,M07,M08,M16,M19,M30,M31,M33,vis,sid,gmb,med,adp"
DAMIMAS_A21B_0539,train,0,1,1,1,1,1,1,0,1,0,1,1,1,1,1,0,1,"M03,M05,M06,M07,M08,M16,M30,M33,vis,sid,gmb,med"
DAMIMAS_A21B_0540,train,1,1,1,1,1,1,1,1,1,1,1,1,1,1,1,1,1,"M01,M03,M05,M06,M07,M08,M16,M19,M30,M31,M33,vis,sid,gmb,med,adp"
DAMIMAS_A21B_0541,test,1,1,1,1,1,1,1,1,1,1,1,1,1,1,1,1,1,"M01,M03,M05,M06,M07,M08,M16,M19,M30,M31,M33,vis,sid,gmb,med,adp"
DAMIMAS_A21B_0542,train,1,1,1,1,1,1,1,1,1,1,1,1,1,1,1,1,1,"M01,M03,M05,M06,M07,M08,M16,M19,M30,M31,M33,vis,sid,gmb,med,adp"
DAMIMAS_A21B_0543,train,1,1,1,1,1,1,1,1,1,1,1,1,1,1,1,1,1,"M01,M03,M05,M06,M07,M08,M16,M19,M30,M31,M33,vis,sid,gmb,med,adp"
DAMIMAS_A21B_0544,train,1,1,1,1,1,1,1,1,1,1,1,1,1,1,1,1,1,"M01,M03,M05,M06,M07,M08,M16,M19,M30,M31,M33,vis,sid,gmb,med,adp"
DAMIMAS_A21B_0545,train,0,0,0,0,0,0,0,0,0,0,1,0,0,0,0,0,1,M33
DAMIMAS_A21B_0546,test,1,1,1,1,1,1,1,1,1,1,1,1,1,1,1,1,1,"M01,M03,M05,M06,M07,M08,M16,M19,M30,M31,M33,vis,sid,gmb,med,adp"
DAMIMAS_A21B_0547,val,1,1,1,1,1,1,1,1,1,1,1,1,1,1,1,1,1,"M01,M03,M05,M06,M07,M08,M16,M19,M30,M31,M33,vis,sid,gmb,med,adp"
DAMIMAS_A21B_0548,train,1,1,1,1,1,1,1,1,1,1,1,1,1,1,1,1,1,"M01,M03,M05,M06,M07,M08,M16,M19,M30,M31,M33,vis,sid,gmb,med,adp"
DAMIMAS_A21B_0549,train,1,1,1,1,1,1,1,1,1,1,1,1,1,1,1,1,1,"M01,M03,M05,M06,M07,M08,M16,M19,M30,M31,M33,vis,sid,gmb,med,adp"
DAMIMAS_A21B_0550,val,0,1,1,1,1,1,1,0,1,0,0,1,1,1,1,0,1,"M03,M05,M06,M07,M08,M16,M30,vis,sid,gmb,med"
DAMIMAS_A21B_0551,test,1,1,1,1,1,1,1,1,1,1,1,1,1,1,1,1,1,"M01,M03,M05,M06,M07,M08,M16,M19,M30,M31,M33,vis,sid,gmb,med,adp"
DAMIMAS_A21B_0552,train,1,1,1,1,1,1,1,1,1,1,1,1,1,1,1,1,1,"M01,M03,M05,M06,M07,M08,M16,M19,M30,M31,M33,vis,sid,gmb,med,adp"
DAMIMAS_A21B_0553,train,1,1,1,1,1,1,1,1,1,1,1,1,1,1,1,1,1,"M01,M03,M05,M06,M07,M08,M16,M19,M30,M31,M33,vis,sid,gmb,med,adp"
DAMIMAS_A21B_0554,test,1,1,1,1,1,1,1,1,1,1,1,1,1,1,1,1,1,"M01,M03,M05,M06,M07,M08,M16,M19,M30,M31,M33,vis,sid,gmb,med,adp"
DAMIMAS_A21B_0555,train,1,1,1,1,1,1,1,1,1,1,1,1,1,1,1,1,1,"M01,M03,M05,M06,M07,M08,M16,M19,M30,M31,M33,vis,sid,gmb,med,adp"
DAMIMAS_A21B_0556,val,1,1,1,1,1,1,1,1,1,1,1,1,1,1,1,1,1,"M01,M03,M05,M06,M07,M08,M16,M19,M30,M31,M33,vis,sid,gmb,med,adp"
DAMIMAS_A21B_0557,val,1,1,1,1,1,1,1,1,1,1,1,1,1,1,1,1,1,"M01,M03,M05,M06,M07,M08,M16,M19,M30,M31,M33,vis,sid,gmb,med,adp"
DAMIMAS_A21B_0558,train,0,0,0,0,0,0,1,0,0,0,0,0,0,0,0,0,1,M16
DAMIMAS_A21B_0559,train,0,0,0,0,0,0,0,0,0,0,0,0,0,0,0,0,0,
DAMIMAS_A21B_0560,train,1,1,1,1,1,1,1,1,1,1,1,1,1,1,1,1,1,"M01,M03,M05,M06,M07,M08,M16,M19,M30,M31,M33,vis,sid,gmb,med,adp"
DAMIMAS_A21B_0561,train,1,1,1,1,1,1,1,1,1,1,1,1,1,1,1,1,1,"M01,M03,M05,M06,M07,M08,M16,M19,M30,M31,M33,vis,sid,gmb,med,adp"
DAMIMAS_A21B_0562,val,1,1,1,1,1,1,1,1,1,1,1,1,1,1,1,1,1,"M01,M03,M05,M06,M07,M08,M16,M19,M30,M31,M33,vis,sid,gmb,med,adp"
DAMIMAS_A21B_0563,test,1,1,1,1,1,1,1,1,1,1,1,1,1,1,1,1,1,"M01,M03,M05,M06,M07,M08,M16,M19,M30,M31,M33,vis,sid,gmb,med,adp"
DAMIMAS_A21B_0564,train,1,1,1,1,1,1,1,1,1,1,1,1,1,1,1,1,1,"M01,M03,M05,M06,M07,M08,M16,M19,M30,M31,M33,vis,sid,gmb,med,adp"
DAMIMAS_A21B_0565,train,1,1,1,1,1,1,1,1,1,1,1,1,1,1,1,1,1,"M01,M03,M05,M06,M07,M08,M16,M19,M30,M31,M33,vis,sid,gmb,med,adp"
DAMIMAS_A21B_0566,train,1,1,1,1,1,1,1,0,1,1,1,1,1,1,1,0,1,"M01,M03,M05,M06,M07,M08,M16,M30,M31,M33,vis,sid,gmb,med"
DAMIMAS_A21B_0567,train,1,1,1,1,1,1,1,1,1,1,1,1,1,1,1,1,1,"M01,M03,M05,M06,M07,M08,M16,M19,M30,M31,M33,vis,sid,gmb,med,adp"
DAMIMAS_A21B_0568,train,1,1,1,1,1,1,1,1,1,1,1,1,1,1,1,1,1,"M01,M03,M05,M06,M07,M08,M16,M19,M30,M31,M33,vis,sid,gmb,med,adp"
DAMIMAS_A21B_0569,train,1,1,1,1,1,1,1,1,1,1,1,1,1,1,1,1,1,"M01,M03,M05,M06,M07,M08,M16,M19,M30,M31,M33,vis,sid,gmb,med,adp"
DAMIMAS_A21B_0570,val,1,1,1,1,1,1,1,1,1,1,1,1,1,1,1,1,1,"M01,M03,M05,M06,M07,M08,M16,M19,M30,M31,M33,vis,sid,gmb,med,adp"
DAMIMAS_A21B_0571,train,0,0,0,0,0,0,0,0,0,0,0,0,0,0,0,0,0,
DAMIMAS_A21B_0572,train,1,1,1,1,1,1,1,1,1,1,1,1,1,1,1,1,1,"M01,M03,M05,M06,M07,M08,M16,M19,M30,M31,M33,vis,sid,gmb,med,adp"
DAMIMAS_A21B_0573,train,1,1,1,1,1,1,1,1,1,1,1,1,1,1,1,1,1,"M01,M03,M05,M06,M07,M08,M16,M19,M30,M31,M33,vis,sid,gmb,med,adp"
DAMIMAS_A21B_0574,train,1,1,1,1,1,1,1,1,1,1,1,1,1,1,1,1,1,"M01,M03,M05,M06,M07,M08,M16,M19,M30,M31,M33,vis,sid,gmb,med,adp"
DAMIMAS_A21B_0575,train,1,1,1,1,1,1,1,1,1,1,1,1,1,1,1,1,1,"M01,M03,M05,M06,M07,M08,M16,M19,M30,M31,M33,vis,sid,gmb,med,adp"
DAMIMAS_A21B_0576,train,1,1,1,1,1,1,1,1,1,1,1,1,1,1,1,1,1,"M01,M03,M05,M06,M07,M08,M16,M19,M30,M31,M33,vis,sid,gmb,med,adp"
DAMIMAS_A21B_0577,train,1,1,1,1,1,1,1,1,1,1,1,1,1,1,1,1,1,"M01,M03,M05,M06,M07,M08,M16,M19,M30,M31,M33,vis,sid,gmb,med,adp"
DAMIMAS_A21B_0578,test,1,1,1,1,1,1,1,1,1,1,1,1,1,1,1,1,1,"M01,M03,M05,M06,M07,M08,M16,M19,M30,M31,M33,vis,sid,gmb,med,adp"
DAMIMAS_A21B_0579,train,1,1,1,1,1,1,1,1,1,1,1,1,1,1,1,1,1,"M01,M03,M05,M06,M07,M08,M16,M19,M30,M31,M33,vis,sid,gmb,med,adp"
DAMIMAS_A21B_0580,train,1,1,1,1,1,1,1,1,1,1,1,1,1,1,1,1,1,"M01,M03,M05,M06,M07,M08,M16,M19,M30,M31,M33,vis,sid,gmb,med,adp"
DAMIMAS_A21B_0581,train,1,1,1,1,1,1,1,1,1,1,1,1,1,1,1,1,1,"M01,M03,M05,M06,M07,M08,M16,M19,M30,M31,M33,vis,sid,gmb,med,adp"
DAMIMAS_A21B_0582,train,1,1,1,1,1,1,1,1,1,1,1,1,1,1,1,1,1,"M01,M03,M05,M06,M07,M08,M16,M19,M30,M31,M33,vis,sid,gmb,med,adp"
DAMIMAS_A21B_0583,train,1,1,1,1,1,1,1,1,1,1,1,1,1,1,1,1,1,"M01,M03,M05,M06,M07,M08,M16,M19,M30,M31,M33,vis,sid,gmb,med,adp"
DAMIMAS_A21B_0584,train,1,1,1,1,1,1,1,1,1,1,1,1,1,1,1,1,1,"M01,M03,M05,M06,M07,M08,M16,M19,M30,M31,M33,vis,sid,gmb,med,adp"
DAMIMAS_A21B_0585,train,1,1,1,1,1,1,1,1,1,1,1,1,1,1,1,1,1,"M01,M03,M05,M06,M07,M08,M16,M19,M30,M31,M33,vis,sid,gmb,med,adp"
DAMIMAS_A21B_0586,val,1,1,1,1,1,1,1,1,1,1,0,1,1,1,1,1,1,"M01,M03,M05,M06,M07,M08,M16,M19,M30,M31,vis,sid,gmb,med,adp"
DAMIMAS_A21B_0587,train,1,1,1,1,1,1,1,1,1,1,1,1,1,1,1,1,1,"M01,M03,M05,M06,M07,M08,M16,M19,M30,M31,M33,vis,sid,gmb,med,adp"
DAMIMAS_A21B_0588,train,1,1,1,1,1,1,1,1,1,1,1,1,1,1,1,1,1,"M01,M03,M05,M06,M07,M08,M16,M19,M30,M31,M33,vis,sid,gmb,med,adp"
DAMIMAS_A21B_0589,train,1,1,1,1,1,1,1,1,1,1,0,1,1,1,1,1,1,"M01,M03,M05,M06,M07,M08,M16,M19,M30,M31,vis,sid,gmb,med,adp"
DAMIMAS_A21B_0590,train,1,1,1,1,1,1,1,1,1,1,1,1,1,1,1,1,1,"M01,M03,M05,M06,M07,M08,M16,M19,M30,M31,M33,vis,sid,gmb,med,adp"
DAMIMAS_A21B_0591,test,1,1,1,1,1,1,1,1,1,1,1,1,1,1,1,1,1,"M01,M03,M05,M06,M07,M08,M16,M19,M30,M31,M33,vis,sid,gmb,med,adp"
DAMIMAS_A21B_0592,train,1,1,1,1,1,1,1,1,1,1,1,1,1,1,1,1,1,"M01,M03,M05,M06,M07,M08,M16,M19,M30,M31,M33,vis,sid,gmb,med,adp"
DAMIMAS_A21B_0593,val,1,1,1,1,1,1,1,1,1,1,1,1,1,1,1,1,1,"M01,M03,M05,M06,M07,M08,M16,M19,M30,M31,M33,vis,sid,gmb,med,adp"
DAMIMAS_A21B_0594,train,1,1,1,1,1,1,1,1,1,1,1,1,1,1,1,1,1,"M01,M03,M05,M06,M07,M08,M16,M19,M30,M31,M33,vis,sid,gmb,med,adp"
DAMIMAS_A21B_0595,val,1,1,1,1,1,1,1,1,1,1,1,1,1,1,1,1,1,"M01,M03,M05,M06,M07,M08,M16,M19,M30,M31,M33,vis,sid,gmb,med,adp"
DAMIMAS_A21B_0596,train,1,1,1,1,1,1,1,1,1,1,1,1,1,1,1,1,1,"M01,M03,M05,M06,M07,M08,M16,M19,M30,M31,M33,vis,sid,gmb,med,adp"
DAMIMAS_A21B_0597,train,1,1,1,1,1,1,1,1,1,1,1,1,1,1,1,1,1,"M01,M03,M05,M06,M07,M08,M16,M19,M30,M31,M33,vis,sid,gmb,med,adp"
DAMIMAS_A21B_0598,train,1,1,1,1,1,1,1,1,1,1,1,1,1,1,1,1,1,"M01,M03,M05,M06,M07,M08,M16,M19,M30,M31,M33,vis,sid,gmb,med,adp"
DAMIMAS_A21B_0599,train,1,1,1,1,1,1,1,1,1,1,1,1,1,1,1,1,1,"M01,M03,M05,M06,M07,M08,M16,M19,M30,M31,M33,vis,sid,gmb,med,adp"
DAMIMAS_A21B_0600,train,1,1,1,1,1,1,1,1,1,1,1,1,1,1,1,1,1,"M01,M03,M05,M06,M07,M08,M16,M19,M30,M31,M33,vis,sid,gmb,med,adp"
DAMIMAS_A21B_0601,test,1,1,1,1,1,1,1,1,1,1,1,1,1,1,1,1,1,"M01,M03,M05,M06,M07,M08,M16,M19,M30,M31,M33,vis,sid,gmb,med,adp"
DAMIMAS_A21B_0602,train,1,1,1,1,1,1,1,1,1,1,1,1,1,1,1,1,1,"M01,M03,M05,M06,M07,M08,M16,M19,M30,M31,M33,vis,sid,gmb,med,adp"
DAMIMAS_A21B_0603,train,1,1,1,1,1,1,1,1,1,1,1,1,1,1,1,1,1,"M01,M03,M05,M06,M07,M08,M16,M19,M30,M31,M33,vis,sid,gmb,med,adp"
DAMIMAS_A21B_0604,train,1,1,1,1,1,1,1,1,1,1,1,1,1,1,1,1,1,"M01,M03,M05,M06,M07,M08,M16,M19,M30,M31,M33,vis,sid,gmb,med,adp"
DAMIMAS_A21B_0605,train,1,1,1,1,1,1,1,1,1,1,1,1,1,1,1,1,1,"M01,M03,M05,M06,M07,M08,M16,M19,M30,M31,M33,vis,sid,gmb,med,adp"
DAMIMAS_A21B_0606,train,1,1,1,1,1,1,1,1,1,1,1,1,1,1,1,1,1,"M01,M03,M05,M06,M07,M08,M16,M19,M30,M31,M33,vis,sid,gmb,med,adp"
DAMIMAS_A21B_0607,train,1,1,1,1,1,1,1,1,1,1,1,1,1,1,1,1,1,"M01,M03,M05,M06,M07,M08,M16,M19,M30,M31,M33,vis,sid,gmb,med,adp"
DAMIMAS_A21B_0608,train,1,1,1,1,1,1,1,1,1,1,1,1,1,1,1,1,1,"M01,M03,M05,M06,M07,M08,M16,M19,M30,M31,M33,vis,sid,gmb,med,adp"
DAMIMAS_A21B_0609,val,1,1,1,1,1,1,1,1,1,1,1,1,1,1,1,1,1,"M01,M03,M05,M06,M07,M08,M16,M19,M30,M31,M33,vis,sid,gmb,med,adp"
DAMIMAS_A21B_0610,train,1,1,1,1,1,1,1,1,1,1,1,1,1,1,1,1,1,"M01,M03,M05,M06,M07,M08,M16,M19,M30,M31,M33,vis,sid,gmb,med,adp"
DAMIMAS_A21B_0611,train,1,1,1,1,1,1,1,1,1,1,1,1,1,1,1,1,1,"M01,M03,M05,M06,M07,M08,M16,M19,M30,M31,M33,vis,sid,gmb,med,adp"
DAMIMAS_A21B_0612,val,1,1,1,1,1,1,1,1,1,1,1,1,1,1,1,1,1,"M01,M03,M05,M06,M07,M08,M16,M19,M30,M31,M33,vis,sid,gmb,med,adp"
DAMIMAS_A21B_0613,train,1,1,1,1,1,1,1,1,1,1,1,1,1,1,1,1,1,"M01,M03,M05,M06,M07,M08,M16,M19,M30,M31,M33,vis,sid,gmb,med,adp"
DAMIMAS_A21B_0614,val,1,1,1,1,1,1,1,1,1,1,1,1,1,1,1,1,1,"M01,M03,M05,M06,M07,M08,M16,M19,M30,M31,M33,vis,sid,gmb,med,adp"
DAMIMAS_A21B_0615,train,1,1,1,1,1,1,1,1,1,1,1,1,1,1,1,1,1,"M01,M03,M05,M06,M07,M08,M16,M19,M30,M31,M33,vis,sid,gmb,med,adp"
DAMIMAS_A21B_0616,test,1,1,1,1,1,1,1,1,1,1,1,1,1,1,1,1,1,"M01,M03,M05,M06,M07,M08,M16,M19,M30,M31,M33,vis,sid,gmb,med,adp"
DAMIMAS_A21B_0617,train,1,1,1,1,1,1,1,1,1,1,1,1,1,1,1,1,1,"M01,M03,M05,M06,M07,M08,M16,M19,M30,M31,M33,vis,sid,gmb,med,adp"
DAMIMAS_A21B_0618,test,1,1,1,1,1,1,1,1,1,1,1,1,1,1,1,1,1,"M01,M03,M05,M06,M07,M08,M16,M19,M30,M31,M33,vis,sid,gmb,med,adp"
DAMIMAS_A21B_0619,train,1,1,1,1,1,1,1,1,0,1,0,1,1,1,1,1,1,"M01,M03,M05,M06,M07,M08,M16,M19,M31,vis,sid,gmb,med,adp"
DAMIMAS_A21B_0620,train,1,1,1,1,1,1,1,1,1,1,1,1,1,1,1,1,1,"M01,M03,M05,M06,M07,M08,M16,M19,M30,M31,M33,vis,sid,gmb,med,adp"
DAMIMAS_A21B_0621,train,1,1,1,1,1,1,1,1,1,1,1,1,1,1,1,1,1,"M01,M03,M05,M06,M07,M08,M16,M19,M30,M31,M33,vis,sid,gmb,med,adp"
DAMIMAS_A21B_0622,train,1,1,1,1,1,1,1,1,1,1,1,1,1,1,1,1,1,"M01,M03,M05,M06,M07,M08,M16,M19,M30,M31,M33,vis,sid,gmb,med,adp"
DAMIMAS_A21B_0623,train,1,1,1,1,1,1,1,1,1,1,1,1,1,1,1,1,1,"M01,M03,M05,M06,M07,M08,M16,M19,M30,M31,M33,vis,sid,gmb,med,adp"
DAMIMAS_A21B_0624,train,0,0,0,0,0,0,1,1,0,0,0,0,0,0,0,1,1,"M16,M19,adp"
DAMIMAS_A21B_0625,train,1,1,1,1,1,1,1,1,1,1,1,1,1,1,1,1,1,"M01,M03,M05,M06,M07,M08,M16,M19,M30,M31,M33,vis,sid,gmb,med,adp"
DAMIMAS_A21B_0626,train,1,1,1,1,1,1,1,1,1,1,1,1,1,1,1,1,1,"M01,M03,M05,M06,M07,M08,M16,M19,M30,M31,M33,vis,sid,gmb,med,adp"
DAMIMAS_A21B_0627,train,1,1,1,1,1,1,1,1,1,1,1,1,1,1,1,1,1,"M01,M03,M05,M06,M07,M08,M16,M19,M30,M31,M33,vis,sid,gmb,med,adp"
DAMIMAS_A21B_0628,train,1,1,1,1,1,1,1,1,1,1,1,1,1,1,1,1,1,"M01,M03,M05,M06,M07,M08,M16,M19,M30,M31,M33,vis,sid,gmb,med,adp"
DAMIMAS_A21B_0629,train,1,1,1,1,1,1,1,1,1,1,1,1,1,1,1,1,1,"M01,M03,M05,M06,M07,M08,M16,M19,M30,M31,M33,vis,sid,gmb,med,adp"
DAMIMAS_A21B_0630,train,1,1,1,1,1,1,1,1,1,1,1,1,1,1,1,1,1,"M01,M03,M05,M06,M07,M08,M16,M19,M30,M31,M33,vis,sid,gmb,med,adp"
DAMIMAS_A21B_0631,train,1,1,1,1,1,1,1,1,1,1,1,1,1,1,1,1,1,"M01,M03,M05,M06,M07,M08,M16,M19,M30,M31,M33,vis,sid,gmb,med,adp"
DAMIMAS_A21B_0632,train,1,1,1,0,0,0,1,1,0,1,0,0,0,1,0,1,1,"M01,M03,M05,M16,M19,M31,gmb,adp"
DAMIMAS_A21B_0633,test,1,1,1,1,1,1,1,1,1,1,1,1,1,1,1,1,1,"M01,M03,M05,M06,M07,M08,M16,M19,M30,M31,M33,vis,sid,gmb,med,adp"
DAMIMAS_A21B_0634,train,1,1,1,1,1,1,1,1,1,1,1,1,1,1,1,1,1,"M01,M03,M05,M06,M07,M08,M16,M19,M30,M31,M33,vis,sid,gmb,med,adp"
DAMIMAS_A21B_0635,train,1,1,1,1,1,1,1,1,1,1,1,1,1,1,1,1,1,"M01,M03,M05,M06,M07,M08,M16,M19,M30,M31,M33,vis,sid,gmb,med,adp"
DAMIMAS_A21B_0636,test,1,1,1,1,1,1,1,1,1,1,1,1,1,1,1,1,1,"M01,M03,M05,M06,M07,M08,M16,M19,M30,M31,M33,vis,sid,gmb,med,adp"
DAMIMAS_A21B_0637,train,1,1,1,1,1,1,1,1,1,1,1,1,1,1,1,1,1,"M01,M03,M05,M06,M07,M08,M16,M19,M30,M31,M33,vis,sid,gmb,med,adp"
DAMIMAS_A21B_0638,train,1,1,1,1,1,1,1,1,1,1,1,1,1,1,1,1,1,"M01,M03,M05,M06,M07,M08,M16,M19,M30,M31,M33,vis,sid,gmb,med,adp"
DAMIMAS_A21B_0639,train,1,1,1,1,1,1,1,1,1,1,0,1,1,1,1,1,1,"M01,M03,M05,M06,M07,M08,M16,M19,M30,M31,vis,sid,gmb,med,adp"
DAMIMAS_A21B_0640,test,1,1,1,1,1,1,1,1,1,1,1,1,1,1,1,1,1,"M01,M03,M05,M06,M07,M08,M16,M19,M30,M31,M33,vis,sid,gmb,med,adp"
DAMIMAS_A21B_0641,train,1,1,1,1,1,1,1,1,1,1,1,1,1,1,1,1,1,"M01,M03,M05,M06,M07,M08,M16,M19,M30,M31,M33,vis,sid,gmb,med,adp"
DAMIMAS_A21B_0642,test,1,1,1,1,1,1,1,1,1,1,1,1,1,1,1,1,1,"M01,M03,M05,M06,M07,M08,M16,M19,M30,M31,M33,vis,sid,gmb,med,adp"
DAMIMAS_A21B_0643,test,1,1,1,1,1,1,1,1,1,1,1,1,1,1,1,1,1,"M01,M03,M05,M06,M07,M08,M16,M19,M30,M31,M33,vis,sid,gmb,med,adp"
DAMIMAS_A21B_0644,train,1,1,1,1,1,1,1,1,1,1,1,1,1,1,1,1,1,"M01,M03,M05,M06,M07,M08,M16,M19,M30,M31,M33,vis,sid,gmb,med,adp"
DAMIMAS_A21B_0645,train,1,1,1,1,1,1,1,1,1,1,1,1,1,1,1,1,1,"M01,M03,M05,M06,M07,M08,M16,M19,M30,M31,M33,vis,sid,gmb,med,adp"
DAMIMAS_A21B_0646,train,1,1,1,1,1,1,1,1,1,1,1,1,1,1,1,1,1,"M01,M03,M05,M06,M07,M08,M16,M19,M30,M31,M33,vis,sid,gmb,med,adp"
DAMIMAS_A21B_0647,train,1,1,1,1,1,1,1,1,1,1,1,1,1,1,1,1,1,"M01,M03,M05,M06,M07,M08,M16,M19,M30,M31,M33,vis,sid,gmb,med,adp"
DAMIMAS_A21B_0648,train,1,1,1,1,1,1,1,1,1,1,1,1,1,1,1,1,1,"M01,M03,M05,M06,M07,M08,M16,M19,M30,M31,M33,vis,sid,gmb,med,adp"
DAMIMAS_A21B_0649,val,1,1,1,1,1,1,1,1,1,1,1,1,1,1,1,1,1,"M01,M03,M05,M06,M07,M08,M16,M19,M30,M31,M33,vis,sid,gmb,med,adp"
DAMIMAS_A21B_0650,train,1,1,1,1,1,1,1,1,1,1,1,1,1,1,1,1,1,"M01,M03,M05,M06,M07,M08,M16,M19,M30,M31,M33,vis,sid,gmb,med,adp"
DAMIMAS_A21B_0651,val,1,1,1,1,1,1,1,1,1,1,1,1,1,1,1,1,1,"M01,M03,M05,M06,M07,M08,M16,M19,M30,M31,M33,vis,sid,gmb,med,adp"
DAMIMAS_A21B_0652,val,1,1,1,1,1,1,1,1,1,1,1,1,1,1,1,1,1,"M01,M03,M05,M06,M07,M08,M16,M19,M30,M31,M33,vis,sid,gmb,med,adp"
DAMIMAS_A21B_0653,train,1,1,1,1,1,1,1,1,1,1,1,1,1,1,1,1,1,"M01,M03,M05,M06,M07,M08,M16,M19,M30,M31,M33,vis,sid,gmb,med,adp"
DAMIMAS_A21B_0654,test,1,1,1,1,1,1,1,1,0,1,1,1,1,1,1,1,1,"M01,M03,M05,M06,M07,M08,M16,M19,M31,M33,vis,sid,gmb,med,adp"
DAMIMAS_A21B_0655,train,1,1,1,1,1,1,1,1,1,1,1,1,1,1,1,1,1,"M01,M03,M05,M06,M07,M08,M16,M19,M30,M31,M33,vis,sid,gmb,med,adp"
DAMIMAS_A21B_0656,train,0,0,0,0,0,0,0,1,1,0,1,0,0,0,0,1,1,"M19,M30,M33,adp"
DAMIMAS_A21B_0657,test,1,1,1,1,1,1,1,1,1,1,1,1,1,1,1,1,1,"M01,M03,M05,M06,M07,M08,M16,M19,M30,M31,M33,vis,sid,gmb,med,adp"
DAMIMAS_A21B_0658,test,1,1,1,1,1,1,1,1,1,1,1,1,1,1,1,1,1,"M01,M03,M05,M06,M07,M08,M16,M19,M30,M31,M33,vis,sid,gmb,med,adp"
DAMIMAS_A21B_0659,train,1,1,1,1,1,1,1,1,1,1,1,1,1,1,1,1,1,"M01,M03,M05,M06,M07,M08,M16,M19,M30,M31,M33,vis,sid,gmb,med,adp"
DAMIMAS_A21B_0660,train,1,1,1,1,1,1,1,1,1,1,1,1,1,1,1,1,1,"M01,M03,M05,M06,M07,M08,M16,M19,M30,M31,M33,vis,sid,gmb,med,adp"
DAMIMAS_A21B_0661,train,1,1,1,1,1,1,1,1,1,1,1,1,1,1,1,1,1,"M01,M03,M05,M06,M07,M08,M16,M19,M30,M31,M33,vis,sid,gmb,med,adp"
DAMIMAS_A21B_0662,val,1,1,1,1,1,1,1,1,1,1,1,1,1,1,1,1,1,"M01,M03,M05,M06,M07,M08,M16,M19,M30,M31,M33,vis,sid,gmb,med,adp"
DAMIMAS_A21B_0663,val,1,1,1,1,1,1,1,1,1,1,1,1,1,1,1,1,1,"M01,M03,M05,M06,M07,M08,M16,M19,M30,M31,M33,vis,sid,gmb,med,adp"
DAMIMAS_A21B_0664,train,1,1,1,1,1,1,1,1,1,1,1,1,1,1,1,1,1,"M01,M03,M05,M06,M07,M08,M16,M19,M30,M31,M33,vis,sid,gmb,med,adp"
DAMIMAS_A21B_0665,train,1,1,1,1,1,1,1,1,1,1,1,1,1,1,1,1,1,"M01,M03,M05,M06,M07,M08,M16,M19,M30,M31,M33,vis,sid,gmb,med,adp"
DAMIMAS_A21B_0666,train,1,1,1,1,1,1,1,1,1,1,1,1,1,1,1,1,1,"M01,M03,M05,M06,M07,M08,M16,M19,M30,M31,M33,vis,sid,gmb,med,adp"
DAMIMAS_A21B_0667,train,1,1,1,1,1,1,1,1,1,1,1,1,1,1,1,1,1,"M01,M03,M05,M06,M07,M08,M16,M19,M30,M31,M33,vis,sid,gmb,med,adp"
DAMIMAS_A21B_0668,train,1,1,1,1,1,1,1,1,1,1,1,1,1,1,1,1,1,"M01,M03,M05,M06,M07,M08,M16,M19,M30,M31,M33,vis,sid,gmb,med,adp"
DAMIMAS_A21B_0669,train,1,1,1,1,1,1,0,0,1,1,1,1,1,1,1,0,1,"M01,M03,M05,M06,M07,M08,M30,M31,M33,vis,sid,gmb,med"
DAMIMAS_A21B_0670,train,1,1,1,1,1,1,1,1,1,1,1,1,1,1,1,1,1,"M01,M03,M05,M06,M07,M08,M16,M19,M30,M31,M33,vis,sid,gmb,med,adp"
DAMIMAS_A21B_0671,train,1,1,1,1,1,1,1,1,1,1,1,1,1,1,1,1,1,"M01,M03,M05,M06,M07,M08,M16,M19,M30,M31,M33,vis,sid,gmb,med,adp"
DAMIMAS_A21B_0672,test,1,1,1,1,1,1,1,1,1,1,1,1,1,1,1,1,1,"M01,M03,M05,M06,M07,M08,M16,M19,M30,M31,M33,vis,sid,gmb,med,adp"
DAMIMAS_A21B_0673,train,1,1,1,1,1,1,1,1,1,1,1,1,1,1,1,1,1,"M01,M03,M05,M06,M07,M08,M16,M19,M30,M31,M33,vis,sid,gmb,med,adp"
DAMIMAS_A21B_0674,test,1,1,1,1,1,1,1,1,1,1,1,1,1,1,1,1,1,"M01,M03,M05,M06,M07,M08,M16,M19,M30,M31,M33,vis,sid,gmb,med,adp"
DAMIMAS_A21B_0675,train,1,1,1,1,1,1,1,1,1,1,1,1,1,1,1,1,1,"M01,M03,M05,M06,M07,M08,M16,M19,M30,M31,M33,vis,sid,gmb,med,adp"
DAMIMAS_A21B_0676,train,1,1,1,1,1,1,1,1,1,1,1,1,1,1,1,1,1,"M01,M03,M05,M06,M07,M08,M16,M19,M30,M31,M33,vis,sid,gmb,med,adp"
DAMIMAS_A21B_0677,train,1,1,1,1,1,1,1,1,1,1,1,1,1,1,1,1,1,"M01,M03,M05,M06,M07,M08,M16,M19,M30,M31,M33,vis,sid,gmb,med,adp"
DAMIMAS_A21B_0678,test,1,1,1,1,1,1,1,1,1,1,1,1,1,1,1,1,1,"M01,M03,M05,M06,M07,M08,M16,M19,M30,M31,M33,vis,sid,gmb,med,adp"
DAMIMAS_A21B_0679,train,1,1,1,1,1,1,1,1,1,1,1,1,1,1,1,1,1,"M01,M03,M05,M06,M07,M08,M16,M19,M30,M31,M33,vis,sid,gmb,med,adp"
DAMIMAS_A21B_0680,train,1,1,1,1,1,1,1,1,1,1,1,1,1,1,1,1,1,"M01,M03,M05,M06,M07,M08,M16,M19,M30,M31,M33,vis,sid,gmb,med,adp"
DAMIMAS_A21B_0681,train,1,1,1,1,1,1,1,1,1,1,0,1,1,1,1,1,1,"M01,M03,M05,M06,M07,M08,M16,M19,M30,M31,vis,sid,gmb,med,adp"
DAMIMAS_A21B_0682,val,1,1,1,1,1,1,1,1,1,1,1,1,1,1,1,1,1,"M01,M03,M05,M06,M07,M08,M16,M19,M30,M31,M33,vis,sid,gmb,med,adp"
DAMIMAS_A21B_0683,val,1,1,1,1,1,1,1,1,1,1,1,1,1,1,1,1,1,"M01,M03,M05,M06,M07,M08,M16,M19,M30,M31,M33,vis,sid,gmb,med,adp"
DAMIMAS_A21B_0684,val,1,1,1,1,1,1,1,1,1,1,1,1,1,1,1,1,1,"M01,M03,M05,M06,M07,M08,M16,M19,M30,M31,M33,vis,sid,gmb,med,adp"
DAMIMAS_A21B_0685,train,1,1,1,1,1,1,1,1,1,1,1,1,1,1,1,1,1,"M01,M03,M05,M06,M07,M08,M16,M19,M30,M31,M33,vis,sid,gmb,med,adp"
DAMIMAS_A21B_0686,train,1,1,1,1,1,1,1,1,1,1,1,1,1,1,1,1,1,"M01,M03,M05,M06,M07,M08,M16,M19,M30,M31,M33,vis,sid,gmb,med,adp"
DAMIMAS_A21B_0687,test,1,1,1,1,1,1,1,1,1,1,1,1,1,1,1,1,1,"M01,M03,M05,M06,M07,M08,M16,M19,M30,M31,M33,vis,sid,gmb,med,adp"
DAMIMAS_A21B_0688,train,1,1,1,1,1,1,1,1,1,1,1,1,1,1,1,1,1,"M01,M03,M05,M06,M07,M08,M16,M19,M30,M31,M33,vis,sid,gmb,med,adp"
DAMIMAS_A21B_0689,train,1,1,1,1,1,1,1,1,1,1,1,1,1,1,1,1,1,"M01,M03,M05,M06,M07,M08,M16,M19,M30,M31,M33,vis,sid,gmb,med,adp"
DAMIMAS_A21B_0690,train,1,1,1,1,1,1,1,1,1,1,1,1,1,1,1,1,1,"M01,M03,M05,M06,M07,M08,M16,M19,M30,M31,M33,vis,sid,gmb,med,adp"
DAMIMAS_A21B_0691,train,1,1,1,1,1,1,1,1,1,1,1,1,1,1,1,1,1,"M01,M03,M05,M06,M07,M08,M16,M19,M30,M31,M33,vis,sid,gmb,med,adp"
DAMIMAS_A21B_0692,train,1,1,1,1,1,1,1,1,1,1,1,1,1,1,1,1,1,"M01,M03,M05,M06,M07,M08,M16,M19,M30,M31,M33,vis,sid,gmb,med,adp"
DAMIMAS_A21B_0693,train,1,1,1,1,1,1,1,1,1,1,1,1,1,1,1,1,1,"M01,M03,M05,M06,M07,M08,M16,M19,M30,M31,M33,vis,sid,gmb,med,adp"
DAMIMAS_A21B_0694,train,1,1,1,1,1,1,1,1,1,1,1,1,1,1,1,1,1,"M01,M03,M05,M06,M07,M08,M16,M19,M30,M31,M33,vis,sid,gmb,med,adp"
DAMIMAS_A21B_0695,train,1,1,1,1,1,1,1,1,1,1,1,1,1,1,1,1,1,"M01,M03,M05,M06,M07,M08,M16,M19,M30,M31,M33,vis,sid,gmb,med,adp"
DAMIMAS_A21B_0696,train,1,1,1,1,1,1,1,1,1,1,1,1,1,1,1,1,1,"M01,M03,M05,M06,M07,M08,M16,M19,M30,M31,M33,vis,sid,gmb,med,adp"
DAMIMAS_A21B_0697,val,1,1,1,1,1,1,1,1,1,1,1,1,1,1,1,1,1,"M01,M03,M05,M06,M07,M08,M16,M19,M30,M31,M33,vis,sid,gmb,med,adp"
DAMIMAS_A21B_0698,train,1,1,1,1,1,1,1,1,1,1,1,1,1,1,1,1,1,"M01,M03,M05,M06,M07,M08,M16,M19,M30,M31,M33,vis,sid,gmb,med,adp"
DAMIMAS_A21B_0699,train,1,1,1,1,1,1,1,1,1,1,1,1,1,1,1,1,1,"M01,M03,M05,M06,M07,M08,M16,M19,M30,M31,M33,vis,sid,gmb,med,adp"
DAMIMAS_A21B_0700,train,1,1,1,1,1,1,1,1,1,1,1,1,1,1,1,1,1,"M01,M03,M05,M06,M07,M08,M16,M19,M30,M31,M33,vis,sid,gmb,med,adp"
DAMIMAS_A21B_0701,train,1,1,1,1,1,1,1,1,1,1,1,1,1,1,1,1,1,"M01,M03,M05,M06,M07,M08,M16,M19,M30,M31,M33,vis,sid,gmb,med,adp"
DAMIMAS_A21B_0702,train,0,0,0,0,0,0,0,0,1,0,1,0,0,0,0,0,1,"M30,M33"
DAMIMAS_A21B_0703,val,1,1,1,1,1,1,1,1,1,1,1,1,1,1,1,1,1,"M01,M03,M05,M06,M07,M08,M16,M19,M30,M31,M33,vis,sid,gmb,med,adp"
DAMIMAS_A21B_0704,unknown,0,1,1,1,1,1,1,0,1,1,1,1,1,1,1,0,1,"M03,M05,M06,M07,M08,M16,M30,M31,M33,vis,sid,gmb,med"
DAMIMAS_A21B_0705,train,1,1,1,1,1,1,1,1,1,1,1,1,1,1,1,1,1,"M01,M03,M05,M06,M07,M08,M16,M19,M30,M31,M33,vis,sid,gmb,med,adp"
DAMIMAS_A21B_0706,test,1,1,1,1,1,1,1,1,1,1,1,1,1,1,1,1,1,"M01,M03,M05,M06,M07,M08,M16,M19,M30,M31,M33,vis,sid,gmb,med,adp"
DAMIMAS_A21B_0707,train,1,1,1,1,1,1,1,1,1,1,1,1,1,1,1,1,1,"M01,M03,M05,M06,M07,M08,M16,M19,M30,M31,M33,vis,sid,gmb,med,adp"
DAMIMAS_A21B_0708,val,0,0,0,0,0,0,0,0,1,0,1,0,0,0,0,0,1,"M30,M33"
DAMIMAS_A21B_0709,train,1,1,1,1,1,1,1,1,1,1,1,1,1,1,1,1,1,"M01,M03,M05,M06,M07,M08,M16,M19,M30,M31,M33,vis,sid,gmb,med,adp"
DAMIMAS_A21B_0710,train,1,1,1,1,1,1,1,1,1,1,1,1,1,1,1,1,1,"M01,M03,M05,M06,M07,M08,M16,M19,M30,M31,M33,vis,sid,gmb,med,adp"
DAMIMAS_A21B_0711,train,1,1,1,1,1,1,1,1,1,1,1,1,1,1,1,1,1,"M01,M03,M05,M06,M07,M08,M16,M19,M30,M31,M33,vis,sid,gmb,med,adp"
DAMIMAS_A21B_0712,test,1,1,1,1,1,1,0,0,1,1,1,1,1,1,1,0,1,"M01,M03,M05,M06,M07,M08,M30,M31,M33,vis,sid,gmb,med"
DAMIMAS_A21B_0713,test,1,1,1,1,1,1,1,1,1,1,1,1,1,1,1,1,1,"M01,M03,M05,M06,M07,M08,M16,M19,M30,M31,M33,vis,sid,gmb,med,adp"
DAMIMAS_A21B_0714,train,1,1,1,1,1,1,1,1,1,1,1,1,1,1,1,1,1,"M01,M03,M05,M06,M07,M08,M16,M19,M30,M31,M33,vis,sid,gmb,med,adp"
DAMIMAS_A21B_0715,train,1,1,1,1,1,1,1,1,1,1,1,1,1,1,1,1,1,"M01,M03,M05,M06,M07,M08,M16,M19,M30,M31,M33,vis,sid,gmb,med,adp"
DAMIMAS_A21B_0716,test,1,1,1,1,1,1,0,0,1,1,1,1,1,1,1,0,1,"M01,M03,M05,M06,M07,M08,M30,M31,M33,vis,sid,gmb,med"
DAMIMAS_A21B_0717,train,1,1,1,1,1,1,1,1,1,1,1,1,1,1,1,1,1,"M01,M03,M05,M06,M07,M08,M16,M19,M30,M31,M33,vis,sid,gmb,med,adp"
DAMIMAS_A21B_0718,test,1,1,1,1,1,1,1,1,1,1,1,1,1,1,1,1,1,"M01,M03,M05,M06,M07,M08,M16,M19,M30,M31,M33,vis,sid,gmb,med,adp"
DAMIMAS_A21B_0719,train,1,1,1,1,1,1,1,1,1,1,1,1,1,1,1,1,1,"M01,M03,M05,M06,M07,M08,M16,M19,M30,M31,M33,vis,sid,gmb,med,adp"
DAMIMAS_A21B_0720,train,1,1,1,1,1,1,1,1,1,1,1,1,1,1,1,1,1,"M01,M03,M05,M06,M07,M08,M16,M19,M30,M31,M33,vis,sid,gmb,med,adp"
DAMIMAS_A21B_0721,train,1,1,1,1,1,1,0,0,1,1,1,1,1,1,1,0,1,"M01,M03,M05,M06,M07,M08,M30,M31,M33,vis,sid,gmb,med"
DAMIMAS_A21B_0722,train,1,1,1,1,1,1,1,1,1,1,1,1,1,1,1,1,1,"M01,M03,M05,M06,M07,M08,M16,M19,M30,M31,M33,vis,sid,gmb,med,adp"
DAMIMAS_A21B_0723,train,0,1,1,1,1,1,0,0,0,0,1,1,1,1,1,0,1,"M03,M05,M06,M07,M08,M33,vis,sid,gmb,med"
DAMIMAS_A21B_0724,val,1,1,1,1,1,1,1,1,1,1,1,1,1,1,1,1,1,"M01,M03,M05,M06,M07,M08,M16,M19,M30,M31,M33,vis,sid,gmb,med,adp"
DAMIMAS_A21B_0725,val,1,1,1,1,1,1,1,1,1,1,1,1,1,1,1,1,1,"M01,M03,M05,M06,M07,M08,M16,M19,M30,M31,M33,vis,sid,gmb,med,adp"
DAMIMAS_A21B_0726,test,1,1,1,1,1,1,0,0,1,1,1,1,1,1,1,0,1,"M01,M03,M05,M06,M07,M08,M30,M31,M33,vis,sid,gmb,med"
DAMIMAS_A21B_0727,test,1,1,1,1,1,1,0,0,1,1,1,1,1,1,1,0,1,"M01,M03,M05,M06,M07,M08,M30,M31,M33,vis,sid,gmb,med"
DAMIMAS_A21B_0728,train,1,1,1,1,1,1,1,1,1,1,1,1,1,1,1,1,1,"M01,M03,M05,M06,M07,M08,M16,M19,M30,M31,M33,vis,sid,gmb,med,adp"
DAMIMAS_A21B_0729,train,1,1,1,1,1,1,0,0,1,1,1,1,1,1,1,0,1,"M01,M03,M05,M06,M07,M08,M30,M31,M33,vis,sid,gmb,med"
DAMIMAS_A21B_0730,train,1,1,1,1,1,1,1,1,1,1,1,1,1,1,1,1,1,"M01,M03,M05,M06,M07,M08,M16,M19,M30,M31,M33,vis,sid,gmb,med,adp"
DAMIMAS_A21B_0731,train,1,1,1,1,1,1,1,1,1,1,1,1,1,1,1,1,1,"M01,M03,M05,M06,M07,M08,M16,M19,M30,M31,M33,vis,sid,gmb,med,adp"
DAMIMAS_A21B_0732,train,0,0,0,0,0,0,0,0,0,0,0,0,0,0,0,0,0,
DAMIMAS_A21B_0733,test,1,1,1,1,1,1,1,1,1,1,1,1,1,1,1,1,1,"M01,M03,M05,M06,M07,M08,M16,M19,M30,M31,M33,vis,sid,gmb,med,adp"
DAMIMAS_A21B_0734,train,1,1,1,1,1,1,1,1,1,1,1,1,1,1,1,1,1,"M01,M03,M05,M06,M07,M08,M16,M19,M30,M31,M33,vis,sid,gmb,med,adp"
DAMIMAS_A21B_0735,train,1,1,1,1,1,1,1,1,1,1,1,1,1,1,1,1,1,"M01,M03,M05,M06,M07,M08,M16,M19,M30,M31,M33,vis,sid,gmb,med,adp"
DAMIMAS_A21B_0736,train,1,1,1,1,1,1,1,1,1,1,1,1,1,1,1,1,1,"M01,M03,M05,M06,M07,M08,M16,M19,M30,M31,M33,vis,sid,gmb,med,adp"
DAMIMAS_A21B_0737,test,0,0,0,0,0,0,1,0,1,0,1,0,0,0,0,0,1,"M16,M30,M33"
DAMIMAS_A21B_0738,train,1,1,1,1,1,1,1,1,1,1,1,1,1,1,1,1,1,"M01,M03,M05,M06,M07,M08,M16,M19,M30,M31,M33,vis,sid,gmb,med,adp"
DAMIMAS_A21B_0739,train,1,1,1,1,1,1,1,1,1,1,1,1,1,1,1,1,1,"M01,M03,M05,M06,M07,M08,M16,M19,M30,M31,M33,vis,sid,gmb,med,adp"
DAMIMAS_A21B_0740,train,1,1,1,1,1,1,1,1,1,1,1,1,1,1,1,1,1,"M01,M03,M05,M06,M07,M08,M16,M19,M30,M31,M33,vis,sid,gmb,med,adp"
DAMIMAS_A21B_0741,train,1,1,1,1,1,1,0,0,1,1,1,1,1,1,1,0,1,"M01,M03,M05,M06,M07,M08,M30,M31,M33,vis,sid,gmb,med"
DAMIMAS_A21B_0742,test,1,1,1,1,1,1,1,1,1,1,1,1,1,1,1,1,1,"M01,M03,M05,M06,M07,M08,M16,M19,M30,M31,M33,vis,sid,gmb,med,adp"
DAMIMAS_A21B_0743,val,1,1,1,1,1,1,1,1,1,1,1,1,1,1,1,1,1,"M01,M03,M05,M06,M07,M08,M16,M19,M30,M31,M33,vis,sid,gmb,med,adp"
DAMIMAS_A21B_0744,test,1,1,1,1,1,1,1,1,1,1,1,1,1,1,1,1,1,"M01,M03,M05,M06,M07,M08,M16,M19,M30,M31,M33,vis,sid,gmb,med,adp"
DAMIMAS_A21B_0745,val,1,1,1,1,1,1,1,1,1,1,1,1,1,1,1,1,1,"M01,M03,M05,M06,M07,M08,M16,M19,M30,M31,M33,vis,sid,gmb,med,adp"
DAMIMAS_A21B_0746,train,1,1,1,1,1,1,1,1,1,1,1,1,1,1,1,1,1,"M01,M03,M05,M06,M07,M08,M16,M19,M30,M31,M33,vis,sid,gmb,med,adp"
DAMIMAS_A21B_0747,train,1,1,1,1,1,1,0,0,0,1,1,1,1,1,1,0,1,"M01,M03,M05,M06,M07,M08,M31,M33,vis,sid,gmb,med"
DAMIMAS_A21B_0748,test,1,1,1,1,1,1,1,1,1,1,1,1,1,1,1,1,1,"M01,M03,M05,M06,M07,M08,M16,M19,M30,M31,M33,vis,sid,gmb,med,adp"
DAMIMAS_A21B_0749,test,1,1,1,1,1,1,1,1,1,1,1,1,1,1,1,1,1,"M01,M03,M05,M06,M07,M08,M16,M19,M30,M31,M33,vis,sid,gmb,med,adp"
DAMIMAS_A21B_0750,train,1,1,1,1,1,1,1,1,1,1,1,1,1,1,1,1,1,"M01,M03,M05,M06,M07,M08,M16,M19,M30,M31,M33,vis,sid,gmb,med,adp"
DAMIMAS_A21B_0751,train,1,1,1,1,1,1,1,0,1,1,1,1,1,1,1,0,1,"M01,M03,M05,M06,M07,M08,M16,M30,M31,M33,vis,sid,gmb,med"
DAMIMAS_A21B_0752,train,1,1,1,1,1,1,1,1,1,1,1,1,1,1,1,1,1,"M01,M03,M05,M06,M07,M08,M16,M19,M30,M31,M33,vis,sid,gmb,med,adp"
DAMIMAS_A21B_0753,train,1,1,1,1,1,1,1,1,1,1,1,1,1,1,1,1,1,"M01,M03,M05,M06,M07,M08,M16,M19,M30,M31,M33,vis,sid,gmb,med,adp"
DAMIMAS_A21B_0754,train,1,1,1,1,1,1,1,1,1,1,1,1,1,1,1,1,1,"M01,M03,M05,M06,M07,M08,M16,M19,M30,M31,M33,vis,sid,gmb,med,adp"
DAMIMAS_A21B_0755,train,1,1,1,1,1,1,1,1,1,1,1,1,1,1,1,1,1,"M01,M03,M05,M06,M07,M08,M16,M19,M30,M31,M33,vis,sid,gmb,med,adp"
DAMIMAS_A21B_0756,train,1,1,1,1,1,1,1,0,1,1,1,1,1,1,1,0,1,"M01,M03,M05,M06,M07,M08,M16,M30,M31,M33,vis,sid,gmb,med"
DAMIMAS_A21B_0757,train,1,1,1,1,1,1,1,1,1,1,1,1,1,1,1,1,1,"M01,M03,M05,M06,M07,M08,M16,M19,M30,M31,M33,vis,sid,gmb,med,adp"
DAMIMAS_A21B_0758,train,1,1,1,1,1,1,1,1,1,1,1,1,1,1,1,1,1,"M01,M03,M05,M06,M07,M08,M16,M19,M30,M31,M33,vis,sid,gmb,med,adp"
DAMIMAS_A21B_0759,val,0,0,0,0,0,0,0,0,0,0,0,0,0,0,0,0,0,
DAMIMAS_A21B_0760,test,1,1,1,1,1,1,1,1,1,1,1,1,1,1,1,1,1,"M01,M03,M05,M06,M07,M08,M16,M19,M30,M31,M33,vis,sid,gmb,med,adp"
DAMIMAS_A21B_0761,train,1,1,1,1,1,1,1,1,1,1,1,1,1,1,1,1,1,"M01,M03,M05,M06,M07,M08,M16,M19,M30,M31,M33,vis,sid,gmb,med,adp"
DAMIMAS_A21B_0762,val,1,1,1,1,1,1,1,1,1,1,1,1,1,1,1,1,1,"M01,M03,M05,M06,M07,M08,M16,M19,M30,M31,M33,vis,sid,gmb,med,adp"
DAMIMAS_A21B_0763,train,1,1,1,1,1,1,1,1,1,1,1,1,1,1,1,1,1,"M01,M03,M05,M06,M07,M08,M16,M19,M30,M31,M33,vis,sid,gmb,med,adp"
DAMIMAS_A21B_0764,train,1,1,1,1,1,1,1,1,1,1,1,1,1,1,1,1,1,"M01,M03,M05,M06,M07,M08,M16,M19,M30,M31,M33,vis,sid,gmb,med,adp"
DAMIMAS_A21B_0765,train,1,1,1,1,1,1,1,1,1,1,1,1,1,1,1,1,1,"M01,M03,M05,M06,M07,M08,M16,M19,M30,M31,M33,vis,sid,gmb,med,adp"
DAMIMAS_A21B_0766,train,1,1,1,1,1,1,1,1,1,1,1,1,1,1,1,1,1,"M01,M03,M05,M06,M07,M08,M16,M19,M30,M31,M33,vis,sid,gmb,med,adp"
DAMIMAS_A21B_0767,train,1,1,1,1,1,1,1,1,1,1,1,1,1,1,1,1,1,"M01,M03,M05,M06,M07,M08,M16,M19,M30,M31,M33,vis,sid,gmb,med,adp"
DAMIMAS_A21B_0768,train,1,1,1,1,1,1,1,1,1,1,1,1,1,1,1,1,1,"M01,M03,M05,M06,M07,M08,M16,M19,M30,M31,M33,vis,sid,gmb,med,adp"
DAMIMAS_A21B_0769,train,1,1,1,1,1,1,1,1,1,1,1,1,1,1,1,1,1,"M01,M03,M05,M06,M07,M08,M16,M19,M30,M31,M33,vis,sid,gmb,med,adp"
DAMIMAS_A21B_0770,train,1,1,1,1,1,1,1,1,1,1,1,1,1,1,1,1,1,"M01,M03,M05,M06,M07,M08,M16,M19,M30,M31,M33,vis,sid,gmb,med,adp"
DAMIMAS_A21B_0771,val,1,1,1,1,1,1,1,1,1,1,1,1,1,1,1,1,1,"M01,M03,M05,M06,M07,M08,M16,M19,M30,M31,M33,vis,sid,gmb,med,adp"
DAMIMAS_A21B_0772,train,1,1,1,1,1,1,1,1,1,1,1,1,1,1,1,1,1,"M01,M03,M05,M06,M07,M08,M16,M19,M30,M31,M33,vis,sid,gmb,med,adp"
DAMIMAS_A21B_0773,train,1,1,1,1,1,1,1,1,1,1,1,1,1,1,1,1,1,"M01,M03,M05,M06,M07,M08,M16,M19,M30,M31,M33,vis,sid,gmb,med,adp"
DAMIMAS_A21B_0774,train,0,0,0,0,0,0,0,0,0,0,0,0,0,0,0,0,0,
DAMIMAS_A21B_0775,val,1,1,1,1,1,1,1,1,1,1,1,1,1,1,1,1,1,"M01,M03,M05,M06,M07,M08,M16,M19,M30,M31,M33,vis,sid,gmb,med,adp"
DAMIMAS_A21B_0776,val,1,1,1,1,1,1,1,1,1,1,1,1,1,1,1,1,1,"M01,M03,M05,M06,M07,M08,M16,M19,M30,M31,M33,vis,sid,gmb,med,adp"
DAMIMAS_A21B_0777,train,1,1,1,1,1,1,1,1,1,1,1,1,1,1,1,1,1,"M01,M03,M05,M06,M07,M08,M16,M19,M30,M31,M33,vis,sid,gmb,med,adp"
DAMIMAS_A21B_0778,test,0,0,0,0,0,0,0,0,0,0,0,0,0,0,0,0,0,
DAMIMAS_A21B_0779,train,1,1,1,1,1,1,1,1,1,1,1,1,1,1,1,1,1,"M01,M03,M05,M06,M07,M08,M16,M19,M30,M31,M33,vis,sid,gmb,med,adp"
DAMIMAS_A21B_0780,train,1,1,1,1,1,1,1,1,1,1,1,1,1,1,1,1,1,"M01,M03,M05,M06,M07,M08,M16,M19,M30,M31,M33,vis,sid,gmb,med,adp"
DAMIMAS_A21B_0781,train,1,1,1,1,1,1,1,1,1,1,1,1,1,1,1,1,1,"M01,M03,M05,M06,M07,M08,M16,M19,M30,M31,M33,vis,sid,gmb,med,adp"
DAMIMAS_A21B_0782,val,1,1,1,1,1,1,1,1,1,1,1,1,1,1,1,1,1,"M01,M03,M05,M06,M07,M08,M16,M19,M30,M31,M33,vis,sid,gmb,med,adp"
DAMIMAS_A21B_0783,val,1,1,1,1,1,1,1,1,1,1,1,1,1,1,1,1,1,"M01,M03,M05,M06,M07,M08,M16,M19,M30,M31,M33,vis,sid,gmb,med,adp"
DAMIMAS_A21B_0784,train,1,1,1,1,1,1,1,1,1,1,1,1,1,1,1,1,1,"M01,M03,M05,M06,M07,M08,M16,M19,M30,M31,M33,vis,sid,gmb,med,adp"
DAMIMAS_A21B_0785,train,1,1,1,1,1,1,1,1,1,1,0,1,1,1,1,1,1,"M01,M03,M05,M06,M07,M08,M16,M19,M30,M31,vis,sid,gmb,med,adp"
DAMIMAS_A21B_0786,val,1,1,1,1,1,1,1,1,1,1,1,1,1,1,1,1,1,"M01,M03,M05,M06,M07,M08,M16,M19,M30,M31,M33,vis,sid,gmb,med,adp"
DAMIMAS_A21B_0787,val,1,1,1,1,1,1,1,1,1,1,1,1,1,1,1,1,1,"M01,M03,M05,M06,M07,M08,M16,M19,M30,M31,M33,vis,sid,gmb,med,adp"
DAMIMAS_A21B_0788,train,1,1,1,1,1,1,1,1,1,1,1,1,1,1,1,1,1,"M01,M03,M05,M06,M07,M08,M16,M19,M30,M31,M33,vis,sid,gmb,med,adp"
DAMIMAS_A21B_0789,train,1,1,1,1,1,1,1,1,1,1,1,1,1,1,1,1,1,"M01,M03,M05,M06,M07,M08,M16,M19,M30,M31,M33,vis,sid,gmb,med,adp"
DAMIMAS_A21B_0790,train,1,1,1,1,1,1,1,1,1,1,1,1,1,1,1,1,1,"M01,M03,M05,M06,M07,M08,M16,M19,M30,M31,M33,vis,sid,gmb,med,adp"
DAMIMAS_A21B_0791,test,1,1,1,1,1,1,1,1,1,1,1,1,1,1,1,1,1,"M01,M03,M05,M06,M07,M08,M16,M19,M30,M31,M33,vis,sid,gmb,med,adp"
DAMIMAS_A21B_0792,train,1,1,1,1,1,1,1,1,1,1,1,1,1,1,1,1,1,"M01,M03,M05,M06,M07,M08,M16,M19,M30,M31,M33,vis,sid,gmb,med,adp"
DAMIMAS_A21B_0793,train,1,1,1,1,1,1,1,1,1,1,1,1,1,1,1,1,1,"M01,M03,M05,M06,M07,M08,M16,M19,M30,M31,M33,vis,sid,gmb,med,adp"
DAMIMAS_A21B_0794,val,1,1,1,1,1,1,1,1,1,1,1,1,1,1,1,1,1,"M01,M03,M05,M06,M07,M08,M16,M19,M30,M31,M33,vis,sid,gmb,med,adp"
DAMIMAS_A21B_0795,val,1,1,1,1,1,1,1,1,1,1,1,1,1,1,1,1,1,"M01,M03,M05,M06,M07,M08,M16,M19,M30,M31,M33,vis,sid,gmb,med,adp"
DAMIMAS_A21B_0796,val,1,1,1,1,1,1,1,1,1,1,1,1,1,1,1,1,1,"M01,M03,M05,M06,M07,M08,M16,M19,M30,M31,M33,vis,sid,gmb,med,adp"
DAMIMAS_A21B_0797,train,1,1,1,1,1,1,1,1,1,1,1,1,1,1,1,1,1,"M01,M03,M05,M06,M07,M08,M16,M19,M30,M31,M33,vis,sid,gmb,med,adp"
DAMIMAS_A21B_0798,train,1,1,1,1,1,1,1,1,1,1,1,1,1,1,1,1,1,"M01,M03,M05,M06,M07,M08,M16,M19,M30,M31,M33,vis,sid,gmb,med,adp"
DAMIMAS_A21B_0799,train,1,1,1,1,1,1,1,1,1,1,1,1,1,1,1,1,1,"M01,M03,M05,M06,M07,M08,M16,M19,M30,M31,M33,vis,sid,gmb,med,adp"
DAMIMAS_A21B_0800,train,1,1,1,1,1,1,1,1,1,1,1,1,1,1,1,1,1,"M01,M03,M05,M06,M07,M08,M16,M19,M30,M31,M33,vis,sid,gmb,med,adp"
DAMIMAS_A21B_0801,train,1,1,1,1,1,1,1,1,1,1,1,1,1,1,1,1,1,"M01,M03,M05,M06,M07,M08,M16,M19,M30,M31,M33,vis,sid,gmb,med,adp"
DAMIMAS_A21B_0802,train,1,1,1,1,1,1,1,1,1,1,1,1,1,1,1,1,1,"M01,M03,M05,M06,M07,M08,M16,M19,M30,M31,M33,vis,sid,gmb,med,adp"
DAMIMAS_A21B_0803,train,1,1,1,1,1,1,1,1,1,1,1,1,1,1,1,1,1,"M01,M03,M05,M06,M07,M08,M16,M19,M30,M31,M33,vis,sid,gmb,med,adp"
DAMIMAS_A21B_0804,train,1,1,1,1,1,1,1,1,1,1,1,1,1,1,1,1,1,"M01,M03,M05,M06,M07,M08,M16,M19,M30,M31,M33,vis,sid,gmb,med,adp"
DAMIMAS_A21B_0805,train,1,1,1,1,1,1,1,1,1,1,1,1,1,1,1,1,1,"M01,M03,M05,M06,M07,M08,M16,M19,M30,M31,M33,vis,sid,gmb,med,adp"
DAMIMAS_A21B_0806,train,1,1,1,1,1,1,1,1,1,1,1,1,1,1,1,1,1,"M01,M03,M05,M06,M07,M08,M16,M19,M30,M31,M33,vis,sid,gmb,med,adp"
DAMIMAS_A21B_0807,train,1,1,1,1,1,1,1,1,1,1,1,1,1,1,1,1,1,"M01,M03,M05,M06,M07,M08,M16,M19,M30,M31,M33,vis,sid,gmb,med,adp"
DAMIMAS_A21B_0808,unknown,1,1,1,1,1,1,1,1,1,1,1,1,1,1,1,1,1,"M01,M03,M05,M06,M07,M08,M16,M19,M30,M31,M33,vis,sid,gmb,med,adp"
DAMIMAS_A21B_0809,unknown,1,1,1,1,1,1,1,1,1,1,1,1,1,1,1,1,1,"M01,M03,M05,M06,M07,M08,M16,M19,M30,M31,M33,vis,sid,gmb,med,adp"
DAMIMAS_A21B_0810,unknown,0,0,0,0,0,0,0,0,0,0,0,0,0,0,0,0,0,
DAMIMAS_A21B_0811,unknown,0,0,0,0,0,0,0,0,0,0,0,0,0,0,0,0,0,
DAMIMAS_A21B_0812,unknown,0,0,0,0,0,0,0,0,1,1,1,0,0,0,0,0,1,"M30,M31,M33"
DAMIMAS_A21B_0813,unknown,0,0,0,0,0,0,0,0,1,1,1,0,0,0,0,0,1,"M30,M31,M33"
DAMIMAS_A21B_0814,test,0,0,0,0,0,0,0,0,1,1,1,0,0,0,0,0,1,"M30,M31,M33"
DAMIMAS_A21B_0815,train,0,0,0,0,0,0,0,0,0,0,0,0,0,0,0,0,0,
DAMIMAS_A21B_0816,train,0,0,0,0,0,0,0,0,0,0,0,0,0,0,0,0,0,
DAMIMAS_A21B_0817,val,0,0,0,0,0,0,0,0,1,1,1,0,0,0,0,0,1,"M30,M31,M33"
DAMIMAS_A21B_0818,train,0,0,0,0,0,0,0,0,1,1,1,0,0,0,0,0,1,"M30,M31,M33"
DAMIMAS_A21B_0819,train,0,0,0,0,0,0,0,0,1,1,1,0,0,0,0,0,1,"M30,M31,M33"
DAMIMAS_A21B_0820,train,0,0,0,0,0,0,0,0,0,0,0,0,0,0,0,0,0,
DAMIMAS_A21B_0821,val,0,0,0,0,0,0,0,0,1,1,1,0,0,0,0,0,1,"M30,M31,M33"
DAMIMAS_A21B_0822,test,0,0,0,0,0,0,0,0,1,1,1,0,0,0,0,0,1,"M30,M31,M33"
DAMIMAS_A21B_0823,train,0,0,0,0,0,0,0,0,0,0,0,0,0,0,0,0,0,
DAMIMAS_A21B_0824,val,0,0,0,0,0,0,0,0,1,1,1,0,0,0,0,0,1,"M30,M31,M33"
DAMIMAS_A21B_0825,val,0,0,0,0,0,0,0,0,1,1,1,0,0,0,0,0,1,"M30,M31,M33"
DAMIMAS_A21B_0826,val,0,0,0,0,0,0,0,0,1,1,1,0,0,0,0,0,1,"M30,M31,M33"
DAMIMAS_A21B_0827,train,0,0,0,0,0,0,0,0,0,0,0,0,0,0,0,0,0,
DAMIMAS_A21B_0828,train,0,0,0,0,0,0,0,0,1,1,1,0,0,0,0,0,1,"M30,M31,M33"
DAMIMAS_A21B_0829,val,0,0,0,0,0,0,0,0,1,1,1,0,0,0,0,0,1,"M30,M31,M33"
DAMIMAS_A21B_0830,train,0,0,0,0,0,0,0,0,0,0,0,0,0,0,0,0,0,
DAMIMAS_A21B_0831,train,0,0,0,0,0,0,0,0,0,0,0,0,0,0,0,0,0,
DAMIMAS_A21B_0832,train,0,0,0,0,0,0,0,0,1,1,1,0,0,0,0,0,1,"M30,M31,M33"
DAMIMAS_A21B_0833,train,0,0,0,0,0,0,0,0,1,1,1,0,0,0,0,0,1,"M30,M31,M33"
DAMIMAS_A21B_0834,train,0,0,0,0,0,0,0,0,0,0,0,0,0,0,0,0,0,
DAMIMAS_A21B_0835,train,0,0,0,0,0,0,0,0,0,0,0,0,0,0,0,0,0,
DAMIMAS_A21B_0836,train,0,0,0,0,0,0,0,0,1,1,1,0,0,0,0,0,1,"M30,M31,M33"
DAMIMAS_A21B_0837,train,0,0,0,0,0,0,0,0,0,0,0,0,0,0,0,0,0,
DAMIMAS_A21B_0838,train,0,0,0,0,0,0,0,0,0,0,0,0,0,0,0,0,0,
DAMIMAS_A21B_0839,val,0,0,0,0,0,0,0,0,1,1,1,0,0,0,0,0,1,"M30,M31,M33"
DAMIMAS_A21B_0840,train,0,0,0,0,0,0,0,0,1,1,1,0,0,0,0,0,1,"M30,M31,M33"
DAMIMAS_A21B_0841,train,1,1,1,1,1,1,0,0,1,1,1,1,1,1,1,0,1,"M01,M03,M05,M06,M07,M08,M30,M31,M33,vis,sid,gmb,med"
DAMIMAS_A21B_0842,train,0,0,0,0,0,0,0,0,0,0,0,0,0,0,0,0,0,
DAMIMAS_A21B_0843,test,0,0,0,0,0,0,0,0,1,1,1,0,0,0,0,0,1,"M30,M31,M33"
DAMIMAS_A21B_0844,unknown,0,0,0,0,0,0,0,0,0,0,0,0,0,0,0,0,0,
DAMIMAS_A21B_0845,val,1,1,1,1,1,1,1,1,0,0,0,1,1,1,1,1,1,"M01,M03,M05,M06,M07,M08,M16,M19,vis,sid,gmb,med,adp"
DAMIMAS_A21B_0846,train,0,0,0,0,0,0,0,0,1,1,1,0,0,0,0,0,1,"M30,M31,M33"
DAMIMAS_A21B_0847,test,0,0,0,0,0,0,0,0,0,0,0,0,0,0,0,0,0,
DAMIMAS_A21B_0848,val,0,0,0,0,0,0,0,0,0,0,0,0,0,0,0,0,0,
DAMIMAS_A21B_0849,train,0,0,0,0,0,0,0,0,1,1,1,0,0,0,0,0,1,"M30,M31,M33"
DAMIMAS_A21B_0850,train,0,0,0,0,0,0,0,0,1,1,1,0,0,0,0,0,1,"M30,M31,M33"
DAMIMAS_A21B_0851,unknown,0,0,0,0,0,0,0,0,0,0,0,0,0,0,0,0,0,
DAMIMAS_A21B_0852,train,0,0,0,0,0,0,0,0,1,1,1,0,0,0,0,0,1,"M30,M31,M33"
DAMIMAS_A21B_0853,unknown,0,0,0,0,0,0,0,0,0,0,0,0,0,0,0,0,0,
DAMIMAS_A21B_0854,unknown,0,0,0,0,0,0,0,0,1,1,1,0,0,0,0,0,1,"M30,M31,M33"
LONSUM_A21A_0001,train,1,1,1,1,1,1,1,1,1,1,1,1,1,1,1,1,1,"M01,M03,M05,M06,M07,M08,M16,M19,M30,M31,M33,vis,sid,gmb,med,adp"
LONSUM_A21A_0002,test,1,1,1,1,1,1,1,1,1,1,1,1,1,1,1,1,1,"M01,M03,M05,M06,M07,M08,M16,M19,M30,M31,M33,vis,sid,gmb,med,adp"
LONSUM_A21A_0003,val,0,0,0,0,0,0,0,1,1,0,1,0,0,0,0,1,1,"M19,M30,M33,adp"
LONSUM_A21A_0004,train,1,1,1,1,1,1,1,1,1,1,1,1,1,1,1,1,1,"M01,M03,M05,M06,M07,M08,M16,M19,M30,M31,M33,vis,sid,gmb,med,adp"
LONSUM_A21A_0005,train,1,1,1,1,1,1,1,1,1,1,1,1,1,1,1,1,1,"M01,M03,M05,M06,M07,M08,M16,M19,M30,M31,M33,vis,sid,gmb,med,adp"
LONSUM_A21A_0006,train,1,1,1,1,1,1,1,1,1,1,1,1,1,1,1,1,1,"M01,M03,M05,M06,M07,M08,M16,M19,M30,M31,M33,vis,sid,gmb,med,adp"
LONSUM_A21A_0007,test,1,1,1,1,1,1,1,1,1,1,1,1,1,1,1,1,1,"M01,M03,M05,M06,M07,M08,M16,M19,M30,M31,M33,vis,sid,gmb,med,adp"
LONSUM_A21A_0008,val,1,1,1,1,1,1,1,1,1,1,1,1,1,1,1,1,1,"M01,M03,M05,M06,M07,M08,M16,M19,M30,M31,M33,vis,sid,gmb,med,adp"
LONSUM_A21A_0009,train,1,1,1,1,1,1,1,1,1,1,1,1,1,1,1,1,1,"M01,M03,M05,M06,M07,M08,M16,M19,M30,M31,M33,vis,sid,gmb,med,adp"
LONSUM_A21A_0010,train,1,1,1,1,1,1,1,1,1,1,1,1,1,1,1,1,1,"M01,M03,M05,M06,M07,M08,M16,M19,M30,M31,M33,vis,sid,gmb,med,adp"
LONSUM_A21A_0011,train,1,1,1,1,1,1,1,1,1,1,0,1,1,1,1,1,1,"M01,M03,M05,M06,M07,M08,M16,M19,M30,M31,vis,sid,gmb,med,adp"
LONSUM_A21A_0012,train,1,1,1,1,1,1,1,1,1,1,1,1,1,1,1,1,1,"M01,M03,M05,M06,M07,M08,M16,M19,M30,M31,M33,vis,sid,gmb,med,adp"
LONSUM_A21A_0013,train,1,1,1,1,1,1,1,1,1,1,1,1,1,1,1,1,1,"M01,M03,M05,M06,M07,M08,M16,M19,M30,M31,M33,vis,sid,gmb,med,adp"
LONSUM_A21A_0014,train,1,1,1,1,1,1,1,1,1,1,1,1,1,1,1,1,1,"M01,M03,M05,M06,M07,M08,M16,M19,M30,M31,M33,vis,sid,gmb,med,adp"
LONSUM_A21A_0015,train,1,1,1,1,1,1,1,1,1,1,1,1,1,1,1,1,1,"M01,M03,M05,M06,M07,M08,M16,M19,M30,M31,M33,vis,sid,gmb,med,adp"
LONSUM_A21A_0016,val,1,1,1,1,1,1,1,1,1,1,1,1,1,1,1,1,1,"M01,M03,M05,M06,M07,M08,M16,M19,M30,M31,M33,vis,sid,gmb,med,adp"
LONSUM_A21A_0017,train,1,1,1,1,1,1,1,1,1,1,1,1,1,1,1,1,1,"M01,M03,M05,M06,M07,M08,M16,M19,M30,M31,M33,vis,sid,gmb,med,adp"
LONSUM_A21A_0018,val,1,1,1,1,1,1,1,1,1,1,1,1,1,1,1,1,1,"M01,M03,M05,M06,M07,M08,M16,M19,M30,M31,M33,vis,sid,gmb,med,adp"
LONSUM_A21A_0019,train,1,1,1,1,1,1,1,1,1,1,1,1,1,1,1,1,1,"M01,M03,M05,M06,M07,M08,M16,M19,M30,M31,M33,vis,sid,gmb,med,adp"
LONSUM_A21A_0020,train,1,1,1,1,1,1,1,1,1,1,1,1,1,1,1,1,1,"M01,M03,M05,M06,M07,M08,M16,M19,M30,M31,M33,vis,sid,gmb,med,adp"
LONSUM_A21A_0021,val,1,1,1,1,1,1,1,1,1,1,1,1,1,1,1,1,1,"M01,M03,M05,M06,M07,M08,M16,M19,M30,M31,M33,vis,sid,gmb,med,adp"
LONSUM_A21A_0022,train,1,1,1,1,1,1,1,1,1,1,1,1,1,1,1,1,1,"M01,M03,M05,M06,M07,M08,M16,M19,M30,M31,M33,vis,sid,gmb,med,adp"
LONSUM_A21A_0023,train,1,1,1,1,1,1,1,1,1,1,1,1,1,1,1,1,1,"M01,M03,M05,M06,M07,M08,M16,M19,M30,M31,M33,vis,sid,gmb,med,adp"
LONSUM_A21A_0024,train,1,1,1,1,1,1,1,1,1,1,1,1,1,1,1,1,1,"M01,M03,M05,M06,M07,M08,M16,M19,M30,M31,M33,vis,sid,gmb,med,adp"
LONSUM_A21A_0025,train,1,1,1,1,1,1,1,1,1,1,1,1,1,1,1,1,1,"M01,M03,M05,M06,M07,M08,M16,M19,M30,M31,M33,vis,sid,gmb,med,adp"
LONSUM_A21A_0026,test,1,1,1,1,1,1,1,1,1,1,1,1,1,1,1,1,1,"M01,M03,M05,M06,M07,M08,M16,M19,M30,M31,M33,vis,sid,gmb,med,adp"
LONSUM_A21A_0027,train,1,1,1,1,1,1,1,0,0,1,0,1,1,1,1,0,1,"M01,M03,M05,M06,M07,M08,M16,M31,vis,sid,gmb,med"
LONSUM_A21A_0028,test,1,1,1,1,1,1,1,1,1,1,1,1,1,1,1,1,1,"M01,M03,M05,M06,M07,M08,M16,M19,M30,M31,M33,vis,sid,gmb,med,adp"
LONSUM_A21A_0029,train,1,1,1,1,1,1,1,1,1,1,1,1,1,1,1,1,1,"M01,M03,M05,M06,M07,M08,M16,M19,M30,M31,M33,vis,sid,gmb,med,adp"
LONSUM_A21A_0030,train,1,1,1,1,1,1,1,1,1,1,1,1,1,1,1,1,1,"M01,M03,M05,M06,M07,M08,M16,M19,M30,M31,M33,vis,sid,gmb,med,adp"
LONSUM_A21A_0031,train,1,1,1,1,1,1,1,1,1,1,1,1,1,1,1,1,1,"M01,M03,M05,M06,M07,M08,M16,M19,M30,M31,M33,vis,sid,gmb,med,adp"
LONSUM_A21A_0032,train,1,1,1,1,1,1,1,1,1,1,1,1,1,1,1,1,1,"M01,M03,M05,M06,M07,M08,M16,M19,M30,M31,M33,vis,sid,gmb,med,adp"
LONSUM_A21A_0033,train,1,1,1,1,1,1,1,1,1,1,1,1,1,1,1,1,1,"M01,M03,M05,M06,M07,M08,M16,M19,M30,M31,M33,vis,sid,gmb,med,adp"
LONSUM_A21A_0034,train,1,1,1,1,1,1,1,1,1,1,1,1,1,1,1,1,1,"M01,M03,M05,M06,M07,M08,M16,M19,M30,M31,M33,vis,sid,gmb,med,adp"
LONSUM_A21A_0035,train,1,1,1,1,1,1,1,0,0,1,0,1,1,1,1,0,1,"M01,M03,M05,M06,M07,M08,M16,M31,vis,sid,gmb,med"
LONSUM_A21A_0036,train,1,1,1,1,1,1,1,1,1,1,1,1,1,1,1,1,1,"M01,M03,M05,M06,M07,M08,M16,M19,M30,M31,M33,vis,sid,gmb,med,adp"
LONSUM_A21A_0037,train,1,1,1,1,1,1,1,1,1,1,1,1,1,1,1,1,1,"M01,M03,M05,M06,M07,M08,M16,M19,M30,M31,M33,vis,sid,gmb,med,adp"
LONSUM_A21A_0038,val,1,1,1,1,1,1,1,1,0,1,1,1,1,1,1,1,1,"M01,M03,M05,M06,M07,M08,M16,M19,M31,M33,vis,sid,gmb,med,adp"
LONSUM_A21A_0039,train,1,1,1,1,1,1,1,1,1,1,1,1,1,1,1,1,1,"M01,M03,M05,M06,M07,M08,M16,M19,M30,M31,M33,vis,sid,gmb,med,adp"
LONSUM_A21A_0040,train,1,1,1,1,1,1,1,1,1,1,0,1,1,1,1,1,1,"M01,M03,M05,M06,M07,M08,M16,M19,M30,M31,vis,sid,gmb,med,adp"
LONSUM_A21A_0041,train,1,1,1,1,1,1,1,1,1,1,1,1,1,1,1,1,1,"M01,M03,M05,M06,M07,M08,M16,M19,M30,M31,M33,vis,sid,gmb,med,adp"
LONSUM_A21A_0042,train,1,1,1,1,1,1,1,1,1,1,1,1,1,1,1,1,1,"M01,M03,M05,M06,M07,M08,M16,M19,M30,M31,M33,vis,sid,gmb,med,adp"
LONSUM_A21A_0043,train,1,1,1,1,1,1,1,1,1,1,1,1,1,1,1,1,1,"M01,M03,M05,M06,M07,M08,M16,M19,M30,M31,M33,vis,sid,gmb,med,adp"
LONSUM_A21A_0044,train,1,1,1,1,1,1,1,1,1,1,1,1,1,1,1,1,1,"M01,M03,M05,M06,M07,M08,M16,M19,M30,M31,M33,vis,sid,gmb,med,adp"
LONSUM_A21A_0045,train,1,1,1,1,1,1,1,1,1,1,1,1,1,1,1,1,1,"M01,M03,M05,M06,M07,M08,M16,M19,M30,M31,M33,vis,sid,gmb,med,adp"
LONSUM_A21A_0046,val,1,1,1,1,1,1,1,1,1,1,1,1,1,1,1,1,1,"M01,M03,M05,M06,M07,M08,M16,M19,M30,M31,M33,vis,sid,gmb,med,adp"
LONSUM_A21A_0047,train,1,1,1,1,1,1,1,1,1,1,1,1,1,1,1,1,1,"M01,M03,M05,M06,M07,M08,M16,M19,M30,M31,M33,vis,sid,gmb,med,adp"
LONSUM_A21A_0048,train,1,1,1,1,1,1,1,1,1,1,1,1,1,1,1,1,1,"M01,M03,M05,M06,M07,M08,M16,M19,M30,M31,M33,vis,sid,gmb,med,adp"
LONSUM_A21A_0049,test,1,1,1,1,1,1,1,1,1,1,1,1,1,1,1,1,1,"M01,M03,M05,M06,M07,M08,M16,M19,M30,M31,M33,vis,sid,gmb,med,adp"
LONSUM_A21A_0050,train,1,1,1,1,1,1,1,1,1,1,1,1,1,1,1,1,1,"M01,M03,M05,M06,M07,M08,M16,M19,M30,M31,M33,vis,sid,gmb,med,adp"
LONSUM_A21A_0051,test,1,1,1,1,1,1,0,0,0,1,0,1,1,1,1,0,1,"M01,M03,M05,M06,M07,M08,M31,vis,sid,gmb,med"
LONSUM_A21A_0052,train,1,1,1,1,1,1,1,1,1,1,1,1,1,1,1,1,1,"M01,M03,M05,M06,M07,M08,M16,M19,M30,M31,M33,vis,sid,gmb,med,adp"
LONSUM_A21A_0053,test,1,1,1,1,1,1,1,1,1,1,1,1,1,1,1,1,1,"M01,M03,M05,M06,M07,M08,M16,M19,M30,M31,M33,vis,sid,gmb,med,adp"
LONSUM_A21A_0054,val,1,1,1,1,1,1,1,1,1,1,1,1,1,1,1,1,1,"M01,M03,M05,M06,M07,M08,M16,M19,M30,M31,M33,vis,sid,gmb,med,adp"
LONSUM_A21A_0055,test,1,1,1,1,1,1,1,1,1,1,1,1,1,1,1,1,1,"M01,M03,M05,M06,M07,M08,M16,M19,M30,M31,M33,vis,sid,gmb,med,adp"
LONSUM_A21A_0056,train,1,1,1,1,1,1,1,1,1,1,1,1,1,1,1,1,1,"M01,M03,M05,M06,M07,M08,M16,M19,M30,M31,M33,vis,sid,gmb,med,adp"
LONSUM_A21A_0057,train,1,1,1,1,1,1,1,1,1,1,1,1,1,1,1,1,1,"M01,M03,M05,M06,M07,M08,M16,M19,M30,M31,M33,vis,sid,gmb,med,adp"
LONSUM_A21A_0058,train,1,1,1,1,1,1,1,1,1,1,1,1,1,1,1,1,1,"M01,M03,M05,M06,M07,M08,M16,M19,M30,M31,M33,vis,sid,gmb,med,adp"
LONSUM_A21A_0059,train,0,0,0,0,0,0,1,1,1,0,1,0,0,0,0,1,1,"M16,M19,M30,M33,adp"
LONSUM_A21A_0060,train,1,1,1,1,1,1,1,1,1,1,1,1,1,1,1,1,1,"M01,M03,M05,M06,M07,M08,M16,M19,M30,M31,M33,vis,sid,gmb,med,adp"
LONSUM_A21A_0061,val,1,1,1,1,1,1,1,1,1,1,1,1,1,1,1,1,1,"M01,M03,M05,M06,M07,M08,M16,M19,M30,M31,M33,vis,sid,gmb,med,adp"
LONSUM_A21A_0062,val,1,1,1,1,1,1,1,1,1,1,1,1,1,1,1,1,1,"M01,M03,M05,M06,M07,M08,M16,M19,M30,M31,M33,vis,sid,gmb,med,adp"
LONSUM_A21A_0063,train,1,1,1,1,1,1,1,1,1,1,1,1,1,1,1,1,1,"M01,M03,M05,M06,M07,M08,M16,M19,M30,M31,M33,vis,sid,gmb,med,adp"
LONSUM_A21A_0064,train,1,1,1,1,1,1,1,1,1,1,0,1,1,1,1,1,1,"M01,M03,M05,M06,M07,M08,M16,M19,M30,M31,vis,sid,gmb,med,adp"
LONSUM_A21A_0065,train,1,1,1,1,1,1,1,1,1,1,1,1,1,1,1,1,1,"M01,M03,M05,M06,M07,M08,M16,M19,M30,M31,M33,vis,sid,gmb,med,adp"
LONSUM_A21A_0066,train,1,1,1,1,1,1,1,1,1,1,1,1,1,1,1,1,1,"M01,M03,M05,M06,M07,M08,M16,M19,M30,M31,M33,vis,sid,gmb,med,adp"
LONSUM_A21A_0067,test,1,1,1,1,1,1,1,1,1,1,1,1,1,1,1,1,1,"M01,M03,M05,M06,M07,M08,M16,M19,M30,M31,M33,vis,sid,gmb,med,adp"
LONSUM_A21A_0068,train,1,1,1,1,1,1,1,1,1,1,1,1,1,1,1,1,1,"M01,M03,M05,M06,M07,M08,M16,M19,M30,M31,M33,vis,sid,gmb,med,adp"
LONSUM_A21A_0069,train,1,1,1,1,1,1,1,1,1,1,1,1,1,1,1,1,1,"M01,M03,M05,M06,M07,M08,M16,M19,M30,M31,M33,vis,sid,gmb,med,adp"
LONSUM_A21A_0070,train,1,1,1,1,1,1,1,1,1,1,1,1,1,1,1,1,1,"M01,M03,M05,M06,M07,M08,M16,M19,M30,M31,M33,vis,sid,gmb,med,adp"
LONSUM_A21A_0071,train,1,1,1,1,1,1,1,1,1,1,1,1,1,1,1,1,1,"M01,M03,M05,M06,M07,M08,M16,M19,M30,M31,M33,vis,sid,gmb,med,adp"
LONSUM_A21A_0072,train,1,1,1,1,1,1,1,1,1,1,1,1,1,1,1,1,1,"M01,M03,M05,M06,M07,M08,M16,M19,M30,M31,M33,vis,sid,gmb,med,adp"
LONSUM_A21A_0073,train,1,1,1,1,1,1,1,1,1,1,1,1,1,1,1,1,1,"M01,M03,M05,M06,M07,M08,M16,M19,M30,M31,M33,vis,sid,gmb,med,adp"
LONSUM_A21A_0074,train,1,1,1,1,1,1,1,1,1,1,1,1,1,1,1,1,1,"M01,M03,M05,M06,M07,M08,M16,M19,M30,M31,M33,vis,sid,gmb,med,adp"
LONSUM_A21A_0075,train,1,1,1,1,1,1,1,1,1,1,1,1,1,1,1,1,1,"M01,M03,M05,M06,M07,M08,M16,M19,M30,M31,M33,vis,sid,gmb,med,adp"
LONSUM_A21A_0076,val,1,1,1,1,1,1,1,1,1,1,0,1,1,1,1,1,1,"M01,M03,M05,M06,M07,M08,M16,M19,M30,M31,vis,sid,gmb,med,adp"
LONSUM_A21A_0077,train,1,1,1,1,1,1,1,1,1,1,1,1,1,1,1,1,1,"M01,M03,M05,M06,M07,M08,M16,M19,M30,M31,M33,vis,sid,gmb,med,adp"
LONSUM_A21A_0078,val,1,1,1,1,1,1,1,1,1,1,1,1,1,1,1,1,1,"M01,M03,M05,M06,M07,M08,M16,M19,M30,M31,M33,vis,sid,gmb,med,adp"
LONSUM_A21A_0079,train,1,1,1,1,1,1,1,1,1,1,1,1,1,1,1,1,1,"M01,M03,M05,M06,M07,M08,M16,M19,M30,M31,M33,vis,sid,gmb,med,adp"
LONSUM_A21A_0080,train,1,1,1,1,1,1,1,1,1,1,1,1,1,1,1,1,1,"M01,M03,M05,M06,M07,M08,M16,M19,M30,M31,M33,vis,sid,gmb,med,adp"
LONSUM_A21A_0081,train,1,1,1,1,1,1,1,1,1,1,1,1,1,1,1,1,1,"M01,M03,M05,M06,M07,M08,M16,M19,M30,M31,M33,vis,sid,gmb,med,adp"
LONSUM_A21A_0082,train,1,1,1,1,1,1,1,1,1,1,1,1,1,1,1,1,1,"M01,M03,M05,M06,M07,M08,M16,M19,M30,M31,M33,vis,sid,gmb,med,adp"
LONSUM_A21A_0083,train,1,1,1,1,1,1,1,1,1,1,1,1,1,1,1,1,1,"M01,M03,M05,M06,M07,M08,M16,M19,M30,M31,M33,vis,sid,gmb,med,adp"
LONSUM_A21A_0084,test,1,1,1,1,1,1,1,1,1,1,1,1,1,1,1,1,1,"M01,M03,M05,M06,M07,M08,M16,M19,M30,M31,M33,vis,sid,gmb,med,adp"
LONSUM_A21A_0085,train,1,1,1,1,1,1,1,1,1,1,1,1,1,1,1,1,1,"M01,M03,M05,M06,M07,M08,M16,M19,M30,M31,M33,vis,sid,gmb,med,adp"
LONSUM_A21A_0086,test,1,1,1,1,1,1,1,1,1,1,1,1,1,1,1,1,1,"M01,M03,M05,M06,M07,M08,M16,M19,M30,M31,M33,vis,sid,gmb,med,adp"
LONSUM_A21A_0087,test,1,1,1,1,1,1,1,1,1,1,1,1,1,1,1,1,1,"M01,M03,M05,M06,M07,M08,M16,M19,M30,M31,M33,vis,sid,gmb,med,adp"
LONSUM_A21A_0088,train,1,1,1,1,1,1,1,1,1,1,1,1,1,1,1,1,1,"M01,M03,M05,M06,M07,M08,M16,M19,M30,M31,M33,vis,sid,gmb,med,adp"
LONSUM_A21A_0089,test,1,1,1,1,1,1,1,1,1,1,1,1,1,1,1,1,1,"M01,M03,M05,M06,M07,M08,M16,M19,M30,M31,M33,vis,sid,gmb,med,adp"
LONSUM_A21A_0090,train,1,1,1,1,1,1,1,1,1,1,1,1,1,1,1,1,1,"M01,M03,M05,M06,M07,M08,M16,M19,M30,M31,M33,vis,sid,gmb,med,adp"
LONSUM_A21A_0091,val,0,0,0,0,0,0,0,0,0,0,0,0,0,0,0,0,0,
LONSUM_A21A_0092,train,0,0,0,0,0,0,0,0,0,0,0,0,0,0,0,0,0,
LONSUM_A21A_0093,val,1,1,1,1,1,1,1,1,1,1,1,1,1,1,1,1,1,"M01,M03,M05,M06,M07,M08,M16,M19,M30,M31,M33,vis,sid,gmb,med,adp"
LONSUM_A21A_0094,test,1,1,1,1,1,1,1,1,1,1,1,1,1,1,1,1,1,"M01,M03,M05,M06,M07,M08,M16,M19,M30,M31,M33,vis,sid,gmb,med,adp"
LONSUM_A21A_0095,train,1,1,1,1,1,1,1,1,1,1,1,1,1,1,1,1,1,"M01,M03,M05,M06,M07,M08,M16,M19,M30,M31,M33,vis,sid,gmb,med,adp"
LONSUM_A21A_0096,train,0,0,0,0,0,0,0,0,0,0,0,0,0,0,0,0,0,
LONSUM_A21A_0097,val,1,1,1,1,1,1,1,1,1,1,1,1,1,1,1,1,1,"M01,M03,M05,M06,M07,M08,M16,M19,M30,M31,M33,vis,sid,gmb,med,adp"
LONSUM_A21A_0098,train,1,1,1,1,1,1,1,1,1,1,1,1,1,1,1,1,1,"M01,M03,M05,M06,M07,M08,M16,M19,M30,M31,M33,vis,sid,gmb,med,adp"
LONSUM_A21A_0099,test,0,0,0,0,0,0,1,1,1,0,1,0,0,0,0,1,1,"M16,M19,M30,M33,adp"
