tree_id,split,n_dets,n_sides,b3frac,naive_B1,naive_B2,naive_B3,naive_B4,gt_B1,gt_B2,gt_B3,gt_B4,M31_B1,M31_B2,M31_B3,M31_B4,M31_err_B1,M31_err_B2,M31_err_B3,M31_err_B4,M31_within1,M30_sa_within1,M30_sa_B1,M30_sa_B2,M30_sa_B3,M30_sa_B4,vis_within1,vis_B1,vis_B2,vis_B3,vis_B4,sid_within1,sid_B1,sid_B2,sid_B3,sid_B4,gmb_within1,gmb_B1,gmb_B2,gmb_B3,gmb_B4,med_within1,med_B1,med_B2,med_B3,med_B4,adp_within1,adp_B1,adp_B2,adp_B3,adp_B4
DAMIMAS_A21B_0001,unknown,17,4,0.5882352941176471,2,5,10,0,1,2,5,0,1,3,5,0,0,1,0,0,True,True,1,2,5,0,True,1,3,5,0,True,1,3,5,0,True,1,3,5,0,True,1,3,5,0,True,1,3,6,0
DAMIMAS_A21B_0002,train,25,4,0.44,4,0,11,10,1,0,7,4,2,0,6,5,1,0,-1,1,True,False,2,0,6,6,True,2,0,6,5,True,2,0,6,5,True,2,0,6,5,True,2,0,6,5,False,2,0,6,6
DAMIMAS_A21B_0003,train,20,4,0.55,2,5,11,2,1,2,5,1,1,3,6,1,0,1,1,0,True,True,1,2,6,1,True,1,3,6,1,True,1,3,6,1,True,1,3,6,1,True,1,3,6,1,True,1,3,6,1
DAMIMAS_A21B_0004,train,15,4,1.0,0,0,15,0,0,0,8,0,0,0,8,0,0,0,0,0,True,True,0,0,8,0,True,0,0,8,0,True,0,0,8,0,True,0,0,8,0,True,0,0,8,0,True,0,0,8,0
DAMIMAS_A21B_0005,test,16,4,0.375,2,6,6,2,1,3,3,2,1,3,3,1,0,0,0,-1,True,True,1,3,3,1,True,1,3,3,1,True,1,3,3,1,True,1,3,3,1,True,1,3,3,1,True,1,3,3,1
DAMIMAS_A21B_0006,train,16,4,0.5,2,0,8,6,1,0,5,3,1,0,4,3,0,0,-1,0,True,True,1,0,4,4,True,1,0,4,3,True,1,0,4,3,True,1,0,4,3,True,1,0,4,3,True,1,0,4,4
DAMIMAS_A21B_0007,train,30,4,0.5,6,4,15,5,3,3,9,3,3,2,8,3,0,-1,-1,0,True,True,3,2,8,3,True,3,2,8,3,True,3,2,8,3,True,3,2,8,3,True,3,2,8,3,True,3,2,9,3
DAMIMAS_A21B_0008,train,18,4,0.4444444444444444,4,6,8,0,2,3,4,0,2,3,4,0,0,0,0,0,True,True,2,3,4,0,True,2,3,4,0,True,2,3,4,0,True,2,3,4,0,True,2,3,4,0,True,2,3,4,0
DAMIMAS_A21B_0009,train,10,4,0.6,0,0,6,4,0,0,3,3,0,0,3,2,0,0,0,-1,True,True,0,0,3,2,True,0,0,3,2,True,0,0,3,2,True,0,0,3,2,True,0,0,3,2,True,0,0,3,2
DAMIMAS_A21B_0010,train,22,4,0.5,0,5,11,6,0,2,6,3,0,3,6,3,0,1,0,0,True,True,0,2,6,4,True,0,3,6,3,True,0,3,6,3,True,0,3,6,3,True,0,3,6,3,True,0,3,6,4
DAMIMAS_A21B_0011,train,14,4,0.7142857142857143,2,1,10,1,1,1,4,1,1,1,5,1,0,0,1,0,True,True,1,1,5,1,True,1,1,5,1,True,1,1,5,1,True,1,1,5,1,True,1,1,5,1,True,1,1,5,1
DAMIMAS_A21B_0012,test,16,4,0.4375,3,2,7,4,1,2,4,2,1,1,4,2,0,-1,0,0,True,True,2,1,4,2,True,2,1,4,2,True,2,1,4,2,True,1,1,4,2,True,2,1,4,2,True,1,1,4,2
DAMIMAS_A21B_0013,val,17,4,0.47058823529411764,0,2,8,7,0,1,4,4,0,1,4,4,0,0,0,0,True,True,0,1,4,4,True,0,1,4,4,True,0,1,4,4,True,0,1,4,4,True,0,1,4,4,True,0,1,4,4
DAMIMAS_A21B_0014,test,18,4,0.4444444444444444,2,2,8,6,1,1,4,3,1,1,4,3,0,0,0,0,True,True,1,1,4,4,True,1,1,4,3,True,1,1,4,3,True,1,1,4,3,True,1,1,4,3,True,1,1,4,4
DAMIMAS_A21B_0015,test,26,4,0.5384615384615384,3,2,14,7,1,1,7,4,2,1,7,4,1,0,0,0,True,True,2,1,8,4,True,2,1,7,4,True,2,1,7,4,True,2,1,7,4,True,2,1,7,4,True,2,1,8,4
DAMIMAS_A21B_0016,train,8,4,0.875,1,0,7,0,1,0,4,0,1,0,4,0,0,0,0,0,True,True,1,0,4,0,True,1,0,4,0,True,1,0,4,0,True,1,0,4,0,True,1,0,4,0,True,0,0,4,0
DAMIMAS_A21B_0017,train,17,4,0.35294117647058826,0,2,6,9,0,1,3,4,0,1,3,5,0,0,0,1,True,False,0,1,3,6,True,0,1,3,5,True,0,1,3,5,True,0,1,3,5,True,0,1,3,5,True,0,1,3,5
DAMIMAS_A21B_0018,train,11,4,0.6363636363636364,2,0,7,2,1,0,3,1,1,0,4,1,0,0,1,0,True,True,1,0,4,1,True,1,0,4,1,True,1,0,4,1,True,1,0,4,1,True,1,0,4,1,True,1,0,4,1
DAMIMAS_A21B_0019,train,25,4,0.6,4,0,15,6,2,0,8,3,2,0,8,3,0,0,0,0,True,True,2,0,8,4,True,2,0,8,3,True,2,0,8,3,True,2,0,8,3,True,2,0,8,3,True,2,0,9,4
DAMIMAS_A21B_0020,train,16,4,0.4375,2,2,7,5,1,1,4,3,1,1,4,3,0,0,0,0,True,True,1,1,4,3,True,1,1,4,3,True,1,1,4,3,True,1,1,4,3,True,1,1,4,3,True,1,1,4,3
DAMIMAS_A21B_0021,test,21,4,0.42857142857142855,6,0,9,6,3,0,5,4,3,0,5,4,0,0,0,0,True,True,3,0,5,4,True,3,0,5,3,True,3,0,5,3,True,3,0,5,3,True,3,0,5,3,True,3,0,5,4
DAMIMAS_A21B_0022,test,16,4,0.625,0,2,10,4,0,1,5,2,0,1,5,2,0,0,0,0,True,True,0,1,5,2,True,0,1,5,2,True,0,1,5,2,True,0,1,5,2,True,0,1,5,2,True,0,1,5,2
DAMIMAS_A21B_0023,train,16,4,0.5,2,6,8,0,1,3,5,0,1,3,4,0,0,0,-1,0,True,True,1,3,4,0,True,1,3,4,0,True,1,3,4,0,True,1,3,4,0,True,1,3,4,0,True,1,3,4,0
DAMIMAS_A21B_0024,train,20,4,0.55,3,0,11,6,1,0,6,3,2,0,6,3,1,0,0,0,True,True,2,0,6,4,True,2,0,6,3,True,2,0,6,3,True,2,0,6,3,True,2,0,6,3,True,2,0,6,4
DAMIMAS_A21B_0025,train,12,4,0.5833333333333334,3,2,7,0,1,1,5,0,1,1,4,0,0,0,-1,0,True,True,2,1,4,0,True,2,1,4,0,True,2,1,4,0,True,1,1,4,0,True,2,1,4,0,True,1,1,4,0
DAMIMAS_A21B_0026,val,13,4,0.6153846153846154,0,2,8,3,0,1,4,2,0,1,4,2,0,0,0,0,True,True,0,1,4,2,True,0,1,4,2,True,0,1,4,2,True,0,1,4,2,True,0,1,4,2,True,0,1,4,2
DAMIMAS_A21B_0027,train,21,4,0.5238095238095238,7,0,11,3,3,0,6,2,4,0,6,2,1,0,0,0,True,True,4,0,6,2,True,4,0,6,2,True,4,0,6,2,True,4,0,6,2,True,4,0,6,2,True,4,0,6,2
DAMIMAS_A21B_0028,val,21,4,0.5238095238095238,0,1,11,9,0,1,5,6,0,1,6,5,0,0,1,-1,True,True,0,1,6,6,True,0,1,6,5,True,0,1,6,5,True,0,1,6,5,True,0,1,6,5,True,0,1,6,6
DAMIMAS_A21B_0029,train,23,4,0.43478260869565216,2,6,10,5,1,2,5,2,1,3,5,3,0,1,0,1,True,True,1,3,5,3,True,1,3,5,3,True,1,3,5,3,True,1,3,5,3,True,1,3,5,3,True,1,3,6,3
DAMIMAS_A21B_0030,train,13,4,0.6923076923076923,0,0,9,4,0,0,5,3,0,0,5,2,0,0,0,-1,True,True,0,0,5,2,True,0,0,5,2,True,0,0,5,2,True,0,0,5,2,True,0,0,5,2,True,0,0,5,2
DAMIMAS_A21B_0031,train,13,4,0.6153846153846154,0,2,8,3,0,1,4,2,0,1,4,2,0,0,0,0,True,True,0,1,4,2,True,0,1,4,2,True,0,1,4,2,True,0,1,4,2,True,0,1,4,2,True,0,1,4,2
DAMIMAS_A21B_0032,train,22,4,0.45454545454545453,4,2,10,6,2,1,5,3,2,1,5,3,0,0,0,0,True,True,2,1,5,4,True,2,1,5,3,True,2,1,5,3,True,2,1,5,3,True,2,1,5,3,True,2,1,6,4
DAMIMAS_A21B_0033,train,18,4,0.8888888888888888,0,0,16,2,0,0,8,2,0,0,8,1,0,0,0,-1,True,True,0,0,9,1,True,0,0,8,1,True,0,0,8,1,True,0,0,8,1,True,0,0,8,1,True,0,0,9,1
DAMIMAS_A21B_0034,train,16,4,0.375,0,2,6,8,0,1,3,6,0,1,3,4,0,0,0,-2,False,True,0,1,3,5,False,0,1,3,4,False,0,1,3,4,False,0,1,3,4,False,0,1,3,4,True,0,1,3,5
DAMIMAS_A21B_0035,train,13,4,0.3076923076923077,0,9,4,0,0,7,2,0,0,5,2,0,0,-2,0,0,False,False,0,4,2,0,False,0,5,2,0,False,0,5,2,0,False,0,5,2,0,False,0,5,2,0,False,0,5,2,0
DAMIMAS_A21B_0036,train,15,4,0.8666666666666667,0,2,13,0,0,1,7,0,0,1,7,0,0,0,0,0,True,True,0,1,7,0,True,0,1,7,0,True,0,1,7,0,True,0,1,7,0,True,0,1,7,0,True,0,1,7,0
DAMIMAS_A21B_0037,val,21,4,0.5238095238095238,0,5,11,5,0,3,5,3,0,3,6,3,0,0,1,0,True,True,0,2,6,3,True,0,3,6,3,True,0,3,6,3,True,0,3,6,3,True,0,3,6,3,True,0,3,6,3
DAMIMAS_A21B_0038,val,21,4,0.42857142857142855,4,0,9,8,2,0,5,5,2,0,5,5,0,0,0,0,True,True,2,0,5,5,True,2,0,5,4,True,2,0,5,4,True,2,0,5,4,True,2,0,5,4,True,2,0,5,5
DAMIMAS_A21B_0039,test,15,4,0.2,3,9,3,0,2,5,2,0,1,5,2,0,-1,0,0,0,True,True,2,4,2,0,True,2,5,2,0,True,2,5,2,0,True,1,5,2,0,True,2,5,2,0,True,1,5,2,0
DAMIMAS_A21B_0040,train,21,4,0.38095238095238093,4,3,8,6,2,2,4,3,2,2,5,4,0,0,1,1,True,True,2,2,4,4,True,2,2,4,3,True,2,2,4,3,True,2,2,4,3,True,2,2,4,3,True,2,2,5,4
DAMIMAS_A21B_0041,test,23,4,0.43478260869565216,3,5,10,5,2,3,6,3,2,3,6,3,0,0,0,0,True,True,2,2,5,3,True,2,3,5,3,True,2,3,5,3,True,2,3,5,3,True,2,3,5,3,True,2,3,6,3
DAMIMAS_A21B_0042,train,15,4,0.4,5,2,6,2,2,1,4,1,2,1,3,1,0,0,-1,0,True,True,2,1,3,1,True,3,1,3,1,True,3,1,3,1,True,2,1,3,1,True,3,1,3,1,True,2,1,3,1
DAMIMAS_A21B_0043,train,23,4,0.6086956521739131,3,6,14,0,2,3,6,0,2,3,7,0,0,0,1,0,True,False,2,3,8,0,True,2,3,7,0,True,2,3,7,0,True,2,3,7,0,True,2,3,7,0,False,2,3,8,0
DAMIMAS_A21B_0044,test,16,4,0.5,4,2,8,2,2,1,4,1,2,1,4,1,0,0,0,0,True,True,2,1,4,1,True,2,1,4,1,True,2,1,4,1,True,2,1,4,1,True,2,1,4,1,True,2,1,4,1
DAMIMAS_A21B_0045,train,29,4,0.6896551724137931,2,0,20,7,1,0,10,4,1,0,11,4,0,0,1,0,True,True,1,0,11,4,True,1,0,11,4,True,1,0,11,4,True,1,0,11,4,True,1,0,11,4,False,1,0,12,5
DAMIMAS_A21B_0046,test,14,4,0.5,0,0,7,7,0,0,3,3,0,0,4,4,0,0,1,1,True,True,0,0,4,4,True,0,0,4,4,True,0,0,4,4,True,0,0,4,4,True,0,0,4,4,True,0,0,4,4
DAMIMAS_A21B_0047,val,13,4,0.6153846153846154,0,3,8,2,0,1,4,1,0,2,4,1,0,1,0,0,True,True,0,2,4,1,True,0,2,4,1,True,0,2,4,1,True,0,2,4,1,True,0,2,4,1,True,0,2,4,1
DAMIMAS_A21B_0048,val,18,4,0.6666666666666666,0,1,12,5,0,1,6,3,0,1,6,3,0,0,0,0,True,True,0,1,6,3,True,0,1,6,3,True,0,1,6,3,True,0,1,6,3,True,0,1,6,3,True,0,1,7,3
DAMIMAS_A21B_0049,train,13,4,0.6923076923076923,0,0,9,4,0,0,5,3,0,0,5,2,0,0,0,-1,True,True,0,0,5,2,True,0,0,5,2,True,0,0,5,2,True,0,0,5,2,True,0,0,5,2,True,0,0,5,2
DAMIMAS_A21B_0050,train,15,4,0.4666666666666667,4,0,7,4,2,0,3,2,2,0,4,2,0,0,1,0,True,True,2,0,4,2,True,2,0,4,2,True,2,0,4,2,True,2,0,4,2,True,2,0,4,2,True,2,0,4,2
DAMIMAS_A21B_0051,train,25,4,0.68,0,2,17,6,0,1,9,4,0,1,9,3,0,0,0,-1,True,True,0,1,9,4,True,0,1,9,3,True,0,1,9,3,True,0,1,9,3,True,0,1,9,3,True,0,1,10,4
DAMIMAS_A21B_0052,train,25,4,0.6,4,5,15,1,2,3,9,1,2,3,8,1,0,0,-1,0,True,True,2,2,8,1,True,2,3,8,1,True,2,3,8,1,True,2,3,8,1,True,2,3,8,1,True,2,3,9,1
DAMIMAS_A21B_0053,train,15,4,0.6,0,3,9,3,0,2,5,2,0,2,5,2,0,0,0,0,True,True,0,2,5,2,True,0,2,5,2,True,0,2,5,2,True,0,2,5,2,True,0,2,5,2,True,0,2,5,2
DAMIMAS_A21B_0054,test,20,4,0.45,0,5,9,6,0,2,5,4,0,3,5,3,0,1,0,-1,True,True,0,2,5,4,True,0,3,5,3,True,0,3,5,3,True,0,3,5,3,True,0,3,5,3,True,0,3,5,4
DAMIMAS_A21B_0055,train,22,4,0.5909090909090909,2,5,13,2,1,3,7,2,1,3,7,1,0,0,0,-1,True,True,1,2,7,1,True,1,3,7,1,True,1,3,7,1,True,1,3,7,1,True,1,3,7,1,True,1,3,7,1
DAMIMAS_A21B_0056,train,15,4,0.4666666666666667,2,2,7,4,1,1,4,2,1,1,4,2,0,0,0,0,True,True,1,1,4,2,True,1,1,4,2,True,1,1,4,2,True,1,1,4,2,True,1,1,4,2,True,1,1,4,2
DAMIMAS_A21B_0057,train,24,4,0.4583333333333333,4,2,11,7,2,1,6,4,2,1,6,4,0,0,0,0,True,True,2,1,6,4,True,2,1,6,4,True,2,1,6,4,True,2,1,6,4,True,2,1,6,4,True,2,1,6,4
DAMIMAS_A21B_0058,train,16,4,0.4375,3,2,7,4,1,1,3,2,1,1,4,2,0,0,1,0,True,True,2,1,4,2,True,2,1,4,2,True,2,1,4,2,True,1,1,4,2,True,2,1,4,2,True,1,1,4,2
DAMIMAS_A21B_0059,test,10,4,0.5,3,2,5,0,1,1,2,0,1,1,3,0,0,0,1,0,True,True,2,1,3,0,True,2,1,3,0,True,2,1,3,0,True,1,1,3,0,True,2,1,3,0,True,1,1,3,0
DAMIMAS_A21B_0060,val,16,4,0.75,0,2,12,2,0,1,5,1,0,1,6,1,0,0,1,0,True,True,0,1,6,1,True,0,1,6,1,True,0,1,6,1,True,0,1,6,1,True,0,1,6,1,False,0,1,7,1
DAMIMAS_A21B_0061,train,21,4,0.8095238095238095,2,0,17,2,1,0,8,1,1,0,9,1,0,0,1,0,True,True,1,0,9,1,True,1,0,9,1,True,1,0,9,1,True,1,0,9,1,True,1,0,9,1,False,1,0,10,1
DAMIMAS_A21B_0062,train,16,4,0.4375,0,6,7,3,0,2,3,2,0,3,4,2,0,1,1,0,True,True,0,3,4,2,True,0,3,4,2,True,0,3,4,2,True,0,3,4,2,True,0,3,4,2,True,0,3,4,2
DAMIMAS_A21B_0063,val,16,4,0.625,4,2,10,0,2,1,5,0,2,1,5,0,0,0,0,0,True,True,2,1,5,0,True,2,1,5,0,True,2,1,5,0,True,2,1,5,0,True,2,1,5,0,True,2,1,5,0
DAMIMAS_A21B_0064,train,13,4,0.7692307692307693,0,3,10,0,0,1,5,0,0,2,5,0,0,1,0,0,True,True,0,2,5,0,True,0,2,5,0,True,0,2,5,0,True,0,2,5,0,True,0,2,5,0,True,0,2,5,0
DAMIMAS_A21B_0065,train,25,4,0.48,5,2,12,6,2,1,6,3,3,1,6,3,1,0,0,0,True,True,2,1,6,4,True,3,1,6,3,True,3,1,6,3,True,3,1,6,3,True,3,1,6,3,True,3,1,7,4
DAMIMAS_A21B_0066,train,27,4,0.37037037037037035,4,4,10,9,2,2,5,5,2,2,6,6,0,0,1,1,True,True,2,2,5,6,True,2,2,5,5,True,2,2,5,5,True,2,2,5,5,True,2,2,5,5,True,2,2,6,6
DAMIMAS_A21B_0067,train,25,4,0.52,7,2,13,3,3,1,7,1,4,1,7,2,1,0,0,1,True,True,4,1,7,2,True,4,1,7,2,True,4,1,7,2,True,4,1,7,2,True,4,1,7,2,True,4,1,8,2
DAMIMAS_A21B_0068,train,18,4,0.3333333333333333,2,7,6,3,1,4,3,2,1,4,3,2,0,0,0,0,True,True,1,4,3,2,True,1,4,3,2,True,1,4,3,2,True,1,4,3,2,True,1,4,3,2,True,1,4,3,2
DAMIMAS_A21B_0069,train,19,4,0.631578947368421,3,2,12,2,1,1,7,1,2,1,6,1,1,0,-1,0,True,True,2,1,6,1,True,2,1,6,1,True,2,1,6,1,True,2,1,6,1,True,2,1,6,1,True,2,1,7,1
DAMIMAS_A21B_0070,train,17,4,0.6470588235294118,0,0,11,6,0,0,5,3,0,0,6,3,0,0,1,0,True,True,0,0,6,4,True,0,0,6,3,True,0,0,6,3,True,0,0,6,3,True,0,0,6,3,True,0,0,6,4
DAMIMAS_A21B_0071,train,18,4,0.7222222222222222,2,3,13,0,1,1,6,0,1,2,7,0,0,1,1,0,True,True,1,2,7,0,True,1,2,7,0,True,1,2,7,0,True,1,2,7,0,True,1,2,7,0,True,1,2,7,0
DAMIMAS_A21B_0072,train,22,4,0.5454545454545454,2,6,12,2,1,3,6,1,1,3,6,1,0,0,0,0,True,True,1,3,6,1,True,1,3,6,1,True,1,3,6,1,True,1,3,6,1,True,1,3,6,1,True,1,3,7,1
DAMIMAS_A21B_0073,test,17,4,0.0,0,2,0,15,0,1,0,10,0,1,0,8,0,0,0,-2,False,True,0,1,0,9,False,0,1,0,8,False,0,1,0,8,False,0,1,0,8,False,0,1,0,8,True,0,1,0,9
DAMIMAS_A21B_0074,train,4,2,0.5,0,0,2,2,0,0,2,2,0,0,2,2,0,0,0,0,True,True,0,0,2,2,True,0,0,1,1,True,0,0,2,2,True,0,0,2,2,True,0,0,2,2,True,0,0,1,1
DAMIMAS_A21B_0075,train,31,4,0.6451612903225806,3,4,20,4,1,2,11,3,2,2,10,2,1,0,-1,-1,True,True,2,2,11,2,True,2,2,10,2,True,2,2,10,2,True,2,2,11,2,True,2,2,10,2,True,2,2,12,3
DAMIMAS_A21B_0076,test,22,4,0.2727272727272727,5,3,6,8,2,2,3,4,3,2,3,5,1,0,0,1,True,True,2,2,3,5,True,3,2,3,4,True,3,2,3,4,True,3,2,3,4,True,3,2,3,4,True,3,2,3,5
DAMIMAS_A21B_0077,train,17,4,0.7058823529411765,5,0,12,0,2,0,7,0,2,0,6,0,0,0,-1,0,True,True,2,0,6,0,True,3,0,6,0,True,3,0,6,0,True,2,0,6,0,True,3,0,6,0,True,2,0,7,0
DAMIMAS_A21B_0078,train,21,4,0.5714285714285714,2,5,12,2,1,2,6,2,1,3,6,1,0,1,0,-1,True,True,1,2,6,1,True,1,3,6,1,True,1,3,6,1,True,1,3,6,1,True,1,3,6,1,True,1,3,7,1
DAMIMAS_A21B_0079,train,26,4,0.7307692307692307,0,7,19,0,0,4,9,0,0,4,10,0,0,0,1,0,True,True,0,4,10,0,True,0,4,10,0,True,0,4,10,0,True,0,4,10,0,True,0,4,10,0,False,0,4,11,0
DAMIMAS_A21B_0080,train,20,4,0.3,2,4,6,8,1,2,3,5,1,2,3,4,0,0,0,-1,True,True,1,2,3,5,True,1,2,3,4,True,1,2,3,4,True,1,2,3,4,True,1,2,3,4,True,1,2,3,5
DAMIMAS_A21B_0081,train,22,4,0.45454545454545453,2,5,10,5,2,2,5,4,1,3,5,3,-1,1,0,-1,True,True,1,2,5,3,True,1,3,5,3,True,1,3,5,3,True,1,3,5,3,True,1,3,5,3,True,1,3,6,3
DAMIMAS_A21B_0082,train,13,4,0.46153846153846156,0,6,6,1,0,3,3,1,0,3,3,1,0,0,0,0,True,True,0,3,3,1,True,0,3,3,1,True,0,3,3,1,True,0,3,3,1,True,0,3,3,1,True,0,3,3,1
DAMIMAS_A21B_0083,train,21,4,0.7619047619047619,0,5,16,0,0,3,8,0,0,3,8,0,0,0,0,0,True,True,0,3,9,0,True,0,3,8,0,True,0,3,8,0,True,0,3,8,0,True,0,3,8,0,True,0,3,9,0
DAMIMAS_A21B_0084,train,11,4,1.0,0,0,11,0,0,0,5,0,0,0,6,0,0,0,1,0,True,True,0,0,6,0,True,0,0,6,0,True,0,0,6,0,True,0,0,6,0,True,0,0,6,0,True,0,0,6,0
DAMIMAS_A21B_0085,train,28,4,0.6071428571428571,0,6,17,5,0,2,9,3,0,3,9,3,0,1,0,0,True,True,0,3,9,3,True,0,3,9,3,True,0,3,9,3,True,0,3,9,3,True,0,3,9,3,False,0,4,10,3
DAMIMAS_A21B_0086,train,19,4,0.6842105263157895,2,2,13,2,1,1,6,1,1,1,7,1,0,0,1,0,True,True,1,1,7,1,True,1,1,7,1,True,1,1,7,1,True,1,1,7,1,True,1,1,7,1,True,1,1,7,1
DAMIMAS_A21B_0087,train,25,4,0.64,2,5,16,2,1,3,8,1,1,3,8,1,0,0,0,0,True,True,1,2,9,1,True,1,3,8,1,True,1,3,8,1,True,1,3,8,1,True,1,3,8,1,True,1,3,9,1
DAMIMAS_A21B_0088,test,20,4,0.5,0,8,10,2,0,4,5,1,0,4,5,1,0,0,0,0,True,True,0,4,5,1,True,0,4,5,1,True,0,4,5,1,True,0,4,5,1,True,0,4,5,1,True,0,5,6,1
DAMIMAS_A21B_0089,test,23,4,0.6086956521739131,0,2,14,7,0,1,7,3,0,1,8,4,0,0,1,1,True,True,0,1,8,4,True,0,1,8,4,True,0,1,8,4,True,0,1,8,4,True,0,1,8,4,True,0,1,8,4
DAMIMAS_A21B_0090,train,10,4,0.5,0,3,5,2,0,1,2,1,0,2,3,1,0,1,1,0,True,True,0,2,3,1,True,0,2,3,1,True,0,2,3,1,True,0,2,3,1,True,0,2,3,1,True,0,2,3,1
DAMIMAS_A21B_0091,train,20,4,0.7,0,6,14,0,0,3,7,0,0,3,7,0,0,0,0,0,True,True,0,3,8,0,True,0,3,7,0,True,0,3,7,0,True,0,3,7,0,True,0,3,7,0,True,0,3,8,0
DAMIMAS_A21B_0092,test,22,4,0.36363636363636365,0,8,8,6,0,4,5,3,0,4,4,3,0,0,-1,0,True,True,0,4,4,4,True,0,4,4,3,True,0,4,4,3,True,0,4,4,3,True,0,4,4,3,True,0,5,5,4
DAMIMAS_A21B_0093,train,18,4,0.7777777777777778,0,0,14,4,0,0,7,2,0,0,7,2,0,0,0,0,True,True,0,0,8,2,True,0,0,7,2,True,0,0,7,2,True,0,0,7,2,True,0,0,7,2,True,0,0,8,2
DAMIMAS_A21B_0094,test,27,4,0.5185185185185185,2,0,14,11,1,0,7,7,1,0,7,6,0,0,0,-1,True,True,1,0,8,7,True,1,0,7,6,True,1,0,7,6,True,1,0,7,6,True,1,0,7,6,True,1,0,8,7
DAMIMAS_A21B_0095,train,15,4,0.3333333333333333,2,8,5,0,1,4,3,0,1,4,3,0,0,0,0,0,True,True,1,4,3,0,True,1,4,3,0,True,1,4,3,0,True,1,4,3,0,True,1,4,3,0,True,1,4,3,0
DAMIMAS_A21B_0096,test,18,4,0.2222222222222222,4,0,4,10,2,0,2,6,2,0,2,5,0,0,0,-1,True,True,2,0,2,6,True,2,0,2,5,True,2,0,2,5,True,2,0,2,5,True,2,0,2,5,True,2,0,2,6
DAMIMAS_A21B_0097,train,22,4,0.5454545454545454,1,4,12,5,1,2,6,3,1,2,6,3,0,0,0,0,True,True,1,2,6,3,True,1,2,6,3,True,1,2,6,3,True,1,2,6,3,True,1,2,6,3,True,1,2,7,3
DAMIMAS_A21B_0098,train,19,4,0.42105263157894735,0,2,8,9,0,1,4,5,0,1,4,5,0,0,0,0,True,True,0,1,4,6,True,0,1,4,5,True,0,1,4,5,True,0,1,4,5,True,0,1,4,5,True,0,1,4,5
DAMIMAS_A21B_0099,train,24,4,0.375,5,8,9,2,2,4,5,1,3,5,5,1,1,1,0,0,True,True,2,4,5,1,True,3,4,5,1,True,3,4,5,1,True,3,4,5,1,True,3,4,5,1,True,3,5,5,1
DAMIMAS_A21B_0100,val,27,4,0.2962962962962963,2,4,8,13,1,2,5,7,1,2,4,7,0,0,-1,0,True,True,1,2,4,8,True,1,2,4,7,True,1,2,4,7,True,1,2,4,7,True,1,2,4,7,True,1,2,5,8
DAMIMAS_A21B_0101,train,15,4,0.4,2,7,6,0,1,3,3,0,1,4,3,0,0,1,0,0,True,True,1,4,3,0,True,1,4,3,0,True,1,4,3,0,True,1,4,3,0,True,1,4,3,0,True,1,4,3,0
DAMIMAS_A21B_0102,train,18,4,0.8888888888888888,0,0,16,2,0,0,7,1,0,0,8,1,0,0,1,0,True,False,0,0,9,1,True,0,0,8,1,True,0,0,8,1,True,0,0,8,1,True,0,0,8,1,False,0,0,9,1
DAMIMAS_A21B_0103,val,29,4,0.6896551724137931,1,8,20,0,1,5,11,0,1,4,11,0,0,-1,0,0,True,True,1,4,11,0,True,1,4,11,0,True,1,4,11,0,True,1,4,11,0,True,1,4,11,0,True,1,5,12,0
DAMIMAS_A21B_0104,train,27,4,0.3333333333333333,4,6,9,8,2,3,5,5,2,4,5,5,0,1,0,0,True,True,2,3,5,5,True,2,3,5,4,True,2,3,5,4,True,2,3,5,4,True,2,3,5,4,True,2,4,5,5
DAMIMAS_A21B_0105,train,21,4,0.6190476190476191,4,3,13,1,2,2,8,1,2,2,7,1,0,0,-1,0,True,True,2,2,7,1,True,2,2,7,1,True,2,2,7,1,True,2,2,7,1,True,2,2,7,1,True,2,2,7,1
DAMIMAS_A21B_0106,test,21,4,0.47619047619047616,4,0,10,7,2,0,5,4,2,0,5,4,0,0,0,0,True,True,2,0,5,4,True,2,0,5,4,True,2,0,5,4,True,2,0,5,4,True,2,0,5,4,True,2,0,6,4
DAMIMAS_A21B_0107,val,31,4,0.5483870967741935,6,6,17,2,3,4,10,2,3,3,9,1,0,-1,-1,-1,True,True,3,3,9,1,True,3,3,9,1,True,3,3,9,1,True,3,3,9,1,True,3,3,9,1,True,3,4,10,1
DAMIMAS_A21B_0108,train,17,4,0.4117647058823529,3,5,7,2,1,3,4,1,1,3,4,1,0,0,0,0,True,True,2,2,4,1,True,2,3,4,1,True,2,3,4,1,True,1,3,4,1,True,2,3,4,1,True,1,3,4,1
DAMIMAS_A21B_0109,train,20,4,0.45,2,5,9,4,1,2,5,3,1,3,5,2,0,1,0,-1,True,True,1,2,5,2,True,1,3,5,2,True,1,3,5,2,True,1,3,5,2,True,1,3,5,2,True,1,3,5,2
DAMIMAS_A21B_0110,train,8,4,0.375,0,0,3,5,0,0,2,2,0,0,2,3,0,0,0,1,True,True,0,0,2,3,True,0,0,2,3,True,0,0,2,3,True,0,0,2,3,True,0,0,2,3,True,0,0,2,3
DAMIMAS_A21B_0111,train,24,4,0.6666666666666666,0,2,16,6,0,1,8,3,0,1,8,3,0,0,0,0,True,True,0,1,9,4,True,0,1,8,3,True,0,1,8,3,True,0,1,8,3,True,0,1,8,3,True,0,1,9,4
DAMIMAS_A21B_0112,train,12,4,0.6666666666666666,0,4,8,0,0,2,4,0,0,2,4,0,0,0,0,0,True,True,0,2,4,0,True,0,2,4,0,True,0,2,4,0,True,0,2,4,0,True,0,2,4,0,True,0,2,4,0
DAMIMAS_A21B_0113,train,15,4,0.7333333333333333,0,2,11,2,0,1,6,1,0,1,6,1,0,0,0,0,True,True,0,1,6,1,True,0,1,6,1,True,0,1,6,1,True,0,1,6,1,True,0,1,6,1,True,0,1,6,1
DAMIMAS_A21B_0114,train,9,4,0.7777777777777778,0,2,7,0,0,1,3,0,0,1,4,0,0,0,1,0,True,True,0,1,4,0,True,0,1,4,0,True,0,1,4,0,True,0,1,4,0,True,0,1,4,0,True,0,1,4,0
DAMIMAS_A21B_0115,train,5,3,0.6,0,2,3,0,0,1,2,0,0,1,2,0,0,0,0,0,True,True,0,1,2,0,True,0,1,2,0,True,0,1,2,0,True,0,1,2,0,True,0,1,2,0,True,0,1,2,0
DAMIMAS_A21B_0116,val,25,4,0.48,0,4,12,9,0,2,5,5,0,2,6,5,0,0,1,0,True,True,0,2,6,6,True,0,2,6,5,True,0,2,6,5,True,0,2,6,5,True,0,2,6,5,False,0,2,7,6
DAMIMAS_A21B_0117,val,8,4,0.75,0,0,6,2,0,0,3,1,0,0,3,1,0,0,0,0,True,True,0,0,3,1,True,0,0,3,1,True,0,0,3,1,True,0,0,3,1,True,0,0,3,1,True,0,0,3,1
DAMIMAS_A21B_0118,train,20,4,0.2,3,2,4,11,1,1,2,7,2,1,2,6,1,0,0,-1,True,True,2,1,2,7,True,2,1,2,6,True,2,1,2,6,True,2,1,2,6,True,2,1,2,6,True,2,1,2,7
DAMIMAS_A21B_0119,train,19,4,0.2631578947368421,5,9,5,0,2,4,2,0,3,5,3,0,1,1,1,0,True,True,2,4,3,0,True,3,5,3,0,True,3,5,3,0,True,3,5,3,0,True,3,5,3,0,True,3,5,3,0
DAMIMAS_A21B_0120,train,9,4,0.2222222222222222,3,0,2,4,1,0,1,3,1,0,1,2,0,0,0,-1,True,True,2,0,1,2,True,2,0,1,2,True,2,0,1,2,True,1,0,1,2,True,2,0,1,2,True,1,0,1,2
DAMIMAS_A21B_0121,train,21,4,0.5714285714285714,0,6,12,3,0,3,5,2,0,3,6,2,0,0,1,0,True,True,0,3,6,2,True,0,3,6,2,True,0,3,6,2,True,0,3,6,2,True,0,3,6,2,False,0,3,7,2
DAMIMAS_A21B_0122,train,13,4,0.07692307692307693,2,2,1,8,1,1,1,5,1,1,1,4,0,0,0,-1,True,True,1,1,1,5,True,1,1,1,4,True,1,1,1,4,True,1,1,1,4,True,1,1,1,4,True,1,1,1,5
DAMIMAS_A21B_0123,train,17,4,0.35294117647058826,0,11,6,0,0,6,3,0,0,6,3,0,0,0,0,0,True,True,0,6,3,0,True,0,6,3,0,True,0,6,3,0,True,0,6,3,0,True,0,6,3,0,True,0,6,3,0
DAMIMAS_A21B_0124,train,20,4,0.7,0,2,14,4,0,1,6,2,0,1,7,2,0,0,1,0,True,False,0,1,8,2,True,0,1,7,2,True,0,1,7,2,True,0,1,7,2,True,0,1,7,2,False,0,1,8,2
DAMIMAS_A21B_0125,train,20,4,0.55,2,5,11,2,1,2,5,1,1,3,6,1,0,1,1,0,True,True,1,2,6,1,True,1,3,6,1,True,1,3,6,1,True,1,3,6,1,True,1,3,6,1,True,1,3,6,1
DAMIMAS_A21B_0126,train,22,4,0.4090909090909091,5,0,9,8,2,0,4,4,3,0,5,5,1,0,1,1,True,True,2,0,5,5,True,3,0,5,4,True,3,0,5,4,True,3,0,5,4,True,3,0,5,4,True,3,0,5,5
DAMIMAS_A21B_0127,train,23,4,0.4782608695652174,0,3,11,9,0,2,5,5,0,2,6,5,0,0,1,0,True,True,0,2,6,6,True,0,2,6,5,True,0,2,6,5,True,0,2,6,5,True,0,2,6,5,True,0,2,6,6
DAMIMAS_A21B_0128,train,17,4,0.5882352941176471,0,2,10,5,0,1,4,3,0,1,5,3,0,0,1,0,True,True,0,1,5,3,True,0,1,5,3,True,0,1,5,3,True,0,1,5,3,True,0,1,5,3,False,0,1,6,3
DAMIMAS_A21B_0129,train,10,4,0.8,0,0,8,2,0,0,4,1,0,0,4,1,0,0,0,0,True,True,0,0,4,1,True,0,0,4,1,True,0,0,4,1,True,0,0,4,1,True,0,0,4,1,True,0,0,4,1
DAMIMAS_A21B_0130,train,16,4,0.25,2,2,4,8,1,1,2,5,1,1,2,4,0,0,0,-1,True,True,1,1,2,5,True,1,1,2,4,True,1,1,2,4,True,1,1,2,4,True,1,1,2,4,True,1,1,2,5
DAMIMAS_A21B_0131,train,18,4,0.6666666666666666,0,2,12,4,0,1,6,2,0,1,6,2,0,0,0,0,True,True,0,1,6,2,True,0,1,6,2,True,0,1,6,2,True,0,1,6,2,True,0,1,6,2,True,0,1,7,2
DAMIMAS_A21B_0132,train,17,4,0.11764705882352941,3,2,2,10,1,1,1,6,1,1,1,5,0,0,0,-1,True,True,2,1,1,6,True,2,1,1,5,True,2,1,1,5,True,1,1,1,5,True,2,1,1,5,True,1,1,1,6
DAMIMAS_A21B_0133,train,21,4,0.8095238095238095,0,0,17,4,0,0,7,2,0,0,9,2,0,0,2,0,False,False,0,0,9,2,False,0,0,9,2,False,0,0,9,2,False,0,0,9,2,False,0,0,9,2,False,0,0,10,2
DAMIMAS_A21B_0134,train,15,4,0.6666666666666666,0,5,10,0,0,2,4,0,0,3,5,0,0,1,1,0,True,True,0,2,5,0,True,0,3,5,0,True,0,3,5,0,True,0,3,5,0,True,0,3,5,0,True,0,3,5,0
DAMIMAS_A21B_0135,train,22,4,0.2727272727272727,0,12,6,4,0,5,3,2,0,6,3,2,0,1,0,0,True,True,0,6,3,2,True,0,6,3,2,True,0,6,3,2,True,0,6,3,2,True,0,6,3,2,False,0,7,3,2
DAMIMAS_A21B_0136,train,22,4,0.6818181818181818,0,0,15,7,0,0,7,3,0,0,8,4,0,0,1,1,True,True,0,0,8,4,True,0,0,8,4,True,0,0,8,4,True,0,0,8,4,True,0,0,8,4,False,0,0,9,4
DAMIMAS_A21B_0137,train,20,4,0.85,0,3,17,0,0,2,8,0,0,2,9,0,0,0,1,0,True,True,0,2,9,0,True,0,2,9,0,True,0,2,9,0,True,0,2,9,0,True,0,2,9,0,False,0,2,10,0
DAMIMAS_A21B_0138,train,15,4,0.5333333333333333,0,3,8,4,0,1,3,2,0,2,4,2,0,1,1,0,True,True,0,2,4,2,True,0,2,4,2,True,0,2,4,2,True,0,2,4,2,True,0,2,4,2,True,0,2,4,2
DAMIMAS_A21B_0139,train,20,4,0.65,0,4,13,3,0,2,5,1,0,2,7,2,0,0,2,1,False,False,0,2,7,2,False,0,2,7,2,False,0,2,7,2,False,0,2,7,2,False,0,2,7,2,False,0,2,7,2
DAMIMAS_A21B_0140,train,27,4,0.2962962962962963,2,6,8,11,1,3,4,5,1,3,4,6,0,0,0,1,True,False,1,3,4,7,True,1,3,4,6,True,1,3,4,6,True,1,3,4,6,True,1,3,4,6,False,1,4,5,7
DAMIMAS_A21B_0141,train,22,4,0.7727272727272727,0,0,17,5,0,0,7,2,0,0,9,3,0,0,2,1,False,False,0,0,9,3,False,0,0,9,3,False,0,0,9,3,False,0,0,9,3,False,0,0,9,3,False,0,0,10,3
DAMIMAS_A21B_0142,train,9,4,0.6666666666666666,0,1,6,2,0,1,3,1,0,1,3,1,0,0,0,0,True,True,0,1,3,1,True,0,1,3,1,True,0,1,3,1,True,0,1,3,1,True,0,1,3,1,True,0,1,3,1
DAMIMAS_A21B_0143,train,19,4,0.8947368421052632,0,0,17,2,0,0,7,1,0,0,9,1,0,0,2,0,False,False,0,0,9,1,False,0,0,9,1,False,0,0,9,1,False,0,0,9,1,False,0,0,9,1,False,0,0,10,1
DAMIMAS_A21B_0144,val,19,4,0.6842105263157895,0,2,13,4,0,1,6,2,0,1,7,2,0,0,1,0,True,True,0,1,7,2,True,0,1,7,2,True,0,1,7,2,True,0,1,7,2,True,0,1,7,2,True,0,1,7,2
DAMIMAS_A21B_0145,val,20,4,0.5,2,0,10,8,1,0,5,4,1,0,5,4,0,0,0,0,True,True,1,0,5,5,True,1,0,5,4,True,1,0,5,4,True,1,0,5,4,True,1,0,5,4,True,1,0,6,5
DAMIMAS_A21B_0146,val,23,4,0.5217391304347826,0,7,12,4,0,3,6,2,0,4,6,2,0,1,0,0,True,True,0,4,6,2,True,0,4,6,2,True,0,4,6,2,True,0,4,6,2,True,0,4,6,2,True,0,4,7,3
DAMIMAS_A21B_0147,val,26,4,0.6923076923076923,0,4,18,4,0,2,8,2,0,2,9,2,0,0,1,0,True,False,0,2,10,2,True,0,2,9,2,True,0,2,9,2,False,0,2,10,2,True,0,2,9,2,False,0,2,11,3
DAMIMAS_A21B_0148,val,18,4,0.3333333333333333,0,6,6,6,0,3,3,3,0,3,3,3,0,0,0,0,True,True,0,3,3,4,True,0,3,3,3,True,0,3,3,3,True,0,3,3,3,True,0,3,3,3,True,0,3,3,4
DAMIMAS_A21B_0149,val,23,4,0.782608695652174,0,3,18,2,0,1,9,1,0,2,10,1,0,1,1,0,True,True,0,2,10,1,True,0,2,10,1,True,0,2,10,1,True,0,2,10,1,True,0,2,10,1,True,0,2,10,1
DAMIMAS_A21B_0150,val,27,4,0.5925925925925926,0,5,16,6,0,2,8,4,0,3,9,3,0,1,1,-1,True,True,0,2,9,4,True,0,3,8,3,True,0,3,8,3,True,0,3,9,3,True,0,3,8,3,False,0,3,10,4
DAMIMAS_A21B_0151,val,23,4,0.5652173913043478,0,2,13,8,0,1,5,4,0,1,7,4,0,0,2,0,False,False,0,1,7,5,False,0,1,7,4,False,0,1,7,4,False,0,1,7,4,False,0,1,7,4,False,0,1,8,5
DAMIMAS_A21B_0152,val,24,4,0.5416666666666666,0,5,13,6,0,2,5,3,0,3,7,3,0,1,2,0,False,False,0,2,7,4,False,0,3,7,3,False,0,3,7,3,False,0,3,7,3,False,0,3,7,3,False,0,3,8,4
DAMIMAS_A21B_0153,val,17,4,0.8823529411764706,0,0,15,2,0,0,7,1,0,0,8,1,0,0,1,0,True,True,0,0,8,1,True,0,0,8,1,True,0,0,8,1,True,0,0,8,1,True,0,0,8,1,True,0,0,8,1
DAMIMAS_A21B_0154,val,26,4,0.3076923076923077,0,4,8,14,0,2,4,7,0,2,4,8,0,0,0,1,True,False,0,2,4,9,True,0,2,4,7,True,0,2,4,7,True,0,2,4,8,True,0,2,4,7,False,0,2,5,9
DAMIMAS_A21B_0155,val,23,4,0.43478260869565216,1,7,10,5,1,3,5,3,1,4,5,3,0,1,0,0,True,True,1,4,5,3,True,1,4,5,3,True,1,4,5,3,True,1,4,5,3,True,1,4,5,3,True,1,4,6,3
DAMIMAS_A21B_0156,val,19,4,0.47368421052631576,1,3,9,6,1,1,4,3,1,2,5,3,0,1,1,0,True,True,1,2,5,4,True,1,2,5,3,True,1,2,5,3,True,1,2,5,3,True,1,2,5,3,True,1,2,5,4
DAMIMAS_A21B_0157,val,26,4,0.5,0,7,13,6,0,3,7,4,0,4,7,3,0,1,0,-1,True,True,0,4,7,4,True,0,4,7,3,True,0,4,7,3,True,0,4,7,3,True,0,4,7,3,True,0,4,8,4
DAMIMAS_A21B_0158,val,19,4,0.5263157894736842,0,4,10,5,0,2,5,3,0,2,5,3,0,0,0,0,True,True,0,2,5,3,True,0,2,5,3,True,0,2,5,3,True,0,2,5,3,True,0,2,5,3,True,0,2,6,3
DAMIMAS_A21B_0159,val,9,4,0.2222222222222222,1,0,2,6,1,0,1,3,1,0,1,3,0,0,0,0,True,True,1,0,1,4,True,1,0,1,3,True,1,0,1,3,True,1,0,1,3,True,1,0,1,3,True,0,0,1,3
DAMIMAS_A21B_0160,val,14,4,0.5,0,7,7,0,0,3,3,0,0,4,4,0,0,1,1,0,True,True,0,4,4,0,True,0,4,4,0,True,0,4,4,0,True,0,4,4,0,True,0,4,4,0,True,0,4,4,0
DAMIMAS_A21B_0161,val,24,4,0.7916666666666666,0,0,19,5,0,0,10,4,0,0,10,3,0,0,0,-1,True,True,0,0,10,3,True,0,0,10,3,True,0,0,10,3,True,0,0,10,3,True,0,0,10,3,True,0,0,11,3
DAMIMAS_A21B_0162,val,18,4,0.6666666666666666,0,0,12,6,0,0,4,4,0,0,7,3,0,0,3,-1,False,False,0,0,6,4,False,0,0,7,3,False,0,0,7,3,False,0,0,7,3,False,0,0,7,3,False,0,0,7,4
DAMIMAS_A21B_0163,val,32,4,0.53125,3,2,17,10,1,1,8,5,2,1,10,6,1,0,2,1,False,True,2,1,9,6,True,2,1,9,5,True,2,1,9,5,False,2,1,10,6,True,2,1,9,5,False,2,1,11,7
DAMIMAS_A21B_0164,val,24,4,0.5,0,2,12,10,0,1,6,5,0,1,6,5,0,0,0,0,True,True,0,1,6,6,True,0,1,6,5,True,0,1,6,5,True,0,1,6,5,True,0,1,6,5,True,0,1,7,6
DAMIMAS_A21B_0165,val,24,4,0.4583333333333333,0,7,11,6,0,3,5,3,0,4,6,3,0,1,1,0,True,True,0,4,6,4,True,0,4,6,3,True,0,4,6,3,True,0,4,6,3,True,0,4,6,3,True,0,4,6,4
DAMIMAS_A21B_0166,val,18,4,0.6111111111111112,2,3,11,2,1,1,6,2,1,2,6,2,0,1,0,0,True,True,1,2,6,2,True,1,2,6,1,True,1,2,6,2,True,1,2,6,2,True,1,2,6,2,True,1,2,6,1
DAMIMAS_A21B_0167,val,22,4,0.3181818181818182,4,5,7,6,2,2,4,3,2,3,4,4,0,1,0,1,True,True,2,2,4,4,True,2,3,4,3,True,2,3,4,3,True,2,3,4,3,True,2,3,4,3,True,2,3,4,4
DAMIMAS_A21B_0168,val,24,4,0.375,2,3,9,10,1,1,4,6,1,2,5,5,0,1,1,-1,True,True,1,2,5,6,True,1,2,5,5,True,1,2,5,5,True,1,2,5,5,True,1,2,5,5,True,1,2,5,6
DAMIMAS_A21B_0169,val,29,4,0.7241379310344828,0,2,21,6,0,1,12,3,0,1,11,3,0,0,-1,0,True,True,0,1,11,4,True,0,1,11,3,True,0,1,11,3,True,0,1,12,3,True,0,1,11,3,True,0,1,13,4
DAMIMAS_A21B_0170,val,26,4,0.38461538461538464,2,2,10,12,1,1,6,5,1,1,5,7,0,0,-1,2,False,False,1,1,5,8,True,1,1,5,6,True,1,1,5,6,False,1,1,5,7,True,1,1,5,6,False,1,1,6,8
DAMIMAS_A21B_0171,val,14,4,0.9285714285714286,0,0,13,1,0,0,7,1,0,0,7,1,0,0,0,0,True,True,0,0,7,1,True,0,0,7,1,True,0,0,7,1,True,0,0,7,1,True,0,0,7,1,True,0,0,7,1
DAMIMAS_A21B_0172,val,22,4,0.5454545454545454,2,0,12,8,1,0,6,4,1,0,6,4,0,0,0,0,True,True,1,0,6,5,True,1,0,6,4,True,1,0,6,4,True,1,0,6,4,True,1,0,6,4,True,1,0,7,5
DAMIMAS_A21B_0173,val,24,4,0.75,1,3,18,2,1,1,9,1,1,2,9,1,0,1,0,0,True,True,1,2,10,1,True,1,2,9,1,True,1,2,9,1,True,1,2,9,1,True,1,2,9,1,True,1,2,10,1
DAMIMAS_A21B_0174,val,28,4,0.6071428571428571,0,4,17,7,0,2,9,4,0,2,9,4,0,0,0,0,True,True,0,2,9,4,True,0,2,9,4,True,0,2,9,4,True,0,2,9,4,True,0,2,9,4,True,0,2,10,5
DAMIMAS_A21B_0175,val,23,4,0.6521739130434783,2,6,15,0,1,3,6,0,1,3,8,0,0,0,2,0,False,False,1,3,8,0,False,1,3,8,0,False,1,3,8,0,False,1,3,8,0,False,1,3,8,0,False,1,3,9,0
DAMIMAS_A21B_0176,val,19,4,0.42105263157894735,5,2,8,4,2,1,4,4,3,1,4,2,1,0,0,-2,False,False,2,1,4,2,False,3,1,4,2,False,3,1,4,2,False,3,1,4,2,False,3,1,4,2,False,3,1,4,2
DAMIMAS_A21B_0177,val,24,4,0.5416666666666666,0,6,13,5,0,4,10,3,0,3,7,3,0,-1,-3,0,False,False,0,3,7,3,False,0,3,7,3,False,0,3,7,3,False,0,3,7,3,False,0,3,7,3,False,0,4,8,3
DAMIMAS_A21B_0178,val,20,4,0.4,2,4,8,6,1,2,4,3,1,2,4,3,0,0,0,0,True,True,1,2,4,4,True,1,2,4,3,True,1,2,4,3,True,1,2,4,3,True,1,2,4,3,True,1,2,5,4
DAMIMAS_A21B_0179,val,22,4,0.5909090909090909,0,3,13,6,0,1,7,3,0,2,7,3,0,1,0,0,True,True,0,2,7,4,True,0,2,7,3,True,0,2,7,3,True,0,2,7,3,True,0,2,7,3,True,0,2,7,4
DAMIMAS_A21B_0180,val,24,4,0.5833333333333334,0,1,14,9,0,1,7,4,0,1,7,5,0,0,0,1,True,False,0,1,8,6,True,0,1,7,5,True,0,1,7,5,True,0,1,7,5,True,0,1,7,5,False,0,1,8,6
DAMIMAS_A21B_0181,val,21,4,0.7619047619047619,0,0,16,5,0,0,8,3,0,0,8,3,0,0,0,0,True,True,0,0,9,3,True,0,0,8,3,True,0,0,8,3,True,0,0,8,3,True,0,0,8,3,True,0,0,9,3
DAMIMAS_A21B_0182,val,20,4,0.5,0,7,10,3,0,3,5,2,0,4,5,2,0,1,0,0,True,True,0,4,5,2,True,0,4,5,2,True,0,4,5,2,True,0,4,5,2,True,0,4,5,2,True,0,4,6,2
DAMIMAS_A21B_0183,val,27,4,0.7407407407407407,0,5,20,2,0,3,10,1,0,3,10,1,0,0,0,0,True,True,0,2,11,1,True,0,3,10,1,True,0,3,10,1,True,0,3,11,1,True,0,3,10,1,False,0,3,12,1
DAMIMAS_A21B_0184,val,11,4,1.0,0,0,11,0,0,0,5,0,0,0,6,0,0,0,1,0,True,True,0,0,6,0,True,0,0,6,0,True,0,0,6,0,True,0,0,6,0,True,0,0,6,0,True,0,0,6,0
DAMIMAS_A21B_0185,val,22,4,0.5454545454545454,0,5,12,5,0,2,6,3,0,3,6,3,0,1,0,0,True,True,0,2,6,3,True,0,3,6,3,True,0,3,6,3,True,0,3,6,3,True,0,3,6,3,True,0,3,7,3
DAMIMAS_A21B_0186,val,15,4,0.8,0,3,12,0,0,1,6,0,0,2,6,0,0,1,0,0,True,True,0,2,6,0,True,0,2,6,0,True,0,2,6,0,True,0,2,6,0,True,0,2,6,0,True,0,2,7,0
DAMIMAS_A21B_0187,val,6,3,0.6666666666666666,0,2,4,0,0,1,3,0,0,1,2,0,0,0,-1,0,True,True,0,1,2,0,True,0,1,2,0,True,0,1,2,0,True,0,1,2,0,True,0,1,2,0,True,0,1,2,0
DAMIMAS_A21B_0188,val,12,4,0.5,0,4,6,2,0,2,3,1,0,2,3,1,0,0,0,0,True,True,0,2,3,1,True,0,2,3,1,True,0,2,3,1,True,0,2,3,1,True,0,2,3,1,True,0,2,3,1
DAMIMAS_A21B_0189,val,11,4,0.18181818181818182,0,9,2,0,0,4,1,0,0,5,1,0,0,1,0,0,True,True,0,4,1,0,True,0,5,1,0,True,0,5,1,0,True,0,5,1,0,True,0,5,1,0,True,0,5,1,0
DAMIMAS_A21B_0190,val,18,4,0.4444444444444444,0,8,8,2,0,4,4,1,0,4,4,1,0,0,0,0,True,True,0,4,4,1,True,0,4,4,1,True,0,4,4,1,True,0,4,4,1,True,0,4,4,1,True,0,4,4,1
DAMIMAS_A21B_0191,val,13,4,0.38461538461538464,0,8,5,0,0,5,3,0,0,4,3,0,0,-1,0,0,True,True,0,4,3,0,True,0,4,3,0,True,0,4,3,0,True,0,4,3,0,True,0,4,3,0,True,0,4,3,0
DAMIMAS_A21B_0192,val,12,4,1.0,0,0,12,0,0,0,6,0,0,0,6,0,0,0,0,0,True,True,0,0,6,0,True,0,0,6,0,True,0,0,6,0,True,0,0,6,0,True,0,0,6,0,True,0,0,6,0
DAMIMAS_A21B_0193,val,27,4,0.6296296296296297,0,0,17,10,0,0,8,6,0,0,9,5,0,0,1,-1,True,True,0,0,9,6,True,0,0,9,5,True,0,0,9,5,True,0,0,9,5,True,0,0,9,5,False,0,0,10,6
DAMIMAS_A21B_0194,test,13,4,0.8461538461538461,0,0,11,2,0,0,6,1,0,0,6,1,0,0,0,0,True,True,0,0,6,1,True,0,0,6,1,True,0,0,6,1,True,0,0,6,1,True,0,0,6,1,True,0,0,6,1
DAMIMAS_A21B_0195,test,19,4,0.5263157894736842,3,6,10,0,1,2,5,0,2,3,5,0,1,1,0,0,True,True,2,3,5,0,True,2,3,5,0,True,2,3,5,0,True,2,3,5,0,True,2,3,5,0,True,2,3,6,0
DAMIMAS_A21B_0196,test,14,4,0.35714285714285715,0,2,5,7,0,1,2,4,0,1,3,4,0,0,1,0,True,True,0,1,3,4,True,0,1,3,4,True,0,1,3,4,True,0,1,3,4,True,0,1,3,4,True,0,1,3,4
DAMIMAS_A21B_0197,test,18,4,0.7777777777777778,0,0,14,4,0,0,7,2,0,0,7,2,0,0,0,0,True,True,0,0,8,2,True,0,0,7,2,True,0,0,7,2,True,0,0,7,2,True,0,0,7,2,True,0,0,8,2
DAMIMAS_A21B_0198,test,19,4,0.6842105263157895,2,0,13,4,1,0,7,2,1,0,7,2,0,0,0,0,True,True,1,0,7,2,True,1,0,7,2,True,1,0,7,2,True,1,0,7,2,True,1,0,7,2,True,1,0,7,2
DAMIMAS_A21B_0199,test,21,4,0.7142857142857143,3,3,15,0,1,2,7,0,2,2,8,0,1,0,1,0,True,True,2,2,8,0,True,2,2,8,0,True,2,2,8,0,True,2,2,8,0,True,2,2,8,0,False,2,2,9,0
DAMIMAS_A21B_0200,test,12,4,0.5833333333333334,0,3,7,2,0,1,4,1,0,2,4,1,0,1,0,0,True,True,0,2,4,1,True,0,2,4,1,True,0,2,4,1,True,0,2,4,1,True,0,2,4,1,True,0,2,4,1
DAMIMAS_A21B_0201,test,21,4,0.7619047619047619,3,0,16,2,1,0,7,1,2,0,8,1,1,0,1,0,True,False,2,0,9,1,True,2,0,8,1,True,2,0,8,1,True,2,0,8,1,True,2,0,8,1,False,2,0,9,1
DAMIMAS_A21B_0202,test,9,4,0.5555555555555556,2,1,5,1,1,1,3,1,1,1,3,1,0,0,0,0,True,True,1,1,3,1,True,1,1,3,1,True,1,1,3,1,True,1,1,3,1,True,1,1,3,1,True,1,1,3,1
DAMIMAS_A21B_0203,test,13,4,0.9230769230769231,0,1,12,0,0,1,5,0,0,1,6,0,0,0,1,0,True,True,0,1,6,0,True,0,1,6,0,True,0,1,6,0,True,0,1,6,0,True,0,1,6,0,True,0,1,6,0
DAMIMAS_A21B_0204,test,19,4,0.6842105263157895,2,2,13,2,1,1,6,1,1,1,7,1,0,0,1,0,True,True,1,1,7,1,True,1,1,7,1,True,1,1,7,1,True,1,1,7,1,True,1,1,7,1,True,1,1,7,1
DAMIMAS_A21B_0205,test,15,4,1.0,0,0,15,0,0,0,7,0,0,0,8,0,0,0,1,0,True,True,0,0,8,0,True,0,0,8,0,True,0,0,8,0,True,0,0,8,0,True,0,0,8,0,True,0,0,8,0
DAMIMAS_A21B_0206,test,21,4,0.7142857142857143,0,5,15,1,0,2,7,1,0,3,8,1,0,1,1,0,True,True,0,2,8,1,True,0,3,8,1,True,0,3,8,1,True,0,3,8,1,True,0,3,8,1,False,0,3,9,1
DAMIMAS_A21B_0207,test,20,4,0.65,6,1,13,0,3,1,6,0,3,1,7,0,0,0,1,0,True,True,3,1,7,0,True,3,1,7,0,True,3,1,7,0,True,3,1,7,0,True,3,1,7,0,True,3,1,7,0
DAMIMAS_A21B_0208,test,22,4,0.6363636363636364,0,6,14,2,0,3,6,1,0,3,7,1,0,0,1,0,True,False,0,3,8,1,True,0,3,7,1,True,0,3,7,1,True,0,3,7,1,True,0,3,7,1,False,0,3,8,1
DAMIMAS_A21B_0209,test,17,4,0.7058823529411765,0,3,12,2,0,1,6,1,0,2,6,1,0,1,0,0,True,True,0,2,6,1,True,0,2,6,1,True,0,2,6,1,True,0,2,6,1,True,0,2,6,1,True,0,2,7,1
DAMIMAS_A21B_0210,test,20,4,0.7,2,2,14,2,1,1,7,1,1,1,7,1,0,0,0,0,True,True,1,1,8,1,True,1,1,7,1,True,1,1,7,1,True,1,1,7,1,True,1,1,7,1,True,1,1,8,1
DAMIMAS_A21B_0211,test,25,4,0.56,0,9,14,2,0,5,7,1,0,5,7,1,0,0,0,0,True,True,0,4,8,1,True,0,5,7,1,True,0,5,7,1,True,0,5,7,1,True,0,5,7,1,True,0,5,8,1
DAMIMAS_A21B_0212,test,17,4,0.5294117647058824,2,0,9,6,1,0,5,3,1,0,5,3,0,0,0,0,True,True,1,0,5,4,True,1,0,5,3,True,1,0,5,3,True,1,0,5,3,True,1,0,5,3,True,1,0,5,4
DAMIMAS_A21B_0213,test,21,4,0.6190476190476191,0,2,13,6,0,2,7,3,0,1,7,3,0,-1,0,0,True,True,0,1,7,4,True,0,1,7,3,True,0,1,7,3,True,0,1,7,3,True,0,1,7,3,True,0,1,7,4
DAMIMAS_A21B_0214,test,20,4,0.45,2,2,9,7,1,1,5,6,1,1,5,4,0,0,0,-2,False,False,1,1,5,4,False,1,1,5,4,False,1,1,5,4,False,1,1,5,4,False,1,1,5,4,False,1,1,5,4
DAMIMAS_A21B_0215,test,20,4,0.4,7,3,8,2,3,2,4,1,4,2,5,1,1,0,1,0,True,True,4,2,4,1,True,4,2,4,1,True,4,2,4,1,True,4,2,4,1,True,4,2,4,1,True,4,2,5,1
DAMIMAS_A21B_0216,test,21,4,0.5714285714285714,5,0,12,4,2,0,7,2,3,0,6,2,1,0,-1,0,True,True,2,0,6,2,True,3,0,6,2,True,3,0,6,2,True,3,0,6,2,True,3,0,6,2,True,3,0,7,2
DAMIMAS_A21B_0217,test,21,4,0.5714285714285714,2,5,12,2,1,2,7,1,1,3,6,1,0,1,-1,0,True,True,1,2,6,1,True,1,3,6,1,True,1,3,6,1,True,1,3,6,1,True,1,3,6,1,True,1,3,7,1
DAMIMAS_A21B_0218,test,19,4,0.15789473684210525,0,3,3,13,0,2,2,7,0,2,2,7,0,0,0,0,True,True,0,2,2,8,True,0,2,2,7,True,0,2,2,7,True,0,2,2,7,True,0,2,2,7,True,0,2,2,8
DAMIMAS_A21B_0219,test,22,4,0.5,4,3,11,4,2,2,6,2,2,2,6,2,0,0,0,0,True,True,2,2,6,2,True,2,2,6,2,True,2,2,6,2,True,2,2,6,2,True,2,2,6,2,True,2,2,6,2
DAMIMAS_A21B_0220,test,9,4,0.5555555555555556,0,4,5,0,0,2,3,0,0,2,3,0,0,0,0,0,True,True,0,2,3,0,True,0,2,3,0,True,0,2,3,0,True,0,2,3,0,True,0,2,3,0,True,0,2,3,0
DAMIMAS_A21B_0221,test,25,4,0.4,4,6,10,5,2,4,7,4,2,4,6,3,0,0,-1,-1,True,False,2,3,5,3,False,2,3,5,3,False,2,3,5,3,False,2,3,5,3,False,2,3,5,3,True,2,4,6,3
DAMIMAS_A21B_0222,test,21,4,0.42857142857142855,2,2,9,8,1,1,5,5,1,1,5,4,0,0,0,-1,True,True,1,1,5,5,True,1,1,5,4,True,1,1,5,4,True,1,1,5,4,True,1,1,5,4,True,1,1,5,5
DAMIMAS_A21B_0223,test,16,4,0.6875,1,4,11,0,1,3,7,0,1,2,6,0,0,-1,-1,0,True,True,1,2,6,0,True,1,2,6,0,True,1,2,6,0,True,1,2,6,0,True,1,2,6,0,True,0,2,6,0
DAMIMAS_A21B_0224,test,21,4,0.42857142857142855,3,5,9,4,1,2,5,2,2,3,5,2,1,1,0,0,True,True,2,2,5,2,True,2,3,5,2,True,2,3,5,2,True,2,3,5,2,True,2,3,5,2,True,2,3,5,2
DAMIMAS_A21B_0225,test,12,4,0.6666666666666666,2,2,8,0,1,1,4,0,1,1,4,0,0,0,0,0,True,True,1,1,4,0,True,1,1,4,0,True,1,1,4,0,True,1,1,4,0,True,1,1,4,0,True,1,1,4,0
DAMIMAS_A21B_0226,test,16,4,0.625,0,0,10,6,0,0,6,3,0,0,5,3,0,0,-1,0,True,True,0,0,5,4,True,0,0,5,3,True,0,0,5,3,True,0,0,5,3,True,0,0,5,3,True,0,0,5,4
DAMIMAS_A21B_0227,test,10,4,0.2,1,0,2,7,1,0,1,5,1,0,1,4,0,0,0,-1,True,True,1,0,1,4,True,1,0,1,4,True,1,0,1,4,True,1,0,1,4,True,1,0,1,4,True,0,0,1,4
DAMIMAS_A21B_0228,test,17,4,0.29411764705882354,3,3,5,6,2,2,3,4,1,2,3,4,-1,0,0,0,True,True,2,2,3,4,True,2,2,3,3,True,2,2,3,3,True,1,2,3,3,True,2,2,3,3,True,1,2,3,4
DAMIMAS_A21B_0229,test,22,4,0.6363636363636364,4,0,14,4,2,0,7,2,2,0,7,2,0,0,0,0,True,True,2,0,8,2,True,2,0,7,2,True,2,0,7,2,True,2,0,7,2,True,2,0,7,2,True,2,0,8,2
DAMIMAS_A21B_0230,train,0,0,0.0,0,0,0,0,0,0,0,0,0,0,0,0,0,0,0,0,True,True,0,0,0,0,True,0,0,0,0,True,0,0,0,0,True,0,0,0,0,True,0,0,0,0,True,0,0,0,0
DAMIMAS_A21B_0231,train,16,4,0.625,0,0,10,6,0,0,5,3,0,0,5,3,0,0,0,0,True,True,0,0,5,4,True,0,0,5,3,True,0,0,5,3,True,0,0,5,3,True,0,0,5,3,True,0,0,5,4
DAMIMAS_A21B_0232,test,9,3,0.4444444444444444,0,0,4,5,0,0,2,4,0,0,2,4,0,0,0,0,True,True,0,0,2,4,True,0,0,2,3,True,0,0,2,4,True,0,0,2,4,True,0,0,2,4,True,0,0,2,3
DAMIMAS_A21B_0233,test,23,4,0.6521739130434783,0,0,15,8,0,0,9,4,0,0,8,4,0,0,-1,0,True,True,0,0,8,5,True,0,0,8,4,True,0,0,8,4,True,0,0,8,4,True,0,0,8,4,True,0,0,9,5
DAMIMAS_A21B_0234,test,15,4,0.6666666666666666,0,0,10,5,0,0,6,5,0,0,5,3,0,0,-1,-2,False,False,0,0,5,3,False,0,0,5,3,False,0,0,5,3,False,0,0,5,3,False,0,0,5,3,False,0,0,5,3
DAMIMAS_A21B_0235,test,23,4,0.6956521739130435,0,6,16,1,0,3,8,1,0,3,8,1,0,0,0,0,True,True,0,3,9,1,True,0,3,8,1,True,0,3,8,1,True,0,3,8,1,True,0,3,8,1,True,0,3,9,1
DAMIMAS_A21B_0236,test,26,4,0.6153846153846154,0,6,16,4,0,3,8,3,0,3,9,2,0,0,1,-1,True,True,0,3,9,2,True,0,3,9,2,True,0,3,9,2,True,0,3,9,2,True,0,3,9,2,True,0,4,9,3
DAMIMAS_A21B_0237,test,20,4,0.45,3,6,9,2,1,2,3,1,2,3,5,1,1,1,2,0,False,False,2,3,5,1,False,2,3,5,1,False,2,3,5,1,False,2,3,5,1,False,2,3,5,1,False,2,3,5,1
DAMIMAS_A21B_0238,test,22,4,0.5,4,2,11,5,2,1,6,3,2,1,6,3,0,0,0,0,True,True,2,1,6,3,True,2,1,6,3,True,2,1,6,3,True,2,1,6,3,True,2,1,6,3,True,2,1,6,3
DAMIMAS_A21B_0239,test,16,4,0.5,0,8,8,0,0,4,4,0,0,4,4,0,0,0,0,0,True,True,0,4,4,0,True,0,4,4,0,True,0,4,4,0,True,0,4,4,0,True,0,4,4,0,True,0,4,4,0
DAMIMAS_A21B_0240,train,14,4,0.21428571428571427,0,10,3,1,0,5,2,1,0,5,2,1,0,0,0,0,True,True,0,5,2,1,True,0,5,2,1,True,0,5,2,1,True,0,5,2,1,True,0,5,2,1,True,0,5,2,1
DAMIMAS_A21B_0241,val,16,4,0.625,2,4,10,0,1,2,5,0,1,2,5,0,0,0,0,0,True,True,1,2,5,0,True,1,2,5,0,True,1,2,5,0,True,1,2,5,0,True,1,2,5,0,True,1,2,5,0
DAMIMAS_A21B_0242,train,15,4,0.6,0,4,9,2,0,2,5,1,0,2,5,1,0,0,0,0,True,True,0,2,5,1,True,0,2,5,1,True,0,2,5,1,True,0,2,5,1,True,0,2,5,1,True,0,2,5,1
DAMIMAS_A21B_0243,val,22,4,0.2727272727272727,3,12,6,1,1,4,3,1,2,7,3,1,1,3,0,0,False,False,2,6,3,1,False,2,6,3,1,False,2,6,3,1,False,2,6,3,1,False,2,6,3,1,False,2,7,3,1
DAMIMAS_A21B_0244,train,15,4,0.0,0,0,0,15,0,0,0,7,0,0,0,8,0,0,0,1,True,False,0,0,0,9,True,0,0,0,8,True,0,0,0,8,True,0,0,0,8,True,0,0,0,8,False,0,0,0,9
DAMIMAS_A21B_0245,train,10,4,0.4,0,0,4,6,0,0,3,2,0,0,2,3,0,0,-1,1,True,False,0,0,2,4,True,0,0,2,3,True,0,0,2,3,True,0,0,2,3,True,0,0,2,3,True,0,0,2,3
DAMIMAS_A21B_0246,test,22,4,0.36363636363636365,0,8,8,6,0,6,6,4,0,4,4,3,0,-2,-2,-1,False,False,0,4,4,4,False,0,4,4,3,False,0,4,4,3,False,0,4,4,3,False,0,4,4,3,True,0,5,5,4
DAMIMAS_A21B_0247,test,20,4,0.5,4,6,10,0,2,3,5,0,2,3,5,0,0,0,0,0,True,True,2,3,5,0,True,2,3,5,0,True,2,3,5,0,True,2,3,5,0,True,2,3,5,0,True,2,3,6,0
DAMIMAS_A21B_0248,train,18,4,0.5555555555555556,0,3,10,5,0,2,5,4,0,2,5,3,0,0,0,-1,True,True,0,2,5,3,True,0,2,5,3,True,0,2,5,3,True,0,2,5,3,True,0,2,5,3,True,0,2,6,3
DAMIMAS_A21B_0249,train,18,4,0.9444444444444444,0,1,17,0,0,1,9,0,0,1,9,0,0,0,0,0,True,True,0,1,9,0,True,0,1,9,0,True,0,1,9,0,True,0,1,9,0,True,0,1,9,0,True,0,1,9,0
DAMIMAS_A21B_0250,test,30,4,0.43333333333333335,3,1,13,13,2,1,8,8,2,1,7,8,0,0,-1,0,True,True,2,1,7,8,True,2,1,7,7,True,2,1,7,7,True,2,1,7,8,True,2,1,7,7,True,2,1,8,9
DAMIMAS_A21B_0251,train,22,4,0.45454545454545453,2,6,10,4,1,4,6,2,1,3,5,2,0,-1,-1,0,True,True,1,3,5,2,True,1,3,5,2,True,1,3,5,2,True,1,3,5,2,True,1,3,5,2,True,1,3,6,2
DAMIMAS_A21B_0252,train,15,4,0.7333333333333333,0,2,11,2,0,2,6,2,0,1,6,2,0,-1,0,0,True,True,0,1,6,2,True,0,1,6,1,True,0,1,6,2,True,0,1,6,2,True,0,1,6,2,True,0,1,6,1
DAMIMAS_A21B_0253,train,11,4,0.6363636363636364,0,4,7,0,0,2,4,0,0,2,4,0,0,0,0,0,True,True,0,2,4,0,True,0,2,4,0,True,0,2,4,0,True,0,2,4,0,True,0,2,4,0,True,0,2,4,0
DAMIMAS_A21B_0254,test,20,4,0.45,0,5,9,6,0,2,6,3,0,3,5,3,0,1,-1,0,True,True,0,2,5,4,True,0,3,5,3,True,0,3,5,3,True,0,3,5,3,True,0,3,5,3,True,0,3,5,4
DAMIMAS_A21B_0255,train,17,4,0.6470588235294118,1,3,11,2,1,2,6,1,1,2,6,1,0,0,0,0,True,True,1,2,6,1,True,1,2,6,1,True,1,2,6,1,True,1,2,6,1,True,1,2,6,1,True,0,2,6,1
DAMIMAS_A21B_0256,train,3,3,1.0,0,0,3,0,0,0,2,0,0,0,1,0,0,0,-1,0,True,True,0,0,2,0,True,0,0,2,0,True,0,0,2,0,True,0,0,1,0,True,0,0,2,0,True,0,0,1,0
DAMIMAS_A21B_0257,train,18,4,0.5,2,6,9,1,1,4,7,1,1,3,5,1,0,-1,-2,0,False,False,1,3,5,1,False,1,3,5,1,False,1,3,5,1,False,1,3,5,1,False,1,3,5,1,False,1,3,5,1
DAMIMAS_A21B_0258,train,17,4,0.5882352941176471,0,4,10,3,0,2,7,2,0,2,5,2,0,0,-2,0,False,False,0,2,5,2,False,0,2,5,2,False,0,2,5,2,False,0,2,5,2,False,0,2,5,2,True,0,2,6,2
DAMIMAS_A21B_0259,train,18,4,0.2777777777777778,2,11,5,0,1,8,3,0,1,6,3,0,0,-2,0,0,False,False,1,6,3,0,False,1,6,3,0,False,1,6,3,0,False,1,6,3,0,False,1,6,3,0,False,1,6,3,0
DAMIMAS_A21B_0260,train,20,4,0.3,2,10,6,2,1,5,3,2,1,5,3,1,0,0,0,-1,True,True,1,5,3,1,True,1,5,3,1,True,1,5,3,1,True,1,5,3,1,True,1,5,3,1,True,1,6,3,1
DAMIMAS_A21B_0261,train,27,4,0.25925925925925924,6,8,7,6,3,5,5,3,3,5,4,4,0,0,-1,1,True,True,3,4,4,4,True,3,4,4,3,True,3,4,4,3,True,3,4,4,3,True,3,4,4,3,True,3,5,4,4
DAMIMAS_A21B_0262,train,24,4,0.5833333333333334,4,3,14,3,2,2,7,2,2,2,8,2,0,0,1,0,True,True,2,2,8,2,True,2,2,8,2,True,2,2,8,2,True,2,2,8,2,True,2,2,8,2,True,2,2,8,2
DAMIMAS_A21B_0263,val,21,4,0.23809523809523808,0,14,5,2,0,7,3,1,0,7,3,1,0,0,0,0,True,True,0,7,3,1,True,0,7,3,1,True,0,7,3,1,True,0,7,3,1,True,0,7,3,1,True,0,8,3,1
DAMIMAS_A21B_0264,train,22,4,0.5909090909090909,6,3,13,0,3,2,7,0,3,2,7,0,0,0,0,0,True,True,3,2,7,0,True,3,2,7,0,True,3,2,7,0,True,3,2,7,0,True,3,2,7,0,True,3,2,7,0
DAMIMAS_A21B_0265,train,22,4,0.6818181818181818,2,3,15,2,1,2,8,1,1,2,8,1,0,0,0,0,True,True,1,2,8,1,True,1,2,8,1,True,1,2,8,1,True,1,2,8,1,True,1,2,8,1,True,1,2,9,1
DAMIMAS_A21B_0266,train,21,4,0.7142857142857143,4,2,15,0,2,1,9,0,2,1,8,0,0,0,-1,0,True,True,2,1,8,0,True,2,1,8,0,True,2,1,8,0,True,2,1,8,0,True,2,1,8,0,True,2,1,9,0
DAMIMAS_A21B_0267,train,21,4,0.3333333333333333,3,8,7,3,1,5,4,2,2,5,4,2,1,0,0,0,True,True,2,4,4,2,True,2,4,4,2,True,2,4,4,2,True,2,4,4,2,True,2,4,4,2,True,2,5,4,2
DAMIMAS_A21B_0268,train,28,4,0.25,4,8,7,9,2,6,5,6,2,5,4,6,0,-1,-1,0,True,False,2,4,4,6,False,2,4,4,5,False,2,4,4,5,False,2,4,4,5,False,2,4,4,5,True,2,5,4,6
DAMIMAS_A21B_0269,train,11,4,1.0,0,0,11,0,0,0,5,0,0,0,6,0,0,0,1,0,True,True,0,0,6,0,True,0,0,6,0,True,0,0,6,0,True,0,0,6,0,True,0,0,6,0,True,0,0,6,0
DAMIMAS_A21B_0270,test,16,4,0.6875,2,3,11,0,1,2,7,0,1,2,6,0,0,0,-1,0,True,True,1,2,6,0,True,1,2,6,0,True,1,2,6,0,True,1,2,6,0,True,1,2,6,0,True,1,2,6,0
DAMIMAS_A21B_0271,test,22,4,0.45454545454545453,0,9,10,3,0,6,6,3,0,5,5,2,0,-1,-1,-1,True,False,0,4,5,2,True,0,5,5,2,True,0,5,5,2,True,0,5,5,2,True,0,5,5,2,True,0,5,6,2
DAMIMAS_A21B_0272,val,17,4,0.5294117647058824,2,3,9,3,1,1,5,2,1,2,5,2,0,1,0,0,True,True,1,2,5,2,True,1,2,5,2,True,1,2,5,2,True,1,2,5,2,True,1,2,5,2,True,1,2,5,2
DAMIMAS_A21B_0273,train,16,4,0.875,0,2,14,0,0,1,6,0,0,1,7,0,0,0,1,0,True,False,0,1,8,0,True,0,1,7,0,True,0,1,7,0,True,0,1,7,0,True,0,1,7,0,False,0,1,8,0
DAMIMAS_A21B_0274,train,20,4,0.75,0,1,15,4,0,1,8,3,0,1,8,2,0,0,0,-1,True,True,0,1,8,2,True,0,1,8,2,True,0,1,8,2,True,0,1,8,2,True,0,1,8,2,True,0,1,8,2
DAMIMAS_A21B_0275,test,26,4,0.5,5,6,13,2,3,4,8,2,3,3,7,1,0,-1,-1,-1,True,True,2,3,7,1,True,3,3,7,1,True,3,3,7,1,True,3,3,7,1,True,3,3,7,1,True,3,4,8,1
DAMIMAS_A21B_0276,train,10,4,0.5,3,2,5,0,1,1,3,0,1,1,3,0,0,0,0,0,True,True,2,1,3,0,True,2,1,3,0,True,2,1,3,0,True,1,1,3,0,True,2,1,3,0,True,1,1,3,0
DAMIMAS_A21B_0277,val,17,4,0.47058823529411764,3,6,8,0,1,3,5,0,1,3,4,0,0,0,-1,0,True,True,2,3,4,0,True,2,3,4,0,True,2,3,4,0,True,1,3,4,0,True,2,3,4,0,True,1,3,4,0
DAMIMAS_A21B_0278,val,20,4,0.4,5,7,8,0,2,4,6,0,3,4,5,0,1,0,-1,0,True,False,2,4,4,0,False,3,4,4,0,False,3,4,4,0,False,3,4,4,0,False,3,4,4,0,True,3,4,5,0
DAMIMAS_A21B_0279,test,25,4,0.6,0,8,15,2,0,5,9,1,0,4,8,1,0,-1,-1,0,True,True,0,4,8,1,True,0,4,8,1,True,0,4,8,1,True,0,4,8,1,True,0,4,8,1,True,0,5,9,1
DAMIMAS_A21B_0280,test,20,4,0.3,4,4,6,6,2,3,4,4,2,2,3,4,0,-1,-1,0,True,True,2,2,3,4,True,2,2,3,3,True,2,2,3,3,True,2,2,3,3,True,2,2,3,3,True,2,2,3,4
DAMIMAS_A21B_0281,train,23,4,0.6521739130434783,0,0,15,8,0,0,10,5,0,0,8,4,0,0,-2,-1,False,False,0,0,8,5,False,0,0,8,4,False,0,0,8,4,False,0,0,8,4,False,0,0,8,4,True,0,0,9,5
DAMIMAS_A21B_0282,train,18,4,0.5555555555555556,8,0,10,0,4,0,6,0,4,0,5,0,0,0,-1,0,True,True,4,0,5,0,True,4,0,5,0,True,4,0,5,0,True,4,0,5,0,True,4,0,5,0,True,4,0,6,0
DAMIMAS_A21B_0283,val,20,4,0.65,4,1,13,2,2,1,7,1,2,1,7,1,0,0,0,0,True,True,2,1,7,1,True,2,1,7,1,True,2,1,7,1,True,2,1,7,1,True,2,1,7,1,True,2,1,7,1
DAMIMAS_A21B_0284,test,16,4,0.375,2,5,6,3,1,2,3,1,1,3,3,2,0,1,0,1,True,True,1,2,3,2,True,1,3,3,2,True,1,3,3,2,True,1,3,3,2,True,1,3,3,2,True,1,3,3,2
DAMIMAS_A21B_0285,train,32,4,0.375,8,4,12,8,4,2,7,5,5,3,7,5,1,1,0,0,True,True,4,2,6,5,True,4,2,6,4,True,4,2,6,4,True,4,2,6,4,True,4,2,6,4,True,5,3,7,5
DAMIMAS_A21B_0286,train,19,4,0.42105263157894735,3,5,8,3,1,3,5,1,2,3,4,2,1,0,-1,1,True,True,2,2,4,2,True,2,3,4,2,True,2,3,4,2,True,2,3,4,2,True,2,3,4,2,True,2,3,4,2
DAMIMAS_A21B_0287,train,14,4,0.0,6,8,0,0,2,3,0,0,3,4,0,0,1,1,0,0,True,True,3,4,0,0,True,3,4,0,0,True,3,4,0,0,True,3,4,0,0,True,3,4,0,0,True,3,4,0,0
DAMIMAS_A21B_0288,test,21,4,0.5238095238095238,1,3,11,6,1,2,6,4,1,2,6,3,0,0,0,-1,True,True,1,2,6,4,True,1,2,6,3,True,1,2,6,3,True,1,2,6,3,True,1,2,6,3,True,1,2,6,4
DAMIMAS_A21B_0289,val,14,4,0.6428571428571429,2,3,9,0,1,2,7,0,1,2,5,0,0,0,-2,0,False,False,1,2,5,0,False,1,2,5,0,False,1,2,5,0,False,1,2,5,0,False,1,2,5,0,False,1,2,5,0
DAMIMAS_A21B_0290,train,15,4,0.9333333333333333,0,1,14,0,0,1,7,0,0,1,7,0,0,0,0,0,True,True,0,1,8,0,True,0,1,7,0,True,0,1,7,0,True,0,1,7,0,True,0,1,7,0,True,0,1,8,0
DAMIMAS_A21B_0291,train,23,4,0.2608695652173913,5,8,6,4,3,5,5,3,3,5,3,3,0,0,-2,0,False,False,2,4,3,2,False,3,4,3,2,False,3,4,3,2,False,3,4,3,2,False,3,4,3,2,False,3,5,3,3
DAMIMAS_A21B_0292,train,24,4,0.5833333333333334,0,5,14,5,0,3,7,4,0,3,7,3,0,0,0,-1,True,True,0,2,8,3,True,0,3,7,3,True,0,3,7,3,True,0,3,7,3,True,0,3,7,3,True,0,3,8,3
DAMIMAS_A21B_0293,train,18,3,0.5555555555555556,0,2,10,6,0,2,7,4,0,1,5,3,0,-1,-2,-1,False,False,0,1,5,4,False,0,1,5,3,False,0,1,5,3,False,0,1,5,3,False,0,1,5,3,True,0,1,6,4
DAMIMAS_A21B_0294,test,24,4,0.7083333333333334,0,4,17,3,0,2,10,3,0,2,9,2,0,0,-1,-1,True,True,0,2,9,2,True,0,2,9,2,True,0,2,9,2,True,0,2,9,2,True,0,2,9,2,True,0,2,10,2
DAMIMAS_A21B_0295,train,17,4,0.6470588235294118,0,4,11,2,0,3,7,2,0,2,6,1,0,-1,-1,-1,True,True,0,2,6,1,True,0,2,6,1,True,0,2,6,1,True,0,2,6,1,True,0,2,6,1,True,0,2,6,1
DAMIMAS_A21B_0296,test,11,4,0.09090909090909091,2,8,1,0,1,3,1,0,1,4,1,0,0,1,0,0,True,True,1,4,1,0,True,1,4,1,0,True,1,4,1,0,True,1,4,1,0,True,1,4,1,0,True,1,4,1,0
DAMIMAS_A21B_0297,train,17,4,0.7647058823529411,0,0,13,4,0,0,7,2,0,0,7,2,0,0,0,0,True,True,0,0,7,2,True,0,0,7,2,True,0,0,7,2,True,0,0,7,2,True,0,0,7,2,True,0,0,7,2
DAMIMAS_A21B_0298,train,22,4,0.5454545454545454,4,0,12,6,1,0,6,3,2,0,6,3,1,0,0,0,True,True,2,0,6,4,True,2,0,6,3,True,2,0,6,3,True,2,0,6,3,True,2,0,6,3,True,2,0,7,4
DAMIMAS_A21B_0299,train,18,4,0.6666666666666666,3,3,12,0,1,2,6,0,2,2,6,0,1,0,0,0,True,True,2,2,6,0,True,2,2,6,0,True,2,2,6,0,True,2,2,6,0,True,2,2,6,0,True,2,2,7,0
DAMIMAS_A21B_0300,train,13,4,0.7692307692307693,1,0,10,2,1,0,5,2,1,0,5,1,0,0,0,-1,True,True,1,0,5,1,True,1,0,5,1,True,1,0,5,1,True,1,0,5,1,True,1,0,5,1,True,0,0,5,1
DAMIMAS_A21B_0301,train,20,4,0.75,1,1,15,3,1,1,9,2,1,1,8,2,0,0,-1,0,True,True,1,1,8,2,True,1,1,9,2,True,1,1,9,2,True,1,1,8,2,True,1,1,9,2,True,1,1,8,2
DAMIMAS_A21B_0302,test,15,4,0.7333333333333333,3,1,11,0,1,1,7,0,1,1,6,0,0,0,-1,0,True,True,2,1,6,0,True,2,1,6,0,True,2,1,6,0,True,1,1,6,0,True,2,1,6,0,True,1,1,6,0
DAMIMAS_A21B_0303,train,21,4,1.0,0,0,21,0,0,0,10,0,0,0,11,0,0,0,1,0,True,True,0,0,11,0,True,0,0,11,0,True,0,0,11,0,True,0,0,11,0,True,0,0,11,0,False,0,0,12,0
DAMIMAS_A21B_0304,test,18,4,0.5,0,1,9,8,0,1,4,4,0,1,5,4,0,0,1,0,True,True,0,1,5,5,True,0,1,5,4,True,0,1,5,4,True,0,1,5,4,True,0,1,5,4,True,0,1,5,5
DAMIMAS_A21B_0305,train,25,4,0.44,4,6,11,4,2,4,6,2,2,4,6,3,0,0,0,1,True,True,2,3,6,2,True,2,3,6,2,True,2,3,6,2,True,2,3,6,2,True,2,3,6,2,True,2,4,6,3
DAMIMAS_A21B_0306,train,9,4,0.7777777777777778,2,0,7,0,1,0,4,0,1,0,4,0,0,0,0,0,True,True,1,0,4,0,True,1,0,4,0,True,1,0,4,0,True,1,0,4,0,True,1,0,4,0,True,1,0,4,0
DAMIMAS_A21B_0307,train,14,4,0.7142857142857143,3,1,10,0,1,1,5,0,1,1,5,0,0,0,0,0,True,True,2,1,5,0,True,2,1,5,0,True,2,1,5,0,True,1,1,5,0,True,2,1,5,0,True,1,1,5,0
DAMIMAS_A21B_0308,val,15,4,0.4,2,2,6,5,1,1,3,3,1,1,3,3,0,0,0,0,True,True,1,1,3,3,True,1,1,3,3,True,1,1,3,3,True,1,1,3,3,True,1,1,3,3,True,1,1,3,3
DAMIMAS_A21B_0309,train,18,4,0.4444444444444444,5,2,8,3,1,2,4,2,3,1,4,2,2,-1,0,0,False,True,2,1,4,2,False,3,1,4,2,False,3,1,4,2,False,3,1,4,2,False,3,1,4,2,False,3,1,4,2
DAMIMAS_A21B_0310,train,20,4,0.85,3,0,17,0,1,0,9,0,2,0,9,0,1,0,0,0,True,True,2,0,9,0,True,2,0,9,0,True,2,0,9,0,True,2,0,9,0,True,2,0,9,0,True,2,0,10,0
DAMIMAS_A21B_0311,val,9,4,0.8888888888888888,0,1,8,0,0,1,2,0,0,1,4,0,0,0,2,0,False,False,0,1,4,0,False,0,1,4,0,False,0,1,4,0,False,0,1,4,0,False,0,1,4,0,False,0,1,4,0
DAMIMAS_A21B_0312,train,18,4,0.6666666666666666,0,2,12,4,0,1,6,2,0,1,6,2,0,0,0,0,True,True,0,1,6,2,True,0,1,6,2,True,0,1,6,2,True,0,1,6,2,True,0,1,6,2,True,0,1,7,2
DAMIMAS_A21B_0313,train,23,4,0.5217391304347826,5,2,12,4,2,1,7,2,3,1,6,2,1,0,-1,0,True,True,2,1,6,2,True,3,1,6,2,True,3,1,6,2,True,3,1,6,2,True,3,1,6,2,True,3,1,7,3
DAMIMAS_A21B_0314,train,22,4,0.7272727272727273,0,3,16,3,0,1,8,2,0,2,9,2,0,1,1,0,True,True,0,2,9,2,True,0,2,9,2,True,0,2,9,2,True,0,2,9,2,True,0,2,9,2,True,0,2,9,2
DAMIMAS_A21B_0315,train,25,4,0.48,2,11,12,0,1,8,7,0,1,6,6,0,0,-2,-1,0,False,False,1,6,6,0,False,1,6,6,0,False,1,6,6,0,False,1,6,6,0,False,1,6,6,0,False,1,6,7,0
DAMIMAS_A21B_0316,train,24,4,0.5,2,4,12,6,1,2,6,4,1,2,6,3,0,0,0,-1,True,True,1,2,6,4,True,1,2,6,3,True,1,2,6,3,True,1,2,6,3,True,1,2,6,3,True,1,2,7,4
DAMIMAS_A21B_0317,train,14,4,0.7857142857142857,0,3,11,0,0,1,6,0,0,2,6,0,0,1,0,0,True,True,0,2,6,0,True,0,2,6,0,True,0,2,6,0,True,0,2,6,0,True,0,2,6,0,True,0,2,6,0
DAMIMAS_A21B_0318,train,19,4,0.7894736842105263,0,0,15,4,0,0,8,4,0,0,8,2,0,0,0,-2,False,False,0,0,8,2,False,0,0,8,2,False,0,0,8,2,False,0,0,8,2,False,0,0,8,2,False,0,0,8,2
DAMIMAS_A21B_0319,train,15,4,0.6666666666666666,0,5,10,0,0,2,4,0,0,3,5,0,0,1,1,0,True,True,0,2,5,0,True,0,3,5,0,True,0,3,5,0,True,0,3,5,0,True,0,3,5,0,True,0,3,5,0
DAMIMAS_A21B_0320,train,24,4,0.4583333333333333,6,3,11,4,3,3,6,4,3,2,6,2,0,-1,0,-2,False,False,3,2,6,2,False,3,2,6,2,False,3,2,6,2,False,3,2,6,2,False,3,2,6,2,True,3,2,6,3
DAMIMAS_A21B_0321,test,21,4,0.5238095238095238,5,4,11,1,2,4,6,1,3,2,6,1,1,-2,0,0,False,False,2,2,6,1,False,3,2,6,1,False,3,2,6,1,False,3,2,6,1,False,3,2,6,1,False,3,2,6,1
DAMIMAS_A21B_0322,train,0,0,0.0,0,0,0,0,0,0,0,0,0,0,0,0,0,0,0,0,True,True,0,0,0,0,True,0,0,0,0,True,0,0,0,0,True,0,0,0,0,True,0,0,0,0,True,0,0,0,0
DAMIMAS_A21B_0323,test,13,4,1.0,0,0,13,0,0,0,3,0,0,0,7,0,0,0,4,0,False,False,0,0,7,0,False,0,0,7,0,False,0,0,7,0,False,0,0,7,0,False,0,0,7,0,False,0,0,7,0
DAMIMAS_A21B_0324,train,14,4,1.0,0,0,14,0,0,0,6,0,0,0,7,0,0,0,1,0,True,False,0,0,8,0,True,0,0,7,0,True,0,0,7,0,True,0,0,7,0,True,0,0,7,0,False,0,0,8,0
DAMIMAS_A21B_0325,test,17,4,0.5882352941176471,0,3,10,4,0,2,4,1,0,2,5,2,0,0,1,1,True,True,0,2,5,2,True,0,2,5,2,True,0,2,5,2,True,0,2,5,2,True,0,2,5,2,False,0,2,6,2
DAMIMAS_A21B_0326,train,10,4,0.7,0,0,7,3,0,0,5,2,0,0,4,2,0,0,-1,0,True,True,0,0,4,2,True,0,0,4,2,True,0,0,4,2,True,0,0,4,2,True,0,0,4,2,True,0,0,4,2
DAMIMAS_A21B_0327,train,12,4,0.6666666666666666,3,1,8,0,1,1,5,0,1,1,4,0,0,0,-1,0,True,True,2,1,4,0,True,2,1,4,0,True,2,1,4,0,True,1,1,4,0,True,2,1,4,0,True,1,1,4,0
DAMIMAS_A21B_0328,train,15,4,0.6,0,2,9,4,0,1,4,2,0,1,5,2,0,0,1,0,True,True,0,1,5,2,True,0,1,5,2,True,0,1,5,2,True,0,1,5,2,True,0,1,5,2,True,0,1,5,2
DAMIMAS_A21B_0329,train,8,4,0.5,4,0,4,0,1,0,2,0,2,0,2,0,1,0,0,0,True,True,2,0,2,0,True,2,0,2,0,True,2,0,2,0,True,2,0,2,0,True,2,0,2,0,True,2,0,2,0
DAMIMAS_A21B_0330,val,22,4,0.6818181818181818,5,2,15,0,2,1,8,0,3,1,8,0,1,0,0,0,True,True,2,1,8,0,True,3,1,8,0,True,3,1,8,0,True,3,1,8,0,True,3,1,8,0,True,3,1,9,0
DAMIMAS_A21B_0331,test,15,4,0.9333333333333333,0,1,14,0,0,1,6,0,0,1,7,0,0,0,1,0,True,False,0,1,8,0,True,0,1,7,0,True,0,1,7,0,True,0,1,7,0,True,0,1,7,0,False,0,1,8,0
DAMIMAS_A21B_0332,train,11,4,0.7272727272727273,0,0,8,3,0,0,4,2,0,0,4,2,0,0,0,0,True,True,0,0,4,2,True,0,0,4,2,True,0,0,4,2,True,0,0,4,2,True,0,0,4,2,True,0,0,4,2
DAMIMAS_A21B_0333,train,8,4,0.5,2,2,4,0,1,1,2,0,1,1,2,0,0,0,0,0,True,True,1,1,2,0,True,1,1,2,0,True,1,1,2,0,True,1,1,2,0,True,1,1,2,0,True,1,1,2,0
DAMIMAS_A21B_0334,train,21,4,0.6190476190476191,4,0,13,4,2,0,8,4,2,0,7,2,0,0,-1,-2,False,False,2,0,7,2,False,2,0,7,2,False,2,0,7,2,False,2,0,7,2,False,2,0,7,2,False,2,0,7,2
DAMIMAS_A21B_0335,train,13,4,0.46153846153846156,7,0,6,0,2,0,2,0,3,0,3,0,1,0,1,0,True,False,4,0,3,0,False,4,0,3,0,False,4,0,3,0,True,3,0,3,0,False,4,0,3,0,True,3,0,3,0
DAMIMAS_A21B_0336,train,22,4,0.5454545454545454,5,0,12,5,1,0,6,4,3,0,7,3,2,0,1,-1,False,True,2,0,6,3,False,3,0,7,3,False,3,0,7,3,False,3,0,7,3,False,3,0,7,3,False,3,0,7,3
DAMIMAS_A21B_0337,train,16,4,0.8125,0,0,13,3,0,0,6,2,0,0,7,2,0,0,1,0,True,True,0,0,7,2,True,0,0,7,2,True,0,0,7,2,True,0,0,7,2,True,0,0,7,2,True,0,0,7,2
DAMIMAS_A21B_0338,val,19,4,0.631578947368421,0,0,12,7,0,0,7,4,0,0,6,4,0,0,-1,0,True,True,0,0,6,4,True,0,0,6,4,True,0,0,6,4,True,0,0,6,4,True,0,0,6,4,True,0,0,7,4
DAMIMAS_A21B_0339,train,13,4,0.23076923076923078,5,5,3,0,2,3,3,0,2,3,2,0,0,0,-1,0,True,True,2,3,2,0,True,3,3,2,0,True,3,3,2,0,True,2,3,2,0,True,3,3,2,0,True,2,3,2,0
DAMIMAS_A21B_0340,train,7,4,0.2857142857142857,2,3,2,0,1,1,1,0,1,2,1,0,0,1,0,0,True,True,1,2,1,0,True,1,2,1,0,True,1,2,1,0,True,1,2,1,0,True,1,2,1,0,True,1,2,1,0
DAMIMAS_A21B_0341,train,21,4,0.8571428571428571,0,2,18,1,0,1,6,1,0,1,9,1,0,0,3,0,False,False,0,1,10,1,False,0,1,9,1,False,0,1,9,1,False,0,1,9,1,False,0,1,9,1,False,0,1,10,1
DAMIMAS_A21B_0342,val,25,4,0.4,0,8,10,7,0,2,4,4,0,4,5,4,0,2,1,0,False,False,0,4,5,4,False,0,4,5,4,False,0,4,5,4,False,0,4,5,4,False,0,4,5,4,False,0,5,6,4
DAMIMAS_A21B_0343,train,18,4,0.5,0,9,9,0,0,3,4,0,0,5,5,0,0,2,1,0,False,True,0,4,5,0,False,0,5,5,0,False,0,5,5,0,False,0,5,5,0,False,0,5,5,0,False,0,5,5,0
DAMIMAS_A21B_0344,val,21,4,0.6190476190476191,0,5,13,3,0,3,6,2,0,3,7,2,0,0,1,0,True,True,0,2,7,2,True,0,3,7,2,True,0,3,7,2,True,0,3,7,2,True,0,3,7,2,True,0,3,7,2
DAMIMAS_A21B_0345,train,16,4,0.5625,2,2,9,3,1,1,4,1,1,1,5,2,0,0,1,1,True,True,1,1,5,2,True,1,1,5,2,True,1,1,5,2,True,1,1,5,2,True,1,1,5,2,True,1,1,5,2
DAMIMAS_A21B_0346,test,23,4,0.5652173913043478,3,2,13,5,1,1,6,2,2,1,7,3,1,0,1,1,True,True,2,1,7,3,True,2,1,7,3,True,2,1,7,3,True,2,1,7,3,True,2,1,7,3,False,2,1,8,3
DAMIMAS_A21B_0347,train,18,4,0.5,5,3,9,1,2,2,4,1,3,2,5,1,1,0,1,0,True,True,2,2,5,1,True,3,2,5,1,True,3,2,5,1,True,3,2,5,1,True,3,2,5,1,True,3,2,5,1
DAMIMAS_A21B_0348,test,23,4,0.34782608695652173,6,0,8,9,2,0,4,7,3,0,5,6,1,0,1,-1,True,True,3,0,4,6,False,3,0,4,5,False,3,0,4,5,False,3,0,4,5,False,3,0,4,5,True,3,0,5,6
DAMIMAS_A21B_0349,val,9,4,0.3333333333333333,0,3,3,3,0,2,2,2,0,2,2,2,0,0,0,0,True,True,0,2,2,2,True,0,2,2,2,True,0,2,2,2,True,0,2,2,2,True,0,2,2,2,True,0,2,2,2
DAMIMAS_A21B_0350,train,10,3,0.5,3,2,5,0,1,2,3,0,1,1,3,0,0,-1,0,0,True,True,2,1,3,0,True,2,1,3,0,True,2,1,3,0,True,1,1,3,0,True,2,1,3,0,True,1,1,3,0
DAMIMAS_A21B_0351,train,24,4,0.5,4,7,12,1,2,4,6,1,2,4,6,1,0,0,0,0,True,True,2,4,6,1,True,2,4,6,1,True,2,4,6,1,True,2,4,6,1,True,2,4,6,1,True,2,4,7,1
DAMIMAS_A21B_0352,train,25,4,0.56,4,1,14,6,1,1,6,4,2,1,7,3,1,0,1,-1,True,False,2,1,8,4,True,2,1,7,3,True,2,1,7,3,True,2,1,7,3,True,2,1,7,3,False,2,1,8,4
DAMIMAS_A21B_0353,train,18,4,0.6666666666666666,5,1,12,0,2,1,5,0,3,1,6,0,1,0,1,0,True,True,2,1,6,0,True,3,1,6,0,True,3,1,6,0,True,3,1,6,0,True,3,1,6,0,False,3,1,7,0
DAMIMAS_A21B_0354,train,32,4,0.875,2,2,28,0,1,1,16,0,1,1,15,0,0,0,-1,0,True,True,1,1,15,0,True,1,1,15,0,True,1,1,15,0,True,1,1,16,0,True,1,1,15,0,True,1,1,17,0
DAMIMAS_A21B_0355,test,25,4,0.44,5,6,11,3,2,4,7,2,3,4,6,2,1,0,-1,0,True,True,2,3,6,2,True,3,3,6,2,True,3,3,6,2,True,3,3,6,2,True,3,3,6,2,True,3,4,6,2
DAMIMAS_A21B_0356,train,19,4,0.3157894736842105,2,8,6,3,1,3,3,2,1,4,3,2,0,1,0,0,True,True,1,4,3,2,True,1,4,3,2,True,1,4,3,2,True,1,4,3,2,True,1,4,3,2,True,1,4,3,2
DAMIMAS_A21B_0357,train,22,4,0.8181818181818182,0,2,18,2,0,1,9,2,0,1,9,1,0,0,0,-1,True,True,0,1,10,1,True,0,1,9,1,True,0,1,9,1,True,0,1,9,1,True,0,1,9,1,True,0,1,10,1
DAMIMAS_A21B_0358,train,28,4,0.7142857142857143,2,0,20,6,1,0,9,4,1,0,10,3,0,0,1,-1,True,False,1,0,11,4,True,1,0,10,3,True,1,0,10,3,False,1,0,11,3,True,1,0,10,3,False,1,0,12,4
DAMIMAS_A21B_0359,val,23,4,0.4782608695652174,6,2,11,4,2,2,5,2,3,1,6,2,1,-1,1,0,True,True,3,1,6,2,True,3,1,6,2,True,3,1,6,2,True,3,1,6,2,True,3,1,6,2,True,3,1,6,3
DAMIMAS_A21B_0360,train,30,4,0.26666666666666666,6,6,8,10,3,2,4,6,3,3,4,6,0,1,0,0,True,True,3,3,4,6,True,3,3,4,5,True,3,3,4,5,True,3,3,4,6,True,3,3,4,5,False,3,4,5,7
DAMIMAS_A21B_0361,train,24,4,0.5416666666666666,4,1,13,6,1,1,6,5,2,1,7,3,1,0,1,-2,False,True,2,1,7,4,False,2,1,7,3,False,2,1,7,3,False,2,1,7,3,False,2,1,7,3,False,2,1,8,4
DAMIMAS_A21B_0362,train,26,4,0.8846153846153846,0,0,23,3,0,0,5,2,0,0,12,2,0,0,7,0,False,False,0,0,12,2,False,0,0,12,2,False,0,0,12,2,False,0,0,13,2,False,0,0,12,2,False,0,0,14,2
DAMIMAS_A21B_0363,train,15,4,0.13333333333333333,0,11,2,2,0,5,1,2,0,6,1,2,0,1,0,0,True,True,0,6,1,2,True,0,6,1,1,True,0,6,1,2,True,0,6,1,2,True,0,6,1,2,True,0,6,1,1
DAMIMAS_A21B_0364,train,27,4,0.48148148148148145,5,6,13,3,2,3,6,2,3,3,7,2,1,0,1,0,True,True,2,3,7,2,True,3,3,7,2,True,3,3,7,2,True,3,3,7,2,True,3,3,7,2,False,3,4,8,2
DAMIMAS_A21B_0365,train,27,4,0.5925925925925926,4,3,16,4,2,2,9,3,2,2,9,2,0,0,0,-1,True,True,2,2,9,2,True,2,2,8,2,True,2,2,8,2,True,2,2,9,2,True,2,2,8,2,True,2,2,10,3
DAMIMAS_A21B_0366,train,15,4,0.8,0,0,12,3,0,0,5,2,0,0,6,2,0,0,1,0,True,True,0,0,6,2,True,0,0,6,2,True,0,0,6,2,True,0,0,6,2,True,0,0,6,2,False,0,0,7,2
DAMIMAS_A21B_0367,train,19,4,0.47368421052631576,0,8,9,2,0,4,6,2,0,4,5,1,0,0,-1,-1,True,True,0,4,5,1,True,0,4,5,1,True,0,4,5,1,True,0,4,5,1,True,0,4,5,1,True,0,4,5,1
DAMIMAS_A21B_0368,train,29,4,0.3793103448275862,6,5,11,7,3,3,6,4,3,3,7,5,0,0,1,1,True,True,3,2,6,4,True,3,3,6,4,True,3,3,6,4,True,3,3,6,4,True,3,3,6,4,True,3,3,7,5
DAMIMAS_A21B_0369,train,15,4,0.6666666666666666,2,0,10,3,1,0,4,2,1,0,5,2,0,0,1,0,True,True,1,0,5,2,True,1,0,5,2,True,1,0,5,2,True,1,0,5,2,True,1,0,5,2,True,1,0,5,2
DAMIMAS_A21B_0370,val,18,4,0.5555555555555556,5,0,10,3,2,0,6,2,3,0,5,2,1,0,-1,0,True,True,2,0,5,2,True,3,0,5,2,True,3,0,5,2,True,3,0,5,2,True,3,0,5,2,True,3,0,6,2
DAMIMAS_A21B_0371,train,21,4,0.6190476190476191,2,6,13,0,1,3,7,0,1,3,7,0,0,0,0,0,True,True,1,3,7,0,True,1,3,7,0,True,1,3,7,0,True,1,3,7,0,True,1,3,7,0,True,1,3,7,0
DAMIMAS_A21B_0372,val,19,4,0.47368421052631576,3,4,9,3,2,2,5,3,2,2,5,2,0,0,0,-1,True,True,2,2,5,2,True,2,2,5,2,True,2,2,5,2,True,2,2,5,2,True,2,2,5,2,True,2,2,5,2
DAMIMAS_A21B_0373,train,22,4,0.5909090909090909,7,0,13,2,3,0,7,2,4,0,7,1,1,0,0,-1,True,True,4,0,7,1,True,4,0,7,1,True,4,0,7,1,True,4,0,7,1,True,4,0,7,1,True,4,0,7,1
DAMIMAS_A21B_0374,train,28,4,0.7142857142857143,2,2,20,4,1,1,10,2,1,1,10,2,0,0,0,0,True,True,1,1,11,2,True,1,1,10,2,True,1,1,10,2,True,1,1,11,2,True,1,1,10,2,False,1,1,12,3
DAMIMAS_A21B_0375,val,20,4,0.4,2,10,8,0,1,6,4,0,1,5,4,0,0,-1,0,0,True,True,1,5,4,0,True,1,5,4,0,True,1,5,4,0,True,1,5,4,0,True,1,5,4,0,True,1,6,5,0
DAMIMAS_A21B_0376,train,19,4,0.7368421052631579,2,0,14,3,1,0,7,2,1,0,7,2,0,0,0,0,True,True,1,0,8,2,True,1,0,7,2,True,1,0,7,2,True,1,0,7,2,True,1,0,7,2,True,1,0,8,2
DAMIMAS_A21B_0377,train,15,4,0.8666666666666667,2,0,13,0,1,0,6,0,1,0,7,0,0,0,1,0,True,True,1,0,7,0,True,1,0,7,0,True,1,0,7,0,True,1,0,7,0,True,1,0,7,0,True,1,0,7,0
DAMIMAS_A21B_0378,test,27,4,0.5555555555555556,6,2,15,4,3,1,8,3,3,1,8,3,0,0,0,0,True,True,3,1,8,3,True,3,1,8,2,True,3,1,8,3,True,3,1,8,3,True,3,1,8,3,True,3,1,9,3
DAMIMAS_A21B_0379,train,9,4,0.4444444444444444,4,1,4,0,1,1,1,0,2,1,2,0,1,0,1,0,True,True,2,1,2,0,True,2,1,2,0,True,2,1,2,0,True,2,1,2,0,True,2,1,2,0,True,2,1,2,0
DAMIMAS_A21B_0380,test,24,4,0.3333333333333333,4,2,8,10,2,1,4,5,2,1,4,5,0,0,0,0,True,True,2,1,4,6,True,2,1,4,5,True,2,1,4,5,True,2,1,4,5,True,2,1,4,5,True,2,1,5,6
DAMIMAS_A21B_0381,test,22,4,0.5,6,0,11,5,3,0,7,4,3,0,6,3,0,0,-1,-1,True,True,3,0,6,3,True,3,0,6,3,True,3,0,6,3,True,3,0,6,3,True,3,0,6,3,True,3,0,6,3
DAMIMAS_A21B_0382,train,28,4,0.35714285714285715,6,0,10,12,3,0,5,8,3,0,5,7,0,0,0,-1,True,True,3,0,5,8,False,3,0,5,6,False,3,0,5,6,True,3,0,5,7,False,3,0,5,6,True,3,0,6,8
DAMIMAS_A21B_0383,train,24,4,0.25,4,10,6,4,2,6,4,2,2,6,3,3,0,0,-1,1,True,True,2,5,3,2,True,2,5,3,2,True,2,5,3,2,True,2,5,3,2,True,2,5,3,2,True,2,6,3,3
DAMIMAS_A21B_0384,train,26,4,0.38461538461538464,5,6,10,5,2,3,6,3,3,4,6,3,1,1,0,0,True,True,2,3,5,3,True,3,3,5,3,True,3,3,5,3,True,3,3,5,3,True,3,3,5,3,True,3,4,6,3
DAMIMAS_A21B_0385,test,26,4,0.5769230769230769,2,3,15,6,1,2,9,4,1,2,8,3,0,0,-1,-1,True,True,1,2,8,4,True,1,2,8,3,True,1,2,8,3,True,1,2,8,3,True,1,2,8,3,True,1,2,9,4
DAMIMAS_A21B_0386,train,7,3,0.5714285714285714,0,3,4,0,0,2,2,0,0,2,2,0,0,0,0,0,True,True,0,2,2,0,True,0,2,2,0,True,0,2,2,0,True,0,2,2,0,True,0,2,2,0,True,0,2,2,0
DAMIMAS_A21B_0387,train,15,4,0.06666666666666667,5,9,1,0,3,5,1,0,2,5,1,0,-1,0,0,0,True,True,2,4,1,0,True,3,5,1,0,True,3,5,1,0,True,2,5,1,0,True,3,5,1,0,True,2,5,1,0
DAMIMAS_A21B_0388,val,20,4,0.65,3,0,13,4,1,0,4,2,2,0,7,2,1,0,3,0,False,False,2,0,7,2,False,2,0,7,2,False,2,0,7,2,False,2,0,7,2,False,2,0,7,2,False,2,0,7,2
DAMIMAS_A21B_0389,train,25,4,0.64,0,5,16,4,0,3,11,3,0,3,8,2,0,0,-3,-1,False,False,0,2,9,2,False,0,3,8,2,False,0,3,8,2,False,0,3,8,2,False,0,3,8,2,False,0,3,9,3
DAMIMAS_A21B_0390,val,30,4,0.43333333333333335,2,4,13,11,1,3,7,7,1,2,7,6,0,-1,0,-1,True,True,1,2,7,7,True,1,2,7,6,True,1,2,7,6,True,1,2,7,6,True,1,2,7,6,True,1,2,8,7
DAMIMAS_A21B_0391,val,16,4,0.0625,4,11,1,0,2,7,1,0,2,6,1,0,0,-1,0,0,True,True,2,6,1,0,True,2,6,1,0,True,2,6,1,0,True,2,6,1,0,True,2,6,1,0,True,2,6,1,0
DAMIMAS_A21B_0392,val,24,4,0.25,3,10,6,5,2,5,3,3,2,6,3,3,0,1,0,0,True,True,2,5,3,3,True,2,5,3,3,True,2,5,3,3,True,2,5,3,3,True,2,5,3,3,True,2,6,3,3
DAMIMAS_A21B_0393,train,24,4,0.75,2,2,18,2,2,1,11,1,1,1,10,1,-1,0,-1,0,True,True,1,1,10,1,True,1,1,10,1,True,1,1,10,1,True,1,1,10,1,True,1,1,10,1,True,1,1,10,1
DAMIMAS_A21B_0394,train,24,4,0.5416666666666666,4,0,13,7,2,0,7,4,2,0,7,4,0,0,0,0,True,True,2,0,7,4,True,2,0,7,4,True,2,0,7,4,True,2,0,7,4,True,2,0,7,4,True,2,0,8,4
DAMIMAS_A21B_0395,train,21,4,0.23809523809523808,6,10,5,0,3,7,4,0,3,6,3,0,0,-1,-1,0,True,False,3,5,3,0,False,3,5,3,0,False,3,5,3,0,False,3,5,3,0,False,3,5,3,0,True,3,6,3,0
DAMIMAS_A21B_0396,train,25,4,0.4,6,5,10,4,3,3,6,4,3,3,6,3,0,0,0,-1,True,False,3,2,5,2,False,3,3,5,2,False,3,3,5,2,False,3,3,5,2,False,3,3,5,2,True,3,3,6,3
DAMIMAS_A21B_0397,train,19,4,0.47368421052631576,2,4,9,4,1,2,6,2,1,2,5,2,0,0,-1,0,True,True,1,2,5,2,True,1,2,5,2,True,1,2,5,2,True,1,2,5,2,True,1,2,5,2,True,1,2,5,2
DAMIMAS_A21B_0398,val,25,4,0.56,5,2,14,4,2,1,10,3,3,1,7,2,1,0,-3,-1,False,False,2,1,8,2,False,3,1,7,2,False,3,1,7,2,False,3,1,7,2,False,3,1,7,2,False,3,1,8,3
DAMIMAS_A21B_0399,train,17,4,0.17647058823529413,7,6,3,1,3,3,3,1,3,3,2,1,0,0,-1,0,True,True,4,3,2,1,True,4,3,2,1,True,4,3,2,1,True,3,3,2,1,True,4,3,2,1,True,3,3,2,1
DAMIMAS_A21B_0400,val,19,4,0.21052631578947367,0,8,4,7,0,4,2,4,0,4,2,4,0,0,0,0,True,True,0,4,2,4,True,0,4,2,4,True,0,4,2,4,True,0,4,2,4,True,0,4,2,4,True,0,4,2,4
DAMIMAS_A21B_0401,val,16,4,0.875,0,0,14,2,0,0,8,2,0,0,7,1,0,0,-1,-1,True,True,0,0,8,1,True,0,0,7,1,True,0,0,7,1,True,0,0,7,1,True,0,0,7,1,True,0,0,8,1
DAMIMAS_A21B_0402,test,18,4,0.7222222222222222,0,1,13,4,0,1,8,2,0,1,7,2,0,0,-1,0,True,True,0,1,7,2,True,0,1,7,2,True,0,1,7,2,True,0,1,7,2,True,0,1,7,2,True,0,1,7,2
DAMIMAS_A21B_0403,train,24,4,0.2916666666666667,4,9,7,4,2,5,4,3,2,5,4,3,0,0,0,0,True,True,2,4,4,2,True,2,5,4,2,True,2,5,4,2,True,2,5,4,2,True,2,5,4,2,True,2,5,4,3
DAMIMAS_A21B_0404,val,15,4,0.26666666666666666,7,4,4,0,3,3,3,0,3,2,2,0,0,-1,-1,0,True,True,4,2,2,0,True,4,2,2,0,True,4,2,2,0,True,3,2,2,0,True,4,2,2,0,True,3,2,2,0
DAMIMAS_A21B_0405,train,14,4,0.7142857142857143,1,2,10,1,1,1,6,1,1,1,5,1,0,0,-1,0,True,True,1,1,5,1,True,1,1,5,1,True,1,1,5,1,True,1,1,5,1,True,1,1,5,1,True,0,1,5,1
DAMIMAS_A21B_0406,train,17,4,0.6470588235294118,2,0,11,4,1,0,6,3,1,0,6,2,0,0,0,-1,True,True,1,0,6,2,True,1,0,6,2,True,1,0,6,2,True,1,0,6,2,True,1,0,6,2,True,1,0,6,2
DAMIMAS_A21B_0407,val,23,4,0.4782608695652174,4,6,11,2,2,4,7,1,2,3,6,1,0,-1,-1,0,True,True,2,3,6,1,True,2,3,6,1,True,2,3,6,1,True,2,3,6,1,True,2,3,6,1,True,2,3,6,1
DAMIMAS_A21B_0408,train,21,4,0.3333333333333333,5,9,7,0,2,6,3,0,3,5,4,0,1,-1,1,0,True,False,2,4,4,0,True,3,5,4,0,True,3,5,4,0,True,3,5,4,0,True,3,5,4,0,True,3,5,4,0
DAMIMAS_A21B_0409,test,16,4,0.625,6,0,10,0,3,0,6,0,3,0,5,0,0,0,-1,0,True,True,3,0,5,0,True,3,0,5,0,True,3,0,5,0,True,3,0,5,0,True,3,0,5,0,True,3,0,5,0
DAMIMAS_A21B_0410,train,31,4,0.6774193548387096,5,2,21,3,2,1,13,2,3,1,11,2,1,0,-2,0,False,False,2,1,11,2,False,3,1,11,2,False,3,1,11,2,True,3,1,12,2,False,3,1,11,2,True,3,1,13,2
DAMIMAS_A21B_0411,test,22,4,0.45454545454545453,5,7,10,0,2,4,5,0,3,4,5,0,1,0,0,0,True,True,2,4,5,0,True,3,4,5,0,True,3,4,5,0,True,3,4,5,0,True,3,4,5,0,True,3,4,6,0
DAMIMAS_A21B_0412,train,16,4,0.3125,2,9,5,0,1,5,2,0,1,5,3,0,0,0,1,0,True,True,1,4,3,0,True,1,5,3,0,True,1,5,3,0,True,1,5,3,0,True,1,5,3,0,True,1,5,3,0
DAMIMAS_A21B_0413,train,26,4,0.6153846153846154,2,4,16,4,1,2,9,3,1,2,9,2,0,0,0,-1,True,True,1,2,9,2,True,1,2,9,2,True,1,2,9,2,True,1,2,9,2,True,1,2,9,2,True,1,2,9,3
DAMIMAS_A21B_0414,train,14,4,1.0,0,0,14,0,0,0,5,0,0,0,7,0,0,0,2,0,False,False,0,0,8,0,False,0,0,7,0,False,0,0,7,0,False,0,0,7,0,False,0,0,7,0,False,0,0,8,0
DAMIMAS_A21B_0415,val,22,4,0.5,2,7,11,2,1,4,5,1,1,4,6,1,0,0,1,0,True,True,1,4,6,1,True,1,4,6,1,True,1,4,6,1,True,1,4,6,1,True,1,4,6,1,True,1,4,6,1
DAMIMAS_A21B_0416,train,25,4,0.4,3,8,10,4,2,4,5,3,2,5,6,3,0,1,1,0,True,True,2,4,5,2,True,2,4,5,2,True,2,4,5,2,True,2,4,5,2,True,2,4,5,2,True,2,5,6,3
DAMIMAS_A21B_0417,val,25,4,0.48,4,4,12,5,2,2,7,3,2,2,6,3,0,0,-1,0,True,True,2,2,6,3,True,2,2,6,3,True,2,2,6,3,True,2,2,6,3,True,2,2,6,3,True,2,2,7,3
DAMIMAS_A21B_0418,train,27,4,0.48148148148148145,0,2,13,12,0,1,7,8,0,1,7,7,0,0,0,-1,True,True,0,1,7,8,False,0,1,7,6,False,0,1,7,6,True,0,1,7,7,False,0,1,7,6,True,0,1,8,8
DAMIMAS_A21B_0419,test,23,4,0.5217391304347826,0,8,12,3,0,4,6,2,0,4,6,2,0,0,0,0,True,True,0,4,6,2,True,0,4,6,2,True,0,4,6,2,True,0,4,6,2,True,0,4,6,2,True,0,5,7,2
DAMIMAS_A21B_0420,val,6,4,0.6666666666666666,0,2,4,0,0,1,1,0,0,1,2,0,0,0,1,0,True,True,0,1,2,0,True,0,1,2,0,True,0,1,2,0,True,0,1,2,0,True,0,1,2,0,True,0,1,2,0
DAMIMAS_A21B_0421,train,0,0,0.0,0,0,0,0,0,0,0,0,0,0,0,0,0,0,0,0,True,True,0,0,0,0,True,0,0,0,0,True,0,0,0,0,True,0,0,0,0,True,0,0,0,0,True,0,0,0,0
DAMIMAS_A21B_0422,val,21,4,0.47619047619047616,3,0,10,8,2,0,5,4,2,0,5,4,0,0,0,0,True,True,2,0,5,5,True,2,0,5,4,True,2,0,5,4,True,2,0,5,4,True,2,0,5,4,True,2,0,6,5
DAMIMAS_A21B_0423,train,23,4,0.30434782608695654,4,9,7,3,2,5,5,2,2,5,4,2,0,0,-1,0,True,True,2,4,4,2,True,2,5,4,2,True,2,5,4,2,True,2,5,4,2,True,2,5,4,2,True,2,5,4,2
DAMIMAS_A21B_0424,train,15,4,0.3333333333333333,6,4,5,0,3,2,3,0,3,2,3,0,0,0,0,0,True,True,3,2,3,0,True,3,2,3,0,True,3,2,3,0,True,3,2,3,0,True,3,2,3,0,True,3,2,3,0
DAMIMAS_A21B_0425,train,20,4,0.7,0,4,14,2,0,3,8,1,0,2,7,1,0,-1,-1,0,True,True,0,2,8,1,True,0,2,7,1,True,0,2,7,1,True,0,2,7,1,True,0,2,7,1,True,0,2,8,1
DAMIMAS_A21B_0426,train,17,4,0.8235294117647058,0,0,14,3,0,0,8,2,0,0,8,2,0,0,0,0,True,True,0,0,8,2,True,0,0,8,2,True,0,0,8,2,True,0,0,8,2,True,0,0,8,2,True,0,0,8,2
DAMIMAS_A21B_0427,train,26,4,0.34615384615384615,1,15,9,1,1,8,5,1,1,8,5,1,0,0,0,0,True,True,1,8,5,1,True,1,8,5,1,True,1,8,5,1,True,1,8,5,1,True,1,8,5,1,True,1,9,5,1
DAMIMAS_A21B_0428,val,27,4,0.3333333333333333,6,5,9,7,3,3,5,4,3,3,5,5,0,0,0,1,True,True,3,2,5,4,True,3,3,5,4,True,3,3,5,4,True,3,3,5,4,True,3,3,5,4,True,3,3,5,5
DAMIMAS_A21B_0429,train,36,4,0.5,5,6,18,7,3,4,10,5,3,3,11,4,0,-1,1,-1,True,True,2,3,10,4,True,3,3,10,4,True,3,3,10,4,True,3,3,11,4,True,3,3,10,4,False,3,4,12,5
DAMIMAS_A21B_0430,train,22,4,0.6363636363636364,0,2,14,6,0,1,10,5,0,1,7,3,0,0,-3,-2,False,False,0,1,8,4,False,0,1,7,3,False,0,1,7,3,False,0,1,7,3,False,0,1,7,3,False,0,1,8,4
DAMIMAS_A21B_0431,train,17,4,0.7647058823529411,0,4,13,0,0,2,8,0,0,2,7,0,0,0,-1,0,True,True,0,2,7,0,True,0,2,7,0,True,0,2,7,0,True,0,2,7,0,True,0,2,7,0,True,0,2,7,0
DAMIMAS_A21B_0432,test,15,4,0.6,0,5,9,1,0,2,5,1,0,3,5,1,0,1,0,0,True,True,0,2,5,1,True,0,3,5,1,True,0,3,5,1,True,0,3,5,1,True,0,3,5,1,True,0,3,5,1
DAMIMAS_A21B_0433,train,20,4,0.7,4,2,14,0,2,1,8,0,2,1,7,0,0,0,-1,0,True,True,2,1,8,0,True,2,1,7,0,True,2,1,7,0,True,2,1,7,0,True,2,1,7,0,True,2,1,8,0
DAMIMAS_A21B_0434,train,24,4,0.6666666666666666,0,5,16,3,0,2,9,3,0,3,8,2,0,1,-1,-1,True,True,0,2,9,2,True,0,3,8,2,True,0,3,8,2,True,0,3,8,2,True,0,3,8,2,True,0,3,9,2
DAMIMAS_A21B_0435,train,17,4,0.4117647058823529,5,5,7,0,2,3,4,0,2,3,4,0,0,0,0,0,True,True,2,2,4,0,True,3,3,4,0,True,3,3,4,0,True,2,3,4,0,True,3,3,4,0,True,2,3,4,0
DAMIMAS_A21B_0436,train,22,4,0.3181818181818182,3,7,7,5,1,4,4,4,2,4,4,3,1,0,0,-1,True,True,2,4,4,3,True,2,4,4,3,True,2,4,4,3,True,2,4,4,3,True,2,4,4,3,True,2,4,4,3
DAMIMAS_A21B_0437,train,27,4,0.4444444444444444,6,3,12,6,3,3,8,5,3,2,7,4,0,-1,-1,-1,True,False,3,2,6,4,False,3,2,6,3,False,3,2,6,3,False,3,2,6,3,False,3,2,6,3,True,3,2,7,4
DAMIMAS_A21B_0438,val,27,4,0.5185185185185185,0,0,14,13,0,0,8,9,0,0,7,7,0,0,-1,-2,False,True,0,0,8,8,False,0,0,7,7,False,0,0,7,7,False,0,0,7,7,False,0,0,7,7,True,0,0,8,8
DAMIMAS_A21B_0439,train,10,4,0.1,2,7,1,0,1,4,1,0,1,4,1,0,0,0,0,0,True,True,1,4,1,0,True,1,4,1,0,True,1,4,1,0,True,1,4,1,0,True,1,4,1,0,True,1,4,1,0
DAMIMAS_A21B_0440,train,23,4,0.4782608695652174,0,6,11,6,0,4,8,4,0,3,6,3,0,-1,-2,-1,False,False,0,3,6,4,False,0,3,6,3,False,0,3,6,3,False,0,3,6,3,False,0,3,6,3,False,0,3,6,4
DAMIMAS_A21B_0441,train,21,4,0.5238095238095238,2,6,11,2,1,4,7,2,1,3,6,1,0,-1,-1,-1,True,True,1,3,6,1,True,1,3,6,1,True,1,3,6,1,True,1,3,6,1,True,1,3,6,1,True,1,3,6,1
DAMIMAS_A21B_0442,test,23,4,0.43478260869565216,0,2,10,11,0,1,7,7,0,1,5,6,0,0,-2,-1,False,False,0,1,5,7,False,0,1,5,6,False,0,1,5,6,False,0,1,5,6,False,0,1,5,6,True,0,1,6,7
DAMIMAS_A21B_0443,train,21,4,0.3333333333333333,2,9,7,3,1,6,5,2,1,5,4,2,0,-1,-1,0,True,False,1,4,4,2,True,1,5,4,2,True,1,5,4,2,True,1,5,4,2,True,1,5,4,2,True,1,5,4,2
DAMIMAS_A21B_0444,test,17,4,0.47058823529411764,4,0,8,5,2,0,5,3,2,0,4,3,0,0,-1,0,True,True,2,0,4,3,True,2,0,4,3,True,2,0,4,3,True,2,0,4,3,True,2,0,4,3,True,2,0,4,3
DAMIMAS_A21B_0445,train,19,4,0.3684210526315789,5,2,7,5,2,1,4,4,3,1,4,3,1,0,0,-1,True,True,2,1,4,3,True,3,1,4,3,True,3,1,4,3,True,3,1,4,3,True,3,1,4,3,True,3,1,4,3
DAMIMAS_A21B_0446,train,19,4,0.5789473684210527,5,2,11,1,2,1,7,1,3,1,6,1,1,0,-1,0,True,True,2,1,6,1,True,3,1,6,1,True,3,1,6,1,True,3,1,6,1,True,3,1,6,1,True,3,1,6,1
DAMIMAS_A21B_0447,train,23,4,0.391304347826087,0,10,9,4,0,7,7,3,0,5,5,2,0,-2,-2,-1,False,False,0,5,5,2,False,0,5,5,2,False,0,5,5,2,False,0,5,5,2,False,0,5,5,2,False,0,6,5,3
DAMIMAS_A21B_0448,train,18,4,0.3888888888888889,2,5,7,4,1,3,5,3,1,3,4,2,0,0,-1,-1,True,True,1,2,4,2,True,1,3,4,2,True,1,3,4,2,True,1,3,4,2,True,1,3,4,2,True,1,3,4,2
DAMIMAS_A21B_0449,test,23,4,0.782608695652174,0,4,18,1,0,2,11,1,0,2,9,1,0,0,-2,0,False,True,0,2,10,1,False,0,2,9,1,False,0,2,9,1,False,0,2,9,1,False,0,2,9,1,True,0,2,10,1
DAMIMAS_A21B_0450,train,25,4,0.4,3,1,10,11,1,1,7,7,2,1,5,6,1,0,-2,-1,False,False,2,1,5,7,False,2,1,5,6,False,2,1,5,6,False,2,1,5,6,False,2,1,5,6,True,2,1,6,7
DAMIMAS_A21B_0451,train,17,4,0.23529411764705882,2,9,4,2,1,4,3,1,1,5,2,1,0,1,-1,0,True,True,1,4,2,1,True,1,5,2,1,True,1,5,2,1,True,1,5,2,1,True,1,5,2,1,True,1,5,2,1
DAMIMAS_A21B_0452,train,22,4,0.18181818181818182,8,1,4,9,4,1,3,6,4,1,2,6,0,0,-1,0,True,True,4,1,2,6,True,4,1,2,5,True,4,1,2,5,True,4,1,2,5,True,4,1,2,5,True,4,1,2,6
DAMIMAS_A21B_0453,train,19,4,0.5263157894736842,4,2,10,3,2,1,5,1,2,1,5,2,0,0,0,1,True,True,2,1,5,2,True,2,1,5,2,True,2,1,5,2,True,2,1,5,2,True,2,1,5,2,True,2,1,6,2
DAMIMAS_A21B_0454,train,23,4,0.2608695652173913,0,5,6,12,0,2,4,8,0,3,3,7,0,1,-1,-1,True,True,0,2,3,8,False,0,3,3,6,False,0,3,3,6,True,0,3,3,7,False,0,3,3,6,True,0,3,3,8
DAMIMAS_A21B_0455,val,21,4,0.38095238095238093,0,11,8,2,0,6,5,1,0,6,4,1,0,0,-1,0,True,True,0,6,4,1,True,0,6,4,1,True,0,6,4,1,True,0,6,4,1,True,0,6,4,1,True,0,6,5,1
DAMIMAS_A21B_0456,test,21,4,0.38095238095238093,4,3,8,6,2,2,4,3,2,2,5,4,0,0,1,1,True,True,2,2,4,4,True,2,2,4,3,True,2,2,4,3,True,2,2,4,3,True,2,2,4,3,True,2,2,5,4
DAMIMAS_A21B_0457,train,27,4,0.48148148148148145,4,5,13,5,2,3,8,4,2,3,7,3,0,0,-1,-1,True,True,2,2,7,3,True,2,3,7,3,True,2,3,7,3,True,2,3,7,3,True,2,3,7,3,True,2,3,8,3
DAMIMAS_A21B_0458,train,21,4,0.47619047619047616,0,6,10,5,0,3,6,3,0,3,5,3,0,0,-1,0,True,True,0,3,5,3,True,0,3,5,3,True,0,3,5,3,True,0,3,5,3,True,0,3,5,3,True,0,3,6,3
DAMIMAS_A21B_0459,train,18,4,0.2222222222222222,7,7,4,0,3,3,2,0,4,4,2,0,1,1,0,0,True,True,4,4,2,0,True,4,4,2,0,True,4,4,2,0,True,4,4,2,0,True,4,4,2,0,True,4,4,2,0
DAMIMAS_A21B_0460,train,26,4,0.3076923076923077,7,5,8,6,4,3,4,4,4,3,5,4,0,0,1,0,True,True,4,2,4,4,True,4,3,4,3,True,4,3,4,3,True,4,3,4,3,True,4,3,4,3,True,4,3,5,4
DAMIMAS_A21B_0461,val,18,4,0.7222222222222222,0,5,13,0,0,3,8,0,0,3,7,0,0,0,-1,0,True,True,0,2,7,0,True,0,3,7,0,True,0,3,7,0,True,0,3,7,0,True,0,3,7,0,True,0,3,7,0
DAMIMAS_A21B_0462,train,20,4,0.55,6,0,11,3,3,0,5,3,3,0,6,2,0,0,1,-1,True,True,3,0,6,2,True,3,0,6,2,True,3,0,6,2,True,3,0,6,2,True,3,0,6,2,True,3,0,6,2
DAMIMAS_A21B_0463,train,20,4,0.35,3,9,7,1,1,5,4,1,2,5,4,1,1,0,0,0,True,True,2,4,4,1,True,2,5,4,1,True,2,5,4,1,True,2,5,4,1,True,2,5,4,1,True,2,5,4,1
DAMIMAS_A21B_0464,train,15,4,0.26666666666666666,5,3,4,3,3,2,2,2,2,2,2,2,-1,0,0,0,True,True,2,2,2,2,True,3,2,2,2,True,3,2,2,2,True,2,2,2,2,True,3,2,2,2,True,2,2,2,2
DAMIMAS_A21B_0465,train,13,4,0.3076923076923077,5,3,4,1,2,1,3,1,2,2,2,1,0,1,-1,0,True,True,2,2,2,1,True,3,2,2,1,True,3,2,2,1,True,2,2,2,1,True,3,2,2,1,True,2,2,2,1
DAMIMAS_A21B_0466,train,11,4,0.5454545454545454,0,0,6,5,0,0,4,3,0,0,3,3,0,0,-1,0,True,True,0,0,3,3,True,0,0,3,3,True,0,0,3,3,True,0,0,3,3,True,0,0,3,3,True,0,0,3,3
DAMIMAS_A21B_0467,train,17,4,0.47058823529411764,4,4,8,1,2,3,5,1,2,2,4,1,0,-1,-1,0,True,True,2,2,4,1,True,2,2,4,1,True,2,2,4,1,True,2,2,4,1,True,2,2,4,1,True,2,2,4,1
DAMIMAS_A21B_0468,train,20,4,0.2,5,4,4,7,3,2,3,5,3,2,2,4,0,0,-1,-1,True,True,2,2,2,4,True,3,2,2,4,True,3,2,2,4,True,3,2,2,4,True,3,2,2,4,True,3,2,2,4
DAMIMAS_A21B_0469,train,21,4,0.5238095238095238,0,6,11,4,0,3,7,3,0,3,6,2,0,0,-1,-1,True,True,0,3,6,2,True,0,3,6,2,True,0,3,6,2,True,0,3,6,2,True,0,3,6,2,True,0,3,6,2
DAMIMAS_A21B_0470,train,22,4,0.45454545454545453,7,1,10,4,3,1,5,2,4,1,5,2,1,0,0,0,True,True,4,1,5,2,True,4,1,5,2,True,4,1,5,2,True,4,1,5,2,True,4,1,5,2,True,4,1,6,2
DAMIMAS_A21B_0471,val,26,4,0.38461538461538464,4,8,10,4,2,6,6,2,2,5,6,3,0,-1,0,1,True,False,2,4,5,2,False,2,4,5,2,False,2,4,5,2,False,2,4,5,2,False,2,4,5,2,True,2,5,6,3
DAMIMAS_A21B_0472,val,23,4,0.34782608695652173,0,7,8,8,0,4,6,5,0,4,4,4,0,0,-2,-1,False,False,0,4,4,5,False,0,4,4,4,False,0,4,4,4,False,0,4,4,4,False,0,4,4,4,True,0,4,5,5
DAMIMAS_A21B_0473,train,11,4,0.45454545454545453,3,3,5,0,1,2,3,0,1,2,3,0,0,0,0,0,True,True,2,2,3,0,True,2,2,3,0,True,2,2,3,0,True,1,2,3,0,True,2,2,3,0,True,1,2,3,0
DAMIMAS_A21B_0474,train,21,4,0.19047619047619047,4,5,4,8,2,3,2,5,2,3,2,5,0,0,0,0,True,True,2,2,2,5,True,2,3,2,4,True,2,3,2,4,True,2,3,2,4,True,2,3,2,4,True,2,3,2,5
DAMIMAS_A21B_0475,test,20,4,0.3,0,11,6,3,0,7,4,2,0,6,3,2,0,-1,-1,0,True,True,0,6,3,2,True,0,6,3,2,True,0,6,3,2,True,0,6,3,2,True,0,6,3,2,True,0,6,3,2
DAMIMAS_A21B_0476,train,17,4,0.47058823529411764,0,6,8,3,0,4,5,2,0,3,4,2,0,-1,-1,0,True,True,0,3,4,2,True,0,3,4,2,True,0,3,4,2,True,0,3,4,2,True,0,3,4,2,True,0,3,4,2
DAMIMAS_A21B_0477,val,10,4,1.0,0,0,10,0,0,0,5,0,0,0,5,0,0,0,0,0,True,True,0,0,5,0,True,0,0,5,0,True,0,0,5,0,True,0,0,5,0,True,0,0,5,0,True,0,0,5,0
DAMIMAS_A21B_0478,train,27,4,0.2222222222222222,6,4,6,11,3,2,3,6,3,2,3,6,0,0,0,0,True,True,3,2,3,7,True,3,2,3,6,True,3,2,3,6,True,3,2,3,6,True,3,2,3,6,True,3,2,4,7
DAMIMAS_A21B_0479,val,21,4,0.3333333333333333,2,9,7,3,1,4,3,2,1,5,4,2,0,1,1,0,True,True,1,4,4,2,True,1,5,4,2,True,1,5,4,2,True,1,5,4,2,True,1,5,4,2,True,1,5,4,2
DAMIMAS_A21B_0480,train,24,4,0.4166666666666667,4,4,10,6,2,2,5,4,2,2,6,4,0,0,1,0,True,True,2,2,5,4,True,2,2,5,3,True,2,2,5,3,True,2,2,5,3,True,2,2,5,3,True,2,2,6,4
DAMIMAS_A21B_0481,train,13,4,0.46153846153846156,2,4,6,1,1,2,3,1,1,2,3,1,0,0,0,0,True,True,1,2,3,1,True,1,2,3,1,True,1,2,3,1,True,1,2,3,1,True,1,2,3,1,True,1,2,3,1
DAMIMAS_A21B_0482,train,23,4,0.2608695652173913,2,6,6,9,1,3,4,5,1,3,3,5,0,0,-1,0,True,True,1,3,3,6,True,1,3,3,5,True,1,3,3,5,True,1,3,3,5,True,1,3,3,5,True,1,3,3,6
DAMIMAS_A21B_0483,train,20,4,0.25,4,9,5,2,2,5,3,2,2,5,3,1,0,0,0,-1,True,True,2,4,3,1,True,2,5,3,1,True,2,5,3,1,True,2,5,3,1,True,2,5,3,1,True,2,5,3,1
DAMIMAS_A21B_0484,train,18,4,0.16666666666666666,2,8,3,5,1,4,2,3,1,4,2,3,0,0,0,0,True,True,1,4,2,3,True,1,4,2,3,True,1,4,2,3,True,1,4,2,3,True,1,4,2,3,True,1,4,2,3
DAMIMAS_A21B_0485,val,20,4,0.6,2,5,12,1,1,2,6,1,1,3,6,1,0,1,0,0,True,True,1,2,6,1,True,1,3,6,1,True,1,3,6,1,True,1,3,6,1,True,1,3,6,1,True,1,3,7,1
DAMIMAS_A21B_0486,train,22,4,0.3181818181818182,3,3,7,9,1,1,3,4,2,2,4,6,1,1,1,2,False,False,2,2,4,6,True,2,2,4,5,True,2,2,4,5,True,2,2,4,5,True,2,2,4,5,False,2,2,4,6
DAMIMAS_A21B_0487,train,20,4,0.55,0,7,11,2,0,3,5,1,0,4,6,1,0,1,1,0,True,True,0,4,6,1,True,0,4,6,1,True,0,4,6,1,True,0,4,6,1,True,0,4,6,1,True,0,4,6,1
DAMIMAS_A21B_0488,train,17,4,0.17647058823529413,0,8,3,6,0,4,2,4,0,4,2,3,0,0,0,-1,True,True,0,4,2,4,True,0,4,2,3,True,0,4,2,3,True,0,4,2,3,True,0,4,2,3,True,0,4,2,4
DAMIMAS_A21B_0489,val,20,4,0.85,0,0,17,3,0,0,8,2,0,0,9,2,0,0,1,0,True,True,0,0,9,2,True,0,0,9,2,True,0,0,9,2,True,0,0,9,2,True,0,0,9,2,False,0,0,10,2
DAMIMAS_A21B_0490,test,26,4,0.3076923076923077,7,2,8,9,3,1,4,5,4,1,5,6,1,0,1,1,True,True,4,1,4,6,True,4,1,4,5,True,4,1,4,5,True,4,1,4,5,True,4,1,4,5,True,4,1,5,6
DAMIMAS_A21B_0491,train,20,4,0.35,5,8,7,0,3,4,5,0,3,5,4,0,0,1,-1,0,True,True,3,4,4,0,True,3,4,4,0,True,3,4,4,0,True,3,4,4,0,True,3,4,4,0,True,3,5,4,0
DAMIMAS_A21B_0492,test,19,4,0.2631578947368421,3,5,5,6,2,3,4,4,2,3,3,4,0,0,-1,0,True,True,2,2,3,4,True,2,3,3,3,True,2,3,3,3,True,2,3,3,3,True,2,3,3,3,True,2,3,3,4
DAMIMAS_A21B_0493,train,19,4,0.3684210526315789,2,6,7,4,1,3,4,2,1,3,4,2,0,0,0,0,True,True,1,3,4,2,True,1,3,4,2,True,1,3,4,2,True,1,3,4,2,True,1,3,4,2,True,1,3,4,2
DAMIMAS_A21B_0494,train,25,4,0.28,3,4,7,11,2,2,5,8,2,2,4,6,0,0,-1,-2,False,True,2,2,4,7,False,2,2,4,6,False,2,2,4,6,False,2,2,4,6,False,2,2,4,6,True,2,2,4,7
DAMIMAS_A21B_0495,train,18,4,0.5,2,7,9,0,1,4,5,0,1,4,5,0,0,0,0,0,True,True,1,4,5,0,True,1,4,5,0,True,1,4,5,0,True,1,4,5,0,True,1,4,5,0,True,1,4,5,0
DAMIMAS_A21B_0496,train,19,4,0.15789473684210525,3,6,3,7,2,4,2,4,2,3,2,4,0,-1,0,0,True,True,2,3,2,4,True,2,3,2,4,True,2,3,2,4,True,2,3,2,4,True,2,3,2,4,True,2,3,2,4
DAMIMAS_A21B_0497,test,26,4,0.5,2,5,13,6,1,4,9,4,1,3,7,3,0,-1,-2,-1,False,False,1,2,7,4,False,1,3,7,3,False,1,3,7,3,False,1,3,7,3,False,1,3,7,3,True,1,3,8,4
DAMIMAS_A21B_0498,train,28,4,0.21428571428571427,8,1,6,13,4,1,4,8,4,1,3,7,0,0,-1,-1,True,True,4,1,3,8,True,4,1,3,7,True,4,1,3,7,True,4,1,3,7,True,4,1,3,7,True,4,1,4,8
DAMIMAS_A21B_0499,train,23,4,0.391304347826087,5,6,9,3,2,3,5,2,3,3,5,2,1,0,0,0,True,True,2,3,5,2,True,3,3,5,2,True,3,3,5,2,True,3,3,5,2,True,3,3,5,2,True,3,3,5,2
DAMIMAS_A21B_0500,train,19,4,0.21052631578947367,6,6,4,3,3,3,3,2,3,3,2,2,0,0,-1,0,True,True,3,3,2,2,True,3,3,2,2,True,3,3,2,2,True,3,3,2,2,True,3,3,2,2,True,3,3,2,2
DAMIMAS_A21B_0501,train,25,4,0.44,4,5,11,5,2,2,6,2,2,3,6,3,0,1,0,1,True,True,2,2,6,3,True,2,3,6,3,True,2,3,6,3,True,2,3,6,3,True,2,3,6,3,True,2,3,6,3
DAMIMAS_A21B_0502,train,28,4,0.35714285714285715,0,7,10,11,0,3,5,6,0,4,5,6,0,1,0,0,True,True,0,4,5,7,True,0,4,5,6,True,0,4,5,6,True,0,4,5,6,True,0,4,5,6,True,0,4,6,7
DAMIMAS_A21B_0503,train,27,4,0.3333333333333333,3,10,9,5,2,4,5,3,2,6,5,3,0,2,0,0,False,True,2,5,5,3,True,2,5,5,3,True,2,5,5,3,True,2,5,5,3,True,2,5,5,3,False,2,6,5,3
DAMIMAS_A21B_0504,val,22,4,0.2727272727272727,2,8,6,6,1,4,3,3,1,4,3,3,0,0,0,0,True,True,1,4,3,4,True,1,4,3,3,True,1,4,3,3,True,1,4,3,3,True,1,4,3,3,True,1,5,3,4
DAMIMAS_A21B_0505,test,21,4,0.5238095238095238,2,0,11,8,1,0,6,5,1,0,6,4,0,0,0,-1,True,True,1,0,6,5,True,1,0,6,4,True,1,0,6,4,True,1,0,6,4,True,1,0,6,4,True,1,0,6,5
DAMIMAS_A21B_0506,train,33,4,0.24242424242424243,7,4,8,14,3,2,5,8,4,2,4,9,1,0,-1,1,True,True,4,2,4,9,True,4,2,4,8,True,4,2,4,8,True,4,2,4,9,True,4,2,4,8,False,4,3,5,10
DAMIMAS_A21B_0507,train,17,4,0.47058823529411764,0,9,8,0,0,5,4,0,0,5,4,0,0,0,0,0,True,True,0,4,4,0,True,0,5,4,0,True,0,5,4,0,True,0,5,4,0,True,0,5,4,0,True,0,5,4,0
DAMIMAS_A21B_0508,train,22,4,0.36363636363636365,1,11,8,2,1,6,5,2,1,6,4,1,0,0,-1,-1,True,True,1,6,4,1,True,1,6,4,1,True,1,6,4,1,True,1,6,4,1,True,1,6,4,1,True,1,6,5,1
DAMIMAS_A21B_0509,train,17,4,0.5294117647058824,2,3,9,3,1,2,5,2,1,2,5,2,0,0,0,0,True,True,1,2,5,2,True,1,2,5,2,True,1,2,5,2,True,1,2,5,2,True,1,2,5,2,True,1,2,5,2
DAMIMAS_A21B_0510,test,22,4,0.5454545454545454,0,5,12,5,0,2,6,3,0,3,7,3,0,1,1,0,True,True,0,2,6,3,True,0,3,7,3,True,0,3,7,3,True,0,3,7,3,True,0,3,7,3,True,0,3,7,3
DAMIMAS_A21B_0511,train,23,4,0.2608695652173913,7,9,6,1,3,5,3,1,4,5,3,1,1,0,0,0,True,True,4,4,3,1,True,4,5,3,1,True,4,5,3,1,True,4,5,3,1,True,4,5,3,1,True,4,5,3,1
DAMIMAS_A21B_0512,val,25,4,0.36,3,6,9,7,1,3,5,4,2,4,5,4,1,1,0,0,True,True,2,3,5,4,True,2,3,5,4,True,2,3,5,4,True,2,3,5,4,True,2,3,5,4,True,2,4,5,4
DAMIMAS_A21B_0513,train,13,4,0.8461538461538461,0,2,11,0,0,1,6,0,0,1,6,0,0,0,0,0,True,True,0,1,6,0,True,0,1,6,0,True,0,1,6,0,True,0,1,6,0,True,0,1,6,0,True,0,1,6,0
DAMIMAS_A21B_0514,train,22,4,0.6818181818181818,0,0,15,7,0,0,9,5,0,0,8,4,0,0,-1,-1,True,True,0,0,8,4,True,0,0,8,4,True,0,0,8,4,True,0,0,8,4,True,0,0,8,4,True,0,0,9,4
DAMIMAS_A21B_0515,train,24,4,0.375,4,8,9,3,2,4,5,2,2,5,5,2,0,1,0,0,True,True,2,4,5,2,True,2,4,5,2,True,2,4,5,2,True,2,4,5,2,True,2,4,5,2,True,2,5,5,2
DAMIMAS_A21B_0516,val,14,4,0.2857142857142857,2,4,4,4,1,2,2,2,1,2,2,2,0,0,0,0,True,True,1,2,2,2,True,1,2,2,2,True,1,2,2,2,True,1,2,2,2,True,1,2,2,2,True,1,2,2,2
DAMIMAS_A21B_0517,train,22,4,0.45454545454545453,4,1,10,7,2,1,6,4,2,1,5,4,0,0,-1,0,True,True,2,1,5,4,True,2,1,5,4,True,2,1,5,4,True,2,1,5,4,True,2,1,5,4,True,2,1,6,4
DAMIMAS_A21B_0518,val,29,4,0.4482758620689655,2,4,13,10,1,2,7,6,1,2,7,6,0,0,0,0,True,True,1,2,7,6,True,1,2,7,5,True,1,2,7,5,True,1,2,7,6,True,1,2,7,5,True,1,2,8,7
DAMIMAS_A21B_0519,test,0,0,0.0,0,0,0,0,0,0,0,0,0,0,0,0,0,0,0,0,True,True,0,0,0,0,True,0,0,0,0,True,0,0,0,0,True,0,0,0,0,True,0,0,0,0,True,0,0,0,0
DAMIMAS_A21B_0520,train,16,4,0.25,5,4,4,3,2,2,2,2,2,2,2,2,0,0,0,0,True,True,2,2,2,2,True,3,2,2,2,True,3,2,2,2,True,2,2,2,2,True,3,2,2,2,True,2,2,2,2
DAMIMAS_A21B_0521,val,17,4,0.23529411764705882,2,5,4,6,1,3,2,3,1,3,2,3,0,0,0,0,True,True,1,2,2,4,True,1,3,2,3,True,1,3,2,3,True,1,3,2,3,True,1,3,2,3,True,1,3,2,4
DAMIMAS_A21B_0522,train,16,4,0.3125,0,8,5,3,0,6,3,2,0,4,3,2,0,-2,0,0,False,False,0,4,3,2,False,0,4,3,2,False,0,4,3,2,False,0,4,3,2,False,0,4,3,2,False,0,4,3,2
DAMIMAS_A21B_0523,train,23,4,0.21739130434782608,4,12,5,2,2,8,3,1,2,7,3,1,0,-1,0,0,True,False,2,6,3,1,False,2,6,3,1,False,2,6,3,1,False,2,6,3,1,False,2,6,3,1,True,2,7,3,1
DAMIMAS_A21B_0524,train,22,4,0.2727272727272727,4,4,6,8,2,2,3,6,2,2,3,5,0,0,0,-1,True,True,2,2,3,5,False,2,2,3,4,False,2,2,3,4,False,2,2,3,4,False,2,2,3,4,True,2,2,3,5
DAMIMAS_A21B_0525,test,13,4,0.6153846153846154,2,3,8,0,1,2,5,0,1,2,4,0,0,0,-1,0,True,True,1,2,4,0,True,1,2,4,0,True,1,2,4,0,True,1,2,4,0,True,1,2,4,0,True,1,2,4,0
DAMIMAS_A21B_0526,train,21,4,0.9047619047619048,0,1,19,1,0,1,10,1,0,1,10,1,0,0,0,0,True,True,0,1,10,1,True,0,1,10,1,True,0,1,10,1,True,0,1,10,1,True,0,1,10,1,True,0,1,11,1
DAMIMAS_A21B_0527,train,15,4,0.5333333333333333,0,7,8,0,0,4,5,0,0,4,4,0,0,0,-1,0,True,True,0,4,4,0,True,0,4,4,0,True,0,4,4,0,True,0,4,4,0,True,0,4,4,0,True,0,4,4,0
DAMIMAS_A21B_0528,train,2,2,0.0,0,2,0,0,0,1,0,0,0,1,0,0,0,0,0,0,True,True,0,1,0,0,True,0,1,0,0,True,0,1,0,0,True,0,1,0,0,True,0,1,0,0,True,0,1,0,0
DAMIMAS_A21B_0529,train,17,4,0.6470588235294118,0,0,11,6,0,0,7,3,0,0,6,3,0,0,-1,0,True,True,0,0,6,4,True,0,0,6,3,True,0,0,6,3,True,0,0,6,3,True,0,0,6,3,True,0,0,6,4
DAMIMAS_A21B_0530,test,25,4,0.4,4,4,10,7,2,2,6,5,2,2,6,4,0,0,0,-1,True,True,2,2,5,4,True,2,2,5,4,True,2,2,5,4,True,2,2,5,4,True,2,2,5,4,True,2,2,6,4
DAMIMAS_A21B_0531,train,27,4,0.4074074074074074,4,9,11,3,2,5,5,2,2,5,7,2,0,0,2,0,False,True,2,4,6,2,True,2,5,6,2,True,2,5,6,2,True,2,5,6,2,True,2,5,6,2,False,2,5,7,2
DAMIMAS_A21B_0532,train,20,4,0.5,5,3,10,2,2,2,6,1,3,2,5,1,1,0,-1,0,True,True,2,2,5,1,True,3,2,5,1,True,3,2,5,1,True,3,2,5,1,True,3,2,5,1,True,3,2,6,1
DAMIMAS_A21B_0533,val,22,4,0.5454545454545454,1,4,12,5,1,2,7,3,1,2,6,3,0,0,-1,0,True,True,1,2,6,3,True,1,2,6,3,True,1,2,6,3,True,1,2,6,3,True,1,2,6,3,True,1,2,7,3
DAMIMAS_A21B_0534,train,19,4,0.42105263157894735,3,2,8,6,1,1,4,3,2,1,4,4,1,0,0,1,True,True,2,1,4,4,True,2,1,4,3,True,2,1,4,3,True,2,1,4,3,True,2,1,4,3,True,2,1,4,4
DAMIMAS_A21B_0535,train,19,4,0.2631578947368421,7,5,5,2,3,3,3,1,4,3,3,1,1,0,0,0,True,True,4,2,3,1,True,4,3,3,1,True,4,3,3,1,True,4,3,3,1,True,4,3,3,1,True,4,3,3,1
DAMIMAS_A21B_0536,test,17,4,0.35294117647058826,4,3,6,4,2,2,4,2,2,2,3,2,0,0,-1,0,True,True,2,2,3,2,True,2,2,3,2,True,2,2,3,2,True,2,2,3,2,True,2,2,3,2,True,2,2,3,2
DAMIMAS_A21B_0537,val,17,4,0.7058823529411765,3,1,12,1,1,1,6,1,1,1,6,1,0,0,0,0,True,True,2,1,6,1,True,2,1,6,1,True,2,1,6,1,True,1,1,6,1,True,2,1,6,1,True,1,1,7,1
DAMIMAS_A21B_0538,train,24,4,0.4583333333333333,0,4,11,9,0,2,6,5,0,2,6,5,0,0,0,0,True,True,0,2,6,6,True,0,2,6,5,True,0,2,6,5,True,0,2,6,5,True,0,2,6,5,True,0,2,6,6
DAMIMAS_A21B_0539,train,28,4,0.39285714285714285,7,6,11,4,4,3,5,3,4,4,7,3,0,1,2,0,False,True,4,3,6,2,True,4,3,6,2,True,4,3,6,2,True,4,3,6,2,True,4,3,6,2,False,4,4,7,3
DAMIMAS_A21B_0540,train,18,4,0.3333333333333333,7,0,6,5,3,0,3,3,4,0,3,3,1,0,0,0,True,True,4,0,3,3,True,4,0,3,3,True,4,0,3,3,True,4,0,3,3,True,4,0,3,3,True,4,0,3,3
DAMIMAS_A21B_0541,test,14,4,0.35714285714285715,4,2,5,3,2,1,3,2,2,1,3,2,0,0,0,0,True,True,2,1,3,2,True,2,1,3,2,True,2,1,3,2,True,2,1,3,2,True,2,1,3,2,True,2,1,3,2
DAMIMAS_A21B_0542,train,25,4,0.4,4,3,10,8,2,2,5,4,2,2,6,5,0,0,1,1,True,True,2,2,5,5,True,2,2,5,4,True,2,2,5,4,True,2,2,5,4,True,2,2,5,4,True,2,2,6,5
DAMIMAS_A21B_0543,train,10,4,0.3,4,3,3,0,2,2,2,0,2,2,2,0,0,0,0,0,True,True,2,2,2,0,True,2,2,2,0,True,2,2,2,0,True,2,2,2,0,True,2,2,2,0,True,2,2,2,0
DAMIMAS_A21B_0544,train,23,4,0.17391304347826086,4,6,4,9,2,3,3,5,2,3,2,6,0,0,-1,1,True,True,2,3,2,6,True,2,3,2,5,True,2,3,2,5,True,2,3,2,5,True,2,3,2,5,True,2,3,2,6
DAMIMAS_A21B_0545,train,23,4,0.8695652173913043,2,0,20,1,1,0,9,1,1,0,11,1,0,0,2,0,False,False,1,0,11,1,False,1,0,11,1,False,1,0,11,1,False,1,0,11,1,False,1,0,11,1,False,1,0,12,1
DAMIMAS_A21B_0546,test,28,4,0.42857142857142855,4,6,12,6,2,4,7,4,2,4,7,4,0,0,0,0,True,True,2,3,6,4,True,2,3,6,3,True,2,3,6,3,True,2,3,6,3,True,2,3,6,3,True,2,4,7,4
DAMIMAS_A21B_0547,val,24,4,0.4583333333333333,2,11,11,0,1,5,6,0,1,6,6,0,0,1,0,0,True,True,1,6,6,0,True,1,6,6,0,True,1,6,6,0,True,1,6,6,0,True,1,6,6,0,True,1,6,6,0
DAMIMAS_A21B_0548,train,20,4,0.4,2,6,8,4,1,3,5,2,1,3,4,2,0,0,-1,0,True,True,1,3,4,2,True,1,3,4,2,True,1,3,4,2,True,1,3,4,2,True,1,3,4,2,True,1,3,5,2
DAMIMAS_A21B_0549,train,10,4,0.8,2,0,8,0,1,0,4,0,1,0,4,0,0,0,0,0,True,True,1,0,4,0,True,1,0,4,0,True,1,0,4,0,True,1,0,4,0,True,1,0,4,0,True,1,0,4,0
DAMIMAS_A21B_0550,val,26,4,0.19230769230769232,4,10,5,7,2,4,3,4,2,6,3,4,0,2,0,0,False,True,2,5,3,4,True,2,5,3,4,True,2,5,3,4,True,2,5,3,4,True,2,5,3,4,False,2,6,3,4
DAMIMAS_A21B_0551,test,30,4,0.4666666666666667,5,7,14,4,2,3,8,2,3,4,8,2,1,1,0,0,True,True,2,4,8,2,True,3,4,7,2,True,3,4,7,2,True,3,4,8,2,True,3,4,7,2,True,3,4,9,3
DAMIMAS_A21B_0552,train,18,4,0.2222222222222222,6,7,4,1,3,3,2,1,3,4,2,1,0,1,0,0,True,True,3,4,2,1,True,3,4,2,1,True,3,4,2,1,True,3,4,2,1,True,3,4,2,1,True,3,4,2,1
DAMIMAS_A21B_0553,train,20,4,0.45,3,4,9,4,1,2,5,3,2,2,5,2,1,0,0,-1,True,True,2,2,5,2,True,2,2,5,2,True,2,2,5,2,True,2,2,5,2,True,2,2,5,2,True,2,2,5,2
DAMIMAS_A21B_0554,test,30,4,0.4,4,5,12,9,2,3,7,6,2,3,7,6,0,0,0,0,True,True,2,2,6,6,True,2,3,6,5,True,2,3,6,5,True,2,3,6,5,True,2,3,6,5,True,2,3,7,6
DAMIMAS_A21B_0555,train,16,4,0.375,0,7,6,3,0,3,3,2,0,4,3,2,0,1,0,0,True,True,0,4,3,2,True,0,4,3,2,True,0,4,3,2,True,0,4,3,2,True,0,4,3,2,True,0,4,3,2
DAMIMAS_A21B_0556,val,24,4,0.3333333333333333,4,8,8,4,2,4,4,3,2,5,5,3,0,1,1,0,True,True,2,4,4,2,True,2,4,4,2,True,2,4,4,2,True,2,4,4,2,True,2,4,4,2,True,2,5,5,3
DAMIMAS_A21B_0557,val,22,4,0.5,3,2,11,6,1,1,6,4,2,1,6,3,1,0,0,-1,True,True,2,1,6,4,True,2,1,6,3,True,2,1,6,3,True,2,1,6,3,True,2,1,6,3,True,2,1,6,4
DAMIMAS_A21B_0558,train,23,4,0.30434782608695654,0,11,7,5,0,4,4,3,0,6,4,3,0,2,0,0,False,False,0,6,4,3,False,0,6,4,3,False,0,6,4,3,False,0,6,4,3,False,0,6,4,3,False,0,6,4,3
DAMIMAS_A21B_0559,train,9,4,0.0,0,0,0,9,0,0,0,8,0,0,0,5,0,0,0,-3,False,False,0,0,0,6,False,0,0,0,5,False,0,0,0,5,False,0,0,0,5,False,0,0,0,5,False,0,0,0,5
DAMIMAS_A21B_0560,train,10,4,1.0,0,0,10,0,0,0,5,0,0,0,5,0,0,0,0,0,True,True,0,0,5,0,True,0,0,5,0,True,0,0,5,0,True,0,0,5,0,True,0,0,5,0,True,0,0,5,0
DAMIMAS_A21B_0561,train,24,4,0.5833333333333334,2,4,14,4,1,2,9,3,1,2,8,2,0,0,-1,-1,True,True,1,2,8,2,True,1,2,8,2,True,1,2,8,2,True,1,2,8,2,True,1,2,8,2,True,1,2,8,3
DAMIMAS_A21B_0562,val,25,4,0.32,2,9,8,6,1,4,5,3,1,5,4,3,0,1,-1,0,True,True,1,4,4,4,True,1,5,4,3,True,1,5,4,3,True,1,5,4,3,True,1,5,4,3,True,1,5,5,4
DAMIMAS_A21B_0563,test,18,4,0.3888888888888889,5,6,7,0,3,4,4,0,3,3,4,0,0,-1,0,0,True,True,2,3,4,0,True,3,3,4,0,True,3,3,4,0,True,3,3,4,0,True,3,3,4,0,True,3,3,4,0
DAMIMAS_A21B_0564,train,21,4,0.42857142857142855,6,3,9,3,4,2,6,2,3,2,5,2,-1,0,-1,0,True,True,3,2,5,2,True,3,2,5,2,True,3,2,5,2,True,3,2,5,2,True,3,2,5,2,True,3,2,5,2
DAMIMAS_A21B_0565,train,19,4,0.7368421052631579,0,0,14,5,0,0,8,4,0,0,8,3,0,0,0,-1,True,True,0,0,8,3,True,0,0,8,3,True,0,0,8,3,True,0,0,8,3,True,0,0,8,3,True,0,0,8,3
DAMIMAS_A21B_0566,train,27,4,0.37037037037037035,0,13,10,4,0,6,5,2,0,7,5,2,0,1,0,0,True,True,0,6,5,2,True,0,7,5,2,True,0,7,5,2,True,0,7,5,2,True,0,7,5,2,False,0,8,6,3
DAMIMAS_A21B_0567,train,27,4,0.4444444444444444,4,9,12,2,2,5,6,1,2,5,7,1,0,0,1,0,True,True,2,4,6,1,True,2,5,6,1,True,2,5,6,1,True,2,5,6,1,True,2,5,6,1,True,2,5,7,1
DAMIMAS_A21B_0568,train,23,4,0.34782608695652173,4,6,8,5,2,3,5,3,2,3,5,3,0,0,0,0,True,True,2,3,4,3,True,2,3,4,3,True,2,3,4,3,True,2,3,4,3,True,2,3,4,3,True,2,3,5,3
DAMIMAS_A21B_0569,train,24,4,0.5,5,4,12,3,2,2,7,2,3,2,6,2,1,0,-1,0,True,True,2,2,6,2,True,3,2,6,2,True,3,2,6,2,True,3,2,6,2,True,3,2,6,2,True,3,2,7,2
DAMIMAS_A21B_0570,val,22,4,0.5,0,5,11,6,0,3,7,3,0,3,6,3,0,0,-1,0,True,True,0,3,6,4,True,0,3,6,3,True,0,3,6,3,True,0,3,6,3,True,0,3,6,3,True,0,3,6,4
DAMIMAS_A21B_0571,train,24,4,0.375,6,7,9,2,3,6,5,1,3,4,5,1,0,-2,0,0,False,False,3,4,5,1,False,3,4,5,1,False,3,4,5,1,False,3,4,5,1,False,3,4,5,1,False,3,4,5,1
DAMIMAS_A21B_0572,train,16,4,0.25,4,6,4,2,2,3,3,1,2,3,2,1,0,0,-1,0,True,True,2,3,2,1,True,2,3,2,1,True,2,3,2,1,True,2,3,2,1,True,2,3,2,1,True,2,3,2,1
DAMIMAS_A21B_0573,train,24,4,0.4583333333333333,0,6,11,7,0,4,6,5,0,3,6,4,0,-1,0,-1,True,True,0,3,6,4,True,0,3,6,4,True,0,3,6,4,True,0,3,6,4,True,0,3,6,4,True,0,4,6,4
DAMIMAS_A21B_0574,train,13,4,0.6153846153846154,0,1,8,4,0,1,4,2,0,1,4,2,0,0,0,0,True,True,0,1,4,2,True,0,1,4,2,True,0,1,4,2,True,0,1,4,2,True,0,1,4,2,True,0,1,4,2
DAMIMAS_A21B_0575,train,28,4,0.39285714285714285,6,8,11,3,3,4,6,2,3,5,7,2,0,1,1,0,True,True,3,4,6,2,True,3,4,6,2,True,3,4,6,2,True,3,4,6,2,True,3,4,6,2,True,3,5,7,2
DAMIMAS_A21B_0576,train,25,4,0.48,5,6,12,2,3,4,6,1,3,3,6,1,0,-1,0,0,True,True,2,3,6,1,True,3,3,6,1,True,3,3,6,1,True,3,3,6,1,True,3,3,6,1,True,3,4,7,1
DAMIMAS_A21B_0577,train,15,4,0.4,6,0,6,3,3,0,4,2,3,0,3,2,0,0,-1,0,True,True,3,0,3,2,True,3,0,3,2,True,3,0,3,2,True,3,0,3,2,True,3,0,3,2,True,3,0,3,2
DAMIMAS_A21B_0578,test,12,4,0.16666666666666666,2,8,2,0,1,5,1,0,1,4,1,0,0,-1,0,0,True,True,1,4,1,0,True,1,4,1,0,True,1,4,1,0,True,1,4,1,0,True,1,4,1,0,True,1,4,1,0
DAMIMAS_A21B_0579,train,28,4,0.35714285714285715,10,6,10,2,5,3,6,1,5,4,6,1,0,1,0,0,True,True,5,3,5,1,True,5,3,5,1,True,5,3,5,1,True,5,3,5,1,True,5,3,5,1,True,5,4,6,1
DAMIMAS_A21B_0580,train,25,4,0.48,4,8,12,1,2,4,6,1,2,4,6,1,0,0,0,0,True,True,2,4,6,1,True,2,4,6,1,True,2,4,6,1,True,2,4,6,1,True,2,4,6,1,True,2,5,7,1
DAMIMAS_A21B_0581,train,20,4,0.45,2,5,9,4,1,3,5,2,1,3,5,2,0,0,0,0,True,True,1,2,5,2,True,1,3,5,2,True,1,3,5,2,True,1,3,5,2,True,1,3,5,2,True,1,3,5,2
DAMIMAS_A21B_0582,train,26,4,0.34615384615384615,4,10,9,3,2,6,5,2,2,6,5,2,0,0,0,0,True,True,2,5,5,2,True,2,5,5,2,True,2,5,5,2,True,2,5,5,2,True,2,5,5,2,True,2,6,5,2
DAMIMAS_A21B_0583,train,6,4,0.0,2,4,0,0,1,2,0,0,1,2,0,0,0,0,0,0,True,True,1,2,0,0,True,1,2,0,0,True,1,2,0,0,True,1,2,0,0,True,1,2,0,0,True,1,2,0,0
DAMIMAS_A21B_0584,train,19,4,0.5263157894736842,2,6,10,1,1,3,5,1,1,3,5,1,0,0,0,0,True,True,1,3,5,1,True,1,3,5,1,True,1,3,5,1,True,1,3,5,1,True,1,3,5,1,True,1,3,6,1
DAMIMAS_A21B_0585,train,21,4,0.3333333333333333,4,4,7,6,2,2,4,3,2,2,4,4,0,0,0,1,True,True,2,2,4,4,True,2,2,4,3,True,2,2,4,3,True,2,2,4,3,True,2,2,4,3,True,2,2,4,4
DAMIMAS_A21B_0586,val,15,4,0.3333333333333333,0,6,5,4,0,3,4,2,0,3,3,2,0,0,-1,0,True,True,0,3,3,2,True,0,3,3,2,True,0,3,3,2,True,0,3,3,2,True,0,3,3,2,True,0,3,3,2
DAMIMAS_A21B_0587,train,5,4,0.0,5,0,0,0,3,0,0,0,2,0,0,0,-1,0,0,0,True,True,2,0,0,0,True,3,0,0,0,True,3,0,0,0,True,2,0,0,0,True,3,0,0,0,True,2,0,0,0
DAMIMAS_A21B_0588,train,21,4,0.2857142857142857,6,6,6,3,4,3,3,2,3,3,3,2,-1,0,0,0,True,True,3,3,3,2,True,3,3,3,2,True,3,3,3,2,True,3,3,3,2,True,3,3,3,2,True,3,3,3,2
DAMIMAS_A21B_0589,train,25,4,0.68,2,4,17,2,1,2,10,1,1,2,9,1,0,0,-1,0,True,True,1,2,9,1,True,1,2,9,1,True,1,2,9,1,True,1,2,9,1,True,1,2,9,1,True,1,2,10,1
DAMIMAS_A21B_0590,train,23,4,0.2608695652173913,8,4,6,5,4,2,4,4,4,2,3,3,0,0,-1,-1,True,True,4,2,3,3,True,4,2,3,3,True,4,2,3,3,True,4,2,3,3,True,4,2,3,3,True,4,2,3,3
DAMIMAS_A21B_0591,test,23,4,0.391304347826087,4,9,9,1,2,5,5,1,2,5,5,1,0,0,0,0,True,True,2,4,5,1,True,2,5,5,1,True,2,5,5,1,True,2,5,5,1,True,2,5,5,1,True,2,5,5,1
DAMIMAS_A21B_0592,train,14,4,0.7142857142857143,2,2,10,0,1,1,6,0,1,1,5,0,0,0,-1,0,True,True,1,1,5,0,True,1,1,5,0,True,1,1,5,0,True,1,1,5,0,True,1,1,5,0,True,1,1,5,0
DAMIMAS_A21B_0593,val,5,4,0.4,0,0,2,3,0,0,1,2,0,0,1,2,0,0,0,0,True,True,0,0,1,2,True,0,0,1,2,True,0,0,1,2,True,0,0,1,2,True,0,0,1,2,True,0,0,1,2
DAMIMAS_A21B_0594,train,25,4,0.24,7,8,6,4,4,5,3,3,4,5,4,3,0,0,1,0,True,True,4,4,3,2,True,4,4,3,2,True,4,4,3,2,True,4,4,3,2,True,4,4,3,2,True,4,5,4,3
DAMIMAS_A21B_0595,val,24,4,0.4583333333333333,5,8,11,0,3,4,6,0,3,5,6,0,0,1,0,0,True,True,2,4,6,0,True,3,5,6,0,True,3,5,6,0,True,3,5,6,0,True,3,5,6,0,True,3,5,6,0
DAMIMAS_A21B_0596,train,23,4,0.6086956521739131,0,4,14,5,0,2,8,4,0,2,8,3,0,0,0,-1,True,True,0,2,8,3,True,0,2,8,3,True,0,2,8,3,True,0,2,8,3,True,0,2,8,3,True,0,2,8,3
DAMIMAS_A21B_0597,train,15,4,1.0,0,0,15,0,0,0,8,0,0,0,8,0,0,0,0,0,True,True,0,0,8,0,True,0,0,8,0,True,0,0,8,0,True,0,0,8,0,True,0,0,8,0,True,0,0,8,0
DAMIMAS_A21B_0598,train,19,4,0.47368421052631576,2,6,9,2,1,3,5,1,1,3,5,1,0,0,0,0,True,True,1,3,5,1,True,1,4,5,1,True,1,4,5,1,True,1,3,5,1,True,1,4,5,1,True,1,3,5,1
DAMIMAS_A21B_0599,train,24,4,0.4166666666666667,6,6,10,2,3,4,6,2,3,4,6,1,0,0,0,-1,True,True,3,3,5,1,True,3,3,6,1,True,3,3,6,1,True,3,3,6,1,True,3,3,6,1,True,3,4,6,1
DAMIMAS_A21B_0600,train,28,4,0.42857142857142855,5,4,12,7,3,2,7,4,3,2,7,5,0,0,0,1,True,True,2,2,6,4,True,3,2,7,4,True,3,2,7,4,True,3,2,7,4,True,3,2,7,4,True,3,2,7,5
DAMIMAS_A21B_0601,test,11,4,0.9090909090909091,0,0,10,1,0,0,5,1,0,0,5,1,0,0,0,0,True,True,0,0,5,1,True,0,0,6,1,True,0,0,6,1,True,0,0,5,1,True,0,0,6,1,True,0,0,5,1
DAMIMAS_A21B_0602,train,26,4,0.3076923076923077,7,7,8,4,4,4,5,3,4,4,5,3,0,0,0,0,True,True,4,4,4,2,True,4,4,4,2,True,4,4,4,2,True,4,4,4,2,True,4,4,4,2,True,4,4,5,3
DAMIMAS_A21B_0603,train,18,4,0.3333333333333333,4,7,6,1,2,4,3,1,2,4,3,1,0,0,0,0,True,True,2,4,3,1,True,2,4,3,0,True,2,4,3,1,True,2,4,3,1,True,2,4,3,1,True,2,4,3,1
DAMIMAS_A21B_0604,train,12,4,0.3333333333333333,0,6,4,2,0,3,2,1,0,3,2,1,0,0,0,0,True,True,0,3,2,1,True,0,3,2,1,True,0,3,2,1,True,0,3,2,1,True,0,3,2,1,True,0,3,2,1
DAMIMAS_A21B_0605,train,21,4,0.47619047619047616,3,4,10,4,2,2,6,3,2,2,6,2,0,0,0,-1,True,True,2,2,5,2,True,2,2,6,2,True,2,2,6,2,True,2,2,6,2,True,2,2,6,2,True,2,2,6,2
DAMIMAS_A21B_0606,train,22,4,0.3181818181818182,1,7,7,7,1,5,4,4,1,4,4,4,0,-1,0,0,True,True,1,4,4,4,True,1,4,4,4,True,1,4,4,4,True,1,4,4,4,True,1,4,4,4,True,1,4,4,4
DAMIMAS_A21B_0607,train,25,4,0.28,8,8,7,2,4,4,4,1,4,5,4,1,0,1,0,0,True,True,4,4,4,1,True,5,5,4,1,True,5,5,4,1,True,4,5,4,1,True,5,5,4,1,True,4,5,4,1
DAMIMAS_A21B_0608,train,22,4,0.6363636363636364,0,3,14,5,0,2,8,3,0,2,8,3,0,0,0,0,True,True,0,2,8,3,True,0,2,8,3,True,0,2,8,3,True,0,2,8,3,True,0,2,8,3,True,0,2,8,3
DAMIMAS_A21B_0609,val,19,4,0.42105263157894735,2,4,8,5,1,2,5,3,1,2,4,3,0,0,-1,0,True,True,1,2,4,3,True,1,2,5,3,True,1,2,5,3,True,1,2,4,3,True,1,2,5,3,True,1,2,4,3
DAMIMAS_A21B_0610,train,20,4,0.3,0,11,6,3,0,6,4,2,0,6,3,2,0,0,-1,0,True,True,0,6,3,2,True,0,6,3,2,True,0,6,3,2,True,0,6,3,2,True,0,6,3,2,True,0,6,3,2
DAMIMAS_A21B_0611,train,20,4,0.45,0,11,9,0,0,6,5,0,0,6,5,0,0,0,0,0,True,True,0,6,5,0,True,0,6,5,0,True,0,6,5,0,True,0,6,5,0,True,0,6,5,0,True,0,6,5,0
DAMIMAS_A21B_0612,val,14,4,0.9285714285714286,0,1,13,0,0,1,8,0,0,1,7,0,0,0,-1,0,True,True,0,1,7,0,True,0,1,7,0,True,0,1,7,0,True,0,1,7,0,True,0,1,7,0,True,0,1,7,0
DAMIMAS_A21B_0613,train,10,4,0.6,0,2,6,2,0,1,4,1,0,1,3,1,0,0,-1,0,True,True,0,1,3,1,True,0,1,3,1,True,0,1,3,1,True,0,1,3,1,True,0,1,3,1,True,0,1,3,1
DAMIMAS_A21B_0614,val,25,4,0.28,3,10,7,5,2,5,5,4,2,6,4,3,0,1,-1,-1,True,True,2,5,4,3,True,2,6,4,3,True,2,6,4,3,True,2,6,4,3,True,2,6,4,3,True,2,6,4,3
DAMIMAS_A21B_0615,train,22,4,0.2727272727272727,5,10,6,1,3,5,3,1,3,6,3,1,0,1,0,0,True,True,2,5,3,1,True,3,6,3,1,True,3,6,3,1,True,3,6,3,1,True,3,6,3,1,True,3,6,3,1
DAMIMAS_A21B_0616,test,22,4,0.4090909090909091,4,4,9,5,2,2,5,4,2,2,5,3,0,0,0,-1,True,True,2,2,5,3,True,2,2,5,3,True,2,2,5,3,True,2,2,5,3,True,2,2,5,3,True,2,2,5,3
DAMIMAS_A21B_0617,train,21,4,0.42857142857142855,5,5,9,2,3,3,5,1,3,3,5,1,0,0,0,0,True,True,2,2,5,1,True,3,3,5,1,True,3,3,5,1,True,3,3,5,1,True,3,3,5,1,True,3,3,5,1
DAMIMAS_A21B_0618,test,17,4,0.23529411764705882,6,6,4,1,3,4,2,1,3,3,2,1,0,-1,0,0,True,True,3,3,2,1,True,3,3,2,1,True,3,3,2,1,True,3,3,2,1,True,3,3,2,1,True,3,3,2,1
DAMIMAS_A21B_0619,train,26,4,0.38461538461538464,11,5,10,0,6,4,6,0,6,3,6,0,0,-1,0,0,True,False,6,2,5,0,True,6,3,5,0,True,6,3,5,0,True,6,3,5,0,True,6,3,5,0,True,6,3,6,0
DAMIMAS_A21B_0620,train,25,4,0.64,4,2,16,3,2,1,9,2,2,1,9,2,0,0,0,0,True,True,2,1,9,2,True,2,1,9,2,True,2,1,9,2,True,2,1,9,2,True,2,1,9,2,True,2,1,9,2
DAMIMAS_A21B_0621,train,27,4,0.48148148148148145,5,6,13,3,3,3,8,2,3,3,7,2,0,0,-1,0,True,True,2,3,7,2,True,3,3,7,2,True,3,3,7,2,True,3,3,7,2,True,3,3,7,2,True,3,4,8,2
DAMIMAS_A21B_0622,train,24,4,0.25,4,10,6,4,2,6,3,2,2,6,3,3,0,0,0,1,True,True,2,5,3,2,True,2,5,3,2,True,2,5,3,2,True,2,5,3,2,True,2,5,3,2,True,2,6,3,3
DAMIMAS_A21B_0623,train,23,4,0.43478260869565216,4,9,10,0,2,5,5,0,2,5,6,0,0,0,1,0,True,True,2,4,5,0,True,2,5,5,0,True,2,5,5,0,True,2,5,5,0,True,2,5,5,0,True,2,5,6,0
DAMIMAS_A21B_0624,train,23,4,0.5217391304347826,6,1,12,4,3,1,8,2,3,1,6,2,0,0,-2,0,False,False,3,1,6,2,False,3,1,6,2,False,3,1,6,2,False,3,1,6,2,False,3,1,6,2,True,3,1,7,3
DAMIMAS_A21B_0625,train,27,4,0.5925925925925926,0,5,16,6,0,3,9,3,0,3,9,3,0,0,0,0,True,True,0,2,9,4,True,0,3,9,3,True,0,3,9,3,True,0,3,9,3,True,0,3,9,3,True,0,3,10,4
DAMIMAS_A21B_0626,train,25,4,0.28,2,8,7,8,1,4,4,5,1,5,4,4,0,1,0,-1,True,True,1,4,4,5,True,1,5,4,4,True,1,5,4,4,True,1,5,4,4,True,1,5,4,4,True,1,5,4,5
DAMIMAS_A21B_0627,train,17,4,0.4117647058823529,3,7,7,0,2,4,4,0,1,4,4,0,-1,0,0,0,True,True,2,4,4,0,True,2,4,4,0,True,2,4,4,0,True,2,4,4,0,True,2,4,4,0,True,1,4,4,0
DAMIMAS_A21B_0628,train,22,4,0.5454545454545454,0,4,12,6,0,2,7,3,0,2,7,3,0,0,0,0,True,True,0,2,6,4,True,0,2,7,3,True,0,2,7,3,True,0,2,7,3,True,0,2,7,3,True,0,2,7,4
DAMIMAS_A21B_0629,train,18,4,0.6666666666666666,4,0,12,2,2,0,6,1,2,0,7,1,0,0,1,0,True,True,2,0,6,1,True,2,0,7,1,True,2,0,7,1,True,2,0,7,1,True,2,0,7,1,True,2,0,7,1
DAMIMAS_A21B_0630,train,23,4,0.2608695652173913,2,9,6,6,1,5,3,3,1,5,3,3,0,0,0,0,True,True,1,4,3,4,True,1,5,3,3,True,1,5,3,3,True,1,5,3,3,True,1,5,3,3,True,1,5,3,4
DAMIMAS_A21B_0631,train,10,4,0.5,0,5,5,0,0,3,3,0,0,3,3,0,0,0,0,0,True,True,0,2,3,0,True,0,3,3,0,True,0,3,3,0,True,0,3,3,0,True,0,3,3,0,True,0,3,3,0
DAMIMAS_A21B_0632,train,34,4,0.4411764705882353,6,7,15,6,3,4,10,4,3,4,10,4,0,0,0,0,True,False,3,4,8,4,False,3,4,8,3,False,3,4,8,3,True,3,4,9,3,False,3,4,8,3,True,3,4,10,4
DAMIMAS_A21B_0633,test,4,3,1.0,0,0,4,0,0,0,2,0,0,0,2,0,0,0,0,0,True,True,0,0,2,0,True,0,0,2,0,True,0,0,2,0,True,0,0,2,0,True,0,0,2,0,True,0,0,2,0
DAMIMAS_A21B_0634,train,29,4,0.20689655172413793,7,10,6,6,4,5,4,3,4,6,4,4,0,1,0,1,True,True,4,5,3,4,True,4,6,3,3,True,4,6,3,3,True,4,6,3,3,True,4,6,3,3,True,4,6,4,4
DAMIMAS_A21B_0635,train,29,4,0.2413793103448276,6,11,7,5,3,7,5,3,3,7,4,3,0,0,-1,0,True,True,3,6,4,3,True,3,6,4,3,True,3,6,4,3,True,3,6,4,3,True,3,6,4,3,True,3,7,4,3
DAMIMAS_A21B_0636,test,19,4,0.6842105263157895,0,2,13,4,0,1,7,3,0,1,7,2,0,0,0,-1,True,True,0,1,7,2,True,0,1,8,2,True,0,1,8,2,True,0,1,7,2,True,0,1,8,2,True,0,1,7,2
DAMIMAS_A21B_0637,train,8,4,0.375,3,0,3,2,2,0,2,1,1,0,2,1,-1,0,0,0,True,True,2,0,2,1,True,2,0,2,1,True,2,0,2,1,True,1,0,2,1,True,2,0,2,1,True,1,0,2,1
DAMIMAS_A21B_0638,train,21,4,0.2857142857142857,7,6,6,2,4,3,4,1,4,3,3,1,0,0,-1,0,True,True,4,3,3,1,True,4,3,3,1,True,4,3,3,1,True,4,3,3,1,True,4,3,3,1,True,4,3,3,1
DAMIMAS_A21B_0639,train,24,4,0.7083333333333334,4,2,17,1,2,1,10,1,2,1,9,1,0,0,-1,0,True,True,2,1,9,1,True,2,1,9,1,True,2,1,9,1,True,2,1,9,1,True,2,1,9,1,True,2,1,10,1
DAMIMAS_A21B_0640,test,25,4,0.56,2,5,14,4,1,3,7,3,1,3,8,2,0,0,1,-1,True,True,1,2,8,2,True,1,3,8,2,True,1,3,8,2,True,1,3,8,2,True,1,3,8,2,True,1,3,8,3
DAMIMAS_A21B_0641,train,26,4,0.34615384615384615,6,5,9,6,3,3,5,4,3,3,5,4,0,0,0,0,True,True,3,2,5,4,True,3,3,5,3,True,3,3,5,3,True,3,3,5,3,True,3,3,5,3,True,3,3,5,4
DAMIMAS_A21B_0642,test,14,4,0.42857142857142855,2,2,6,4,1,1,3,3,1,1,3,2,0,0,0,-1,True,True,1,1,3,2,True,1,1,3,2,True,1,1,3,2,True,1,1,3,2,True,1,1,3,2,True,1,1,3,2
DAMIMAS_A21B_0643,test,0,0,0.0,0,0,0,0,0,0,0,0,0,0,0,0,0,0,0,0,True,True,0,0,0,0,True,0,0,0,0,True,0,0,0,0,True,0,0,0,0,True,0,0,0,0,True,0,0,0,0
DAMIMAS_A21B_0644,train,23,4,0.6086956521739131,0,3,14,6,0,2,7,3,0,2,8,3,0,0,1,0,True,True,0,2,8,4,True,0,2,8,3,True,0,2,8,3,True,0,2,8,3,True,0,2,8,3,True,0,2,8,4
DAMIMAS_A21B_0645,train,13,4,0.7692307692307693,0,0,10,3,0,0,5,2,0,0,5,2,0,0,0,0,True,True,0,0,5,2,True,0,0,6,2,True,0,0,6,2,True,0,0,5,2,True,0,0,6,2,True,0,0,5,2
DAMIMAS_A21B_0646,train,19,4,0.47368421052631576,0,7,9,3,0,4,5,2,0,4,5,2,0,0,0,0,True,True,0,4,5,2,True,0,4,5,2,True,0,4,5,2,True,0,4,5,2,True,0,4,5,2,True,0,4,5,2
DAMIMAS_A21B_0647,train,19,4,0.631578947368421,0,7,12,0,0,4,7,0,0,4,7,0,0,0,0,0,True,True,0,4,6,0,True,0,4,7,0,True,0,4,7,0,True,0,4,7,0,True,0,4,7,0,True,0,4,7,0
DAMIMAS_A21B_0648,train,19,4,0.6842105263157895,0,0,13,6,0,0,8,3,0,0,7,3,0,0,-1,0,True,True,0,0,7,4,True,0,0,7,3,True,0,0,7,3,True,0,0,7,3,True,0,0,7,3,True,0,0,7,4
DAMIMAS_A21B_0649,val,21,4,0.6666666666666666,0,2,14,5,0,1,9,3,0,1,8,3,0,0,-1,0,True,True,0,1,8,3,True,0,1,8,3,True,0,1,8,3,True,0,1,8,3,True,0,1,8,3,True,0,1,8,3
DAMIMAS_A21B_0650,train,20,4,0.45,4,3,9,4,2,2,6,3,2,2,5,2,0,0,-1,-1,True,True,2,2,5,2,True,2,2,5,2,True,2,2,5,2,True,2,2,5,2,True,2,2,5,2,True,2,2,5,2
DAMIMAS_A21B_0651,val,23,4,0.391304347826087,4,3,9,7,2,2,5,4,2,2,5,4,0,0,0,0,True,True,2,2,5,4,True,2,2,5,4,True,2,2,5,4,True,2,2,5,4,True,2,2,5,4,True,2,2,5,4
DAMIMAS_A21B_0652,val,19,4,0.42105263157894735,4,5,8,2,2,3,4,2,2,3,4,1,0,0,0,-1,True,True,2,3,4,1,True,2,3,4,1,True,2,3,4,1,True,2,3,4,1,True,2,3,4,1,True,2,3,4,1
DAMIMAS_A21B_0653,train,20,4,0.45,4,2,9,5,2,1,6,3,2,1,5,3,0,0,-1,0,True,True,2,1,5,3,True,2,1,5,3,True,2,1,5,3,True,2,1,5,3,True,2,1,5,3,True,2,1,5,3
DAMIMAS_A21B_0654,test,27,4,0.2222222222222222,6,9,6,6,3,6,3,4,3,5,4,4,0,-1,1,0,True,False,3,4,3,4,True,3,5,3,3,True,3,5,3,3,True,3,5,3,3,True,3,5,3,3,True,3,5,4,4
DAMIMAS_A21B_0655,train,20,4,0.55,4,2,11,3,2,1,7,2,2,1,6,2,0,0,-1,0,True,True,2,1,6,2,True,2,1,6,2,True,2,1,6,2,True,2,1,6,2,True,2,1,6,2,True,2,1,6,2
DAMIMAS_A21B_0656,train,25,4,0.6,4,0,15,6,2,0,9,5,2,0,8,3,0,0,-1,-2,False,True,2,0,8,4,False,2,0,8,3,False,2,0,8,3,False,2,0,8,3,False,2,0,8,3,True,2,0,9,4
DAMIMAS_A21B_0657,test,27,4,0.48148148148148145,2,4,13,8,1,2,7,5,1,2,7,4,0,0,0,-1,True,True,1,2,7,5,True,1,2,7,4,True,1,2,7,4,True,1,2,7,4,True,1,2,7,4,True,1,2,8,5
DAMIMAS_A21B_0658,test,11,4,0.36363636363636365,2,3,4,2,1,2,3,1,1,2,2,1,0,0,-1,0,True,True,1,2,2,1,True,1,2,2,1,True,1,2,2,1,True,1,2,2,1,True,1,2,2,1,True,1,2,2,1
DAMIMAS_A21B_0659,train,22,4,0.6818181818181818,2,2,15,3,1,1,8,2,1,1,8,2,0,0,0,0,True,True,1,1,8,2,True,1,1,8,2,True,1,1,8,2,True,1,1,8,2,True,1,1,8,2,True,1,1,9,2
DAMIMAS_A21B_0660,train,17,4,0.5294117647058824,0,3,9,5,0,2,5,3,0,2,5,3,0,0,0,0,True,True,0,2,5,3,True,0,2,5,3,True,0,2,5,3,True,0,2,5,3,True,0,2,5,3,True,0,2,5,3
DAMIMAS_A21B_0661,train,23,4,0.5652173913043478,2,4,13,4,1,2,8,3,1,2,7,2,0,0,-1,-1,True,True,1,2,7,2,True,1,2,7,2,True,1,2,7,2,True,1,2,7,2,True,1,2,7,2,True,1,2,8,3
DAMIMAS_A21B_0662,val,5,4,0.2,0,0,1,4,0,0,1,2,0,0,1,2,0,0,0,0,True,True,0,0,1,2,True,0,0,1,2,True,0,0,1,2,True,0,0,1,2,True,0,0,1,2,True,0,0,1,2
DAMIMAS_A21B_0663,val,24,4,0.625,0,3,15,6,0,2,9,3,0,2,8,3,0,0,-1,0,True,True,0,2,8,4,True,0,2,8,3,True,0,2,8,3,True,0,2,8,3,True,0,2,8,3,True,0,2,9,4
DAMIMAS_A21B_0664,train,28,4,0.6071428571428571,2,4,17,5,1,2,9,3,1,2,9,3,0,0,0,0,True,True,1,2,9,3,True,1,2,9,3,True,1,2,9,3,True,1,2,9,3,True,1,2,9,3,True,1,2,10,3
DAMIMAS_A21B_0665,train,24,4,0.4583333333333333,6,5,11,2,3,3,6,1,3,3,6,1,0,0,0,0,True,True,3,2,6,1,True,3,3,6,1,True,3,3,6,1,True,3,3,6,1,True,3,3,6,1,True,3,3,6,1
DAMIMAS_A21B_0666,train,12,4,0.5833333333333334,0,0,7,5,0,0,4,3,0,0,4,3,0,0,0,0,True,True,0,0,4,3,True,0,0,4,3,True,0,0,4,3,True,0,0,4,3,True,0,0,4,3,True,0,0,4,3
DAMIMAS_A21B_0667,train,19,4,0.47368421052631576,4,2,9,4,2,1,6,2,2,1,5,2,0,0,-1,0,True,True,2,1,5,2,True,2,1,5,2,True,2,1,5,2,True,2,1,5,2,True,2,1,5,2,True,2,1,5,2
DAMIMAS_A21B_0668,train,27,4,0.4444444444444444,4,2,12,9,2,1,7,5,2,1,7,6,0,0,0,1,True,True,2,1,6,6,True,2,1,6,5,True,2,1,6,5,True,2,1,6,5,True,2,1,6,5,True,2,1,7,6
DAMIMAS_A21B_0669,train,29,4,0.6206896551724138,5,2,18,4,3,1,9,3,3,1,10,2,0,0,1,-1,True,True,2,1,10,2,True,3,1,10,2,True,3,1,10,2,True,3,1,10,2,True,3,1,10,2,False,3,1,11,3
DAMIMAS_A21B_0670,train,18,4,0.2222222222222222,1,5,4,8,1,3,2,5,1,3,2,4,0,0,0,-1,True,True,1,2,2,5,True,1,3,2,4,True,1,3,2,4,True,1,3,2,4,True,1,3,2,4,True,1,3,2,5
DAMIMAS_A21B_0671,train,23,4,0.6086956521739131,2,2,14,5,1,1,8,3,1,1,8,3,0,0,0,0,True,True,1,1,8,3,True,1,1,8,3,True,1,1,8,3,True,1,1,8,3,True,1,1,8,3,True,1,1,8,3
DAMIMAS_A21B_0672,test,24,4,0.4583333333333333,2,3,11,8,1,2,6,4,1,2,6,4,0,0,0,0,True,True,1,2,6,5,True,1,2,6,4,True,1,2,6,4,True,1,2,6,4,True,1,2,6,4,True,1,2,6,5
DAMIMAS_A21B_0673,train,23,4,0.6086956521739131,4,2,14,3,2,1,7,2,2,1,8,2,0,0,1,0,True,True,2,1,8,2,True,2,1,8,2,True,2,1,8,2,True,2,1,8,2,True,2,1,8,2,True,2,1,8,2
DAMIMAS_A21B_0674,test,17,4,0.4117647058823529,3,4,7,3,2,2,4,2,1,2,4,2,-1,0,0,0,True,True,2,2,4,2,True,2,2,4,2,True,2,2,4,2,True,1,2,4,2,True,2,2,4,2,True,1,2,4,2
DAMIMAS_A21B_0675,train,26,4,0.38461538461538464,2,4,10,10,1,2,5,5,1,2,6,6,0,0,1,1,True,True,1,2,5,6,True,1,2,6,6,True,1,2,6,6,True,1,2,6,6,True,1,2,6,6,True,1,2,6,6
DAMIMAS_A21B_0676,train,26,4,0.34615384615384615,2,6,9,9,1,3,6,5,1,3,5,5,0,0,-1,0,True,True,1,3,5,6,True,1,3,5,5,True,1,3,5,5,True,1,3,5,5,True,1,3,5,5,True,1,4,5,6
DAMIMAS_A21B_0677,train,26,4,0.34615384615384615,4,4,9,9,2,2,5,5,2,2,5,6,0,0,0,1,True,True,2,2,5,6,True,2,2,5,5,True,2,2,5,5,True,2,2,5,5,True,2,2,5,5,True,2,2,5,6
DAMIMAS_A21B_0678,test,20,4,0.35,2,7,7,4,1,4,4,2,1,4,4,2,0,0,0,0,True,True,1,4,4,2,True,1,4,4,2,True,1,4,4,2,True,1,4,4,2,True,1,4,4,2,True,1,4,4,2
DAMIMAS_A21B_0679,train,27,4,0.5185185185185185,0,8,14,5,0,4,7,3,0,5,8,3,0,1,1,0,True,True,0,4,8,3,True,0,5,8,3,True,0,5,8,3,True,0,5,8,3,True,0,5,8,3,True,0,5,8,3
DAMIMAS_A21B_0680,train,30,4,0.6666666666666666,0,5,20,5,0,3,11,3,0,3,11,3,0,0,0,0,True,True,0,2,11,3,True,0,3,11,3,True,0,3,11,3,True,0,3,11,3,True,0,3,11,3,True,0,3,12,3
DAMIMAS_A21B_0681,train,28,4,0.6071428571428571,4,2,17,5,2,1,10,4,2,1,10,3,0,0,0,-1,True,True,2,1,9,3,True,2,1,10,3,True,2,1,10,3,True,2,1,10,3,True,2,1,10,3,True,2,1,10,3
DAMIMAS_A21B_0682,val,25,4,0.2,6,4,5,10,3,2,3,5,3,2,3,6,0,0,0,1,True,True,3,2,3,6,True,3,2,3,6,True,3,2,3,6,True,3,2,3,6,True,3,2,3,6,True,3,2,3,6
DAMIMAS_A21B_0683,val,29,4,0.41379310344827586,4,4,12,9,2,2,7,5,2,2,7,6,0,0,0,1,True,True,2,2,6,6,True,2,2,7,5,True,2,2,7,5,True,2,2,7,5,True,2,2,7,5,True,2,2,7,6
DAMIMAS_A21B_0684,val,27,4,0.6666666666666666,2,3,18,4,1,2,10,2,1,2,10,2,0,0,0,0,True,True,1,2,10,2,True,1,2,10,2,True,1,2,10,2,True,1,2,10,2,True,1,2,10,2,True,1,2,11,3
DAMIMAS_A21B_0685,train,24,4,0.4583333333333333,4,1,11,8,2,1,6,4,2,1,6,4,0,0,0,0,True,True,2,1,6,5,True,2,1,6,4,True,2,1,6,4,True,2,1,6,4,True,2,1,6,4,True,2,1,6,5
DAMIMAS_A21B_0686,train,24,4,0.4166666666666667,6,4,10,4,3,2,6,2,3,2,6,3,0,0,0,1,True,True,3,2,5,2,True,4,2,6,2,True,4,2,6,2,True,3,2,6,2,True,4,2,6,2,True,3,2,6,3
DAMIMAS_A21B_0687,test,20,4,0.55,0,5,11,4,0,3,7,3,0,3,6,2,0,0,-1,-1,True,True,0,2,6,2,True,0,3,6,2,True,0,3,6,2,True,0,3,6,2,True,0,3,6,2,True,0,3,6,2
DAMIMAS_A21B_0688,train,24,4,0.5833333333333334,3,2,14,5,2,1,8,4,2,1,8,3,0,0,0,-1,True,True,2,1,8,3,True,2,1,8,3,True,2,1,8,3,True,2,1,8,3,True,2,1,8,3,True,2,1,8,3
DAMIMAS_A21B_0689,train,24,4,0.375,0,8,9,7,0,4,5,5,0,5,5,4,0,1,0,-1,True,True,0,4,5,4,True,0,5,5,4,True,0,5,5,4,True,0,5,5,4,True,0,5,5,4,True,0,5,5,4
DAMIMAS_A21B_0690,train,16,4,0.25,2,2,4,8,1,1,2,4,1,1,2,5,0,0,0,1,True,True,1,1,2,5,True,1,1,2,5,True,1,1,2,5,True,1,1,2,5,True,1,1,2,5,True,1,1,2,5
DAMIMAS_A21B_0691,train,20,4,0.6,0,4,12,4,0,2,7,3,0,2,7,2,0,0,0,-1,True,True,0,2,6,2,True,0,2,7,2,True,0,2,7,2,True,0,2,7,2,True,0,2,7,2,True,0,2,7,2
DAMIMAS_A21B_0692,train,17,4,0.5882352941176471,2,3,10,2,1,2,5,1,1,2,6,1,0,0,1,0,True,True,1,2,5,1,True,1,2,6,1,True,1,2,6,1,True,1,2,6,1,True,1,2,6,1,True,1,2,6,1
DAMIMAS_A21B_0693,train,26,4,0.6153846153846154,2,3,16,5,1,2,9,3,1,2,9,3,0,0,0,0,True,True,1,2,9,3,True,1,2,9,3,True,1,2,9,3,True,1,2,9,3,True,1,2,9,3,True,1,2,9,3
DAMIMAS_A21B_0694,train,14,4,0.7857142857142857,3,0,11,0,2,0,6,0,1,0,6,0,-1,0,0,0,True,True,2,0,6,0,True,2,0,6,0,True,2,0,6,0,True,1,0,6,0,True,2,0,6,0,True,1,0,6,0
DAMIMAS_A21B_0695,train,23,4,0.43478260869565216,3,4,10,6,2,2,6,4,2,2,6,4,0,0,0,0,True,True,2,2,5,4,True,2,2,6,3,True,2,2,6,3,True,2,2,6,3,True,2,2,6,3,True,2,2,6,4
DAMIMAS_A21B_0696,train,21,4,0.6666666666666666,0,2,14,5,0,1,7,3,0,1,8,3,0,0,1,0,True,True,0,1,8,3,True,0,1,8,3,True,0,1,8,3,True,0,1,8,3,True,0,1,8,3,True,0,1,8,3
DAMIMAS_A21B_0697,val,24,4,0.5833333333333334,2,2,14,6,1,1,7,3,1,1,8,3,0,0,1,0,True,True,1,1,8,4,True,1,1,8,3,True,1,1,8,3,True,1,1,8,3,True,1,1,8,3,True,1,1,8,4
DAMIMAS_A21B_0698,train,21,4,0.47619047619047616,5,0,10,6,3,0,5,4,3,0,6,3,0,0,1,-1,True,True,2,0,5,4,True,3,0,6,3,True,3,0,6,3,True,3,0,6,3,True,3,0,6,3,True,3,0,6,4
DAMIMAS_A21B_0699,train,19,4,0.47368421052631576,0,3,9,7,0,2,5,5,0,2,5,4,0,0,0,-1,True,True,0,2,5,4,True,0,2,5,4,True,0,2,5,4,True,0,2,5,4,True,0,2,5,4,True,0,2,5,4
DAMIMAS_A21B_0700,train,20,4,0.25,6,4,5,5,3,2,3,3,3,2,3,3,0,0,0,0,True,True,3,2,3,3,True,3,2,3,3,True,3,2,3,3,True,3,2,3,3,True,3,2,3,3,True,3,2,3,3
DAMIMAS_A21B_0701,train,27,4,0.6296296296296297,2,4,17,4,1,2,9,2,1,2,10,2,0,0,1,0,True,True,1,2,9,2,True,1,2,10,2,True,1,2,10,2,True,1,2,10,2,True,1,2,10,2,True,1,2,10,3
DAMIMAS_A21B_0702,train,18,4,0.6666666666666666,2,0,12,4,1,0,5,2,1,0,7,2,0,0,2,0,False,True,1,0,6,2,False,1,0,7,2,False,1,0,7,2,False,1,0,7,2,False,1,0,7,2,False,1,0,7,2
DAMIMAS_A21B_0703,val,23,4,0.6086956521739131,4,4,14,1,2,2,8,1,2,2,8,1,0,0,0,0,True,True,2,2,8,1,True,2,2,8,1,True,2,2,8,1,True,2,2,8,1,True,2,2,8,1,True,2,2,8,1
DAMIMAS_A21B_0704,unknown,26,4,0.5,0,6,13,7,0,3,6,4,0,4,7,4,0,1,1,0,True,True,0,3,7,4,True,0,4,7,4,True,0,4,7,4,True,0,4,7,4,True,0,4,7,4,False,0,4,8,4
DAMIMAS_A21B_0705,train,26,4,0.5,4,4,13,5,2,2,7,3,2,2,7,3,0,0,0,0,True,True,2,2,7,3,True,2,2,7,3,True,2,2,7,3,True,2,2,7,3,True,2,2,7,3,True,2,2,8,3
DAMIMAS_A21B_0706,test,24,4,0.4166666666666667,6,0,10,8,3,0,5,4,3,0,6,5,0,0,1,1,True,True,3,0,5,5,True,4,0,6,5,True,4,0,6,5,True,3,0,6,5,True,4,0,6,5,True,3,0,6,5
DAMIMAS_A21B_0707,train,26,4,0.7307692307692307,0,4,19,3,0,2,10,2,0,2,11,2,0,0,1,0,True,True,0,2,10,2,True,0,2,11,2,True,0,2,11,2,True,0,2,11,2,True,0,2,11,2,True,0,2,11,2
DAMIMAS_A21B_0708,val,28,4,0.5357142857142857,3,3,15,7,1,2,7,4,2,2,9,4,1,0,2,0,False,True,2,2,8,4,False,2,2,9,4,False,2,2,9,4,False,2,2,9,4,False,2,2,9,4,False,2,2,9,5
DAMIMAS_A21B_0709,train,27,4,0.37037037037037035,6,4,10,7,3,2,6,4,3,2,6,5,0,0,0,1,True,True,3,2,5,4,True,4,2,6,4,True,4,2,6,4,True,3,2,6,4,True,4,2,6,4,True,3,2,6,5
DAMIMAS_A21B_0710,train,25,4,0.4,6,5,10,4,3,2,5,2,3,3,6,3,0,1,1,1,True,True,3,2,5,2,True,3,3,6,2,True,3,3,6,2,True,3,3,6,2,True,3,3,6,2,True,3,3,6,3
DAMIMAS_A21B_0711,train,23,4,0.43478260869565216,4,5,10,4,2,2,6,2,2,3,6,3,0,1,0,1,True,True,2,2,5,2,True,2,3,5,2,True,2,3,5,2,True,2,3,5,2,True,2,3,5,2,True,2,3,6,3
DAMIMAS_A21B_0712,test,24,4,0.625,2,4,15,3,1,2,7,2,1,2,8,2,0,0,1,0,True,True,1,2,8,2,True,1,2,8,2,True,1,2,8,2,True,1,2,8,2,True,1,2,8,2,False,1,2,9,2
DAMIMAS_A21B_0713,test,19,4,0.5263157894736842,2,4,10,3,1,2,5,2,1,2,6,2,0,0,1,0,True,True,1,2,5,2,True,1,2,6,2,True,1,2,6,2,True,1,2,6,2,True,1,2,6,2,True,1,2,6,2
DAMIMAS_A21B_0714,train,26,4,0.38461538461538464,0,6,10,10,0,3,5,6,0,3,6,6,0,0,1,0,True,True,0,3,5,6,True,0,3,6,6,True,0,3,6,6,True,0,3,6,6,True,0,3,6,6,True,0,4,6,6
DAMIMAS_A21B_0715,train,26,4,0.5384615384615384,4,4,14,4,2,2,7,2,2,2,8,2,0,0,1,0,True,True,2,2,8,2,True,2,2,8,2,True,2,2,8,2,True,2,2,8,2,True,2,2,8,2,True,2,2,8,3
DAMIMAS_A21B_0716,test,28,4,0.6428571428571429,2,4,18,4,1,2,9,2,1,2,10,2,0,0,1,0,True,True,1,2,10,2,True,1,2,10,2,True,1,2,10,2,True,1,2,10,2,True,1,2,10,2,False,1,2,11,3
DAMIMAS_A21B_0717,train,24,4,0.4583333333333333,5,3,11,5,2,2,6,3,3,2,6,3,1,0,0,0,True,True,2,2,6,3,True,3,2,6,3,True,3,2,6,3,True,3,2,6,3,True,3,2,6,3,True,3,2,6,3
DAMIMAS_A21B_0718,test,25,4,0.32,6,4,8,7,3,2,4,4,3,2,5,4,0,0,1,0,True,True,3,2,4,4,True,4,2,5,4,True,4,2,5,4,True,3,2,5,4,True,4,2,5,4,True,3,2,5,4
DAMIMAS_A21B_0719,train,19,4,0.6842105263157895,4,2,13,0,2,1,8,0,2,1,7,0,0,0,-1,0,True,True,2,1,7,0,True,2,1,7,0,True,2,1,7,0,True,2,1,7,0,True,2,1,7,0,True,2,1,7,0
DAMIMAS_A21B_0720,train,25,4,0.64,7,0,16,2,3,0,9,1,4,0,9,1,1,0,0,0,True,True,4,0,9,1,True,4,0,9,1,True,4,0,9,1,True,4,0,9,1,True,4,0,9,1,True,4,0,9,1
DAMIMAS_A21B_0721,train,28,4,0.6428571428571429,4,3,18,3,2,2,9,2,2,2,10,2,0,0,1,0,True,True,2,2,10,2,True,2,2,10,2,True,2,2,10,2,True,2,2,10,2,True,2,2,10,2,False,2,2,11,2
DAMIMAS_A21B_0722,train,21,4,0.5238095238095238,2,4,11,4,1,2,7,2,1,2,6,2,0,0,-1,0,True,True,1,2,6,2,True,1,2,6,2,True,1,2,6,2,True,1,2,6,2,True,1,2,6,2,True,1,2,6,2
DAMIMAS_A21B_0723,train,36,4,0.3888888888888889,4,9,14,9,2,4,7,4,2,6,9,6,0,2,2,2,False,False,2,4,8,6,True,2,5,8,5,True,2,5,8,5,True,2,5,8,5,True,2,5,8,5,False,2,6,9,6
DAMIMAS_A21B_0724,val,17,4,0.29411764705882354,3,6,5,3,1,3,2,1,1,3,3,2,0,0,1,1,True,True,2,3,3,2,True,2,3,3,2,True,2,3,3,2,True,1,3,3,2,True,2,3,3,2,True,1,3,3,2
DAMIMAS_A21B_0725,val,12,4,0.5833333333333334,0,4,7,1,0,2,4,1,0,2,4,1,0,0,0,0,True,True,0,2,4,1,True,0,2,4,1,True,0,2,4,1,True,0,2,4,1,True,0,2,4,1,True,0,2,4,1
DAMIMAS_A21B_0726,test,27,4,0.5925925925925926,4,4,16,3,2,2,8,2,2,2,9,2,0,0,1,0,True,True,2,2,9,2,True,2,2,9,2,True,2,2,9,2,True,2,2,9,2,True,2,2,9,2,False,2,2,10,2
DAMIMAS_A21B_0727,test,32,4,0.59375,6,2,19,5,3,1,10,3,3,1,11,3,0,0,1,0,True,True,3,1,10,3,True,3,1,11,3,True,3,1,11,3,True,3,1,11,3,True,3,1,11,3,False,3,1,12,3
DAMIMAS_A21B_0728,train,28,4,0.42857142857142855,4,4,12,8,2,2,6,4,2,2,7,5,0,0,1,1,True,True,2,2,6,5,True,2,2,7,4,True,2,2,7,4,True,2,2,7,4,True,2,2,7,4,True,2,2,7,5
DAMIMAS_A21B_0729,train,28,4,0.6428571428571429,7,2,18,1,3,1,9,1,4,1,10,1,1,0,1,0,True,True,4,1,10,1,True,4,1,10,1,True,4,1,10,1,True,4,1,10,1,True,4,1,10,1,False,4,1,11,1
DAMIMAS_A21B_0730,train,16,4,0.375,4,4,6,2,2,2,3,1,2,2,3,1,0,0,0,0,True,True,2,2,3,1,True,2,2,3,1,True,2,2,3,1,True,2,2,3,1,True,2,2,3,1,True,2,2,3,1
DAMIMAS_A21B_0731,train,13,4,1.0,0,0,13,0,0,0,6,0,0,0,7,0,0,0,1,0,True,True,0,0,7,0,True,0,0,7,0,True,0,0,7,0,True,0,0,7,0,True,0,0,7,0,True,0,0,7,0
DAMIMAS_A21B_0732,train,16,4,0.75,0,0,12,4,0,0,6,4,0,0,7,2,0,0,1,-2,False,False,0,0,6,2,False,0,0,7,2,False,0,0,7,2,False,0,0,7,2,False,0,0,7,2,False,0,0,7,2
DAMIMAS_A21B_0733,test,20,4,0.6,0,0,12,8,0,0,6,4,0,0,7,5,0,0,1,1,True,True,0,0,6,5,True,0,0,7,5,True,0,0,7,5,True,0,0,7,5,True,0,0,7,5,True,0,0,7,5
DAMIMAS_A21B_0734,train,16,4,0.5625,2,2,9,3,1,1,5,2,1,1,5,2,0,0,0,0,True,True,1,1,5,2,True,1,1,5,2,True,1,1,5,2,True,1,1,5,2,True,1,1,5,2,True,1,1,5,2
DAMIMAS_A21B_0735,train,17,4,0.9411764705882353,0,0,16,1,0,0,8,1,0,0,9,1,0,0,1,0,True,True,0,0,9,1,True,0,0,9,1,True,0,0,9,1,True,0,0,9,1,True,0,0,9,1,True,0,0,9,1
DAMIMAS_A21B_0736,train,20,4,0.7,0,2,14,4,0,1,8,2,0,1,8,2,0,0,0,0,True,True,0,1,8,2,True,0,1,8,2,True,0,1,8,2,True,0,1,8,2,True,0,1,8,2,True,0,1,8,2
DAMIMAS_A21B_0737,test,15,4,0.8,0,0,12,3,0,0,5,2,0,0,7,2,0,0,2,0,False,True,0,0,6,2,False,0,0,7,2,False,0,0,7,2,False,0,0,7,2,False,0,0,7,2,False,0,0,7,2
DAMIMAS_A21B_0738,train,17,4,0.8823529411764706,0,0,15,2,0,0,9,1,0,0,8,1,0,0,-1,0,True,True,0,0,8,1,True,0,0,8,1,True,0,0,8,1,True,0,0,8,1,True,0,0,8,1,True,0,0,8,1
DAMIMAS_A21B_0739,train,21,4,0.6666666666666666,0,0,14,7,0,0,7,4,0,0,8,4,0,0,1,0,True,True,0,0,8,4,True,0,0,8,4,True,0,0,8,4,True,0,0,8,4,True,0,0,8,4,True,0,0,8,4
DAMIMAS_A21B_0740,train,22,4,0.5454545454545454,2,2,12,6,1,1,7,4,1,1,7,3,0,0,0,-1,True,True,1,1,6,4,True,1,1,7,3,True,1,1,7,3,True,1,1,7,3,True,1,1,7,3,True,1,1,7,4
DAMIMAS_A21B_0741,train,26,4,0.5,2,5,13,6,1,2,6,3,1,3,7,3,0,1,1,0,True,True,1,2,7,4,True,1,3,7,3,True,1,3,7,3,True,1,3,7,3,True,1,3,7,3,False,1,3,8,4
DAMIMAS_A21B_0742,test,9,4,0.5555555555555556,2,2,5,0,1,1,2,0,1,1,3,0,0,0,1,0,True,True,1,1,3,0,True,1,1,3,0,True,1,1,3,0,True,1,1,3,0,True,1,1,3,0,True,1,1,3,0
DAMIMAS_A21B_0743,val,14,4,0.5,0,0,7,7,0,0,4,5,0,0,4,4,0,0,0,-1,True,True,0,0,4,4,True,0,0,4,4,True,0,0,4,4,True,0,0,4,4,True,0,0,4,4,True,0,0,4,4
DAMIMAS_A21B_0744,test,13,4,0.6923076923076923,0,4,9,0,0,2,5,0,0,2,5,0,0,0,0,0,True,True,0,2,5,0,True,0,2,5,0,True,0,2,5,0,True,0,2,5,0,True,0,2,5,0,True,0,2,5,0
DAMIMAS_A21B_0745,val,27,4,0.5925925925925926,4,0,16,7,2,0,9,4,2,0,9,4,0,0,0,0,True,True,2,0,9,4,True,2,0,9,4,True,2,0,9,4,True,2,0,9,4,True,2,0,9,4,True,2,0,10,5
DAMIMAS_A21B_0746,train,22,4,0.45454545454545453,2,4,10,6,1,2,6,3,1,2,5,3,0,0,-1,0,True,True,1,2,5,4,True,1,2,5,3,True,1,2,5,3,True,1,2,5,3,True,1,2,5,3,True,1,2,6,4
DAMIMAS_A21B_0747,train,32,4,0.5,0,7,16,9,0,3,8,4,0,4,9,5,0,1,1,1,True,False,0,4,9,6,True,0,4,9,5,True,0,4,9,5,True,0,4,9,5,True,0,4,9,5,False,0,4,10,6
DAMIMAS_A21B_0748,test,23,4,0.6521739130434783,4,0,15,4,2,0,8,3,2,0,8,2,0,0,0,-1,True,True,2,0,8,2,True,2,0,8,2,True,2,0,8,2,True,2,0,8,2,True,2,0,8,2,True,2,0,9,3
DAMIMAS_A21B_0749,test,26,4,0.5,4,4,13,5,2,2,7,3,2,2,7,3,0,0,0,0,True,True,2,2,7,3,True,2,2,7,3,True,2,2,7,3,True,2,2,7,3,True,2,2,7,3,True,2,2,8,3
DAMIMAS_A21B_0750,train,12,4,0.8333333333333334,0,0,10,2,0,0,5,1,0,0,5,1,0,0,0,0,True,True,0,0,5,1,True,0,0,5,1,True,0,0,5,1,True,0,0,5,1,True,0,0,5,1,True,0,0,5,1
DAMIMAS_A21B_0751,train,23,4,0.5652173913043478,4,5,13,1,2,2,6,1,2,3,7,1,0,1,1,0,True,True,2,2,7,1,True,2,3,7,1,True,2,3,7,1,True,2,3,7,1,True,2,3,7,1,False,2,3,8,1
DAMIMAS_A21B_0752,train,13,4,0.6153846153846154,3,2,8,0,1,1,4,0,1,1,4,0,0,0,0,0,True,True,2,1,4,0,True,2,1,4,0,True,2,1,4,0,True,1,1,4,0,True,2,1,4,0,True,1,1,4,0
DAMIMAS_A21B_0753,train,17,4,0.7058823529411765,3,2,12,0,1,1,6,0,1,1,6,0,0,0,0,0,True,True,2,1,6,0,True,2,1,6,0,True,2,1,6,0,True,1,1,6,0,True,2,1,6,0,True,1,1,7,0
DAMIMAS_A21B_0754,train,3,2,0.0,1,2,0,0,1,1,0,0,1,1,0,0,0,0,0,0,True,True,1,1,0,0,True,1,1,0,0,True,1,1,0,0,True,1,1,0,0,True,1,1,0,0,True,0,1,0,0
DAMIMAS_A21B_0755,train,18,4,0.5,3,2,9,4,1,1,5,2,2,1,5,2,1,0,0,0,True,True,2,1,5,2,True,2,1,5,2,True,2,1,5,2,True,2,1,5,2,True,2,1,5,2,True,2,1,5,2
DAMIMAS_A21B_0756,train,23,4,0.7391304347826086,0,0,17,6,0,0,8,4,0,0,9,3,0,0,1,-1,True,True,0,0,9,4,True,0,0,9,3,True,0,0,9,3,True,0,0,9,3,True,0,0,9,3,False,0,0,10,4
DAMIMAS_A21B_0757,train,22,4,0.9090909090909091,0,2,20,0,0,1,10,0,0,1,10,0,0,0,0,0,True,True,0,1,11,0,True,0,1,10,0,True,0,1,10,0,True,0,1,10,0,True,0,1,10,0,True,0,1,11,0
DAMIMAS_A21B_0758,train,10,4,0.0,2,6,0,2,1,3,0,2,1,3,0,1,0,0,0,-1,True,True,1,3,0,1,True,1,3,0,1,True,1,3,0,1,True,1,3,0,1,True,1,3,0,1,True,1,3,0,1
DAMIMAS_A21B_0759,val,21,4,0.6666666666666666,0,0,14,7,0,0,6,5,0,0,8,4,0,0,2,-1,False,False,0,0,8,4,False,0,0,8,4,False,0,0,8,4,False,0,0,8,4,False,0,0,8,4,False,0,0,8,4
DAMIMAS_A21B_0760,test,17,4,0.6470588235294118,0,0,11,6,0,0,5,3,0,0,6,3,0,0,1,0,True,True,0,0,6,4,True,0,0,6,3,True,0,0,6,3,True,0,0,6,3,True,0,0,6,3,True,0,0,6,4
DAMIMAS_A21B_0761,train,23,4,0.5217391304347826,2,4,12,5,1,2,7,3,1,2,6,3,0,0,-1,0,True,True,1,2,6,3,True,1,2,6,3,True,1,2,6,3,True,1,2,6,3,True,1,2,6,3,True,1,2,7,3
DAMIMAS_A21B_0762,val,10,4,0.8,0,2,8,0,0,1,4,0,0,1,4,0,0,0,0,0,True,True,0,1,4,0,True,0,1,4,0,True,0,1,4,0,True,0,1,4,0,True,0,1,4,0,True,0,1,4,0
DAMIMAS_A21B_0763,train,3,3,1.0,0,0,3,0,0,0,1,0,0,0,1,0,0,0,0,0,True,True,0,0,2,0,True,0,0,2,0,True,0,0,2,0,True,0,0,1,0,True,0,0,2,0,True,0,0,1,0
DAMIMAS_A21B_0764,train,12,4,0.5833333333333334,0,2,7,3,0,1,4,2,0,1,4,2,0,0,0,0,True,True,0,1,4,2,True,0,1,4,2,True,0,1,4,2,True,0,1,4,2,True,0,1,4,2,True,0,1,4,2
DAMIMAS_A21B_0765,train,18,4,0.5,4,2,9,3,2,1,4,2,2,1,5,2,0,0,1,0,True,True,2,1,5,2,True,2,1,5,2,True,2,1,5,2,True,2,1,5,2,True,2,1,5,2,True,2,1,5,2
DAMIMAS_A21B_0766,train,14,4,0.42857142857142855,2,2,6,4,1,1,3,2,1,1,3,2,0,0,0,0,True,True,1,1,3,2,True,1,1,3,2,True,1,1,3,2,True,1,1,3,2,True,1,1,3,2,True,1,1,3,2
DAMIMAS_A21B_0767,train,16,4,0.5,3,4,8,1,1,2,4,1,1,2,4,1,0,0,0,0,True,True,2,2,4,1,True,2,2,4,1,True,2,2,4,1,True,1,2,4,1,True,2,2,4,1,True,1,2,4,1
DAMIMAS_A21B_0768,train,16,4,0.5625,5,2,9,0,2,1,5,0,2,1,5,0,0,0,0,0,True,True,2,1,5,0,True,3,1,5,0,True,3,1,5,0,True,2,1,5,0,True,3,1,5,0,True,2,1,5,0
DAMIMAS_A21B_0769,train,26,4,0.6923076923076923,0,2,18,6,0,1,10,4,0,1,10,3,0,0,0,-1,True,True,0,1,10,4,True,0,1,10,3,True,0,1,10,3,True,0,1,10,3,True,0,1,10,3,True,0,1,11,4
DAMIMAS_A21B_0770,train,19,4,0.631578947368421,0,3,12,4,0,2,7,2,0,2,7,2,0,0,0,0,True,True,0,2,6,2,True,0,2,7,2,True,0,2,7,2,True,0,2,7,2,True,0,2,7,2,True,0,2,7,2
DAMIMAS_A21B_0771,val,15,4,0.4666666666666667,0,7,7,1,0,3,4,1,0,4,4,1,0,1,0,0,True,True,0,4,4,1,True,0,4,4,1,True,0,4,4,1,True,0,4,4,1,True,0,4,4,1,True,0,4,4,1
DAMIMAS_A21B_0772,train,9,4,0.4444444444444444,5,0,4,0,2,0,2,0,2,0,2,0,0,0,0,0,True,True,2,0,2,0,True,3,0,2,0,True,3,0,2,0,True,2,0,2,0,True,3,0,2,0,True,2,0,2,0
DAMIMAS_A21B_0773,train,16,4,0.625,3,2,10,1,1,1,5,1,1,1,5,1,0,0,0,0,True,True,2,1,5,1,True,2,1,5,1,True,2,1,5,1,True,1,1,5,1,True,2,1,5,1,True,1,1,5,1
DAMIMAS_A21B_0774,train,8,4,0.75,1,1,6,0,1,1,6,0,1,1,3,0,0,0,-3,0,False,False,1,1,3,0,False,1,1,3,0,False,1,1,3,0,False,1,1,3,0,False,1,1,3,0,False,0,1,3,0
DAMIMAS_A21B_0775,val,17,4,0.7058823529411765,0,5,12,0,0,2,7,0,0,3,6,0,0,1,-1,0,True,True,0,2,6,0,True,0,3,6,0,True,0,3,6,0,True,0,3,6,0,True,0,3,6,0,True,0,3,7,0
DAMIMAS_A21B_0776,val,17,4,0.47058823529411764,2,3,8,4,1,1,4,2,1,2,4,2,0,1,0,0,True,True,1,2,4,2,True,1,2,4,2,True,1,2,4,2,True,1,2,4,2,True,1,2,4,2,True,1,2,4,2
DAMIMAS_A21B_0777,train,18,4,0.3333333333333333,6,0,6,6,2,0,3,3,3,0,3,4,1,0,0,1,True,True,3,0,3,4,True,3,0,3,3,True,3,0,3,3,True,3,0,3,3,True,3,0,3,3,True,3,0,3,4
DAMIMAS_A21B_0778,test,9,4,0.5555555555555556,0,0,5,4,0,0,5,3,0,0,3,2,0,0,-2,-1,False,False,0,0,3,2,False,0,0,3,2,False,0,0,3,2,False,0,0,3,2,False,0,0,3,2,False,0,0,3,2
DAMIMAS_A21B_0779,train,14,4,0.5714285714285714,3,3,8,0,1,1,4,0,1,2,4,0,0,1,0,0,True,True,2,2,4,0,True,2,2,4,0,True,2,2,4,0,True,1,2,4,0,True,2,2,4,0,True,1,2,4,0
DAMIMAS_A21B_0780,train,7,4,0.14285714285714285,0,0,1,6,0,0,1,4,0,0,1,3,0,0,0,-1,True,True,0,0,1,4,True,0,0,1,3,True,0,0,1,3,True,0,0,1,3,True,0,0,1,3,True,0,0,1,3
DAMIMAS_A21B_0781,train,22,4,0.4090909090909091,0,7,9,6,0,4,5,3,0,4,5,3,0,0,0,0,True,True,0,4,5,4,True,0,4,5,3,True,0,4,5,3,True,0,4,5,3,True,0,4,5,3,True,0,4,5,4
DAMIMAS_A21B_0782,val,7,4,0.8571428571428571,0,0,6,1,0,0,3,1,0,0,3,1,0,0,0,0,True,True,0,0,3,1,True,0,0,3,1,True,0,0,3,1,True,0,0,3,1,True,0,0,3,1,True,0,0,3,1
DAMIMAS_A21B_0783,val,23,4,0.5652173913043478,3,3,13,4,1,2,8,3,2,2,7,2,1,0,-1,-1,True,True,2,2,7,2,True,2,2,7,2,True,2,2,7,2,True,2,2,7,2,True,2,2,7,2,True,2,2,8,3
DAMIMAS_A21B_0784,train,13,4,0.46153846153846156,0,6,6,1,0,3,4,1,0,3,3,1,0,0,-1,0,True,True,0,3,3,1,True,0,3,3,1,True,0,3,3,1,True,0,3,3,1,True,0,3,3,1,True,0,3,3,1
DAMIMAS_A21B_0785,train,14,4,0.7142857142857143,0,4,10,0,0,2,4,0,0,2,5,0,0,0,1,0,True,True,0,2,5,0,True,0,2,5,0,True,0,2,5,0,True,0,2,5,0,True,0,2,5,0,True,0,2,5,0
DAMIMAS_A21B_0786,val,6,4,0.3333333333333333,2,2,2,0,1,1,1,0,1,1,1,0,0,0,0,0,True,True,1,1,1,0,True,1,1,1,0,True,1,1,1,0,True,1,1,1,0,True,1,1,1,0,True,1,1,1,0
DAMIMAS_A21B_0787,val,12,4,0.5833333333333334,0,5,7,0,0,3,4,0,0,3,4,0,0,0,0,0,True,True,0,2,4,0,True,0,3,4,0,True,0,3,4,0,True,0,3,4,0,True,0,3,4,0,True,0,3,4,0
DAMIMAS_A21B_0788,train,21,4,0.6666666666666666,0,2,14,5,0,1,7,3,0,1,8,3,0,0,1,0,True,True,0,1,8,3,True,0,1,8,3,True,0,1,8,3,True,0,1,8,3,True,0,1,8,3,True,0,1,8,3
DAMIMAS_A21B_0789,train,26,4,0.2692307692307692,4,8,7,7,2,5,4,5,2,5,4,4,0,0,0,-1,True,True,2,4,4,4,True,2,5,4,4,True,2,5,4,4,True,2,5,4,4,True,2,5,4,4,True,2,5,4,4
DAMIMAS_A21B_0790,train,15,4,0.7333333333333333,4,0,11,0,2,0,6,0,2,0,6,0,0,0,0,0,True,True,2,0,6,0,True,2,0,6,0,True,2,0,6,0,True,2,0,6,0,True,2,0,6,0,True,2,0,6,0
DAMIMAS_A21B_0791,test,9,4,0.7777777777777778,0,2,7,0,0,1,4,0,0,1,4,0,0,0,0,0,True,True,0,1,4,0,True,0,1,4,0,True,0,1,4,0,True,0,1,4,0,True,0,1,4,0,True,0,1,4,0
DAMIMAS_A21B_0792,train,22,4,0.6363636363636364,0,6,14,2,0,3,7,2,0,3,8,2,0,0,1,0,True,True,0,3,8,2,True,0,3,8,1,True,0,3,8,2,True,0,3,8,2,True,0,3,8,2,True,0,3,8,1
DAMIMAS_A21B_0793,train,0,0,0.0,0,0,0,0,0,0,0,0,0,0,0,0,0,0,0,0,True,True,0,0,0,0,True,0,0,0,0,True,0,0,0,0,True,0,0,0,0,True,0,0,0,0,True,0,0,0,0
DAMIMAS_A21B_0794,val,20,4,0.8,0,4,16,0,0,2,9,0,0,2,9,0,0,0,0,0,True,True,0,2,9,0,True,0,2,9,0,True,0,2,9,0,True,0,2,9,0,True,0,2,9,0,True,0,2,9,0
DAMIMAS_A21B_0795,val,8,4,0.5,2,2,4,0,1,1,3,0,1,1,2,0,0,0,-1,0,True,True,1,1,2,0,True,1,1,2,0,True,1,1,2,0,True,1,1,2,0,True,1,1,2,0,True,1,1,2,0
DAMIMAS_A21B_0796,val,13,4,0.8461538461538461,0,0,11,2,0,0,5,1,0,0,6,1,0,0,1,0,True,True,0,0,6,1,True,0,0,6,1,True,0,0,6,1,True,0,0,6,1,True,0,0,6,1,True,0,0,6,1
DAMIMAS_A21B_0797,train,13,4,0.3076923076923077,2,7,4,0,1,4,2,0,1,4,2,0,0,0,0,0,True,True,1,4,2,0,True,1,4,2,0,True,1,4,2,0,True,1,4,2,0,True,1,4,2,0,True,1,4,2,0
DAMIMAS_A21B_0798,train,14,4,0.5,2,5,7,0,1,2,4,0,1,3,4,0,0,1,0,0,True,True,1,2,4,0,True,1,3,4,0,True,1,3,4,0,True,1,3,4,0,True,1,3,4,0,True,1,3,4,0
DAMIMAS_A21B_0799,train,15,4,0.6666666666666666,0,0,10,5,0,0,5,3,0,0,5,3,0,0,0,0,True,True,0,0,5,3,True,0,0,6,3,True,0,0,6,3,True,0,0,5,3,True,0,0,6,3,True,0,0,5,3
DAMIMAS_A21B_0800,train,17,4,0.4117647058823529,0,5,7,5,0,2,5,3,0,3,4,3,0,1,-1,0,True,True,0,2,4,3,True,0,3,4,3,True,0,3,4,3,True,0,3,4,3,True,0,3,4,3,True,0,3,4,3
DAMIMAS_A21B_0801,train,21,4,0.19047619047619047,2,8,4,7,1,4,2,3,1,4,2,4,0,0,0,1,True,True,1,4,2,4,True,1,4,2,4,True,1,4,2,4,True,1,4,2,4,True,1,4,2,4,True,1,5,2,4
DAMIMAS_A21B_0802,train,14,4,0.2857142857142857,1,3,4,6,1,2,2,4,1,2,2,3,0,0,0,-1,True,True,1,2,2,4,True,1,2,2,3,True,1,2,2,3,True,1,2,2,3,True,1,2,2,3,True,0,2,2,4
DAMIMAS_A21B_0803,train,25,4,0.52,2,2,13,8,1,1,8,4,1,1,7,4,0,0,-1,0,True,True,1,1,7,5,True,1,1,7,4,True,1,1,7,4,True,1,1,7,4,True,1,1,7,4,True,1,1,8,5
DAMIMAS_A21B_0804,train,17,4,0.5294117647058824,2,4,9,2,1,2,5,1,1,2,5,1,0,0,0,0,True,True,1,2,5,1,True,1,2,5,1,True,1,2,5,1,True,1,2,5,1,True,1,2,5,1,True,1,2,5,1
DAMIMAS_A21B_0805,train,26,4,0.2692307692307692,5,7,7,7,2,4,3,3,3,4,4,4,1,0,1,1,True,True,2,4,4,4,True,3,4,4,4,True,3,4,4,4,True,3,4,4,4,True,3,4,4,4,True,3,4,4,4
DAMIMAS_A21B_0806,train,14,4,0.7142857142857143,2,0,10,2,1,0,5,1,1,0,5,1,0,0,0,0,True,True,1,0,5,1,True,1,0,5,1,True,1,0,5,1,True,1,0,5,1,True,1,0,5,1,True,1,0,5,1
DAMIMAS_A21B_0807,train,20,4,0.1,0,2,2,16,0,1,1,10,0,1,1,9,0,0,0,-1,True,True,0,1,1,10,True,0,1,1,9,True,0,1,1,9,True,0,1,1,9,True,0,1,1,9,True,0,1,1,10
DAMIMAS_A21B_0808,unknown,22,4,0.2727272727272727,5,3,6,8,2,1,3,4,3,2,3,5,1,1,0,1,True,True,2,2,3,5,True,3,2,3,4,True,3,2,3,4,True,3,2,3,4,True,3,2,3,4,True,3,2,3,5
DAMIMAS_A21B_0809,unknown,24,4,0.5,5,4,12,3,2,2,6,2,3,2,7,2,1,0,1,0,True,True,2,2,6,2,True,3,2,7,2,True,3,2,7,2,True,3,2,7,2,True,3,2,7,2,True,3,2,7,2
DAMIMAS_A21B_0810,unknown,46,8,0.6304347826086957,3,5,29,9,1,1,8,4,1,1,9,6,0,0,1,2,False,False,1,1,9,6,False,2,3,15,5,False,2,3,15,5,False,2,3,17,6,False,2,3,15,5,False,2,3,20,7
DAMIMAS_A21B_0811,unknown,48,8,0.75,9,3,36,0,2,1,14,0,2,1,11,0,0,0,-3,0,False,False,2,1,11,0,False,5,2,19,0,False,5,2,19,0,False,5,2,22,0,False,5,2,19,0,False,6,2,25,0
DAMIMAS_A21B_0812,unknown,40,8,0.4,12,12,16,0,2,4,5,0,3,3,5,0,1,-1,0,0,True,True,3,3,5,0,False,6,7,8,0,False,6,7,8,0,False,6,7,9,0,False,6,7,8,0,False,7,8,11,0
DAMIMAS_A21B_0813,unknown,23,8,0.7391304347826086,3,0,17,3,1,0,6,3,1,0,5,2,0,0,-1,-1,True,True,1,0,5,2,False,2,0,9,2,False,2,0,9,2,False,2,0,9,2,False,2,0,9,2,False,2,0,10,2
DAMIMAS_A21B_0814,test,24,8,0.875,0,0,21,3,0,0,6,1,0,0,7,2,0,0,1,1,True,True,0,0,7,2,False,0,0,11,2,False,0,0,11,2,False,0,0,11,2,False,0,0,11,2,False,0,0,12,2
DAMIMAS_A21B_0815,train,51,8,0.6666666666666666,5,9,34,3,1,2,9,2,1,2,11,2,0,0,2,0,False,False,1,2,11,2,False,3,5,18,2,False,3,5,18,2,False,3,5,20,2,False,3,5,18,2,False,3,6,23,2
DAMIMAS_A21B_0816,train,45,8,0.5777777777777777,5,13,26,1,1,4,13,1,1,3,8,1,0,-1,-5,0,False,False,1,3,8,1,False,3,7,14,1,False,3,7,14,1,False,3,8,16,1,False,3,7,14,1,False,3,9,18,1
DAMIMAS_A21B_0817,val,28,8,0.25,14,7,7,0,3,2,3,0,4,2,2,0,1,0,-1,0,True,True,4,2,2,0,False,8,4,4,0,False,8,4,4,0,False,8,4,4,0,False,8,4,4,0,False,8,4,4,0
DAMIMAS_A21B_0818,train,40,8,0.55,0,18,22,0,0,4,6,0,0,5,7,0,0,1,1,0,True,True,0,5,7,0,False,0,10,12,0,False,0,10,12,0,False,0,11,13,0,False,0,10,12,0,False,0,12,15,0
DAMIMAS_A21B_0819,train,44,8,0.7272727272727273,0,9,32,3,0,2,11,3,0,2,10,2,0,0,-1,-1,True,True,0,2,10,2,False,0,5,17,2,False,0,5,17,2,False,0,5,19,2,False,0,5,17,2,False,0,6,22,2
DAMIMAS_A21B_0820,train,47,8,0.7446808510638298,0,12,35,0,0,2,8,0,0,3,11,0,0,1,3,0,False,False,0,3,11,0,False,0,7,19,0,False,0,7,19,0,False,0,7,21,0,False,0,7,19,0,False,0,8,24,0
DAMIMAS_A21B_0821,val,23,8,0.34782608695652173,9,5,8,1,2,2,4,1,2,2,3,1,0,0,-1,0,True,True,2,2,3,1,False,5,3,4,1,False,5,3,4,1,False,5,3,4,1,False,5,3,4,1,False,5,3,5,1
DAMIMAS_A21B_0822,test,38,8,0.8157894736842105,4,3,31,0,1,1,10,0,1,1,10,0,0,0,0,0,True,True,1,1,10,0,False,2,2,16,0,False,2,2,16,0,False,2,2,18,0,False,2,2,16,0,False,2,2,20,0
DAMIMAS_A21B_0823,train,57,8,0.6491228070175439,8,5,37,7,2,1,9,2,2,1,12,4,0,0,3,2,False,False,2,1,12,4,False,4,3,20,4,False,4,3,20,4,False,4,3,22,4,False,4,3,20,4,False,5,3,25,5
DAMIMAS_A21B_0824,val,41,8,0.24390243902439024,9,22,10,0,2,5,3,0,2,6,3,0,0,1,0,0,True,True,2,6,3,0,False,5,12,5,0,False,5,12,5,0,False,5,13,6,0,False,5,12,5,0,False,5,15,7,0
DAMIMAS_A21B_0825,val,29,8,0.6206896551724138,7,0,18,4,2,0,7,3,2,0,6,2,0,0,-1,-1,True,True,2,0,6,2,False,4,0,9,2,False,4,0,9,2,False,4,0,10,2,False,4,0,9,2,False,4,0,11,3
DAMIMAS_A21B_0826,val,21,8,0.47619047619047616,0,11,10,0,0,3,3,0,0,3,3,0,0,0,0,0,True,True,0,3,3,0,False,0,6,5,0,False,0,6,5,0,False,0,6,5,0,False,0,6,5,0,False,0,6,6,0
DAMIMAS_A21B_0827,train,45,8,0.6888888888888889,5,4,31,5,1,1,8,5,1,1,10,3,0,0,2,-2,False,False,1,1,10,3,False,3,2,16,3,False,3,2,16,3,False,3,2,18,3,False,3,2,16,3,False,3,3,21,4
DAMIMAS_A21B_0828,train,49,8,0.4489795918367347,5,22,22,0,2,6,8,0,1,6,7,0,-1,0,-1,0,True,True,1,6,7,0,False,3,12,12,0,False,3,12,12,0,False,3,13,13,0,False,3,12,12,0,False,3,15,15,0
DAMIMAS_A21B_0829,val,33,8,0.5151515151515151,7,5,17,4,2,1,6,2,2,1,5,2,0,0,-1,0,True,True,2,1,5,2,False,4,3,9,2,False,4,3,9,2,False,4,3,10,2,False,4,3,9,2,False,4,3,11,3
DAMIMAS_A21B_0830,train,34,8,0.4117647058823529,13,7,14,0,3,2,6,0,3,2,4,0,0,0,-2,0,False,False,3,2,4,0,False,7,4,7,0,False,7,4,7,0,False,7,4,8,0,False,7,4,7,0,False,7,4,9,0
DAMIMAS_A21B_0831,train,52,8,0.5769230769230769,4,9,30,9,1,2,7,3,1,2,10,6,0,0,3,3,False,False,1,2,10,6,False,2,5,16,5,False,2,5,16,5,False,2,5,18,6,False,2,5,16,5,False,2,6,21,7
DAMIMAS_A21B_0832,train,37,8,0.4864864864864865,0,16,18,3,0,4,5,1,0,4,6,2,0,0,1,1,True,True,0,4,6,2,False,0,9,10,2,False,0,9,10,2,False,0,9,11,2,False,0,9,10,2,False,0,10,12,2
DAMIMAS_A21B_0833,train,22,8,0.5,9,2,11,0,2,1,4,0,2,1,4,0,0,0,0,0,True,True,2,1,4,0,False,5,1,6,0,False,5,1,6,0,False,5,1,6,0,False,5,1,6,0,False,5,1,6,0
DAMIMAS_A21B_0834,train,46,8,0.32608695652173914,3,19,15,9,1,6,5,3,1,5,5,6,0,-1,0,3,False,False,1,5,5,6,False,2,10,8,5,False,2,10,8,5,False,2,11,9,6,False,2,10,8,5,False,2,13,10,7
DAMIMAS_A21B_0835,train,43,8,0.8604651162790697,0,0,37,6,0,0,15,4,0,0,12,4,0,0,-3,0,False,False,0,0,12,4,False,0,0,20,3,False,0,0,20,3,False,0,0,22,3,False,0,0,20,3,False,0,0,25,4
DAMIMAS_A21B_0836,train,36,8,0.4722222222222222,10,9,17,0,3,2,4,0,3,2,5,0,0,0,1,0,True,True,3,2,5,0,False,5,5,9,0,False,5,5,9,0,False,5,5,10,0,False,5,5,9,0,False,6,6,11,0
DAMIMAS_A21B_0837,train,35,8,0.6571428571428571,9,2,23,1,2,1,9,1,2,1,7,1,0,0,-2,0,False,False,2,1,7,1,False,5,1,12,1,False,5,1,12,1,False,5,1,13,1,False,5,1,12,1,False,5,1,15,1
DAMIMAS_A21B_0838,train,38,8,0.3684210526315789,0,3,14,21,0,1,4,7,0,1,4,13,0,0,0,6,False,False,0,1,4,13,False,0,2,7,11,False,0,2,7,11,False,0,2,8,13,False,0,2,7,11,False,0,2,9,15
DAMIMAS_A21B_0839,val,35,8,0.6571428571428571,5,6,23,1,1,1,6,1,1,2,7,1,0,1,1,0,True,True,1,2,7,1,False,3,3,12,1,False,3,3,12,1,False,3,3,13,1,False,3,3,12,1,False,3,4,15,1
DAMIMAS_A21B_0840,train,45,8,0.3333333333333333,8,22,15,0,2,7,6,0,2,6,5,0,0,-1,-1,0,True,True,2,6,5,0,False,4,12,8,0,False,4,12,8,0,False,4,13,9,0,False,4,12,8,0,False,5,15,10,0
DAMIMAS_A21B_0841,train,22,8,0.45454545454545453,8,0,10,4,3,0,4,2,2,0,3,2,-1,0,-1,0,True,True,2,0,3,2,True,4,0,5,2,True,4,0,5,2,True,4,0,5,2,True,4,0,5,2,False,4,0,6,2
DAMIMAS_A21B_0842,train,46,8,0.4782608695652174,8,8,22,8,2,3,7,2,2,2,7,5,0,-1,0,3,False,False,2,2,7,5,False,4,4,12,4,False,4,4,12,4,False,4,5,13,5,False,4,4,12,4,False,5,6,15,6
DAMIMAS_A21B_0843,test,34,8,0.7058823529411765,0,5,24,5,0,1,9,3,0,1,8,3,0,0,-1,0,True,True,0,1,8,3,False,0,3,12,3,False,0,3,12,3,False,0,3,13,3,False,0,3,12,3,False,0,3,15,3
DAMIMAS_A21B_0844,unknown,45,8,0.5111111111111111,4,14,23,4,1,4,9,2,1,4,7,2,0,0,-2,0,False,False,1,4,7,2,False,2,8,12,2,False,2,8,12,2,False,2,9,14,2,False,2,8,12,2,False,2,10,16,3
DAMIMAS_A21B_0845,val,20,8,0.35,4,0,7,9,1,0,3,4,1,0,2,6,0,0,-1,2,False,False,1,0,2,6,True,2,0,4,5,True,2,0,4,5,True,2,0,4,5,True,2,0,4,5,True,2,0,4,5
DAMIMAS_A21B_0846,train,26,8,0.4230769230769231,0,15,11,0,0,4,3,0,0,4,4,0,0,0,1,0,True,True,0,4,4,0,False,0,8,6,0,False,0,8,6,0,False,0,8,6,0,False,0,8,6,0,False,0,9,7,0
DAMIMAS_A21B_0847,test,44,8,0.6590909090909091,5,9,29,1,1,4,10,1,1,2,9,1,0,-2,-1,0,False,False,1,2,9,1,False,3,5,15,1,False,3,5,15,1,False,3,5,17,1,False,3,5,15,1,False,3,6,20,1
DAMIMAS_A21B_0848,val,25,8,0.76,0,6,19,0,0,1,4,0,0,2,6,0,0,1,2,0,False,False,0,2,6,0,False,0,3,10,0,False,0,3,10,0,False,0,3,10,0,False,0,3,10,0,False,0,4,11,0
DAMIMAS_A21B_0849,train,19,8,0.47368421052631576,5,4,9,1,1,1,4,1,1,1,3,1,0,0,-1,0,True,True,1,1,3,1,False,3,2,5,1,False,3,2,5,1,False,3,2,5,1,False,3,2,5,1,False,3,2,5,1
DAMIMAS_A21B_0850,train,43,8,0.5116279069767442,5,9,22,7,1,2,6,4,1,2,7,4,0,0,1,0,True,True,1,2,7,4,False,3,5,12,4,False,3,5,12,4,False,3,5,13,4,False,3,5,12,4,False,3,6,15,5
DAMIMAS_A21B_0851,unknown,51,8,0.6078431372549019,0,17,31,3,0,5,13,3,0,4,10,2,0,-1,-3,-1,False,False,0,4,10,2,False,0,9,16,2,False,0,9,16,2,False,0,10,18,2,False,0,9,16,2,False,0,12,21,2
DAMIMAS_A21B_0852,train,14,8,0.0,4,10,0,0,2,3,0,0,1,3,0,0,-1,0,0,0,True,True,1,3,0,0,False,2,5,0,0,False,2,5,0,0,False,2,5,0,0,False,2,5,0,0,False,2,5,0,0
DAMIMAS_A21B_0853,unknown,31,8,0.5483870967741935,7,6,17,1,2,2,8,1,2,2,5,1,0,0,-3,0,False,False,2,2,5,1,False,4,3,9,1,False,4,3,9,1,False,4,3,9,1,False,4,3,9,1,False,4,4,10,1
DAMIMAS_A21B_0854,unknown,44,8,0.3409090909090909,11,10,15,8,3,3,5,4,3,3,5,5,0,0,0,1,True,True,3,3,5,5,False,6,5,8,4,False,6,5,8,4,False,6,6,9,5,False,6,5,8,4,False,7,7,10,6
LONSUM_A21A_0001,train,12,4,1.0,0,0,12,0,0,0,5,0,0,0,6,0,0,0,1,0,True,True,0,0,6,0,True,0,0,6,0,True,0,0,6,0,True,0,0,6,0,True,0,0,6,0,True,0,0,6,0
LONSUM_A21A_0002,test,13,4,0.3076923076923077,0,9,4,0,0,4,2,0,0,5,2,0,0,1,0,0,True,True,0,4,2,0,True,0,5,2,0,True,0,5,2,0,True,0,5,2,0,True,0,5,2,0,True,0,5,2,0
LONSUM_A21A_0003,val,15,4,0.4666666666666667,0,0,7,8,0,0,4,6,0,0,4,4,0,0,0,-2,False,True,0,0,4,5,False,0,0,4,4,False,0,0,4,4,False,0,0,4,4,False,0,0,4,4,True,0,0,4,5
LONSUM_A21A_0004,train,19,4,0.5789473684210527,0,8,11,0,0,4,6,0,0,4,6,0,0,0,0,0,True,True,0,4,6,0,True,0,4,6,0,True,0,4,6,0,True,0,4,6,0,True,0,4,6,0,True,0,4,6,0
LONSUM_A21A_0005,train,11,4,0.8181818181818182,0,0,9,2,0,0,5,2,0,0,5,1,0,0,0,-1,True,True,0,0,5,1,True,0,0,5,1,True,0,0,5,1,True,0,0,5,1,True,0,0,5,1,True,0,0,5,1
LONSUM_A21A_0006,train,12,4,0.25,2,4,3,3,1,2,2,2,1,2,2,2,0,0,0,0,True,True,1,2,2,2,True,1,2,2,2,True,1,2,2,2,True,1,2,2,2,True,1,2,2,2,True,1,2,2,2
LONSUM_A21A_0007,test,15,4,1.0,0,0,15,0,0,0,7,0,0,0,8,0,0,0,1,0,True,True,0,0,8,0,True,0,0,8,0,True,0,0,8,0,True,0,0,8,0,True,0,0,8,0,True,0,0,8,0
LONSUM_A21A_0008,val,3,3,1.0,0,0,3,0,0,0,2,0,0,0,1,0,0,0,-1,0,True,True,0,0,2,0,True,0,0,2,0,True,0,0,2,0,True,0,0,1,0,True,0,0,2,0,True,0,0,1,0
LONSUM_A21A_0009,train,13,4,0.38461538461538464,2,2,5,4,1,1,3,3,1,1,3,2,0,0,0,-1,True,True,1,1,3,2,True,1,1,3,2,True,1,1,3,2,True,1,1,3,2,True,1,1,3,2,True,1,1,3,2
LONSUM_A21A_0010,train,16,4,0.4375,0,7,7,2,0,4,3,1,0,4,4,1,0,0,1,0,True,True,0,4,4,1,True,0,4,4,1,True,0,4,4,1,True,0,4,4,1,True,0,4,4,1,True,0,4,4,1
LONSUM_A21A_0011,train,20,4,0.85,0,2,17,1,0,1,10,1,0,1,9,1,0,0,-1,0,True,True,0,1,9,1,True,0,1,9,1,True,0,1,9,1,True,0,1,9,1,True,0,1,9,1,True,0,1,10,1
LONSUM_A21A_0012,train,11,4,0.36363636363636365,0,5,4,2,0,2,2,1,0,3,2,1,0,1,0,0,True,True,0,2,2,1,True,0,3,2,1,True,0,3,2,1,True,0,3,2,1,True,0,3,2,1,True,0,3,2,1
LONSUM_A21A_0013,train,6,4,1.0,0,0,6,0,0,0,3,0,0,0,3,0,0,0,0,0,True,True,0,0,3,0,True,0,0,3,0,True,0,0,3,0,True,0,0,3,0,True,0,0,3,0,True,0,0,3,0
LONSUM_A21A_0014,train,9,4,0.8888888888888888,0,0,8,1,0,0,4,1,0,0,4,1,0,0,0,0,True,True,0,0,4,1,True,0,0,4,1,True,0,0,4,1,True,0,0,4,1,True,0,0,4,1,True,0,0,4,1
LONSUM_A21A_0015,train,17,4,0.7647058823529411,0,0,13,4,0,0,6,3,0,0,7,2,0,0,1,-1,True,True,0,0,7,2,True,0,0,7,2,True,0,0,7,2,True,0,0,7,2,True,0,0,7,2,True,0,0,7,2
LONSUM_A21A_0016,val,4,3,1.0,0,0,4,0,0,0,2,0,0,0,2,0,0,0,0,0,True,True,0,0,2,0,True,0,0,2,0,True,0,0,2,0,True,0,0,2,0,True,0,0,2,0,True,0,0,2,0
LONSUM_A21A_0017,train,5,4,1.0,0,0,5,0,0,0,2,0,0,0,3,0,0,0,1,0,True,True,0,0,3,0,True,0,0,3,0,True,0,0,3,0,True,0,0,3,0,True,0,0,3,0,True,0,0,3,0
LONSUM_A21A_0018,val,12,4,0.5,0,5,6,1,0,2,3,1,0,3,3,1,0,1,0,0,True,True,0,2,3,1,True,0,3,3,1,True,0,3,3,1,True,0,3,3,1,True,0,3,3,1,True,0,3,3,1
LONSUM_A21A_0019,train,17,4,0.7647058823529411,0,2,13,2,0,1,7,1,0,1,7,1,0,0,0,0,True,True,0,1,7,1,True,0,1,7,1,True,0,1,7,1,True,0,1,7,1,True,0,1,7,1,True,0,1,7,1
LONSUM_A21A_0020,train,8,4,0.625,0,3,5,0,0,1,3,0,0,2,3,0,0,1,0,0,True,True,0,2,3,0,True,0,2,3,0,True,0,2,3,0,True,0,2,3,0,True,0,2,3,0,True,0,2,3,0
LONSUM_A21A_0021,val,14,4,0.7142857142857143,0,3,10,1,0,1,5,1,0,2,5,1,0,1,0,0,True,True,0,2,5,1,True,0,2,5,1,True,0,2,5,1,True,0,2,5,1,True,0,2,5,1,True,0,2,5,1
LONSUM_A21A_0022,train,8,3,0.25,0,6,2,0,0,3,2,0,0,3,1,0,0,0,-1,0,True,True,0,3,1,0,True,0,3,1,0,True,0,3,1,0,True,0,3,1,0,True,0,3,1,0,True,0,3,1,0
LONSUM_A21A_0023,train,16,4,1.0,0,0,16,0,0,0,8,0,0,0,8,0,0,0,0,0,True,True,0,0,9,0,True,0,0,8,0,True,0,0,8,0,True,0,0,8,0,True,0,0,8,0,True,0,0,9,0
LONSUM_A21A_0024,train,5,4,0.8,0,0,4,1,0,0,1,1,0,0,2,1,0,0,1,0,True,True,0,0,2,1,True,0,0,2,1,True,0,0,2,1,True,0,0,2,1,True,0,0,2,1,True,0,0,2,1
LONSUM_A21A_0025,train,12,4,0.75,0,0,9,3,0,0,4,1,0,0,5,2,0,0,1,1,True,True,0,0,5,2,True,0,0,5,2,True,0,0,5,2,True,0,0,5,2,True,0,0,5,2,True,0,0,5,2
LONSUM_A21A_0026,test,9,3,0.3333333333333333,0,3,3,3,0,1,3,1,0,2,2,2,0,1,-1,1,True,True,0,2,2,2,True,0,2,2,2,True,0,2,2,2,True,0,2,2,2,True,0,2,2,2,True,0,2,2,2
LONSUM_A21A_0027,train,21,4,0.5238095238095238,0,0,11,10,0,0,5,4,0,0,6,5,0,0,1,1,True,False,0,0,6,6,True,0,0,6,5,True,0,0,6,5,True,0,0,6,5,True,0,0,6,5,False,0,0,6,6
LONSUM_A21A_0028,test,18,4,0.8333333333333334,0,1,15,2,0,1,8,1,0,1,8,1,0,0,0,0,True,True,0,1,8,1,True,0,1,8,1,True,0,1,8,1,True,0,1,8,1,True,0,1,8,1,True,0,1,8,1
LONSUM_A21A_0029,train,16,4,0.5625,0,4,9,3,0,2,6,2,0,2,5,2,0,0,-1,0,True,True,0,2,5,2,True,0,2,5,2,True,0,2,5,2,True,0,2,5,2,True,0,2,5,2,True,0,2,5,2
LONSUM_A21A_0030,train,3,3,0.0,0,3,0,0,0,1,0,0,0,1,0,0,0,0,0,0,True,True,0,2,0,0,True,0,2,0,0,True,0,2,0,0,True,0,1,0,0,True,0,2,0,0,True,0,1,0,0
LONSUM_A21A_0031,train,16,4,0.8125,0,3,13,0,0,1,6,0,0,2,7,0,0,1,1,0,True,True,0,2,7,0,True,0,2,7,0,True,0,2,7,0,True,0,2,7,0,True,0,2,7,0,True,0,2,7,0
LONSUM_A21A_0032,train,2,2,1.0,0,0,2,0,0,0,1,0,0,0,1,0,0,0,0,0,True,True,0,0,1,0,True,0,0,1,0,True,0,0,1,0,True,0,0,1,0,True,0,0,1,0,True,0,0,1,0
LONSUM_A21A_0033,train,10,4,0.8,0,0,8,2,0,0,3,1,0,0,4,1,0,0,1,0,True,True,0,0,4,1,True,0,0,4,1,True,0,0,4,1,True,0,0,4,1,True,0,0,4,1,True,0,0,4,1
LONSUM_A21A_0034,train,17,4,0.5882352941176471,1,2,10,4,1,1,5,2,1,1,5,2,0,0,0,0,True,True,1,1,5,2,True,1,1,5,2,True,1,1,5,2,True,1,1,5,2,True,1,1,5,2,True,0,1,6,2
LONSUM_A21A_0035,train,16,4,0.875,0,0,14,2,0,0,6,1,0,0,7,1,0,0,1,0,True,False,0,0,8,1,True,0,0,7,1,True,0,0,7,1,True,0,0,7,1,True,0,0,7,1,False,0,0,8,1
LONSUM_A21A_0036,train,15,4,0.8,0,3,12,0,0,1,6,0,0,2,6,0,0,1,0,0,True,True,0,2,6,0,True,0,2,6,0,True,0,2,6,0,True,0,2,6,0,True,0,2,6,0,True,0,2,7,0
LONSUM_A21A_0037,train,5,4,0.0,0,0,0,5,0,0,0,2,0,0,0,3,0,0,0,1,True,True,0,0,0,3,True,0,0,0,3,True,0,0,0,3,True,0,0,0,3,True,0,0,0,3,True,0,0,0,3
LONSUM_A21A_0038,val,16,4,0.1875,0,4,3,9,0,2,1,4,0,2,2,5,0,0,1,1,True,False,0,2,2,6,True,0,2,2,5,True,0,2,2,5,True,0,2,2,5,True,0,2,2,5,True,0,2,2,5
LONSUM_A21A_0039,train,12,4,1.0,0,0,12,0,0,0,7,0,0,0,6,0,0,0,-1,0,True,True,0,0,6,0,True,0,0,6,0,True,0,0,6,0,True,0,0,6,0,True,0,0,6,0,True,0,0,6,0
LONSUM_A21A_0040,train,10,4,1.0,0,0,10,0,0,0,4,0,0,0,5,0,0,0,1,0,True,True,0,0,5,0,True,0,0,5,0,True,0,0,5,0,True,0,0,5,0,True,0,0,5,0,True,0,0,5,0
LONSUM_A21A_0041,train,6,4,1.0,0,0,6,0,0,0,3,0,0,0,3,0,0,0,0,0,True,True,0,0,3,0,True,0,0,3,0,True,0,0,3,0,True,0,0,3,0,True,0,0,3,0,True,0,0,3,0
LONSUM_A21A_0042,train,5,3,0.6,0,0,3,2,0,0,1,1,0,0,2,1,0,0,1,0,True,True,0,0,2,1,True,0,0,2,1,True,0,0,2,1,True,0,0,2,1,True,0,0,2,1,True,0,0,2,1
LONSUM_A21A_0043,train,9,4,0.7777777777777778,0,0,7,2,0,0,4,1,0,0,4,1,0,0,0,0,True,True,0,0,4,1,True,0,0,4,1,True,0,0,4,1,True,0,0,4,1,True,0,0,4,1,True,0,0,4,1
LONSUM_A21A_0044,train,16,4,0.875,0,2,14,0,0,1,8,0,0,1,7,0,0,0,-1,0,True,True,0,1,8,0,True,0,1,7,0,True,0,1,7,0,True,0,1,7,0,True,0,1,7,0,True,0,1,8,0
LONSUM_A21A_0045,train,12,4,0.5,3,3,6,0,1,1,4,0,1,2,3,0,0,1,-1,0,True,True,2,2,3,0,True,2,2,3,0,True,2,2,3,0,True,1,2,3,0,True,2,2,3,0,True,1,2,3,0
LONSUM_A21A_0046,val,4,3,0.75,0,0,3,1,0,0,1,1,0,0,2,1,0,0,1,0,True,True,0,0,2,1,True,0,0,2,1,True,0,0,2,1,True,0,0,2,1,True,0,0,2,1,True,0,0,2,1
LONSUM_A21A_0047,train,14,4,0.7142857142857143,0,0,10,4,0,0,5,3,0,0,5,2,0,0,0,-1,True,True,0,0,5,2,True,0,0,5,2,True,0,0,5,2,True,0,0,5,2,True,0,0,5,2,True,0,0,5,2
LONSUM_A21A_0048,train,15,4,0.6,0,6,9,0,0,2,4,0,0,3,5,0,0,1,1,0,True,True,0,3,5,0,True,0,3,5,0,True,0,3,5,0,True,0,3,5,0,True,0,3,5,0,True,0,3,5,0
LONSUM_A21A_0049,test,7,4,0.5714285714285714,0,0,4,3,0,0,1,1,0,0,2,2,0,0,1,1,True,True,0,0,2,2,True,0,0,2,2,True,0,0,2,2,True,0,0,2,2,True,0,0,2,2,True,0,0,2,2
LONSUM_A21A_0050,train,19,4,0.3684210526315789,0,8,7,4,0,4,3,2,0,4,4,2,0,0,1,0,True,True,0,4,4,2,True,0,4,4,2,True,0,4,4,2,True,0,4,4,2,True,0,4,4,2,True,0,4,4,2
LONSUM_A21A_0051,test,14,4,1.0,0,0,14,0,0,0,6,0,0,0,7,0,0,0,1,0,True,False,0,0,8,0,True,0,0,7,0,True,0,0,7,0,True,0,0,7,0,True,0,0,7,0,False,0,0,8,0
LONSUM_A21A_0052,train,8,4,1.0,0,0,8,0,0,0,4,0,0,0,4,0,0,0,0,0,True,True,0,0,4,0,True,0,0,4,0,True,0,0,4,0,True,0,0,4,0,True,0,0,4,0,True,0,0,4,0
LONSUM_A21A_0053,test,12,4,0.5833333333333334,2,1,7,2,1,1,3,1,1,1,4,1,0,0,1,0,True,True,1,1,4,1,True,1,1,4,1,True,1,1,4,1,True,1,1,4,1,True,1,1,4,1,True,1,1,4,1
LONSUM_A21A_0054,val,15,4,0.4666666666666667,0,7,7,1,0,3,3,1,0,4,4,1,0,1,1,0,True,True,0,4,4,1,True,0,4,4,1,True,0,4,4,1,True,0,4,4,1,True,0,4,4,1,True,0,4,4,1
LONSUM_A21A_0055,test,11,4,0.8181818181818182,0,1,9,1,0,0,6,1,0,1,5,1,0,1,-1,0,True,True,0,1,5,1,True,0,1,5,1,True,0,1,5,1,True,0,1,5,1,True,0,1,5,1,True,0,1,5,1
LONSUM_A21A_0056,train,13,4,1.0,0,0,13,0,0,0,7,0,0,0,7,0,0,0,0,0,True,True,0,0,7,0,True,0,0,7,0,True,0,0,7,0,True,0,0,7,0,True,0,0,7,0,True,0,0,7,0
LONSUM_A21A_0057,train,3,2,0.6666666666666666,0,0,2,1,0,0,2,1,0,0,1,1,0,0,-1,0,True,True,0,0,1,1,True,0,0,1,1,True,0,0,1,1,True,0,0,1,1,True,0,0,1,1,True,0,0,1,1
LONSUM_A21A_0058,train,18,4,0.3888888888888889,0,6,7,5,0,3,4,4,0,3,4,3,0,0,0,-1,True,True,0,3,4,3,True,0,3,4,3,True,0,3,4,3,True,0,3,4,3,True,0,3,4,3,True,0,3,4,3
LONSUM_A21A_0059,train,18,4,0.7777777777777778,0,0,14,4,0,0,9,2,0,0,7,2,0,0,-2,0,False,True,0,0,8,2,False,0,0,7,2,False,0,0,7,2,False,0,0,7,2,False,0,0,7,2,True,0,0,8,2
LONSUM_A21A_0060,train,12,4,0.75,0,3,9,0,0,1,4,0,0,2,5,0,0,1,1,0,True,True,0,2,5,0,True,0,2,5,0,True,0,2,5,0,True,0,2,5,0,True,0,2,5,0,True,0,2,5,0
LONSUM_A21A_0061,val,11,4,0.7272727272727273,3,0,8,0,1,0,5,0,1,0,4,0,0,0,-1,0,True,True,2,0,4,0,True,2,0,4,0,True,2,0,4,0,True,1,0,4,0,True,2,0,4,0,True,1,0,4,0
LONSUM_A21A_0062,val,14,4,0.42857142857142855,0,6,6,2,0,3,4,2,0,3,3,1,0,0,-1,-1,True,True,0,3,3,1,True,0,3,3,1,True,0,3,3,1,True,0,3,3,1,True,0,3,3,1,True,0,3,3,1
LONSUM_A21A_0063,train,20,4,0.65,0,2,13,5,0,1,6,4,0,1,7,3,0,0,1,-1,True,True,0,1,7,3,True,0,1,7,3,True,0,1,7,3,True,0,1,7,3,True,0,1,7,3,True,0,1,7,3
LONSUM_A21A_0064,train,7,4,0.7142857142857143,2,0,5,0,1,0,4,0,1,0,3,0,0,0,-1,0,True,True,1,0,3,0,True,1,0,3,0,True,1,0,3,0,True,1,0,3,0,True,1,0,3,0,True,1,0,3,0
LONSUM_A21A_0065,train,13,4,0.7692307692307693,0,0,10,3,0,0,5,3,0,0,5,2,0,0,0,-1,True,True,0,0,5,2,True,0,0,5,2,True,0,0,5,2,True,0,0,5,2,True,0,0,5,2,True,0,0,5,2
LONSUM_A21A_0066,train,13,4,0.5384615384615384,0,2,7,4,0,2,3,3,0,1,4,2,0,-1,1,-1,True,True,0,1,4,2,True,0,1,4,2,True,0,1,4,2,True,0,1,4,2,True,0,1,4,2,True,0,1,4,2
LONSUM_A21A_0067,test,18,4,0.6111111111111112,0,5,11,2,0,3,6,1,0,3,6,1,0,0,0,0,True,True,0,3,6,1,True,0,3,6,1,True,0,3,6,1,True,0,3,6,1,True,0,3,6,1,True,0,3,6,1
LONSUM_A21A_0068,train,17,4,0.7647058823529411,0,4,13,0,0,2,7,0,0,2,7,0,0,0,0,0,True,True,0,2,7,0,True,0,2,7,0,True,0,2,7,0,True,0,2,7,0,True,0,2,7,0,True,0,2,7,0
LONSUM_A21A_0069,train,5,3,0.2,0,0,1,4,0,0,1,3,0,0,1,2,0,0,0,-1,True,True,0,0,1,2,True,0,0,1,2,True,0,0,1,2,True,0,0,1,2,True,0,0,1,2,True,0,0,1,2
LONSUM_A21A_0070,train,12,4,0.4166666666666667,0,5,5,2,0,3,3,1,0,3,3,1,0,0,0,0,True,True,0,3,3,1,True,0,3,3,1,True,0,3,3,1,True,0,3,3,1,True,0,3,3,1,True,0,3,3,1
LONSUM_A21A_0071,train,8,4,0.875,0,1,7,0,0,1,3,0,0,1,4,0,0,0,1,0,True,True,0,1,4,0,True,0,1,4,0,True,0,1,4,0,True,0,1,4,0,True,0,1,4,0,True,0,1,4,0
LONSUM_A21A_0072,train,1,1,1.0,0,0,1,0,0,0,1,0,0,0,1,0,0,0,0,0,True,True,0,0,1,0,True,0,0,1,0,True,0,0,1,0,True,0,0,1,0,True,0,0,1,0,True,0,0,0,0
LONSUM_A21A_0073,train,2,1,0.5,0,0,1,1,0,0,1,1,0,0,1,1,0,0,0,0,True,True,0,0,1,1,True,0,0,1,1,True,0,0,1,1,True,0,0,1,1,True,0,0,1,1,True,0,0,0,1
LONSUM_A21A_0074,train,9,4,0.7777777777777778,0,0,7,2,0,0,3,1,0,0,4,1,0,0,1,0,True,True,0,0,4,1,True,0,0,4,1,True,0,0,4,1,True,0,0,4,1,True,0,0,4,1,True,0,0,4,1
LONSUM_A21A_0075,train,11,4,0.9090909090909091,0,0,10,1,0,0,6,1,0,0,5,1,0,0,-1,0,True,True,0,0,5,1,True,0,0,5,1,True,0,0,5,1,True,0,0,5,1,True,0,0,5,1,True,0,0,5,1
LONSUM_A21A_0076,val,11,4,0.9090909090909091,0,1,10,0,0,1,4,0,0,1,5,0,0,0,1,0,True,True,0,1,5,0,True,0,1,5,0,True,0,1,5,0,True,0,1,5,0,True,0,1,5,0,True,0,1,5,0
LONSUM_A21A_0077,train,7,4,0.42857142857142855,0,0,3,4,0,0,2,3,0,0,2,2,0,0,0,-1,True,True,0,0,2,2,True,0,0,2,2,True,0,0,2,2,True,0,0,2,2,True,0,0,2,2,True,0,0,2,2
LONSUM_A21A_0078,val,16,4,0.4375,0,5,7,4,0,3,5,2,0,3,4,2,0,0,-1,0,True,True,0,2,4,2,True,0,3,4,2,True,0,3,4,2,True,0,3,4,2,True,0,3,4,2,True,0,3,4,2
LONSUM_A21A_0079,train,8,4,1.0,0,0,8,0,0,0,5,0,0,0,4,0,0,0,-1,0,True,True,0,0,4,0,True,0,0,4,0,True,0,0,4,0,True,0,0,4,0,True,0,0,4,0,True,0,0,4,0
LONSUM_A21A_0080,train,5,3,1.0,0,0,5,0,0,0,3,0,0,0,3,0,0,0,0,0,True,True,0,0,3,0,True,0,0,3,0,True,0,0,3,0,True,0,0,3,0,True,0,0,3,0,True,0,0,3,0
LONSUM_A21A_0081,train,7,4,0.7142857142857143,0,0,5,2,0,0,2,2,0,0,3,1,0,0,1,-1,True,True,0,0,3,1,True,0,0,3,1,True,0,0,3,1,True,0,0,3,1,True,0,0,3,1,True,0,0,3,1
LONSUM_A21A_0082,train,6,4,0.8333333333333334,0,0,5,1,0,0,2,1,0,0,3,1,0,0,1,0,True,True,0,0,3,1,True,0,0,3,1,True,0,0,3,1,True,0,0,3,1,True,0,0,3,1,True,0,0,3,1
LONSUM_A21A_0083,train,16,4,1.0,0,0,16,0,0,0,9,0,0,0,8,0,0,0,-1,0,True,True,0,0,9,0,True,0,0,8,0,True,0,0,8,0,True,0,0,8,0,True,0,0,8,0,True,0,0,9,0
LONSUM_A21A_0084,test,4,3,1.0,0,0,4,0,0,0,3,0,0,0,2,0,0,0,-1,0,True,True,0,0,2,0,True,0,0,2,0,True,0,0,2,0,True,0,0,2,0,True,0,0,2,0,True,0,0,2,0
LONSUM_A21A_0085,train,2,2,0.5,0,0,1,1,0,0,1,1,0,0,1,1,0,0,0,0,True,True,0,0,1,1,True,0,0,1,1,True,0,0,1,1,True,0,0,1,1,True,0,0,1,1,True,0,0,0,1
LONSUM_A21A_0086,test,10,4,0.7,0,1,7,2,0,1,4,2,0,1,4,2,0,0,0,0,True,True,0,1,4,2,True,0,1,4,1,True,0,1,4,2,True,0,1,4,2,True,0,1,4,2,True,0,1,4,1
LONSUM_A21A_0087,test,8,4,1.0,0,0,8,0,0,0,5,0,0,0,4,0,0,0,-1,0,True,True,0,0,4,0,True,0,0,4,0,True,0,0,4,0,True,0,0,4,0,True,0,0,4,0,True,0,0,4,0
LONSUM_A21A_0088,train,18,4,0.6111111111111112,0,7,11,0,0,4,7,0,0,4,6,0,0,0,-1,0,True,True,0,4,6,0,True,0,4,6,0,True,0,4,6,0,True,0,4,6,0,True,0,4,6,0,True,0,4,6,0
LONSUM_A21A_0089,test,0,0,0.0,0,0,0,0,0,0,0,0,0,0,0,0,0,0,0,0,True,True,0,0,0,0,True,0,0,0,0,True,0,0,0,0,True,0,0,0,0,True,0,0,0,0,True,0,0,0,0
LONSUM_A21A_0090,train,10,4,0.7,0,0,7,3,0,0,3,2,0,0,4,2,0,0,1,0,True,True,0,0,4,2,True,0,0,4,2,True,0,0,4,2,True,0,0,4,2,True,0,0,4,2,True,0,0,4,2
LONSUM_A21A_0091,val,16,4,0.9375,0,0,15,1,0,0,10,1,0,0,8,1,0,0,-2,0,False,False,0,0,8,1,False,0,0,8,1,False,0,0,8,1,False,0,0,8,1,False,0,0,8,1,False,0,0,8,1
LONSUM_A21A_0092,train,12,4,1.0,0,0,12,0,0,0,8,0,0,0,6,0,0,0,-2,0,False,False,0,0,6,0,False,0,0,6,0,False,0,0,6,0,False,0,0,6,0,False,0,0,6,0,False,0,0,6,0
LONSUM_A21A_0093,val,7,4,1.0,0,0,7,0,0,0,4,0,0,0,4,0,0,0,0,0,True,True,0,0,4,0,True,0,0,4,0,True,0,0,4,0,True,0,0,4,0,True,0,0,4,0,True,0,0,4,0
LONSUM_A21A_0094,test,12,4,0.6666666666666666,2,1,8,1,1,1,4,1,1,1,4,1,0,0,0,0,True,True,1,1,4,1,True,1,1,4,1,True,1,1,4,1,True,1,1,4,1,True,1,1,4,1,True,1,1,4,1
LONSUM_A21A_0095,train,12,4,0.8333333333333334,0,0,10,2,0,0,5,2,0,0,5,1,0,0,0,-1,True,True,0,0,5,1,True,0,0,5,1,True,0,0,5,1,True,0,0,5,1,True,0,0,5,1,True,0,0,5,1
LONSUM_A21A_0096,train,8,3,1.0,0,0,8,0,0,0,6,0,0,0,4,0,0,0,-2,0,False,False,0,0,4,0,False,0,0,4,0,False,0,0,4,0,False,0,0,4,0,False,0,0,4,0,False,0,0,4,0
LONSUM_A21A_0097,val,5,4,0.4,0,0,2,3,0,0,1,2,0,0,1,2,0,0,0,0,True,True,0,0,1,2,True,0,0,1,2,True,0,0,1,2,True,0,0,1,2,True,0,0,1,2,True,0,0,1,2
LONSUM_A21A_0098,train,9,4,0.3333333333333333,0,4,3,2,0,2,1,1,0,2,2,1,0,0,1,0,True,True,0,2,2,1,True,0,2,2,1,True,0,2,2,1,True,0,2,2,1,True,0,2,2,1,True,0,2,2,1
LONSUM_A21A_0099,test,15,4,0.9333333333333333,0,0,14,1,0,0,9,1,0,0,7,1,0,0,-2,0,False,True,0,0,8,1,False,0,0,7,1,False,0,0,7,1,False,0,0,7,1,False,0,0,7,1,True,0,0,8,1
