tree_id,split,n_dets,n_sides_observed,naive_B1,gt_B1,maxside_B1,naive_B2,gt_B2,maxside_B2,naive_B3,gt_B3,maxside_B3,naive_B4,gt_B4,maxside_B4,b3frac_naive,b4frac_naive,area_mean,area_p90,area_p10,M01_B1,M01_err_B1,M01_B2,M01_err_B2,M01_B3,M01_err_B3,M01_B4,M01_err_B4,M01_within1,M03_B1,M03_err_B1,M03_B2,M03_err_B2,M03_B3,M03_err_B3,M03_B4,M03_err_B4,M03_within1,M05_B1,M05_err_B1,M05_B2,M05_err_B2,M05_B3,M05_err_B3,M05_B4,M05_err_B4,M05_within1,M06_B1,M06_err_B1,M06_B2,M06_err_B2,M06_B3,M06_err_B3,M06_B4,M06_err_B4,M06_within1,M07_B1,M07_err_B1,M07_B2,M07_err_B2,M07_B3,M07_err_B3,M07_B4,M07_err_B4,M07_within1
DAMIMAS_A21B_0001,unknown,17,4,2,1,1,5,2,2,10,5,3,0,0,0,0.5882352941176471,0.0,0.009497407123176468,0.0143252409896,0.0049565370312000005,1,0,3,1,5,0,0,0,True,1,0,3,1,5,0,0,0,True,1,0,3,1,5,0,0,0,True,1,0,3,1,5,0,0,0,True,1,0,3,1,5,0,0,0,True
DAMIMAS_A21B_0002,train,25,4,4,1,1,0,0,0,11,7,4,10,4,4,0.44,0.4,0.006866103406240001,0.013477546562400003,0.0023505896874,2,1,0,0,6,-1,5,1,True,2,1,0,0,6,-1,5,1,True,2,1,0,0,6,-1,5,1,True,2,1,0,0,6,-1,5,1,True,2,1,0,0,6,-1,5,1,True
DAMIMAS_A21B_0003,train,20,4,2,1,1,5,2,2,11,5,3,2,1,1,0.55,0.1,0.010598881966150001,0.0167807354948,0.0032768671874999996,1,0,3,1,6,1,1,0,True,1,0,3,1,6,1,1,0,True,1,0,3,1,6,1,1,0,True,1,0,3,1,6,1,1,0,True,1,0,3,1,6,1,1,0,True
DAMIMAS_A21B_0004,train,15,4,0,0,0,0,0,0,15,8,4,0,0,0,1.0,0.0,0.009427153368066666,0.0124967907292,0.006269552656200001,0,0,0,0,8,0,0,0,True,0,0,0,0,8,0,0,0,True,0,0,0,0,8,0,0,0,True,0,0,0,0,8,0,0,0,True,0,0,0,0,8,0,0,0,True
DAMIMAS_A21B_0005,test,16,4,2,1,1,6,3,2,6,3,2,2,2,1,0.375,0.125,0.0087060529459375,0.0151729346355,0.003415561198,1,0,3,0,3,0,1,-1,True,1,0,3,0,3,0,1,-1,True,1,0,3,0,3,0,1,-1,True,1,0,3,0,3,0,1,-1,True,1,0,3,0,3,0,1,-1,True
DAMIMAS_A21B_0006,train,16,4,2,1,1,0,0,0,8,5,2,6,3,2,0.5,0.375,0.0088249281575625,0.013268161197999999,0.0049137736979999996,1,0,0,0,4,-1,3,0,True,1,0,0,0,4,-1,3,0,True,1,0,0,0,4,-1,3,0,True,1,0,0,0,4,-1,3,0,True,1,0,0,0,4,-1,3,0,True
DAMIMAS_A21B_0007,train,30,4,6,3,2,4,3,2,15,9,5,5,3,2,0.5,0.16666666666666666,0.008966110746533333,0.014409791875000001,0.0035705415624999997,3,0,2,-1,8,-1,3,0,True,3,0,2,-1,8,-1,3,0,True,3,0,2,-1,8,-1,3,0,True,3,0,2,-1,8,-1,3,0,True,3,0,2,-1,8,-1,3,0,True
DAMIMAS_A21B_0008,train,18,4,4,2,2,6,3,3,8,4,2,0,0,0,0.4444444444444444,0.0,0.008307420312444443,0.012195640677000002,0.0048162261978,2,0,3,0,4,0,0,0,True,2,0,3,0,4,0,0,0,True,2,0,3,0,4,0,0,0,True,2,0,3,0,4,0,0,0,True,2,0,3,0,4,0,0,0,True
DAMIMAS_A21B_0009,train,10,4,0,0,0,0,0,0,6,3,2,4,3,1,0.6,0.4,0.0054417997917,0.008581052187499999,0.0018164103645000001,0,0,0,0,3,0,2,-1,True,0,0,0,0,3,0,2,-1,True,0,0,0,0,3,0,2,-1,True,0,0,0,0,3,0,2,-1,True,0,0,0,0,3,0,2,-1,True
DAMIMAS_A21B_0010,train,22,4,0,0,0,5,2,2,11,6,3,6,3,2,0.5,0.2727272727272727,0.006006112286954545,0.011215544062500006,0.0021549363021,0,0,3,1,6,0,3,0,True,0,0,3,1,6,0,3,0,True,0,0,3,1,6,0,3,0,True,0,0,3,1,6,0,3,0,True,0,0,3,1,6,0,3,0,True
DAMIMAS_A21B_0011,train,14,4,2,1,1,1,1,1,10,4,4,1,1,1,0.7142857142857143,0.07142857142857142,0.005228735435285715,0.007964675625,0.0030322157031,1,0,1,0,5,1,1,0,True,1,0,1,0,5,1,1,0,True,1,0,1,0,5,1,1,0,True,1,0,1,0,5,1,1,0,True,1,0,1,0,5,1,1,0,True
DAMIMAS_A21B_0012,test,16,4,3,1,1,2,2,1,7,4,2,4,2,2,0.4375,0.25,0.00606470467125,0.0078417721355,0.0041032071615,1,0,1,-1,4,0,2,0,True,1,0,1,-1,4,0,2,0,True,2,1,1,-1,4,0,2,0,True,2,1,1,-1,4,0,2,0,True,2,1,1,-1,4,0,2,0,True
DAMIMAS_A21B_0013,val,17,4,0,0,0,2,1,1,8,4,3,7,4,2,0.47058823529411764,0.4117647058823529,0.003359569807,0.00487632,0.0016015876042000002,0,0,1,0,4,0,4,0,True,0,0,1,0,4,0,4,0,True,0,0,1,0,4,0,4,0,True,0,0,1,0,4,0,4,0,True,0,0,1,0,4,0,4,0,True
DAMIMAS_A21B_0014,test,18,4,2,1,1,2,1,1,8,4,3,6,3,3,0.4444444444444444,0.3333333333333333,0.006553316796888888,0.0117220345312,0.0031533407031000002,1,0,1,0,4,0,3,0,True,1,0,1,0,4,0,3,0,True,1,0,1,0,4,0,3,0,True,1,0,1,0,4,0,3,0,True,1,0,1,0,4,0,3,0,True
DAMIMAS_A21B_0015,test,26,4,3,1,1,2,1,1,14,7,4,7,4,3,0.5384615384615384,0.2692307692307692,0.006496044661423079,0.012107732552,0.002868640625,2,1,1,0,7,0,4,0,True,2,1,1,0,7,0,4,0,True,2,1,1,0,7,0,4,0,True,2,1,1,0,7,0,4,0,True,2,1,1,0,7,0,4,0,True
DAMIMAS_A21B_0016,train,8,4,1,1,1,0,0,0,7,4,3,0,0,0,0.875,0.0,0.012135613606750001,0.01768290125,0.009076894687500002,1,0,0,0,4,0,0,0,True,1,0,0,0,4,0,0,0,True,1,0,0,0,4,0,0,0,True,1,0,0,0,4,0,0,0,True,1,0,0,0,4,0,0,0,True
DAMIMAS_A21B_0017,train,17,4,0,0,0,2,1,1,6,3,2,9,4,3,0.35294117647058826,0.5294117647058824,0.008205790686235295,0.015692868750000002,0.0035963349999999995,0,0,1,0,3,0,5,1,True,0,0,1,0,3,0,5,1,True,0,0,1,0,3,0,5,1,True,0,0,1,0,3,0,5,1,True,0,0,1,0,3,0,5,1,True
DAMIMAS_A21B_0018,train,11,4,2,1,1,0,0,0,7,3,2,2,1,1,0.6363636363636364,0.18181818181818182,0.005653419507545454,0.007183432552,0.004073117448,1,0,0,0,4,1,1,0,True,1,0,0,0,4,1,1,0,True,1,0,0,0,4,1,1,0,True,1,0,0,0,4,1,1,0,True,1,0,0,0,4,1,1,0,True
DAMIMAS_A21B_0019,train,25,4,4,2,2,0,0,0,15,8,4,6,3,2,0.6,0.24,0.00606989904168,0.0088112161458,0.0036126707292,2,0,0,0,8,0,3,0,True,2,0,0,0,8,0,3,0,True,2,0,0,0,8,0,3,0,True,2,0,0,0,8,0,3,0,True,2,0,0,0,8,0,3,0,True
DAMIMAS_A21B_0020,train,16,4,2,1,1,2,1,1,7,4,2,5,3,2,0.4375,0.3125,0.00856742530925,0.012378386849,0.005654295052,1,0,1,0,4,0,3,0,True,1,0,1,0,4,0,3,0,True,1,0,1,0,4,0,3,0,True,1,0,1,0,4,0,3,0,True,1,0,1,0,4,0,3,0,True
DAMIMAS_A21B_0021,test,21,4,6,3,2,0,0,0,9,5,3,6,4,2,0.42857142857142855,0.2857142857142857,0.005245836904761906,0.007908476822999999,0.00129880625,3,0,0,0,5,0,4,0,True,3,0,0,0,5,0,3,-1,True,3,0,0,0,5,0,3,-1,True,3,0,0,0,5,0,3,-1,True,3,0,0,0,5,0,3,-1,True
DAMIMAS_A21B_0022,test,16,4,0,0,0,2,1,1,10,5,4,4,2,2,0.625,0.25,0.0051663251465,0.0086609046875,0.0025138372395000002,0,0,1,0,5,0,2,0,True,0,0,1,0,5,0,2,0,True,0,0,1,0,5,0,2,0,True,0,0,1,0,5,0,2,0,True,0,0,1,0,5,0,2,0,True
DAMIMAS_A21B_0023,train,16,4,2,1,1,6,3,2,8,5,3,0,0,0,0.5,0.0,0.00800537622075,0.0113086071615,0.004628966146,1,0,3,0,4,-1,0,0,True,1,0,3,0,4,-1,0,0,True,1,0,3,0,4,-1,0,0,True,1,0,3,0,4,-1,0,0,True,1,0,3,0,4,-1,0,0,True
DAMIMAS_A21B_0024,train,20,4,3,1,1,0,0,0,11,6,4,6,3,2,0.55,0.3,0.00947033670575,0.012877981823000002,0.006431682578199999,2,1,0,0,6,0,3,0,True,2,1,0,0,6,0,3,0,True,2,1,0,0,6,0,3,0,True,2,1,0,0,6,0,3,0,True,2,1,0,0,6,0,3,0,True
DAMIMAS_A21B_0025,train,12,4,3,1,1,2,1,1,7,5,2,0,0,0,0.5833333333333334,0.0,0.009736875694416666,0.0165886729427,0.0044497064843,1,0,1,0,4,-1,0,0,True,1,0,1,0,4,-1,0,0,True,2,1,1,0,4,-1,0,0,True,2,1,1,0,4,-1,0,0,True,2,1,1,0,4,-1,0,0,True
DAMIMAS_A21B_0026,val,13,4,0,0,0,2,1,1,8,4,3,3,2,1,0.6153846153846154,0.23076923076923078,0.006680776181923077,0.008645839791600001,0.0032474189584,0,0,1,0,4,0,2,0,True,0,0,1,0,4,0,2,0,True,0,0,1,0,4,0,2,0,True,0,0,1,0,4,0,2,0,True,0,0,1,0,4,0,2,0,True
DAMIMAS_A21B_0027,train,21,4,7,3,2,0,0,0,11,6,3,3,2,2,0.5238095238095238,0.14285714285714285,0.008400972259428572,0.013848463802,0.00375975,4,1,0,0,6,0,2,0,True,4,1,0,0,6,0,2,0,True,4,1,0,0,6,0,2,0,True,4,1,0,0,6,0,2,0,True,4,1,0,0,6,0,2,0,True
DAMIMAS_A21B_0028,val,21,4,0,0,0,1,1,1,11,5,4,9,6,3,0.5238095238095238,0.42857142857142855,0.010645222123,0.012815820573,0.006648760676999999,0,0,1,0,6,1,5,-1,True,0,0,1,0,6,1,5,-1,True,0,0,1,0,6,1,5,-1,True,0,0,1,0,6,1,5,-1,True,0,0,1,0,6,1,5,-1,True
DAMIMAS_A21B_0029,train,23,4,2,1,1,6,2,2,10,5,3,5,2,2,0.43478260869565216,0.21739130434782608,0.006039515953347826,0.0113972952604,0.0023515425,1,0,3,1,5,0,3,1,True,1,0,3,1,5,0,3,1,True,1,0,3,1,5,0,3,1,True,1,0,3,1,5,0,3,1,True,1,0,3,1,5,0,3,1,True
DAMIMAS_A21B_0030,train,13,4,0,0,0,0,0,0,9,5,3,4,3,2,0.6923076923076923,0.3076923076923077,0.009429735136230768,0.019158895000000002,0.0032619216668000003,0,0,0,0,5,0,2,-1,True,0,0,0,0,5,0,2,-1,True,0,0,0,0,5,0,2,-1,True,0,0,0,0,5,0,2,-1,True,0,0,0,0,5,0,2,-1,True
DAMIMAS_A21B_0031,train,13,4,0,0,0,2,1,1,8,4,3,3,2,2,0.6153846153846154,0.23076923076923078,0.009400346774846153,0.017883493750000007,0.0040588670314,0,0,1,0,4,0,2,0,True,0,0,1,0,4,0,2,0,True,0,0,1,0,4,0,2,0,True,0,0,1,0,4,0,2,0,True,0,0,1,0,4,0,2,0,True
DAMIMAS_A21B_0032,train,22,4,4,2,1,2,1,1,10,5,3,6,3,2,0.45454545454545453,0.2727272727272727,0.011021660286454545,0.016928348750000002,0.007131916380199999,2,0,1,0,5,0,3,0,True,2,0,1,0,5,0,3,0,True,2,0,1,0,5,0,3,0,True,2,0,1,0,5,0,3,0,True,2,0,1,0,5,0,3,0,True
DAMIMAS_A21B_0033,train,18,4,0,0,0,0,0,0,16,8,4,2,2,1,0.8888888888888888,0.1111111111111111,0.0056795219039444435,0.008584681484400001,0.0031939166406,0,0,0,0,8,0,1,-1,True,0,0,0,0,8,0,1,-1,True,0,0,0,0,8,0,1,-1,True,0,0,0,0,8,0,1,-1,True,0,0,0,0,8,0,1,-1,True
DAMIMAS_A21B_0034,train,16,4,0,0,0,2,1,1,6,3,2,8,6,3,0.375,0.5,0.005247122265625,0.008331246224,0.00251953125,0,0,1,0,3,0,4,-2,False,0,0,1,0,3,0,4,-2,False,0,0,1,0,3,0,4,-2,False,0,0,1,0,3,0,4,-2,False,0,0,1,0,3,0,4,-2,False
DAMIMAS_A21B_0035,train,13,4,0,0,0,9,7,4,4,2,2,0,0,0,0.3076923076923077,0.0,0.006051231590538462,0.0107308105728,0.0032787952604,0,0,5,-2,2,0,0,0,False,0,0,5,-2,2,0,0,0,False,0,0,5,-2,2,0,0,0,False,0,0,5,-2,2,0,0,0,False,0,0,5,-2,2,0,0,0,False
DAMIMAS_A21B_0036,train,15,4,0,0,0,2,1,1,13,7,4,0,0,0,0.8666666666666667,0.0,0.0103705135764,0.013817416249999999,0.0069398012500000005,0,0,1,0,7,0,0,0,True,0,0,1,0,7,0,0,0,True,0,0,1,0,7,0,0,0,True,0,0,1,0,7,0,0,0,True,0,0,1,0,7,0,0,0,True
DAMIMAS_A21B_0037,val,21,4,0,0,0,5,3,2,11,5,3,5,3,2,0.5238095238095238,0.23809523809523808,0.006129719308047619,0.009309921354,0.0039258,0,0,3,0,6,1,3,0,True,0,0,3,0,6,1,3,0,True,0,0,3,0,6,1,3,0,True,0,0,3,0,6,1,3,0,True,0,0,3,0,6,1,3,0,True
DAMIMAS_A21B_0038,val,21,4,4,2,1,0,0,0,9,5,3,8,5,3,0.42857142857142855,0.38095238095238093,0.004881844109619048,0.007069448698,0.0033618375,2,0,0,0,5,0,5,0,True,2,0,0,0,5,0,4,-1,True,2,0,0,0,5,0,4,-1,True,2,0,0,0,5,0,4,-1,True,2,0,0,0,5,0,4,-1,True
DAMIMAS_A21B_0039,test,15,4,3,2,1,9,5,3,3,2,2,0,0,0,0.2,0.0,0.008281785920133334,0.011257494479199999,0.0033958417708,1,-1,5,0,2,0,0,0,True,1,-1,5,0,2,0,0,0,True,2,0,5,0,2,0,0,0,True,2,0,5,0,2,0,0,0,True,2,0,5,0,2,0,0,0,True
DAMIMAS_A21B_0040,train,21,4,4,2,1,3,2,1,8,4,3,6,3,2,0.38095238095238093,0.2857142857142857,0.009636278794666667,0.013857421875,0.006731793750000001,2,0,2,0,5,1,4,1,True,2,0,2,0,4,0,3,0,True,2,0,2,0,4,0,3,0,True,2,0,2,0,4,0,3,0,True,2,0,2,0,4,0,3,0,True
DAMIMAS_A21B_0041,test,23,4,3,2,1,5,3,2,10,6,4,5,3,2,0.43478260869565216,0.21739130434782608,0.006799172361869566,0.009364269375000001,0.0024860267188,2,0,3,0,6,0,3,0,True,2,0,3,0,5,-1,3,0,True,2,0,3,0,5,-1,3,0,True,2,0,3,0,5,-1,3,0,True,2,0,3,0,5,-1,3,0,True
DAMIMAS_A21B_0042,train,15,4,5,2,2,2,1,1,6,4,2,2,1,1,0.4,0.13333333333333333,0.006403494409733332,0.0113079867708,0.0027510034376,2,0,1,0,3,-1,1,0,True,2,0,1,0,3,-1,1,0,True,3,1,1,0,3,-1,1,0,True,3,1,1,0,3,-1,1,0,True,3,1,1,0,3,-1,1,0,True
DAMIMAS_A21B_0043,train,23,4,3,2,2,6,3,3,14,6,4,0,0,0,0.6086956521739131,0.0,0.008053103657173913,0.013000603958400001,0.00418426375,2,0,3,0,7,1,0,0,True,2,0,3,0,7,1,0,0,True,2,0,3,0,7,1,0,0,True,2,0,3,0,7,1,0,0,True,2,0,3,0,7,1,0,0,True
DAMIMAS_A21B_0044,test,16,4,4,2,1,2,1,1,8,4,3,2,1,1,0.5,0.125,0.014095896240249999,0.018141238150999998,0.010528608723999999,2,0,1,0,4,0,1,0,True,2,0,1,0,4,0,1,0,True,2,0,1,0,4,0,1,0,True,2,0,1,0,4,0,1,0,True,2,0,1,0,4,0,1,0,True
DAMIMAS_A21B_0045,train,29,4,2,1,1,0,0,0,20,10,6,7,4,3,0.6896551724137931,0.2413793103448276,0.007928955100586206,0.014197644218799998,0.0036307022396,1,0,0,0,11,1,4,0,True,1,0,0,0,11,1,4,0,True,1,0,0,0,11,1,4,0,True,1,0,0,0,11,1,4,0,True,1,0,0,0,11,1,4,0,True
DAMIMAS_A21B_0046,test,14,4,0,0,0,0,0,0,7,3,2,7,3,2,0.5,0.5,0.008822615067,0.012903340234399999,0.0053845790886,0,0,0,0,4,1,4,1,True,0,0,0,0,4,1,4,1,True,0,0,0,0,4,1,4,1,True,0,0,0,0,4,1,4,1,True,0,0,0,0,4,1,4,1,True
DAMIMAS_A21B_0047,val,13,4,0,0,0,3,1,1,8,4,2,2,1,1,0.6153846153846154,0.15384615384615385,0.011444384054461538,0.014193353541600002,0.0071992247916000006,0,0,2,1,4,0,1,0,True,0,0,2,1,4,0,1,0,True,0,0,2,1,4,0,1,0,True,0,0,2,1,4,0,1,0,True,0,0,2,1,4,0,1,0,True
DAMIMAS_A21B_0048,val,18,4,0,0,0,1,1,1,12,6,4,5,3,3,0.6666666666666666,0.2777777777777778,0.011519233420111111,0.017619131848900006,0.005739240390600001,0,0,1,0,6,0,3,0,True,0,0,1,0,6,0,3,0,True,0,0,1,0,6,0,3,0,True,0,0,1,0,6,0,3,0,True,0,0,1,0,6,0,3,0,True
DAMIMAS_A21B_0049,train,13,4,0,0,0,0,0,0,9,5,3,4,3,1,0.6923076923076923,0.3076923076923077,0.012019758854153847,0.0192501047918,0.0075077880208,0,0,0,0,5,0,2,-1,True,0,0,0,0,5,0,2,-1,True,0,0,0,0,5,0,2,-1,True,0,0,0,0,5,0,2,-1,True,0,0,0,0,5,0,2,-1,True
DAMIMAS_A21B_0050,train,15,4,4,2,1,0,0,0,7,3,2,4,2,1,0.4666666666666667,0.26666666666666666,0.007396920781266667,0.0109517866146,0.0047877852084000005,2,0,0,0,4,1,2,0,True,2,0,0,0,4,1,2,0,True,2,0,0,0,4,1,2,0,True,2,0,0,0,4,1,2,0,True,2,0,0,0,4,1,2,0,True
DAMIMAS_A21B_0051,train,25,4,0,0,0,2,1,1,17,9,5,6,4,2,0.68,0.24,0.00658343498956,0.010142770625,0.00361818,0,0,1,0,9,0,3,-1,True,0,0,1,0,9,0,3,-1,True,0,0,1,0,9,0,3,-1,True,0,0,1,0,9,0,3,-1,True,0,0,1,0,9,0,3,-1,True
DAMIMAS_A21B_0052,train,25,4,4,2,1,5,3,2,15,9,5,1,1,1,0.6,0.04,0.00965793857292,0.018938510156200003,0.0029895895832000004,2,0,3,0,8,-1,1,0,True,2,0,3,0,8,-1,1,0,True,2,0,3,0,8,-1,1,0,True,2,0,3,0,8,-1,1,0,True,2,0,3,0,8,-1,1,0,True
DAMIMAS_A21B_0053,train,15,4,0,0,0,3,2,1,9,5,3,3,2,1,0.6,0.2,0.0068617108680666655,0.0119103559896,0.0031757971876000004,0,0,2,0,5,0,2,0,True,0,0,2,0,5,0,2,0,True,0,0,2,0,5,0,2,0,True,0,0,2,0,5,0,2,0,True,0,0,2,0,5,0,2,0,True
DAMIMAS_A21B_0054,test,20,4,0,0,0,5,2,2,9,5,3,6,4,2,0.45,0.3,0.008743995130200001,0.0136079451823,0.0041009170572,0,0,3,1,5,0,3,-1,True,0,0,3,1,5,0,3,-1,True,0,0,3,1,5,0,3,-1,True,0,0,3,1,5,0,3,-1,True,0,0,3,1,5,0,3,-1,True
DAMIMAS_A21B_0055,train,22,4,2,1,1,5,3,2,13,7,4,2,2,1,0.5909090909090909,0.09090909090909091,0.00892797636127273,0.0120363498177,0.0050124376823,1,0,3,0,7,0,1,-1,True,1,0,3,0,7,0,1,-1,True,1,0,3,0,7,0,1,-1,True,1,0,3,0,7,0,1,-1,True,1,0,3,0,7,0,1,-1,True
DAMIMAS_A21B_0056,train,15,4,2,1,1,2,1,1,7,4,3,4,2,2,0.4666666666666667,0.26666666666666666,0.009515620138866667,0.013065864218799999,0.006355476041600001,1,0,1,0,4,0,2,0,True,1,0,1,0,4,0,2,0,True,1,0,1,0,4,0,2,0,True,1,0,1,0,4,0,2,0,True,1,0,1,0,4,0,2,0,True
DAMIMAS_A21B_0057,train,24,4,4,2,1,2,1,1,11,6,3,7,4,3,0.4583333333333333,0.2916666666666667,0.007749640766041666,0.0106259558853,0.0047480686719,2,0,1,0,6,0,4,0,True,2,0,1,0,6,0,4,0,True,2,0,1,0,6,0,4,0,True,2,0,1,0,6,0,4,0,True,2,0,1,0,6,0,4,0,True
DAMIMAS_A21B_0058,train,16,4,3,1,1,2,1,1,7,3,2,4,2,2,0.4375,0.25,0.007083940071625,0.01076824375,0.002932931901,1,0,1,0,4,1,2,0,True,1,0,1,0,4,1,2,0,True,2,1,1,0,4,1,2,0,True,2,1,1,0,4,1,2,0,True,2,1,1,0,4,1,2,0,True
DAMIMAS_A21B_0059,test,10,4,3,1,1,2,1,1,5,2,2,0,0,0,0.5,0.0,0.008280608619800001,0.011582957812499997,0.0059963765886,1,0,1,0,3,1,0,0,True,1,0,1,0,3,1,0,0,True,2,1,1,0,3,1,0,0,True,2,1,1,0,3,1,0,0,True,2,1,1,0,3,1,0,0,True
DAMIMAS_A21B_0060,val,16,4,0,0,0,2,1,1,12,5,3,2,1,1,0.75,0.125,0.0089991717610625,0.012910546224000001,0.005335266927000001,0,0,1,0,6,1,1,0,True,0,0,1,0,6,1,1,0,True,0,0,1,0,6,1,1,0,True,0,0,1,0,6,1,1,0,True,0,0,1,0,6,1,1,0,True
DAMIMAS_A21B_0061,train,21,4,2,1,1,0,0,0,17,8,5,2,1,1,0.8095238095238095,0.09523809523809523,0.00795263087795238,0.012568331250000002,0.004284646875,1,0,0,0,9,1,1,0,True,1,0,0,0,9,1,1,0,True,1,0,0,0,9,1,1,0,True,1,0,0,0,9,1,1,0,True,1,0,0,0,9,1,1,0,True
DAMIMAS_A21B_0062,train,16,4,0,0,0,6,2,2,7,3,2,3,2,2,0.4375,0.1875,0.0104689004394375,0.017265179036500003,0.004391664453,0,0,3,1,4,1,2,0,True,0,0,3,1,4,1,2,0,True,0,0,3,1,4,1,2,0,True,0,0,3,1,4,1,2,0,True,0,0,3,1,4,1,2,0,True
DAMIMAS_A21B_0063,val,16,4,4,2,2,2,1,1,10,5,3,0,0,0,0.625,0.0,0.00884891549475,0.0146630859375,0.005533028776000001,2,0,1,0,5,0,0,0,True,2,0,1,0,5,0,0,0,True,2,0,1,0,5,0,0,0,True,2,0,1,0,5,0,0,0,True,2,0,1,0,5,0,0,0,True
DAMIMAS_A21B_0064,train,13,4,0,0,0,3,1,1,10,5,3,0,0,0,0.7692307692307693,0.0,0.010810907972769231,0.015158918646,0.0074894415104,0,0,2,1,5,0,0,0,True,0,0,2,1,5,0,0,0,True,0,0,2,1,5,0,0,0,True,0,0,2,1,5,0,0,0,True,0,0,2,1,5,0,0,0,True
DAMIMAS_A21B_0065,train,25,4,5,2,2,2,1,1,12,6,4,6,3,2,0.48,0.24,0.01020732468748,0.01713668125,0.0039707170832,3,1,1,0,6,0,3,0,True,3,1,1,0,6,0,3,0,True,3,1,1,0,6,0,3,0,True,3,1,1,0,6,0,3,0,True,3,1,1,0,6,0,3,0,True
DAMIMAS_A21B_0066,train,27,4,4,2,1,4,2,1,10,5,3,9,5,3,0.37037037037037035,0.3333333333333333,0.008213814882333333,0.013018163073000001,0.0036459970312000003,2,0,2,0,6,1,6,1,True,2,0,2,0,5,0,5,0,True,2,0,2,0,5,0,5,0,True,2,0,2,0,5,0,5,0,True,2,0,2,0,5,0,5,0,True
DAMIMAS_A21B_0067,train,25,4,7,3,2,2,1,1,13,7,5,3,1,1,0.52,0.12,0.008705464895839999,0.014098585104200001,0.004253578958399999,4,1,1,0,7,0,2,1,True,4,1,1,0,7,0,2,1,True,4,1,1,0,7,0,2,1,True,4,1,1,0,7,0,2,1,True,4,1,1,0,7,0,2,1,True
DAMIMAS_A21B_0068,train,18,4,2,1,1,7,4,2,6,3,2,3,2,2,0.3333333333333333,0.16666666666666666,0.01214117183161111,0.018921466198000003,0.00564645375,1,0,4,0,3,0,2,0,True,1,0,4,0,3,0,2,0,True,1,0,4,0,3,0,2,0,True,1,0,4,0,3,0,2,0,True,1,0,4,0,3,0,2,0,True
DAMIMAS_A21B_0069,train,19,4,3,1,1,2,1,1,12,7,4,2,1,1,0.631578947368421,0.10526315789473684,0.010696923492368421,0.0161017627604,0.005543566927199999,2,1,1,0,6,-1,1,0,True,2,1,1,0,6,-1,1,0,True,2,1,1,0,6,-1,1,0,True,2,1,1,0,6,-1,1,0,True,2,1,1,0,6,-1,1,0,True
DAMIMAS_A21B_0070,train,17,4,0,0,0,0,0,0,11,5,3,6,3,2,0.6470588235294118,0.35294117647058826,0.012305873636647058,0.027341670312600003,0.0037300079688000003,0,0,0,0,6,1,3,0,True,0,0,0,0,6,1,3,0,True,0,0,0,0,6,1,3,0,True,0,0,0,0,6,1,3,0,True,0,0,0,0,6,1,3,0,True
DAMIMAS_A21B_0071,train,18,4,2,1,1,3,1,1,13,6,4,0,0,0,0.7222222222222222,0.0,0.008681312673611111,0.0145502524219,0.0046907708853,1,0,2,1,7,1,0,0,True,1,0,2,1,7,1,0,0,True,1,0,2,1,7,1,0,0,True,1,0,2,1,7,1,0,0,True,1,0,2,1,7,1,0,0,True
DAMIMAS_A21B_0072,train,22,4,2,1,1,6,3,2,12,6,4,2,1,1,0.5454545454545454,0.09090909090909091,0.01311167627840909,0.0203657295834,0.0053208508335,1,0,3,0,6,0,1,0,True,1,0,3,0,6,0,1,0,True,1,0,3,0,6,0,1,0,True,1,0,3,0,6,0,1,0,True,1,0,3,0,6,0,1,0,True
DAMIMAS_A21B_0073,test,17,4,0,0,0,2,1,1,0,0,0,15,10,5,0.0,0.8823529411764706,0.00678647624082353,0.007871442916800002,0.0058224034896,0,0,1,0,0,0,8,-2,False,0,0,1,0,0,0,8,-2,False,0,0,1,0,0,0,8,-2,False,0,0,1,0,0,0,8,-2,False,0,0,1,0,0,0,8,-2,False
DAMIMAS_A21B_0074,train,4,2,0,0,0,0,0,0,2,2,2,2,2,2,0.5,0.5,0.008349408138,0.0105544453906,0.005733084375,0,0,0,0,2,0,2,0,True,0,0,0,0,2,0,2,0,True,0,0,0,0,1,-1,1,-1,True,0,0,0,0,1,-1,1,-1,True,0,0,0,0,2,0,2,0,True
DAMIMAS_A21B_0075,train,31,4,3,1,1,4,2,2,20,11,6,4,3,2,0.6451612903225806,0.12903225806451613,0.008817973000677421,0.012483819271,0.005141559375,2,1,2,0,10,-1,2,-1,True,2,1,2,0,11,0,2,-1,True,2,1,2,0,11,0,2,-1,True,2,1,2,0,10,-1,2,-1,True,2,1,2,0,10,-1,2,-1,True
DAMIMAS_A21B_0076,test,22,4,5,2,2,3,2,2,6,3,3,8,4,2,0.2727272727272727,0.36363636363636365,0.01188043052790909,0.0202334024479,0.005983112812499999,3,1,2,0,3,0,5,1,True,3,1,2,0,3,0,4,0,True,3,1,2,0,3,0,4,0,True,3,1,2,0,3,0,4,0,True,3,1,2,0,3,0,4,0,True
DAMIMAS_A21B_0077,train,17,4,5,2,2,0,0,0,12,7,4,0,0,0,0.7058823529411765,0.0,0.011666912040470587,0.020653313177200004,0.0035166246876,2,0,0,0,6,-1,0,0,True,2,0,0,0,6,-1,0,0,True,3,1,0,0,6,-1,0,0,True,3,1,0,0,6,-1,0,0,True,3,1,0,0,6,-1,0,0,True
DAMIMAS_A21B_0078,train,21,4,2,1,1,5,2,2,12,6,4,2,2,1,0.5714285714285714,0.09523809523809523,0.006135362760380953,0.0117708,0.002115871875,1,0,3,1,6,0,1,-1,True,1,0,3,1,6,0,1,-1,True,1,0,3,1,6,0,1,-1,True,1,0,3,1,6,0,1,-1,True,1,0,3,1,6,0,1,-1,True
DAMIMAS_A21B_0079,train,26,4,0,0,0,7,4,3,19,9,6,0,0,0,0.7307692307692307,0.0,0.007903871664653846,0.01015138125,0.0053531919269999995,0,0,4,0,10,1,0,0,True,0,0,4,0,10,1,0,0,True,0,0,4,0,10,1,0,0,True,0,0,4,0,10,1,0,0,True,0,0,4,0,10,1,0,0,True
DAMIMAS_A21B_0080,train,20,4,2,1,1,4,2,2,6,3,2,8,5,3,0.3,0.4,0.011625856041649996,0.0186050789064,0.0051033985677,1,0,2,0,3,0,4,-1,True,1,0,2,0,3,0,4,-1,True,1,0,2,0,3,0,4,-1,True,1,0,2,0,3,0,4,-1,True,1,0,2,0,3,0,4,-1,True
DAMIMAS_A21B_0081,train,22,4,2,2,1,5,2,2,10,5,3,5,4,2,0.45454545454545453,0.22727272727272727,0.010524352450272728,0.018149093437500003,0.0047008572396000006,1,-1,3,1,5,0,3,-1,True,1,-1,3,1,5,0,3,-1,True,1,-1,3,1,5,0,3,-1,True,1,-1,3,1,5,0,3,-1,True,1,-1,3,1,5,0,3,-1,True
DAMIMAS_A21B_0082,train,13,4,0,0,0,6,3,3,6,3,2,1,1,1,0.46153846153846156,0.07692307692307693,0.008554560116153846,0.012264147031200002,0.005527025364600001,0,0,3,0,3,0,1,0,True,0,0,3,0,3,0,1,0,True,0,0,3,0,3,0,1,0,True,0,0,3,0,3,0,1,0,True,0,0,3,0,3,0,1,0,True
DAMIMAS_A21B_0083,train,21,4,0,0,0,5,3,3,16,8,6,0,0,0,0.7619047619047619,0.0,0.009521598139904762,0.015812101823000003,0.00364585,0,0,3,0,8,0,0,0,True,0,0,3,0,8,0,0,0,True,0,0,3,0,8,0,0,0,True,0,0,3,0,8,0,0,0,True,0,0,3,0,8,0,0,0,True
DAMIMAS_A21B_0084,train,11,4,0,0,0,0,0,0,11,5,3,0,0,0,1.0,0.0,0.015459570525636363,0.018373940624999998,0.012744112500000002,0,0,0,0,6,1,0,0,True,0,0,0,0,6,1,0,0,True,0,0,0,0,6,1,0,0,True,0,0,0,0,6,1,0,0,True,0,0,0,0,6,1,0,0,True
DAMIMAS_A21B_0085,train,28,4,0,0,0,6,2,2,17,9,5,5,3,3,0.6071428571428571,0.17857142857142858,0.013579774981392857,0.0226150075522,0.0050580703125,0,0,3,1,9,0,3,0,True,0,0,3,1,9,0,3,0,True,0,0,3,1,9,0,3,0,True,0,0,3,1,9,0,3,0,True,0,0,3,1,9,0,3,0,True
DAMIMAS_A21B_0086,train,19,4,2,1,1,2,1,1,13,6,4,2,1,1,0.6842105263157895,0.10526315789473684,0.007693264185842107,0.0115870708332,0.003106262448,1,0,1,0,7,1,1,0,True,1,0,1,0,7,1,1,0,True,1,0,1,0,7,1,1,0,True,1,0,1,0,7,1,1,0,True,1,0,1,0,7,1,1,0,True
DAMIMAS_A21B_0087,train,25,4,2,1,1,5,3,2,16,8,5,2,1,1,0.64,0.08,0.008576424208320001,0.013169419531200004,0.0051601317188000005,1,0,3,0,8,0,1,0,True,1,0,3,0,8,0,1,0,True,1,0,3,0,8,0,1,0,True,1,0,3,0,8,0,1,0,True,1,0,3,0,8,0,1,0,True
DAMIMAS_A21B_0088,test,20,4,0,0,0,8,4,2,10,5,3,2,1,1,0.5,0.1,0.01304493876305,0.01844001250000001,0.008057211067700002,0,0,4,0,5,0,1,0,True,0,0,4,0,5,0,1,0,True,0,0,4,0,5,0,1,0,True,0,0,4,0,5,0,1,0,True,0,0,4,0,5,0,1,0,True
DAMIMAS_A21B_0089,test,23,4,0,0,0,2,1,1,14,7,4,7,3,2,0.6086956521739131,0.30434782608695654,0.010719418274434784,0.015966140677,0.006088570000000001,0,0,1,0,8,1,4,1,True,0,0,1,0,8,1,4,1,True,0,0,1,0,8,1,4,1,True,0,0,1,0,8,1,4,1,True,0,0,1,0,8,1,4,1,True
DAMIMAS_A21B_0090,train,10,4,0,0,0,3,1,1,5,2,2,2,1,1,0.5,0.2,0.0069091135417000005,0.010949919453199997,0.0031542177863999998,0,0,2,1,3,1,1,0,True,0,0,2,1,3,1,1,0,True,0,0,2,1,3,1,1,0,True,0,0,2,1,3,1,1,0,True,0,0,2,1,3,1,1,0,True
DAMIMAS_A21B_0091,train,20,4,0,0,0,6,3,3,14,7,4,0,0,0,0.7,0.0,0.00874097221355,0.011933919426999999,0.0054647541666,0,0,3,0,7,0,0,0,True,0,0,3,0,7,0,0,0,True,0,0,3,0,7,0,0,0,True,0,0,3,0,7,0,0,0,True,0,0,3,0,7,0,0,0,True
DAMIMAS_A21B_0092,test,22,4,0,0,0,8,4,2,8,5,3,6,3,2,0.36363636363636365,0.2727272727272727,0.012620936280818184,0.018751272500000003,0.0082478519532,0,0,4,0,4,-1,3,0,True,0,0,4,0,4,-1,3,0,True,0,0,4,0,4,-1,3,0,True,0,0,4,0,4,-1,3,0,True,0,0,4,0,4,-1,3,0,True
DAMIMAS_A21B_0093,train,18,4,0,0,0,0,0,0,14,7,4,4,2,2,0.7777777777777778,0.2222222222222222,0.014280371686944444,0.025581038723900003,0.007499043906300002,0,0,0,0,7,0,2,0,True,0,0,0,0,7,0,2,0,True,0,0,0,0,7,0,2,0,True,0,0,0,0,7,0,2,0,True,0,0,0,0,7,0,2,0,True
DAMIMAS_A21B_0094,test,27,4,2,1,1,0,0,0,14,7,4,11,7,4,0.5185185185185185,0.4074074074074074,0.005680241820999999,0.0103763391146,0.002549296875,1,0,0,0,7,0,6,-1,True,1,0,0,0,7,0,6,-1,True,1,0,0,0,7,0,6,-1,True,1,0,0,0,7,0,6,-1,True,1,0,0,0,7,0,6,-1,True
DAMIMAS_A21B_0095,train,15,4,2,1,1,8,4,3,5,3,2,0,0,0,0.3333333333333333,0.0,0.008445262812466667,0.0145097814582,0.0043444169792,1,0,4,0,3,0,0,0,True,1,0,4,0,3,0,0,0,True,1,0,4,0,3,0,0,0,True,1,0,4,0,3,0,0,0,True,1,0,4,0,3,0,0,0,True
DAMIMAS_A21B_0096,test,18,4,4,2,1,0,0,0,4,2,2,10,6,3,0.2222222222222222,0.5555555555555556,0.007837322902222225,0.011368406927,0.005178967109400001,2,0,0,0,2,0,5,-1,True,2,0,0,0,2,0,5,-1,True,2,0,0,0,2,0,5,-1,True,2,0,0,0,2,0,5,-1,True,2,0,0,0,2,0,5,-1,True
DAMIMAS_A21B_0097,train,22,4,1,1,1,4,2,2,12,6,4,5,3,2,0.5454545454545454,0.22727272727272727,0.011153643442227272,0.020768347760400013,0.0050496460416,1,0,2,0,6,0,3,0,True,1,0,2,0,6,0,3,0,True,1,0,2,0,6,0,3,0,True,1,0,2,0,6,0,3,0,True,1,0,2,0,6,0,3,0,True
DAMIMAS_A21B_0098,train,19,4,0,0,0,2,1,1,8,4,2,9,5,3,0.42105263157894735,0.47368421052631576,0.005265946573473686,0.007648127083199998,0.00161362,0,0,1,0,4,0,5,0,True,0,0,1,0,4,0,5,0,True,0,0,1,0,4,0,5,0,True,0,0,1,0,4,0,5,0,True,0,0,1,0,4,0,5,0,True
DAMIMAS_A21B_0099,train,24,4,5,2,2,8,4,3,9,5,4,2,1,1,0.375,0.08333333333333333,0.008120212879791667,0.0130870303386,0.0035821101822,3,1,5,1,5,0,1,0,True,3,1,4,0,5,0,1,0,True,3,1,4,0,5,0,1,0,True,3,1,4,0,5,0,1,0,True,3,1,4,0,5,0,1,0,True
DAMIMAS_A21B_0100,val,27,4,2,1,1,4,2,1,8,5,3,13,7,4,0.2962962962962963,0.48148148148148145,0.010865679321,0.018056268489599996,0.0057672642708,1,0,2,0,4,-1,7,0,True,1,0,2,0,4,-1,7,0,True,1,0,2,0,4,-1,7,0,True,1,0,2,0,4,-1,7,0,True,1,0,2,0,4,-1,7,0,True
DAMIMAS_A21B_0101,train,15,4,2,1,1,7,3,2,6,3,2,0,0,0,0.4,0.0,0.013920742552066665,0.021794302760399998,0.007051593802000001,1,0,4,1,3,0,0,0,True,1,0,4,1,3,0,0,0,True,1,0,4,1,3,0,0,0,True,1,0,4,1,3,0,0,0,True,1,0,4,1,3,0,0,0,True
DAMIMAS_A21B_0102,train,18,4,0,0,0,0,0,0,16,7,5,2,1,1,0.8888888888888888,0.1111111111111111,0.007910715031833333,0.011784704062500002,0.0032812660416,0,0,0,0,8,1,1,0,True,0,0,0,0,8,1,1,0,True,0,0,0,0,8,1,1,0,True,0,0,0,0,8,1,1,0,True,0,0,0,0,8,1,1,0,True
DAMIMAS_A21B_0103,val,29,4,1,1,1,8,5,3,20,11,6,0,0,0,0.6896551724137931,0.0,0.011689578205827588,0.019270567760399995,0.0063407551564,1,0,4,-1,11,0,0,0,True,1,0,4,-1,11,0,0,0,True,1,0,4,-1,11,0,0,0,True,1,0,4,-1,11,0,0,0,True,1,0,4,-1,11,0,0,0,True
DAMIMAS_A21B_0104,train,27,4,4,2,2,6,3,3,9,5,3,8,5,3,0.3333333333333333,0.2962962962962963,0.01176780544948148,0.0173069480208,0.007442849010399999,2,0,4,1,5,0,5,0,True,2,0,3,0,5,0,4,-1,True,2,0,3,0,5,0,4,-1,True,2,0,3,0,5,0,4,-1,True,2,0,3,0,5,0,4,-1,True
DAMIMAS_A21B_0105,train,21,4,4,2,1,3,2,1,13,8,4,1,1,1,0.6190476190476191,0.047619047619047616,0.008454713095238096,0.013370836197999999,0.00453125,2,0,2,0,7,-1,1,0,True,2,0,2,0,7,-1,1,0,True,2,0,2,0,7,-1,1,0,True,2,0,2,0,7,-1,1,0,True,2,0,2,0,7,-1,1,0,True
DAMIMAS_A21B_0106,test,21,4,4,2,1,0,0,0,10,5,3,7,4,2,0.47619047619047616,0.3333333333333333,0.007429329972714285,0.011755363801999999,0.002333142448,2,0,0,0,5,0,4,0,True,2,0,0,0,5,0,4,0,True,2,0,0,0,5,0,4,0,True,2,0,0,0,5,0,4,0,True,2,0,0,0,5,0,4,0,True
DAMIMAS_A21B_0107,val,31,4,6,3,2,6,4,3,17,10,7,2,2,1,0.5483870967741935,0.06451612903225806,0.00939427560487097,0.016402254948,0.004039731249999999,3,0,3,-1,9,-1,1,-1,True,3,0,3,-1,9,-1,1,-1,True,3,0,3,-1,9,-1,1,-1,True,3,0,3,-1,9,-1,1,-1,True,3,0,3,-1,9,-1,1,-1,True
DAMIMAS_A21B_0108,train,17,4,3,1,1,5,3,2,7,4,2,2,1,1,0.4117647058823529,0.11764705882352941,0.009150882138470588,0.0118401942188,0.0073385292708,1,0,3,0,4,0,1,0,True,1,0,3,0,4,0,1,0,True,2,1,3,0,4,0,1,0,True,2,1,3,0,4,0,1,0,True,2,1,3,0,4,0,1,0,True
DAMIMAS_A21B_0109,train,20,4,2,1,1,5,2,2,9,5,3,4,3,1,0.45,0.2,0.012720535520849998,0.020645910677100008,0.0049853647396,1,0,3,1,5,0,2,-1,True,1,0,3,1,5,0,2,-1,True,1,0,3,1,5,0,2,-1,True,1,0,3,1,5,0,2,-1,True,1,0,3,1,5,0,2,-1,True
DAMIMAS_A21B_0110,train,8,4,0,0,0,0,0,0,3,2,1,5,2,2,0.375,0.625,0.007785157487,0.011126186171900001,0.00443295875,0,0,0,0,2,0,3,1,True,0,0,0,0,2,0,3,1,True,0,0,0,0,2,0,3,1,True,0,0,0,0,2,0,3,1,True,0,0,0,0,2,0,3,1,True
DAMIMAS_A21B_0111,train,24,4,0,0,0,2,1,1,16,8,4,6,3,3,0.6666666666666666,0.25,0.006152172938375,0.008701171875,0.0028487246355000002,0,0,1,0,8,0,3,0,True,0,0,1,0,8,0,3,0,True,0,0,1,0,8,0,3,0,True,0,0,1,0,8,0,3,0,True,0,0,1,0,8,0,3,0,True
DAMIMAS_A21B_0112,train,12,4,0,0,0,4,2,1,8,4,3,0,0,0,0.6666666666666666,0.0,0.013051768684916665,0.0184880228907,0.0088763754168,0,0,2,0,4,0,0,0,True,0,0,2,0,4,0,0,0,True,0,0,2,0,4,0,0,0,True,0,0,2,0,4,0,0,0,True,0,0,2,0,4,0,0,0,True
DAMIMAS_A21B_0113,train,15,4,0,0,0,2,1,1,11,6,3,2,1,1,0.7333333333333333,0.13333333333333333,0.011240809288200001,0.014783174583199998,0.00635385375,0,0,1,0,6,0,1,0,True,0,0,1,0,6,0,1,0,True,0,0,1,0,6,0,1,0,True,0,0,1,0,6,0,1,0,True,0,0,1,0,6,0,1,0,True
DAMIMAS_A21B_0114,train,9,4,0,0,0,2,1,1,7,3,2,0,0,0,0.7777777777777778,0.0,0.007822982436333333,0.011371093749999998,0.0047417002604,0,0,1,0,4,1,0,0,True,0,0,1,0,4,1,0,0,True,0,0,1,0,4,1,0,0,True,0,0,1,0,4,1,0,0,True,0,0,1,0,4,1,0,0,True
DAMIMAS_A21B_0115,train,5,3,0,0,0,2,1,1,3,2,2,0,0,0,0.6,0.0,0.0107877596354,0.0153704489062,0.0077196999999999995,0,0,1,0,2,0,0,0,True,0,0,1,0,2,0,0,0,True,0,0,1,0,2,0,0,0,True,0,0,1,0,2,0,0,0,True,0,0,1,0,2,0,0,0,True
DAMIMAS_A21B_0116,val,25,4,0,0,0,4,2,1,12,5,4,9,5,3,0.48,0.36,0.0103074193854,0.015698030989600004,0.0052461232292,0,0,2,0,6,1,5,0,True,0,0,2,0,6,1,5,0,True,0,0,2,0,6,1,5,0,True,0,0,2,0,6,1,5,0,True,0,0,2,0,6,1,5,0,True
DAMIMAS_A21B_0117,val,8,4,0,0,0,0,0,0,6,3,2,2,1,1,0.75,0.25,0.0087069796875,0.016280337864699998,0.0027148614062,0,0,0,0,3,0,1,0,True,0,0,0,0,3,0,1,0,True,0,0,0,0,3,0,1,0,True,0,0,0,0,3,0,1,0,True,0,0,0,0,3,0,1,0,True
DAMIMAS_A21B_0118,train,20,4,3,1,1,2,1,1,4,2,1,11,7,3,0.2,0.55,0.0080040247005,0.0132519636197,0.00390013125,2,1,1,0,2,0,6,-1,True,2,1,1,0,2,0,6,-1,True,2,1,1,0,2,0,6,-1,True,2,1,1,0,2,0,6,-1,True,2,1,1,0,2,0,6,-1,True
DAMIMAS_A21B_0119,train,19,4,5,2,2,9,4,3,5,2,2,0,0,0,0.2631578947368421,0.0,0.010948531565263158,0.017396818489599994,0.0063847800000000005,3,1,5,1,3,1,0,0,True,3,1,5,1,3,1,0,0,True,3,1,5,1,3,1,0,0,True,3,1,5,1,3,1,0,0,True,3,1,5,1,3,1,0,0,True
DAMIMAS_A21B_0120,train,9,4,3,1,1,0,0,0,2,1,1,4,3,2,0.2222222222222222,0.4444444444444444,0.01046140988911111,0.012929254864,0.008213629929600001,1,0,0,0,1,0,2,-1,True,1,0,0,0,1,0,2,-1,True,2,1,0,0,1,0,2,-1,True,2,1,0,0,1,0,2,-1,True,2,1,0,0,1,0,2,-1,True
DAMIMAS_A21B_0121,train,21,4,0,0,0,6,3,2,12,5,3,3,2,2,0.5714285714285714,0.14285714285714285,0.010662043080380951,0.015397938802,0.005364600000000001,0,0,3,0,6,1,2,0,True,0,0,3,0,6,1,2,0,True,0,0,3,0,6,1,2,0,True,0,0,3,0,6,1,2,0,True,0,0,3,0,6,1,2,0,True
DAMIMAS_A21B_0122,train,13,4,2,1,1,2,1,1,1,1,1,8,5,3,0.07692307692307693,0.6153846153846154,0.0060708414863846144,0.0090103729688,0.0017311079166000007,1,0,1,0,1,0,4,-1,True,1,0,1,0,1,0,4,-1,True,1,0,1,0,1,0,4,-1,True,1,0,1,0,1,0,4,-1,True,1,0,1,0,1,0,4,-1,True
DAMIMAS_A21B_0123,train,17,4,0,0,0,11,6,4,6,3,2,0,0,0,0.35294117647058826,0.0,0.007390089944294117,0.0114563456082,0.004158796597200001,0,0,6,0,3,0,0,0,True,0,0,6,0,3,0,0,0,True,0,0,6,0,3,0,0,0,True,0,0,6,0,3,0,0,0,True,0,0,6,0,3,0,0,0,True
DAMIMAS_A21B_0124,train,20,4,0,0,0,2,1,1,14,6,4,4,2,1,0.7,0.2,0.0098378931249,0.0161732703322,0.005449697364600001,0,0,1,0,7,1,2,0,True,0,0,1,0,7,1,2,0,True,0,0,1,0,7,1,2,0,True,0,0,1,0,7,1,2,0,True,0,0,1,0,7,1,2,0,True
DAMIMAS_A21B_0125,train,20,4,2,1,1,5,2,2,11,5,4,2,1,1,0.55,0.1,0.0096942702162,0.016783417509700003,0.0056534592705000004,1,0,3,1,6,1,1,0,True,1,0,3,1,6,1,1,0,True,1,0,3,1,6,1,1,0,True,1,0,3,1,6,1,1,0,True,1,0,3,1,6,1,1,0,True
DAMIMAS_A21B_0126,train,22,4,5,2,2,0,0,0,9,4,3,8,4,3,0.4090909090909091,0.36363636363636365,0.00843148238409091,0.0141879125566,0.0035806958893999995,3,1,0,0,5,1,5,1,True,3,1,0,0,5,1,4,0,True,3,1,0,0,5,1,4,0,True,3,1,0,0,5,1,4,0,True,3,1,0,0,5,1,4,0,True
DAMIMAS_A21B_0127,train,23,4,0,0,0,3,2,2,11,5,3,9,5,4,0.4782608695652174,0.391304347826087,0.007597950570391303,0.011243005108799999,0.0045398203104,0,0,2,0,6,1,5,0,True,0,0,2,0,6,1,5,0,True,0,0,2,0,6,1,5,0,True,0,0,2,0,6,1,5,0,True,0,0,2,0,6,1,5,0,True
DAMIMAS_A21B_0128,train,17,4,0,0,0,2,1,1,10,4,3,5,3,2,0.5882352941176471,0.29411764705882354,0.009897834892352943,0.016598215050200003,0.0054813124946,0,0,1,0,5,1,3,0,True,0,0,1,0,5,1,3,0,True,0,0,1,0,5,1,3,0,True,0,0,1,0,5,1,3,0,True,0,0,1,0,5,1,3,0,True
DAMIMAS_A21B_0129,train,10,4,0,0,0,0,0,0,8,4,2,2,1,1,0.8,0.2,0.014868128058700001,0.020304055868,0.0107541739034,0,0,0,0,4,0,1,0,True,0,0,0,0,4,0,1,0,True,0,0,0,0,4,0,1,0,True,0,0,0,0,4,0,1,0,True,0,0,0,0,4,0,1,0,True
DAMIMAS_A21B_0130,train,16,4,2,1,1,2,1,1,4,2,2,8,5,3,0.25,0.5,0.006029276851562499,0.0098789818015,0.003136082852,1,0,1,0,2,0,4,-1,True,1,0,1,0,2,0,4,-1,True,1,0,1,0,2,0,4,-1,True,1,0,1,0,2,0,4,-1,True,1,0,1,0,2,0,4,-1,True
DAMIMAS_A21B_0131,train,18,4,0,0,0,2,1,1,12,6,5,4,2,2,0.6666666666666666,0.2222222222222222,0.009772970014888888,0.017579722525,0.004039420197,0,0,1,0,6,0,2,0,True,0,0,1,0,6,0,2,0,True,0,0,1,0,6,0,2,0,True,0,0,1,0,6,0,2,0,True,0,0,1,0,6,0,2,0,True
DAMIMAS_A21B_0132,train,17,4,3,1,1,2,1,1,2,1,1,10,6,4,0.11764705882352941,0.5882352941176471,0.011132824989705883,0.017927754746,0.0038537437632000003,1,0,1,0,1,0,5,-1,True,1,0,1,0,1,0,5,-1,True,2,1,1,0,1,0,5,-1,True,2,1,1,0,1,0,5,-1,True,2,1,1,0,1,0,5,-1,True
DAMIMAS_A21B_0133,train,21,4,0,0,0,0,0,0,17,7,5,4,2,2,0.8095238095238095,0.19047619047619047,0.014084722047761905,0.026544124080000002,0.006656813856,0,0,0,0,9,2,2,0,False,0,0,0,0,9,2,2,0,False,0,0,0,0,9,2,2,0,False,0,0,0,0,9,2,2,0,False,0,0,0,0,9,2,2,0,False
DAMIMAS_A21B_0134,train,15,4,0,0,0,5,2,2,10,4,3,0,0,0,0.6666666666666666,0.0,0.005736413517733334,0.0088723588972,0.0024905202576,0,0,3,1,5,1,0,0,True,0,0,3,1,5,1,0,0,True,0,0,3,1,5,1,0,0,True,0,0,3,1,5,1,0,0,True,0,0,3,1,5,1,0,0,True
DAMIMAS_A21B_0135,train,22,4,0,0,0,12,5,3,6,3,2,4,2,2,0.2727272727272727,0.18181818181818182,0.006053053586681818,0.0097326336198,0.0035969705729999996,0,0,6,1,3,0,2,0,True,0,0,6,1,3,0,2,0,True,0,0,6,1,3,0,2,0,True,0,0,6,1,3,0,2,0,True,0,0,6,1,3,0,2,0,True
DAMIMAS_A21B_0136,train,22,4,0,0,0,0,0,0,15,7,4,7,3,3,0.6818181818181818,0.3181818181818182,0.008666815358,0.0123865072751,0.0055085349699,0,0,0,0,8,1,4,1,True,0,0,0,0,8,1,4,1,True,0,0,0,0,8,1,4,1,True,0,0,0,0,8,1,4,1,True,0,0,0,0,8,1,4,1,True
DAMIMAS_A21B_0137,train,20,4,0,0,0,3,2,2,17,8,5,0,0,0,0.85,0.0,0.009887680255250001,0.0178244109085,0.0045224955683000004,0,0,2,0,9,1,0,0,True,0,0,2,0,9,1,0,0,True,0,0,2,0,9,1,0,0,True,0,0,2,0,9,1,0,0,True,0,0,2,0,9,1,0,0,True
DAMIMAS_A21B_0138,train,15,4,0,0,0,3,1,1,8,3,2,4,2,2,0.5333333333333333,0.26666666666666666,0.0072341172718,0.0122455842956,0.002616324156,0,0,2,1,4,1,2,0,True,0,0,2,1,4,1,2,0,True,0,0,2,1,4,1,2,0,True,0,0,2,1,4,1,2,0,True,0,0,2,1,4,1,2,0,True
DAMIMAS_A21B_0139,train,20,4,0,0,0,4,2,2,13,5,5,3,1,1,0.65,0.15,0.006293655475349999,0.0105730201384,0.0029812113234,0,0,2,0,7,2,2,1,False,0,0,2,0,7,2,2,1,False,0,0,2,0,7,2,2,1,False,0,0,2,0,7,2,2,1,False,0,0,2,0,7,2,2,1,False
DAMIMAS_A21B_0140,train,27,4,2,1,1,6,3,2,8,4,2,11,5,3,0.2962962962962963,0.4074074074074074,0.01293674128259259,0.0200540535516,0.007189464874799999,1,0,3,0,4,0,6,1,True,1,0,3,0,4,0,6,1,True,1,0,3,0,4,0,6,1,True,1,0,3,0,4,0,6,1,True,1,0,3,0,4,0,6,1,True
DAMIMAS_A21B_0141,train,22,4,0,0,0,0,0,0,17,7,5,5,2,2,0.7727272727272727,0.22727272727272727,0.009646845491727273,0.015380242637200002,0.0044887326552,0,0,0,0,9,2,3,1,False,0,0,0,0,9,2,3,1,False,0,0,0,0,9,2,3,1,False,0,0,0,0,9,2,3,1,False,0,0,0,0,9,2,3,1,False
DAMIMAS_A21B_0142,train,9,4,0,0,0,1,1,1,6,3,2,2,1,1,0.6666666666666666,0.2222222222222222,0.006478348173444445,0.0081680155476,0.0043651733136,0,0,1,0,3,0,1,0,True,0,0,1,0,3,0,1,0,True,0,0,1,0,3,0,1,0,True,0,0,1,0,3,0,1,0,True,0,0,1,0,3,0,1,0,True
DAMIMAS_A21B_0143,train,19,4,0,0,0,0,0,0,17,7,5,2,1,1,0.8947368421052632,0.10526315789473684,0.007919072889052631,0.010633416093999998,0.005608792756800001,0,0,0,0,9,2,1,0,False,0,0,0,0,9,2,1,0,False,0,0,0,0,9,2,1,0,False,0,0,0,0,9,2,1,0,False,0,0,0,0,9,2,1,0,False
DAMIMAS_A21B_0144,val,19,4,0,0,0,2,1,1,13,6,4,4,2,2,0.6842105263157895,0.21052631578947367,0.009507304698842103,0.016033932435799998,0.0038743256299999997,0,0,1,0,7,1,2,0,True,0,0,1,0,7,1,2,0,True,0,0,1,0,7,1,2,0,True,0,0,1,0,7,1,2,0,True,0,0,1,0,7,1,2,0,True
DAMIMAS_A21B_0145,val,20,4,2,1,1,0,0,0,10,5,3,8,4,2,0.5,0.4,0.012125202802799998,0.01715553657660001,0.0052198022874,1,0,0,0,5,0,4,0,True,1,0,0,0,5,0,4,0,True,1,0,0,0,5,0,4,0,True,1,0,0,0,5,0,4,0,True,1,0,0,0,5,0,4,0,True
DAMIMAS_A21B_0146,val,23,4,0,0,0,7,3,2,12,6,3,4,2,1,0.5217391304347826,0.17391304347826086,0.01251739406378261,0.019743794116200003,0.0055862230792,0,0,4,1,6,0,2,0,True,0,0,4,1,6,0,2,0,True,0,0,4,1,6,0,2,0,True,0,0,4,1,6,0,2,0,True,0,0,4,1,6,0,2,0,True
DAMIMAS_A21B_0147,val,26,4,0,0,0,4,2,1,18,8,5,4,2,1,0.6923076923076923,0.15384615384615385,0.007902501680461539,0.011946527485999999,0.004403956867,0,0,2,0,9,1,2,0,True,0,0,2,0,10,2,2,0,False,0,0,2,0,10,2,2,0,False,0,0,2,0,9,1,2,0,True,0,0,2,0,9,1,2,0,True
DAMIMAS_A21B_0148,val,18,4,0,0,0,6,3,2,6,3,2,6,3,2,0.3333333333333333,0.3333333333333333,0.012764264922222221,0.016364450123700004,0.008804434303400001,0,0,3,0,3,0,3,0,True,0,0,3,0,3,0,3,0,True,0,0,3,0,3,0,3,0,True,0,0,3,0,3,0,3,0,True,0,0,3,0,3,0,3,0,True
DAMIMAS_A21B_0149,val,23,4,0,0,0,3,1,1,18,9,5,2,1,1,0.782608695652174,0.08695652173913043,0.010013899875347825,0.019969960534400005,0.0037762485347999997,0,0,2,1,10,1,1,0,True,0,0,2,1,10,1,1,0,True,0,0,2,1,10,1,1,0,True,0,0,2,1,10,1,1,0,True,0,0,2,1,10,1,1,0,True
DAMIMAS_A21B_0150,val,27,4,0,0,0,5,2,2,16,8,5,6,4,3,0.5925925925925926,0.2222222222222222,0.00751298967011111,0.01196095875,0.0031748010416,0,0,3,1,9,1,3,-1,True,0,0,3,1,9,1,3,-1,True,0,0,3,1,9,1,3,-1,True,0,0,3,1,8,0,3,-1,True,0,0,3,1,8,0,3,-1,True
DAMIMAS_A21B_0151,val,23,4,0,0,0,2,1,1,13,5,4,8,4,3,0.5652173913043478,0.34782608695652173,0.007311656090434783,0.01068566072,0.00442272794,0,0,1,0,7,2,4,0,False,0,0,1,0,7,2,4,0,False,0,0,1,0,7,2,4,0,False,0,0,1,0,7,2,4,0,False,0,0,1,0,7,2,4,0,False
DAMIMAS_A21B_0152,val,24,4,0,0,0,5,2,2,13,5,4,6,3,2,0.5416666666666666,0.25,0.007861207251791666,0.0101812584654,0.004536928973,0,0,3,1,7,2,3,0,False,0,0,3,1,7,2,3,0,False,0,0,3,1,7,2,3,0,False,0,0,3,1,7,2,3,0,False,0,0,3,1,7,2,3,0,False
DAMIMAS_A21B_0153,val,17,4,0,0,0,0,0,0,15,7,5,2,1,1,0.8823529411764706,0.11764705882352941,0.012578659583647058,0.0222217271946,0.0059148130956,0,0,0,0,8,1,1,0,True,0,0,0,0,8,1,1,0,True,0,0,0,0,8,1,1,0,True,0,0,0,0,8,1,1,0,True,0,0,0,0,8,1,1,0,True
DAMIMAS_A21B_0154,val,26,4,0,0,0,4,2,1,8,4,3,14,7,4,0.3076923076923077,0.5384615384615384,0.007684886658961538,0.015374924594999999,0.003138833927,0,0,2,0,4,0,8,1,True,0,0,2,0,4,0,8,1,True,0,0,2,0,4,0,8,1,True,0,0,2,0,4,0,7,0,True,0,0,2,0,4,0,7,0,True
DAMIMAS_A21B_0155,val,23,4,1,1,1,7,3,3,10,5,3,5,3,2,0.43478260869565216,0.21739130434782608,0.010075433905608696,0.014204895283200002,0.0048596339918,1,0,4,1,5,0,3,0,True,1,0,4,1,5,0,3,0,True,1,0,4,1,5,0,3,0,True,1,0,4,1,5,0,3,0,True,1,0,4,1,5,0,3,0,True
DAMIMAS_A21B_0156,val,19,4,1,1,1,3,1,1,9,4,3,6,3,2,0.47368421052631576,0.3157894736842105,0.011544700267842106,0.0162352017384,0.006168952644200001,1,0,2,1,5,1,3,0,True,1,0,2,1,5,1,3,0,True,1,0,2,1,5,1,3,0,True,1,0,2,1,5,1,3,0,True,1,0,2,1,5,1,3,0,True
DAMIMAS_A21B_0157,val,26,4,0,0,0,7,3,2,13,7,4,6,4,2,0.5,0.23076923076923078,0.012800771874,0.0194878105615,0.006754242936,0,0,4,1,7,0,3,-1,True,0,0,4,1,7,0,3,-1,True,0,0,4,1,7,0,3,-1,True,0,0,4,1,7,0,3,-1,True,0,0,4,1,7,0,3,-1,True
DAMIMAS_A21B_0158,val,19,4,0,0,0,4,2,1,10,5,3,5,3,2,0.5263157894736842,0.2631578947368421,0.008047414918789474,0.0126031745656,0.004483731275199999,0,0,2,0,5,0,3,0,True,0,0,2,0,5,0,3,0,True,0,0,2,0,5,0,3,0,True,0,0,2,0,5,0,3,0,True,0,0,2,0,5,0,3,0,True
DAMIMAS_A21B_0159,val,9,4,1,1,1,0,0,0,2,1,1,6,3,2,0.2222222222222222,0.6666666666666666,0.008918244500888888,0.0161591508354,0.0037999369008,1,0,0,0,1,0,3,0,True,1,0,0,0,1,0,3,0,True,1,0,0,0,1,0,3,0,True,1,0,0,0,1,0,3,0,True,1,0,0,0,1,0,3,0,True
DAMIMAS_A21B_0160,val,14,4,0,0,0,7,3,2,7,3,3,0,0,0,0.5,0.0,0.015243145256642858,0.0214455822656,0.009973715182200001,0,0,4,1,4,1,0,0,True,0,0,4,1,4,1,0,0,True,0,0,4,1,4,1,0,0,True,0,0,4,1,4,1,0,0,True,0,0,4,1,4,1,0,0,True
DAMIMAS_A21B_0161,val,24,4,0,0,0,0,0,0,19,10,6,5,4,2,0.7916666666666666,0.20833333333333334,0.010948677735833334,0.014905435593999998,0.0066254381990000005,0,0,0,0,10,0,3,-1,True,0,0,0,0,10,0,3,-1,True,0,0,0,0,10,0,3,-1,True,0,0,0,0,10,0,3,-1,True,0,0,0,0,10,0,3,-1,True
DAMIMAS_A21B_0162,val,18,4,0,0,0,0,0,0,12,4,3,6,4,2,0.6666666666666666,0.3333333333333333,0.01162451509711111,0.019754123436699998,0.0046560417092000005,0,0,0,0,7,3,3,-1,False,0,0,0,0,7,3,3,-1,False,0,0,0,0,7,3,3,-1,False,0,0,0,0,7,3,3,-1,False,0,0,0,0,7,3,3,-1,False
DAMIMAS_A21B_0163,val,32,4,3,1,1,2,1,1,17,8,5,10,5,3,0.53125,0.3125,0.00938574768853125,0.01780370894240001,0.0044624166291,2,1,1,0,10,2,6,1,False,2,1,1,0,10,2,6,1,False,2,1,1,0,10,2,6,1,False,2,1,1,0,9,1,5,0,True,2,1,1,0,9,1,5,0,True
DAMIMAS_A21B_0164,val,24,4,0,0,0,2,1,1,12,6,4,10,5,3,0.5,0.4166666666666667,0.013671695818416665,0.0189083673684,0.006046529256,0,0,1,0,6,0,5,0,True,0,0,1,0,6,0,5,0,True,0,0,1,0,6,0,5,0,True,0,0,1,0,6,0,5,0,True,0,0,1,0,6,0,5,0,True
DAMIMAS_A21B_0165,val,24,4,0,0,0,7,3,2,11,5,3,6,3,3,0.4583333333333333,0.25,0.007621066826583332,0.0123159249659,0.0039831221103,0,0,4,1,6,1,3,0,True,0,0,4,1,6,1,3,0,True,0,0,4,1,6,1,3,0,True,0,0,4,1,6,1,3,0,True,0,0,4,1,6,1,3,0,True
DAMIMAS_A21B_0166,val,18,4,2,1,1,3,1,1,11,6,3,2,2,2,0.6111111111111112,0.1111111111111111,0.007241946351444446,0.0110282185692,0.0016033468804,1,0,2,1,6,0,2,0,True,1,0,2,1,6,0,2,0,True,1,0,2,1,6,0,1,-1,True,1,0,2,1,6,0,1,-1,True,1,0,2,1,6,0,2,0,True
DAMIMAS_A21B_0167,val,22,4,4,2,2,5,2,2,7,4,3,6,3,2,0.3181818181818182,0.2727272727272727,0.008988383875136362,0.014506798111700005,0.005427424385,2,0,3,1,4,0,4,1,True,2,0,3,1,4,0,3,0,True,2,0,3,1,4,0,3,0,True,2,0,3,1,4,0,3,0,True,2,0,3,1,4,0,3,0,True
DAMIMAS_A21B_0168,val,24,4,2,1,1,3,1,1,9,4,3,10,6,3,0.375,0.4166666666666667,0.015754992238541668,0.026931676302599995,0.0066066716065,1,0,2,1,5,1,5,-1,True,1,0,2,1,5,1,5,-1,True,1,0,2,1,5,1,5,-1,True,1,0,2,1,5,1,5,-1,True,1,0,2,1,5,1,5,-1,True
DAMIMAS_A21B_0169,val,29,4,0,0,0,2,1,1,21,12,7,6,3,2,0.7241379310344828,0.20689655172413793,0.008605440832965518,0.0115728373698,0.0052838302919999995,0,0,1,0,11,-1,3,0,True,0,0,1,0,12,0,3,0,True,0,0,1,0,12,0,3,0,True,0,0,1,0,11,-1,3,0,True,0,0,1,0,11,-1,3,0,True
DAMIMAS_A21B_0170,val,26,4,2,1,1,2,1,1,10,6,3,12,5,3,0.38461538461538464,0.46153846153846156,0.007864808174269232,0.012922045239,0.003615135092,1,0,1,0,5,-1,7,2,False,1,0,1,0,5,-1,7,2,False,1,0,1,0,5,-1,7,2,False,1,0,1,0,5,-1,6,1,True,1,0,1,0,5,-1,6,1,True
DAMIMAS_A21B_0171,val,14,4,0,0,0,0,0,0,13,7,4,1,1,1,0.9285714285714286,0.07142857142857142,0.007798884028142857,0.012090908709600003,0.0044401033103,0,0,0,0,7,0,1,0,True,0,0,0,0,7,0,1,0,True,0,0,0,0,7,0,1,0,True,0,0,0,0,7,0,1,0,True,0,0,0,0,7,0,1,0,True
DAMIMAS_A21B_0172,val,22,4,2,1,1,0,0,0,12,6,5,8,4,2,0.5454545454545454,0.36363636363636365,0.010644547241954546,0.016026431250000004,0.0038716160157000004,1,0,0,0,6,0,4,0,True,1,0,0,0,6,0,4,0,True,1,0,0,0,6,0,4,0,True,1,0,0,0,6,0,4,0,True,1,0,0,0,6,0,4,0,True
DAMIMAS_A21B_0173,val,24,4,1,1,1,3,1,1,18,9,5,2,1,1,0.75,0.08333333333333333,0.008158152884291668,0.015308564455199998,0.003933675273,1,0,2,1,9,0,1,0,True,1,0,2,1,9,0,1,0,True,1,0,2,1,9,0,1,0,True,1,0,2,1,9,0,1,0,True,1,0,2,1,9,0,1,0,True
DAMIMAS_A21B_0174,val,28,4,0,0,0,4,2,1,17,9,5,7,4,2,0.6071428571428571,0.25,0.008174515974928572,0.014146289769300002,0.0033525715137000004,0,0,2,0,9,0,4,0,True,0,0,2,0,9,0,4,0,True,0,0,2,0,9,0,4,0,True,0,0,2,0,9,0,4,0,True,0,0,2,0,9,0,4,0,True
DAMIMAS_A21B_0175,val,23,4,2,1,1,6,3,3,15,6,5,0,0,0,0.6521739130434783,0.0,0.007623093935086956,0.01201274965,0.004198765003199999,1,0,3,0,8,2,0,0,False,1,0,3,0,8,2,0,0,False,1,0,3,0,8,2,0,0,False,1,0,3,0,8,2,0,0,False,1,0,3,0,8,2,0,0,False
DAMIMAS_A21B_0176,val,19,4,5,2,2,2,1,1,8,4,2,4,4,2,0.42105263157894735,0.21052631578947367,0.0173601177988421,0.0340665893492,0.008808878485,3,1,1,0,4,0,2,-2,False,3,1,1,0,4,0,2,-2,False,3,1,1,0,4,0,2,-2,False,3,1,1,0,4,0,2,-2,False,3,1,1,0,4,0,2,-2,False
DAMIMAS_A21B_0177,val,24,4,0,0,0,6,4,3,13,10,4,5,3,2,0.5416666666666666,0.20833333333333334,0.014052816133874999,0.0224982417972,0.006949980923,0,0,3,-1,7,-3,3,0,False,0,0,3,-1,7,-3,3,0,False,0,0,3,-1,7,-3,3,0,False,0,0,3,-1,7,-3,3,0,False,0,0,3,-1,7,-3,3,0,False
DAMIMAS_A21B_0178,val,20,4,2,1,1,4,2,2,8,4,2,6,3,2,0.4,0.3,0.011162287242599999,0.020069737431400003,0.0046982305566,1,0,2,0,4,0,3,0,True,1,0,2,0,4,0,3,0,True,1,0,2,0,4,0,3,0,True,1,0,2,0,4,0,3,0,True,1,0,2,0,4,0,3,0,True
DAMIMAS_A21B_0179,val,22,4,0,0,0,3,1,1,13,7,4,6,3,2,0.5909090909090909,0.2727272727272727,0.01031855742790909,0.0156456295782,0.0037029104139999994,0,0,2,1,7,0,3,0,True,0,0,2,1,7,0,3,0,True,0,0,2,1,7,0,3,0,True,0,0,2,1,7,0,3,0,True,0,0,2,1,7,0,3,0,True
DAMIMAS_A21B_0180,val,24,4,0,0,0,1,1,1,14,7,4,9,4,3,0.5833333333333334,0.375,0.012744926271833332,0.017000499179599997,0.0075898737874000016,0,0,1,0,7,0,5,1,True,0,0,1,0,7,0,5,1,True,0,0,1,0,7,0,5,1,True,0,0,1,0,7,0,5,1,True,0,0,1,0,7,0,5,1,True
DAMIMAS_A21B_0181,val,21,4,0,0,0,0,0,0,16,8,4,5,3,2,0.7619047619047619,0.23809523809523808,0.014817278288523809,0.024431211765,0.008906187480000001,0,0,0,0,8,0,3,0,True,0,0,0,0,8,0,3,0,True,0,0,0,0,8,0,3,0,True,0,0,0,0,8,0,3,0,True,0,0,0,0,8,0,3,0,True
DAMIMAS_A21B_0182,val,20,4,0,0,0,7,3,2,10,5,3,3,2,1,0.5,0.15,0.00998781591735,0.015872397038300002,0.0030798653857000004,0,0,4,1,5,0,2,0,True,0,0,4,1,5,0,2,0,True,0,0,4,1,5,0,2,0,True,0,0,4,1,5,0,2,0,True,0,0,4,1,5,0,2,0,True
DAMIMAS_A21B_0183,val,27,4,0,0,0,5,3,2,20,10,5,2,1,1,0.7407407407407407,0.07407407407407407,0.008428817511407408,0.0121647246564,0.005375447922000001,0,0,3,0,10,0,1,0,True,0,0,3,0,11,1,1,0,True,0,0,3,0,11,1,1,0,True,0,0,3,0,10,0,1,0,True,0,0,3,0,10,0,1,0,True
DAMIMAS_A21B_0184,val,11,4,0,0,0,0,0,0,11,5,3,0,0,0,1.0,0.0,0.018222003070636365,0.029309217066,0.008048579948000002,0,0,0,0,6,1,0,0,True,0,0,0,0,6,1,0,0,True,0,0,0,0,6,1,0,0,True,0,0,0,0,6,1,0,0,True,0,0,0,0,6,1,0,0,True
DAMIMAS_A21B_0185,val,22,4,0,0,0,5,2,2,12,6,3,5,3,2,0.5454545454545454,0.22727272727272727,0.012248356501272728,0.020244490511500006,0.0058683850638,0,0,3,1,6,0,3,0,True,0,0,3,1,6,0,3,0,True,0,0,3,1,6,0,3,0,True,0,0,3,1,6,0,3,0,True,0,0,3,1,6,0,3,0,True
DAMIMAS_A21B_0186,val,15,4,0,0,0,3,1,1,12,6,3,0,0,0,0.8,0.0,0.010775533839333334,0.0181544745876,0.0032335596932000004,0,0,2,1,6,0,0,0,True,0,0,2,1,6,0,0,0,True,0,0,2,1,6,0,0,0,True,0,0,2,1,6,0,0,0,True,0,0,2,1,6,0,0,0,True
DAMIMAS_A21B_0187,val,6,3,0,0,0,2,1,1,4,3,2,0,0,0,0.6666666666666666,0.0,0.006285122282833334,0.008986531144500001,0.0043115534655,0,0,1,0,2,-1,0,0,True,0,0,1,0,2,-1,0,0,True,0,0,1,0,2,-1,0,0,True,0,0,1,0,2,-1,0,0,True,0,0,1,0,2,-1,0,0,True
DAMIMAS_A21B_0188,val,12,4,0,0,0,4,2,2,6,3,2,2,1,1,0.5,0.16666666666666666,0.0119675402395,0.014100918029,0.008860480776,0,0,2,0,3,0,1,0,True,0,0,2,0,3,0,1,0,True,0,0,2,0,3,0,1,0,True,0,0,2,0,3,0,1,0,True,0,0,2,0,3,0,1,0,True
DAMIMAS_A21B_0189,val,11,4,0,0,0,9,4,3,2,1,1,0,0,0,0.18181818181818182,0.0,0.015109003351454544,0.020564059440000004,0.011000833854,0,0,5,1,1,0,0,0,True,0,0,5,1,1,0,0,0,True,0,0,5,1,1,0,0,0,True,0,0,5,1,1,0,0,0,True,0,0,5,1,1,0,0,0,True
DAMIMAS_A21B_0190,val,18,4,0,0,0,8,4,2,8,4,3,2,1,1,0.4444444444444444,0.1111111111111111,0.007406127253055557,0.013994391020700003,0.0027354621614999997,0,0,4,0,4,0,1,0,True,0,0,4,0,4,0,1,0,True,0,0,4,0,4,0,1,0,True,0,0,4,0,4,0,1,0,True,0,0,4,0,4,0,1,0,True
DAMIMAS_A21B_0191,val,13,4,0,0,0,8,5,2,5,3,2,0,0,0,0.38461538461538464,0.0,0.007010712234153846,0.009554782144,0.0034390403160000005,0,0,4,-1,3,0,0,0,True,0,0,4,-1,3,0,0,0,True,0,0,4,-1,3,0,0,0,True,0,0,4,-1,3,0,0,0,True,0,0,4,-1,3,0,0,0,True
DAMIMAS_A21B_0192,val,12,4,0,0,0,0,0,0,12,6,3,0,0,0,1.0,0.0,0.009440518798,0.012539302496800001,0.007649966434299999,0,0,0,0,6,0,0,0,True,0,0,0,0,6,0,0,0,True,0,0,0,0,6,0,0,0,True,0,0,0,0,6,0,0,0,True,0,0,0,0,6,0,0,0,True
DAMIMAS_A21B_0193,val,27,4,0,0,0,0,0,0,17,8,5,10,6,3,0.6296296296296297,0.37037037037037035,0.011913075732000001,0.02199246254440001,0.0056858372376,0,0,0,0,9,1,5,-1,True,0,0,0,0,9,1,5,-1,True,0,0,0,0,9,1,5,-1,True,0,0,0,0,9,1,5,-1,True,0,0,0,0,9,1,5,-1,True
DAMIMAS_A21B_0194,test,13,4,0,0,0,0,0,0,11,6,4,2,1,1,0.8461538461538461,0.15384615384615385,0.005097599371615385,0.0107389431042,0.0012179493360000002,0,0,0,0,6,0,1,0,True,0,0,0,0,6,0,1,0,True,0,0,0,0,6,0,1,0,True,0,0,0,0,6,0,1,0,True,0,0,0,0,6,0,1,0,True
DAMIMAS_A21B_0195,test,19,4,3,1,1,6,2,2,10,5,3,0,0,0,0.5263157894736842,0.0,0.009309170941947368,0.013326605130399996,0.0047267225696,2,1,3,1,5,0,0,0,True,2,1,3,1,5,0,0,0,True,2,1,3,1,5,0,0,0,True,2,1,3,1,5,0,0,0,True,2,1,3,1,5,0,0,0,True
DAMIMAS_A21B_0196,test,14,4,0,0,0,2,1,1,5,2,2,7,4,2,0.35714285714285715,0.5,0.008729543315428573,0.012847924352300002,0.005556425264600001,0,0,1,0,3,1,4,0,True,0,0,1,0,3,1,4,0,True,0,0,1,0,3,1,4,0,True,0,0,1,0,3,1,4,0,True,0,0,1,0,3,1,4,0,True
DAMIMAS_A21B_0197,test,18,4,0,0,0,0,0,0,14,7,4,4,2,2,0.7777777777777778,0.2222222222222222,0.009278956608444444,0.0153897924722,0.0028509833521,0,0,0,0,7,0,2,0,True,0,0,0,0,7,0,2,0,True,0,0,0,0,7,0,2,0,True,0,0,0,0,7,0,2,0,True,0,0,0,0,7,0,2,0,True
DAMIMAS_A21B_0198,test,19,4,2,1,1,0,0,0,13,7,4,4,2,2,0.6842105263157895,0.21052631578947367,0.007623153010210527,0.010903099645399998,0.0044068024308,1,0,0,0,7,0,2,0,True,1,0,0,0,7,0,2,0,True,1,0,0,0,7,0,2,0,True,1,0,0,0,7,0,2,0,True,1,0,0,0,7,0,2,0,True
DAMIMAS_A21B_0199,test,21,4,3,1,1,3,2,2,15,7,5,0,0,0,0.7142857142857143,0.0,0.010289089344476192,0.01458538927,0.006876946942,2,1,2,0,8,1,0,0,True,2,1,2,0,8,1,0,0,True,2,1,2,0,8,1,0,0,True,2,1,2,0,8,1,0,0,True,2,1,2,0,8,1,0,0,True
DAMIMAS_A21B_0200,test,12,4,0,0,0,3,1,1,7,4,3,2,1,1,0.5833333333333334,0.16666666666666666,0.0175994174045,0.020353518984300004,0.0150695788541,0,0,2,1,4,0,1,0,True,0,0,2,1,4,0,1,0,True,0,0,2,1,4,0,1,0,True,0,0,2,1,4,0,1,0,True,0,0,2,1,4,0,1,0,True
DAMIMAS_A21B_0201,test,21,4,3,1,1,0,0,0,16,7,5,2,1,1,0.7619047619047619,0.09523809523809523,0.0041995475469523815,0.00629629222,0.0022547993840000002,2,1,0,0,8,1,1,0,True,2,1,0,0,8,1,1,0,True,2,1,0,0,8,1,1,0,True,2,1,0,0,8,1,1,0,True,2,1,0,0,8,1,1,0,True
DAMIMAS_A21B_0202,test,9,4,2,1,1,1,1,1,5,3,2,1,1,1,0.5555555555555556,0.1111111111111111,0.006214434887666666,0.010175625011400001,0.0028637177648,1,0,1,0,3,0,1,0,True,1,0,1,0,3,0,1,0,True,1,0,1,0,3,0,1,0,True,1,0,1,0,3,0,1,0,True,1,0,1,0,3,0,1,0,True
DAMIMAS_A21B_0203,test,13,4,0,0,0,1,1,1,12,5,4,0,0,0,0.9230769230769231,0.0,0.0044554536956923066,0.006864986448,0.0026857260179999998,0,0,1,0,6,1,0,0,True,0,0,1,0,6,1,0,0,True,0,0,1,0,6,1,0,0,True,0,0,1,0,6,1,0,0,True,0,0,1,0,6,1,0,0,True
DAMIMAS_A21B_0204,test,19,4,2,1,1,2,1,1,13,6,4,2,1,1,0.6842105263157895,0.10526315789473684,0.010403987808894738,0.0137549352668,0.0066544867316000005,1,0,1,0,7,1,1,0,True,1,0,1,0,7,1,1,0,True,1,0,1,0,7,1,1,0,True,1,0,1,0,7,1,1,0,True,1,0,1,0,7,1,1,0,True
DAMIMAS_A21B_0205,test,15,4,0,0,0,0,0,0,15,7,4,0,0,0,1.0,0.0,0.009147159460533334,0.0159693148944,0.0040030891608000005,0,0,0,0,8,1,0,0,True,0,0,0,0,8,1,0,0,True,0,0,0,0,8,1,0,0,True,0,0,0,0,8,1,0,0,True,0,0,0,0,8,1,0,0,True
DAMIMAS_A21B_0206,test,21,4,0,0,0,5,2,2,15,7,4,1,1,1,0.7142857142857143,0.047619047619047616,0.006875295525333333,0.010981045920000002,0.002716331528,0,0,3,1,8,1,1,0,True,0,0,3,1,8,1,1,0,True,0,0,3,1,8,1,1,0,True,0,0,3,1,8,1,1,0,True,0,0,3,1,8,1,1,0,True
DAMIMAS_A21B_0207,test,20,4,6,3,2,1,1,1,13,6,4,0,0,0,0.65,0.0,0.007544913269100001,0.012253012427,0.003801518613,3,0,1,0,7,1,0,0,True,3,0,1,0,7,1,0,0,True,3,0,1,0,7,1,0,0,True,3,0,1,0,7,1,0,0,True,3,0,1,0,7,1,0,0,True
DAMIMAS_A21B_0208,test,22,4,0,0,0,6,3,3,14,6,4,2,1,1,0.6363636363636364,0.09090909090909091,0.01395272580009091,0.0236791166454,0.0080248819707,0,0,3,0,7,1,1,0,True,0,0,3,0,7,1,1,0,True,0,0,3,0,7,1,1,0,True,0,0,3,0,7,1,1,0,True,0,0,3,0,7,1,1,0,True
DAMIMAS_A21B_0209,test,17,4,0,0,0,3,1,1,12,6,3,2,1,1,0.7058823529411765,0.11764705882352941,0.009913065845176471,0.0181899732428,0.0038838116468000003,0,0,2,1,6,0,1,0,True,0,0,2,1,6,0,1,0,True,0,0,2,1,6,0,1,0,True,0,0,2,1,6,0,1,0,True,0,0,2,1,6,0,1,0,True
DAMIMAS_A21B_0210,test,20,4,2,1,1,2,1,1,14,7,4,2,1,1,0.7,0.1,0.010710029325049998,0.019277135344800005,0.0045067296362,1,0,1,0,7,0,1,0,True,1,0,1,0,7,0,1,0,True,1,0,1,0,7,0,1,0,True,1,0,1,0,7,0,1,0,True,1,0,1,0,7,0,1,0,True
DAMIMAS_A21B_0211,test,25,4,0,0,0,9,5,3,14,7,5,2,1,1,0.56,0.08,0.0089225034998,0.015318047278000001,0.0036311084399999996,0,0,5,0,7,0,1,0,True,0,0,5,0,7,0,1,0,True,0,0,5,0,7,0,1,0,True,0,0,5,0,7,0,1,0,True,0,0,5,0,7,0,1,0,True
DAMIMAS_A21B_0212,test,17,4,2,1,1,0,0,0,9,5,3,6,3,2,0.5294117647058824,0.35294117647058826,0.011694076497176471,0.0189936476002,0.006957654345600001,1,0,0,0,5,0,3,0,True,1,0,0,0,5,0,3,0,True,1,0,0,0,5,0,3,0,True,1,0,0,0,5,0,3,0,True,1,0,0,0,5,0,3,0,True
DAMIMAS_A21B_0213,test,21,4,0,0,0,2,2,1,13,7,4,6,3,2,0.6190476190476191,0.2857142857142857,0.004906071745238095,0.006862043462999999,0.0021250360050000003,0,0,1,-1,7,0,3,0,True,0,0,1,-1,7,0,3,0,True,0,0,1,-1,7,0,3,0,True,0,0,1,-1,7,0,3,0,True,0,0,1,-1,7,0,3,0,True
DAMIMAS_A21B_0214,test,20,4,2,1,1,2,1,1,9,5,3,7,6,4,0.45,0.35,0.006425053222999999,0.011119732278300005,0.0021428757264000003,1,0,1,0,5,0,4,-2,False,1,0,1,0,5,0,4,-2,False,1,0,1,0,5,0,4,-2,False,1,0,1,0,5,0,4,-2,False,1,0,1,0,5,0,4,-2,False
DAMIMAS_A21B_0215,test,20,4,7,3,2,3,2,2,8,4,3,2,1,1,0.4,0.1,0.00919676788565,0.014878532652,0.0038771932896000004,4,1,2,0,5,1,1,0,True,4,1,2,0,4,0,1,0,True,4,1,2,0,4,0,1,0,True,4,1,2,0,4,0,1,0,True,4,1,2,0,4,0,1,0,True
DAMIMAS_A21B_0216,test,21,4,5,2,2,0,0,0,12,7,4,4,2,2,0.5714285714285714,0.19047619047619047,0.012351937320047619,0.017073144088,0.007373408471999999,3,1,0,0,6,-1,2,0,True,3,1,0,0,6,-1,2,0,True,3,1,0,0,6,-1,2,0,True,3,1,0,0,6,-1,2,0,True,3,1,0,0,6,-1,2,0,True
DAMIMAS_A21B_0217,test,21,4,2,1,1,5,2,2,12,7,4,2,1,1,0.5714285714285714,0.09523809523809523,0.014141953509666667,0.023719452291999996,0.005239860065,1,0,3,1,6,-1,1,0,True,1,0,3,1,6,-1,1,0,True,1,0,3,1,6,-1,1,0,True,1,0,3,1,6,-1,1,0,True,1,0,3,1,6,-1,1,0,True
DAMIMAS_A21B_0218,test,19,4,0,0,0,3,2,1,3,2,1,13,7,4,0.15789473684210525,0.6842105263157895,0.005983342614210526,0.009935386266399998,0.0028080272292,0,0,2,0,2,0,7,0,True,0,0,2,0,2,0,7,0,True,0,0,2,0,2,0,7,0,True,0,0,2,0,2,0,7,0,True,0,0,2,0,2,0,7,0,True
DAMIMAS_A21B_0219,test,22,4,4,2,2,3,2,1,11,6,4,4,2,1,0.5,0.18181818181818182,0.01009126430590909,0.018721992472499997,0.0047729572578,2,0,2,0,6,0,2,0,True,2,0,2,0,6,0,2,0,True,2,0,2,0,6,0,2,0,True,2,0,2,0,6,0,2,0,True,2,0,2,0,6,0,2,0,True
DAMIMAS_A21B_0220,test,9,4,0,0,0,4,2,2,5,3,2,0,0,0,0.5555555555555556,0.0,0.018506257268888892,0.023166531820400002,0.0108903597696,0,0,2,0,3,0,0,0,True,0,0,2,0,3,0,0,0,True,0,0,2,0,3,0,0,0,True,0,0,2,0,3,0,0,0,True,0,0,2,0,3,0,0,0,True
DAMIMAS_A21B_0221,test,25,4,4,2,2,6,4,2,10,7,3,5,4,2,0.4,0.2,0.015455894147559998,0.024280847846800003,0.0050333082708,2,0,4,0,6,-1,3,-1,True,2,0,3,-1,5,-2,3,-1,False,2,0,3,-1,5,-2,3,-1,False,2,0,3,-1,5,-2,3,-1,False,2,0,3,-1,5,-2,3,-1,False
DAMIMAS_A21B_0222,test,21,4,2,1,1,2,1,1,9,5,4,8,5,3,0.42857142857142855,0.38095238095238093,0.008655586755809522,0.016175152591,0.0033300463259999997,1,0,1,0,5,0,4,-1,True,1,0,1,0,5,0,4,-1,True,1,0,1,0,5,0,4,-1,True,1,0,1,0,5,0,4,-1,True,1,0,1,0,5,0,4,-1,True
DAMIMAS_A21B_0223,test,16,4,1,1,1,4,3,2,11,7,4,0,0,0,0.6875,0.0,0.006904418141249999,0.010428551999999999,0.004130489100000001,1,0,2,-1,6,-1,0,0,True,1,0,2,-1,6,-1,0,0,True,1,0,2,-1,6,-1,0,0,True,1,0,2,-1,6,-1,0,0,True,1,0,2,-1,6,-1,0,0,True
DAMIMAS_A21B_0224,test,21,4,3,1,1,5,2,2,9,5,3,4,2,1,0.42857142857142855,0.19047619047619047,0.017509144486714288,0.025127810295,0.01030323536,2,1,3,1,5,0,2,0,True,2,1,3,1,5,0,2,0,True,2,1,3,1,5,0,2,0,True,2,1,3,1,5,0,2,0,True,2,1,3,1,5,0,2,0,True
DAMIMAS_A21B_0225,test,12,4,2,1,1,2,1,1,8,4,3,0,0,0,0.6666666666666666,0.0,0.016832765562083334,0.0281260677784,0.0078811218402,1,0,1,0,4,0,0,0,True,1,0,1,0,4,0,0,0,True,1,0,1,0,4,0,0,0,True,1,0,1,0,4,0,0,0,True,1,0,1,0,4,0,0,0,True
DAMIMAS_A21B_0226,test,16,4,0,0,0,0,0,0,10,6,3,6,3,2,0.625,0.375,0.007508426969749999,0.012816025772999999,0.002342610656,0,0,0,0,5,-1,3,0,True,0,0,0,0,5,-1,3,0,True,0,0,0,0,5,-1,3,0,True,0,0,0,0,5,-1,3,0,True,0,0,0,0,5,-1,3,0,True
DAMIMAS_A21B_0227,test,10,4,1,1,1,0,0,0,2,1,1,7,5,2,0.2,0.7,0.006399361759200001,0.008226410016599999,0.0047649237698999996,1,0,0,0,1,0,4,-1,True,1,0,0,0,1,0,4,-1,True,1,0,0,0,1,0,4,-1,True,1,0,0,0,1,0,4,-1,True,1,0,0,0,1,0,4,-1,True
DAMIMAS_A21B_0228,test,17,4,3,2,1,3,2,2,5,3,2,6,4,2,0.29411764705882354,0.35294117647058826,0.013650588834941177,0.022075160669999996,0.008830509247600002,1,-1,2,0,3,0,4,0,True,1,-1,2,0,3,0,3,-1,True,2,0,2,0,3,0,3,-1,True,2,0,2,0,3,0,3,-1,True,2,0,2,0,3,0,3,-1,True
DAMIMAS_A21B_0229,test,22,4,4,2,2,0,0,0,14,7,4,4,2,1,0.6363636363636364,0.18181818181818182,0.011474817845045455,0.017760321155300005,0.0044429906596,2,0,0,0,7,0,2,0,True,2,0,0,0,7,0,2,0,True,2,0,0,0,7,0,2,0,True,2,0,0,0,7,0,2,0,True,2,0,0,0,7,0,2,0,True
DAMIMAS_A21B_0230,train,0,0,0,0,0,0,0,0,0,0,0,0,0,0,0.0,0.0,0.0,0.0,0.0,0,0,0,0,0,0,0,0,True,0,0,0,0,0,0,0,0,True,0,0,0,0,0,0,0,0,True,0,0,0,0,0,0,0,0,True,0,0,0,0,0,0,0,0,True
DAMIMAS_A21B_0231,train,16,4,0,0,0,0,0,0,10,5,3,6,3,2,0.625,0.375,0.0114489183105,0.017782772526,0.0063997640625000005,0,0,0,0,5,0,3,0,True,0,0,0,0,5,0,3,0,True,0,0,0,0,5,0,3,0,True,0,0,0,0,5,0,3,0,True,0,0,0,0,5,0,3,0,True
DAMIMAS_A21B_0232,test,9,3,0,0,0,0,0,0,4,2,2,5,4,4,0.4444444444444444,0.5555555555555556,0.018725456802666667,0.0319957081612,0.009410572680000001,0,0,0,0,2,0,4,0,True,0,0,0,0,2,0,4,0,True,0,0,0,0,2,0,3,-1,True,0,0,0,0,2,0,3,-1,True,0,0,0,0,2,0,4,0,True
DAMIMAS_A21B_0233,test,23,4,0,0,0,0,0,0,15,9,5,8,4,2,0.6521739130434783,0.34782608695652173,0.005558417350826087,0.0091710072488,0.0021778837592,0,0,0,0,8,-1,4,0,True,0,0,0,0,8,-1,4,0,True,0,0,0,0,8,-1,4,0,True,0,0,0,0,8,-1,4,0,True,0,0,0,0,8,-1,4,0,True
DAMIMAS_A21B_0234,test,15,4,0,0,0,0,0,0,10,6,3,5,5,3,0.6666666666666666,0.3333333333333333,0.00470655238,0.0075972258556000006,0.0020471535052000002,0,0,0,0,5,-1,3,-2,False,0,0,0,0,5,-1,3,-2,False,0,0,0,0,5,-1,3,-2,False,0,0,0,0,5,-1,3,-2,False,0,0,0,0,5,-1,3,-2,False
DAMIMAS_A21B_0235,test,23,4,0,0,0,6,3,3,16,8,4,1,1,1,0.6956521739130435,0.043478260869565216,0.007812621959739129,0.009404515107,0.005079675728,0,0,3,0,8,0,1,0,True,0,0,3,0,8,0,1,0,True,0,0,3,0,8,0,1,0,True,0,0,3,0,8,0,1,0,True,0,0,3,0,8,0,1,0,True
DAMIMAS_A21B_0236,test,26,4,0,0,0,6,3,3,16,8,5,4,3,1,0.6153846153846154,0.15384615384615385,0.014590234327384615,0.0228417826805,0.008469795135,0,0,3,0,9,1,2,-1,True,0,0,3,0,9,1,2,-1,True,0,0,3,0,9,1,2,-1,True,0,0,3,0,9,1,2,-1,True,0,0,3,0,9,1,2,-1,True
DAMIMAS_A21B_0237,test,20,4,3,1,1,6,2,2,9,3,3,2,1,1,0.45,0.1,0.014400758798250002,0.0242880030771,0.007140946062,2,1,3,1,5,2,1,0,False,2,1,3,1,5,2,1,0,False,2,1,3,1,5,2,1,0,False,2,1,3,1,5,2,1,0,False,2,1,3,1,5,2,1,0,False
DAMIMAS_A21B_0238,test,22,4,4,2,2,2,1,1,11,6,4,5,3,2,0.5,0.22727272727272727,0.009155568098954545,0.019438639817700002,0.0029729109375,2,0,1,0,6,0,3,0,True,2,0,1,0,6,0,3,0,True,2,0,1,0,6,0,3,0,True,2,0,1,0,6,0,3,0,True,2,0,1,0,6,0,3,0,True
DAMIMAS_A21B_0239,test,16,4,0,0,0,8,4,4,8,4,3,0,0,0,0.5,0.0,0.012993231259625,0.0183589445775,0.006601643360000001,0,0,4,0,4,0,0,0,True,0,0,4,0,4,0,0,0,True,0,0,4,0,4,0,0,0,True,0,0,4,0,4,0,0,0,True,0,0,4,0,4,0,0,0,True
DAMIMAS_A21B_0240,train,14,4,0,0,0,10,5,3,3,2,1,1,1,1,0.21428571428571427,0.07142857142857142,0.01900564401042857,0.028363747656300006,0.012991487812499999,0,0,5,0,2,0,1,0,True,0,0,5,0,2,0,1,0,True,0,0,5,0,2,0,1,0,True,0,0,5,0,2,0,1,0,True,0,0,5,0,2,0,1,0,True
DAMIMAS_A21B_0241,val,16,4,2,1,1,4,2,2,10,5,3,0,0,0,0.625,0.0,0.0091026006658125,0.0122849294285,0.006243121224000001,1,0,2,0,5,0,0,0,True,1,0,2,0,5,0,0,0,True,1,0,2,0,5,0,0,0,True,1,0,2,0,5,0,0,0,True,1,0,2,0,5,0,0,0,True
DAMIMAS_A21B_0242,train,15,4,0,0,0,4,2,2,9,5,3,2,1,1,0.6,0.13333333333333333,0.009082358923599999,0.017478351302,0.004087876093800001,0,0,2,0,5,0,1,0,True,0,0,2,0,5,0,1,0,True,0,0,2,0,5,0,1,0,True,0,0,2,0,5,0,1,0,True,0,0,2,0,5,0,1,0,True
DAMIMAS_A21B_0243,val,22,4,3,1,1,12,4,4,6,3,2,1,1,1,0.2727272727272727,0.045454545454545456,0.005114232244318181,0.0071382476564000015,0.0031989603384,2,1,7,3,3,0,1,0,False,2,1,6,2,3,0,1,0,False,2,1,6,2,3,0,1,0,False,2,1,6,2,3,0,1,0,False,2,1,6,2,3,0,1,0,False
DAMIMAS_A21B_0244,train,15,4,0,0,0,0,0,0,0,0,0,15,7,4,0.0,1.0,0.012627116961800001,0.0160547632292,0.007803195000000001,0,0,0,0,0,0,8,1,True,0,0,0,0,0,0,8,1,True,0,0,0,0,0,0,8,1,True,0,0,0,0,0,0,8,1,True,0,0,0,0,0,0,8,1,True
DAMIMAS_A21B_0245,train,10,4,0,0,0,0,0,0,4,3,2,6,2,2,0.4,0.6,0.0071676436719,0.012295615807299995,0.0033317859375000002,0,0,0,0,2,-1,3,1,True,0,0,0,0,2,-1,3,1,True,0,0,0,0,2,-1,3,1,True,0,0,0,0,2,-1,3,1,True,0,0,0,0,2,-1,3,1,True
DAMIMAS_A21B_0246,test,22,4,0,0,0,8,6,4,8,6,3,6,4,3,0.36363636363636365,0.2727272727272727,0.009196375437999999,0.02436893950520001,0.0017534435156999998,0,0,4,-2,4,-2,3,-1,False,0,0,4,-2,4,-2,3,-1,False,0,0,4,-2,4,-2,3,-1,False,0,0,4,-2,4,-2,3,-1,False,0,0,4,-2,4,-2,3,-1,False
DAMIMAS_A21B_0247,test,20,4,4,2,2,6,3,2,10,5,3,0,0,0,0.5,0.0,0.01259002171875,0.0209643557552,0.0069931875,2,0,3,0,5,0,0,0,True,2,0,3,0,5,0,0,0,True,2,0,3,0,5,0,0,0,True,2,0,3,0,5,0,0,0,True,2,0,3,0,5,0,0,0,True
DAMIMAS_A21B_0248,train,18,4,0,0,0,3,2,2,10,5,3,5,4,2,0.5555555555555556,0.2777777777777778,0.018502562601277778,0.026875715000000005,0.0100649467188,0,0,2,0,5,0,3,-1,True,0,0,2,0,5,0,3,-1,True,0,0,2,0,5,0,3,-1,True,0,0,2,0,5,0,3,-1,True,0,0,2,0,5,0,3,-1,True
DAMIMAS_A21B_0249,train,18,4,0,0,0,1,1,1,17,9,5,0,0,0,0.9444444444444444,0.0,0.008568449189777776,0.0139549022136,0.0024968366406000002,0,0,1,0,9,0,0,0,True,0,0,1,0,9,0,0,0,True,0,0,1,0,9,0,0,0,True,0,0,1,0,9,0,0,0,True,0,0,1,0,9,0,0,0,True
DAMIMAS_A21B_0250,test,30,4,3,2,1,1,1,1,13,8,5,13,8,6,0.43333333333333335,0.43333333333333335,0.008865004079866666,0.0152798676822,0.0027493538020000002,2,0,1,0,7,-1,8,0,True,2,0,1,0,7,-1,8,0,True,2,0,1,0,7,-1,8,0,True,2,0,1,0,7,-1,7,-1,True,2,0,1,0,7,-1,7,-1,True
DAMIMAS_A21B_0251,train,22,4,2,1,1,6,4,2,10,6,3,4,2,2,0.45454545454545453,0.18181818181818182,0.009755641039318181,0.017932939062500014,0.0047306633854999995,1,0,3,-1,5,-1,2,0,True,1,0,3,-1,5,-1,2,0,True,1,0,3,-1,5,-1,2,0,True,1,0,3,-1,5,-1,2,0,True,1,0,3,-1,5,-1,2,0,True
DAMIMAS_A21B_0252,train,15,4,0,0,0,2,2,1,11,6,4,2,2,2,0.7333333333333333,0.13333333333333333,0.020337068437466663,0.028138395103999996,0.0117548645832,0,0,1,-1,6,0,2,0,True,0,0,1,-1,6,0,2,0,True,0,0,1,-1,6,0,1,-1,True,0,0,1,-1,6,0,1,-1,True,0,0,1,-1,6,0,2,0,True
DAMIMAS_A21B_0253,train,11,4,0,0,0,4,2,2,7,4,3,0,0,0,0.6363636363636364,0.0,0.02229229391572727,0.037544015103999996,0.005168498698,0,0,2,0,4,0,0,0,True,0,0,2,0,4,0,0,0,True,0,0,2,0,4,0,0,0,True,0,0,2,0,4,0,0,0,True,0,0,2,0,4,0,0,0,True
DAMIMAS_A21B_0254,test,20,4,0,0,0,5,2,2,9,6,3,6,3,3,0.45,0.3,0.0089907228906,0.014335432682300009,0.0023686232032,0,0,3,1,5,-1,3,0,True,0,0,3,1,5,-1,3,0,True,0,0,3,1,5,-1,3,0,True,0,0,3,1,5,-1,3,0,True,0,0,3,1,5,-1,3,0,True
DAMIMAS_A21B_0255,train,17,4,1,1,1,3,2,1,11,6,3,2,1,1,0.6470588235294118,0.11764705882352941,0.012837386902588236,0.017755843125,0.006144788645999999,1,0,2,0,6,0,1,0,True,1,0,2,0,6,0,1,0,True,1,0,2,0,6,0,1,0,True,1,0,2,0,6,0,1,0,True,1,0,2,0,6,0,1,0,True
DAMIMAS_A21B_0256,train,3,3,0,0,0,0,0,0,3,2,1,0,0,0,1.0,0.0,0.04325822786466666,0.0574875034896,0.030865166406399996,0,0,0,0,1,-1,0,0,True,0,0,0,0,1,-1,0,0,True,0,0,0,0,2,0,0,0,True,0,0,0,0,2,0,0,0,True,0,0,0,0,2,0,0,0,True
DAMIMAS_A21B_0257,train,18,4,2,1,1,6,4,2,9,7,3,1,1,1,0.5,0.05555555555555555,0.008691392809611112,0.013173069973900003,0.0045963908594,1,0,3,-1,5,-2,1,0,False,1,0,3,-1,5,-2,1,0,False,1,0,3,-1,5,-2,1,0,False,1,0,3,-1,5,-2,1,0,False,1,0,3,-1,5,-2,1,0,False
DAMIMAS_A21B_0258,train,17,4,0,0,0,4,2,1,10,7,4,3,2,2,0.5882352941176471,0.17647058823529413,0.011307395235882353,0.021082995312400002,0.005171713802,0,0,2,0,5,-2,2,0,False,0,0,2,0,5,-2,2,0,False,0,0,2,0,5,-2,2,0,False,0,0,2,0,5,-2,2,0,False,0,0,2,0,5,-2,2,0,False
DAMIMAS_A21B_0259,train,18,4,2,1,1,11,8,3,5,3,2,0,0,0,0.2777777777777778,0.0,0.009629183593722222,0.013515583255200001,0.005778092265600001,1,0,6,-2,3,0,0,0,False,1,0,6,-2,3,0,0,0,False,1,0,6,-2,3,0,0,0,False,1,0,6,-2,3,0,0,0,False,1,0,6,-2,3,0,0,0,False
DAMIMAS_A21B_0260,train,20,4,2,1,1,10,5,3,6,3,2,2,2,1,0.3,0.1,0.020509871263000003,0.02713742265610001,0.014246561588699998,1,0,5,0,3,0,1,-1,True,1,0,5,0,3,0,1,-1,True,1,0,5,0,3,0,1,-1,True,1,0,5,0,3,0,1,-1,True,1,0,5,0,3,0,1,-1,True
DAMIMAS_A21B_0261,train,27,4,6,3,3,8,5,3,7,5,3,6,3,2,0.25925925925925924,0.2222222222222222,0.01261744374037037,0.025069026041600002,0.0045175680208,3,0,5,0,4,-1,4,1,True,3,0,4,-1,4,-1,3,0,True,3,0,4,-1,4,-1,3,0,True,3,0,4,-1,4,-1,3,0,True,3,0,4,-1,4,-1,3,0,True
DAMIMAS_A21B_0262,train,24,4,4,2,2,3,2,1,14,7,4,3,2,2,0.5833333333333334,0.125,0.011795464246958334,0.020295364374999996,0.0032168727864000006,2,0,2,0,8,1,2,0,True,2,0,2,0,8,1,2,0,True,2,0,2,0,8,1,2,0,True,2,0,2,0,8,1,2,0,True,2,0,2,0,8,1,2,0,True
DAMIMAS_A21B_0263,val,21,4,0,0,0,14,7,4,5,3,2,2,1,1,0.23809523809523808,0.09523809523809523,0.009472725855666667,0.012321842448,0.005881392448,0,0,7,0,3,0,1,0,True,0,0,7,0,3,0,1,0,True,0,0,7,0,3,0,1,0,True,0,0,7,0,3,0,1,0,True,0,0,7,0,3,0,1,0,True
DAMIMAS_A21B_0264,train,22,4,6,3,2,3,2,1,13,7,4,0,0,0,0.5909090909090909,0.0,0.013233980610772727,0.022090256614500002,0.0062040803125000005,3,0,2,0,7,0,0,0,True,3,0,2,0,7,0,0,0,True,3,0,2,0,7,0,0,0,True,3,0,2,0,7,0,0,0,True,3,0,2,0,7,0,0,0,True
DAMIMAS_A21B_0265,train,22,4,2,1,1,3,2,2,15,8,5,2,1,1,0.6818181818181818,0.09090909090909091,0.012895969696954546,0.022670859192700003,0.0036042529948000007,1,0,2,0,8,0,1,0,True,1,0,2,0,8,0,1,0,True,1,0,2,0,8,0,1,0,True,1,0,2,0,8,0,1,0,True,1,0,2,0,8,0,1,0,True
DAMIMAS_A21B_0266,train,21,4,4,2,2,2,1,1,15,9,5,0,0,0,0.7142857142857143,0.0,0.008587835441476191,0.015387357552,0.00294435,2,0,1,0,8,-1,0,0,True,2,0,1,0,8,-1,0,0,True,2,0,1,0,8,-1,0,0,True,2,0,1,0,8,-1,0,0,True,2,0,1,0,8,-1,0,0,True
DAMIMAS_A21B_0267,train,21,4,3,1,1,8,5,3,7,4,2,3,2,1,0.3333333333333333,0.14285714285714285,0.007780712673619047,0.013806145052,0.00384523125,2,1,5,0,4,0,2,0,True,2,1,4,-1,4,0,2,0,True,2,1,4,-1,4,0,2,0,True,2,1,4,-1,4,0,2,0,True,2,1,4,-1,4,0,2,0,True
DAMIMAS_A21B_0268,train,28,4,4,2,2,8,6,2,7,5,2,9,6,4,0.25,0.32142857142857145,0.019223429110857143,0.0264720740105,0.0105534714844,2,0,5,-1,4,-1,6,0,True,2,0,4,-2,4,-1,5,-1,False,2,0,4,-2,4,-1,5,-1,False,2,0,4,-2,4,-1,5,-1,False,2,0,4,-2,4,-1,5,-1,False
DAMIMAS_A21B_0269,train,11,4,0,0,0,0,0,0,11,5,4,0,0,0,1.0,0.0,0.013475503527454545,0.018920940104,0.00615883125,0,0,0,0,6,1,0,0,True,0,0,0,0,6,1,0,0,True,0,0,0,0,6,1,0,0,True,0,0,0,0,6,1,0,0,True,0,0,0,0,6,1,0,0,True
DAMIMAS_A21B_0270,test,16,4,2,1,1,3,2,1,11,7,4,0,0,0,0.6875,0.0,0.012531934928375,0.0235440790365,0.0030696729165,1,0,2,0,6,-1,0,0,True,1,0,2,0,6,-1,0,0,True,1,0,2,0,6,-1,0,0,True,1,0,2,0,6,-1,0,0,True,1,0,2,0,6,-1,0,0,True
DAMIMAS_A21B_0271,test,22,4,0,0,0,9,6,3,10,6,3,3,3,1,0.45454545454545453,0.13636363636363635,0.007775218832863637,0.011424223307199999,0.0037473687759,0,0,5,-1,5,-1,2,-1,True,0,0,5,-1,5,-1,2,-1,True,0,0,5,-1,5,-1,2,-1,True,0,0,5,-1,5,-1,2,-1,True,0,0,5,-1,5,-1,2,-1,True
DAMIMAS_A21B_0272,val,17,4,2,1,1,3,1,1,9,5,3,3,2,2,0.5294117647058824,0.17647058823529413,0.023870292187529413,0.04322928682300001,0.012640655625,1,0,2,1,5,0,2,0,True,1,0,2,1,5,0,2,0,True,1,0,2,1,5,0,2,0,True,1,0,2,1,5,0,2,0,True,1,0,2,1,5,0,2,0,True
DAMIMAS_A21B_0273,train,16,4,0,0,0,2,1,1,14,6,4,0,0,0,0.875,0.0,0.011782539469437501,0.019230241797,0.005694195573000001,0,0,1,0,7,1,0,0,True,0,0,1,0,7,1,0,0,True,0,0,1,0,7,1,0,0,True,0,0,1,0,7,1,0,0,True,0,0,1,0,7,1,0,0,True
DAMIMAS_A21B_0274,train,20,4,0,0,0,1,1,1,15,8,4,4,3,2,0.75,0.2,0.008256345169249998,0.013110602421800002,0.0043425236718,0,0,1,0,8,0,2,-1,True,0,0,1,0,8,0,2,-1,True,0,0,1,0,8,0,2,-1,True,0,0,1,0,8,0,2,-1,True,0,0,1,0,8,0,2,-1,True
DAMIMAS_A21B_0275,test,26,4,5,3,2,6,4,2,13,8,4,2,2,1,0.5,0.07692307692307693,0.007296010857384615,0.0112849928385,0.0028527671875,3,0,3,-1,7,-1,1,-1,True,3,0,3,-1,7,-1,1,-1,True,3,0,3,-1,7,-1,1,-1,True,3,0,3,-1,7,-1,1,-1,True,3,0,3,-1,7,-1,1,-1,True
DAMIMAS_A21B_0276,train,10,4,3,1,1,2,1,1,5,3,2,0,0,0,0.5,0.0,0.0146357391146,0.020837327708399998,0.011700092265699999,1,0,1,0,3,0,0,0,True,1,0,1,0,3,0,0,0,True,2,1,1,0,3,0,0,0,True,2,1,1,0,3,0,0,0,True,2,1,1,0,3,0,0,0,True
DAMIMAS_A21B_0277,val,17,4,3,1,1,6,3,2,8,5,3,0,0,0,0.47058823529411764,0.0,0.010161032245705883,0.018876664166800002,0.0042614053124,1,0,3,0,4,-1,0,0,True,1,0,3,0,4,-1,0,0,True,2,1,3,0,4,-1,0,0,True,2,1,3,0,4,-1,0,0,True,2,1,3,0,4,-1,0,0,True
DAMIMAS_A21B_0278,val,20,4,5,2,2,7,4,2,8,6,3,0,0,0,0.4,0.0,0.00938227395835,0.015866394375000002,0.0029900182032,3,1,4,0,5,-1,0,0,True,3,1,4,0,4,-2,0,0,False,3,1,4,0,4,-2,0,0,False,3,1,4,0,4,-2,0,0,False,3,1,4,0,4,-2,0,0,False
DAMIMAS_A21B_0279,test,25,4,0,0,0,8,5,3,15,9,5,2,1,1,0.6,0.08,0.008647250322919998,0.013198235625000002,0.0043764884896,0,0,4,-1,8,-1,1,0,True,0,0,4,-1,8,-1,1,0,True,0,0,4,-1,8,-1,1,0,True,0,0,4,-1,8,-1,1,0,True,0,0,4,-1,8,-1,1,0,True
DAMIMAS_A21B_0280,test,20,4,4,2,1,4,3,2,6,4,2,6,4,2,0.3,0.3,0.018429843541649997,0.024318692109300006,0.0122901217968,2,0,2,-1,3,-1,4,0,True,2,0,2,-1,3,-1,3,-1,True,2,0,2,-1,3,-1,3,-1,True,2,0,2,-1,3,-1,3,-1,True,2,0,2,-1,3,-1,3,-1,True
DAMIMAS_A21B_0281,train,23,4,0,0,0,0,0,0,15,10,5,8,5,3,0.6521739130434783,0.34782608695652173,0.00966715515173913,0.018171870000000003,0.0036563924480000004,0,0,0,0,8,-2,4,-1,False,0,0,0,0,8,-2,4,-1,False,0,0,0,0,8,-2,4,-1,False,0,0,0,0,8,-2,4,-1,False,0,0,0,0,8,-2,4,-1,False
DAMIMAS_A21B_0282,train,18,4,8,4,2,0,0,0,10,6,3,0,0,0,0.5555555555555556,0.0,0.013631158015055555,0.024181885859400006,0.0039651075000000004,4,0,0,0,5,-1,0,0,True,4,0,0,0,5,-1,0,0,True,4,0,0,0,5,-1,0,0,True,4,0,0,0,5,-1,0,0,True,4,0,0,0,5,-1,0,0,True
DAMIMAS_A21B_0283,val,20,4,4,2,2,1,1,1,13,7,4,2,1,1,0.65,0.1,0.0077825972526,0.0108058513282,0.004011395,2,0,1,0,7,0,1,0,True,2,0,1,0,7,0,1,0,True,2,0,1,0,7,0,1,0,True,2,0,1,0,7,0,1,0,True,2,0,1,0,7,0,1,0,True
DAMIMAS_A21B_0284,test,16,4,2,1,1,5,2,2,6,3,2,3,1,1,0.375,0.1875,0.019155753011062496,0.030802509374999995,0.0099352703125,1,0,3,1,3,0,2,1,True,1,0,3,1,3,0,2,1,True,1,0,3,1,3,0,2,1,True,1,0,3,1,3,0,2,1,True,1,0,3,1,3,0,2,1,True
DAMIMAS_A21B_0285,train,32,4,8,4,4,4,2,2,12,7,4,8,5,3,0.375,0.25,0.006971881070968749,0.012957460520900002,0.0031523163282,5,1,2,0,8,1,5,0,True,4,0,2,0,6,-1,4,-1,True,4,0,2,0,6,-1,4,-1,True,4,0,2,0,6,-1,4,-1,True,4,0,2,0,6,-1,4,-1,True
DAMIMAS_A21B_0286,train,19,4,3,1,1,5,3,2,8,5,3,3,1,1,0.42105263157894735,0.15789473684210525,0.010638228892526316,0.021451153177,0.0023365792708,2,1,3,0,4,-1,2,1,True,2,1,3,0,4,-1,2,1,True,2,1,3,0,4,-1,2,1,True,2,1,3,0,4,-1,2,1,True,2,1,3,0,4,-1,2,1,True
DAMIMAS_A21B_0287,train,14,4,6,2,3,8,3,2,0,0,0,0,0,0,0.0,0.0,0.012554817633928574,0.021442725937500007,0.006826171874999999,3,1,4,1,0,0,0,0,True,3,1,4,1,0,0,0,0,True,3,1,4,1,0,0,0,0,True,3,1,4,1,0,0,0,0,True,3,1,4,1,0,0,0,0,True
DAMIMAS_A21B_0288,test,21,4,1,1,1,3,2,2,11,6,4,6,4,3,0.5238095238095238,0.2857142857142857,0.010001021974190475,0.013850979947999999,0.00621095625,1,0,2,0,6,0,3,-1,True,1,0,2,0,6,0,3,-1,True,1,0,2,0,6,0,3,-1,True,1,0,2,0,6,0,3,-1,True,1,0,2,0,6,0,3,-1,True
DAMIMAS_A21B_0289,val,14,4,2,1,1,3,2,1,9,7,4,0,0,0,0.6428571428571429,0.0,0.007468148567714285,0.01114625,0.0032623771875,1,0,2,0,5,-2,0,0,False,1,0,2,0,5,-2,0,0,False,1,0,2,0,5,-2,0,0,False,1,0,2,0,5,-2,0,0,False,1,0,2,0,5,-2,0,0,False
DAMIMAS_A21B_0290,train,15,4,0,0,0,1,1,1,14,7,4,0,0,0,0.9333333333333333,0.0,0.005387370329866666,0.010168965781199999,0.0022665679168,0,0,1,0,7,0,0,0,True,0,0,1,0,7,0,0,0,True,0,0,1,0,7,0,0,0,True,0,0,1,0,7,0,0,0,True,0,0,1,0,7,0,0,0,True
DAMIMAS_A21B_0291,train,23,4,5,3,2,8,5,4,6,5,2,4,3,2,0.2608695652173913,0.17391304347826086,0.007385742708347826,0.0104355052084,0.0041767375,3,0,5,0,3,-2,3,0,False,3,0,4,-1,3,-2,2,-1,False,3,0,4,-1,3,-2,2,-1,False,3,0,4,-1,3,-2,2,-1,False,3,0,4,-1,3,-2,2,-1,False
DAMIMAS_A21B_0292,train,24,4,0,0,0,5,3,2,14,7,4,5,4,2,0.5833333333333334,0.20833333333333334,0.014339600542541667,0.023352783828099997,0.006791650625,0,0,3,0,7,0,3,-1,True,0,0,3,0,7,0,3,-1,True,0,0,3,0,7,0,3,-1,True,0,0,3,0,7,0,3,-1,True,0,0,3,0,7,0,3,-1,True
DAMIMAS_A21B_0293,train,18,3,0,0,0,2,2,1,10,7,4,6,4,2,0.5555555555555556,0.3333333333333333,0.008098734042277777,0.0142622225,0.0047957054166,0,0,1,-1,5,-2,3,-1,False,0,0,1,-1,5,-2,3,-1,False,0,0,1,-1,5,-2,3,-1,False,0,0,1,-1,5,-2,3,-1,False,0,0,1,-1,5,-2,3,-1,False
DAMIMAS_A21B_0294,test,24,4,0,0,0,4,2,1,17,10,5,3,3,1,0.7083333333333334,0.125,0.008424415852874999,0.0156645798438,0.0023509230208,0,0,2,0,9,-1,2,-1,True,0,0,2,0,9,-1,2,-1,True,0,0,2,0,9,-1,2,-1,True,0,0,2,0,9,-1,2,-1,True,0,0,2,0,9,-1,2,-1,True
DAMIMAS_A21B_0295,train,17,4,0,0,0,4,3,2,11,7,3,2,2,1,0.6470588235294118,0.11764705882352941,0.009919973529411765,0.017291013437400003,0.0049780415104,0,0,2,-1,6,-1,1,-1,True,0,0,2,-1,6,-1,1,-1,True,0,0,2,-1,6,-1,1,-1,True,0,0,2,-1,6,-1,1,-1,True,0,0,2,-1,6,-1,1,-1,True
DAMIMAS_A21B_0296,test,11,4,2,1,1,8,3,2,1,1,1,0,0,0,0.09090909090909091,0.0,0.030108950473454545,0.043819979427,0.015266890625000001,1,0,4,1,1,0,0,0,True,1,0,4,1,1,0,0,0,True,1,0,4,1,1,0,0,0,True,1,0,4,1,1,0,0,0,True,1,0,4,1,1,0,0,0,True
DAMIMAS_A21B_0297,train,17,4,0,0,0,0,0,0,13,7,4,4,2,1,0.7647058823529411,0.23529411764705882,0.011787001133588236,0.021229332500000003,0.0041323275,0,0,0,0,7,0,2,0,True,0,0,0,0,7,0,2,0,True,0,0,0,0,7,0,2,0,True,0,0,0,0,7,0,2,0,True,0,0,0,0,7,0,2,0,True
DAMIMAS_A21B_0298,train,22,4,4,1,1,0,0,0,12,6,4,6,3,3,0.5454545454545454,0.2727272727272727,0.010450080125454545,0.020829613593600006,0.0031015614843,2,1,0,0,6,0,3,0,True,2,1,0,0,6,0,3,0,True,2,1,0,0,6,0,3,0,True,2,1,0,0,6,0,3,0,True,2,1,0,0,6,0,3,0,True
DAMIMAS_A21B_0299,train,18,4,3,1,1,3,2,2,12,6,4,0,0,0,0.6666666666666666,0.0,0.01166512303238889,0.0144096132813,0.008209239036400001,2,1,2,0,6,0,0,0,True,2,1,2,0,6,0,0,0,True,2,1,2,0,6,0,0,0,True,2,1,2,0,6,0,0,0,True,2,1,2,0,6,0,0,0,True
DAMIMAS_A21B_0300,train,13,4,1,1,1,0,0,0,10,5,3,2,2,1,0.7692307692307693,0.15384615384615385,0.02154379344953846,0.035677200937600004,0.008489313750000001,1,0,0,0,5,0,1,-1,True,1,0,0,0,5,0,1,-1,True,1,0,0,0,5,0,1,-1,True,1,0,0,0,5,0,1,-1,True,1,0,0,0,5,0,1,-1,True
DAMIMAS_A21B_0301,train,20,4,1,1,1,1,1,1,15,9,4,3,2,1,0.75,0.15,0.016773641093749996,0.032724537552000006,0.0046098232032,1,0,1,0,8,-1,2,0,True,1,0,1,0,8,-1,2,0,True,1,0,1,0,9,0,2,0,True,1,0,1,0,9,0,2,0,True,1,0,1,0,9,0,2,0,True
DAMIMAS_A21B_0302,test,15,4,3,1,1,1,1,1,11,7,3,0,0,0,0.7333333333333333,0.0,0.009594789305533334,0.016835279479199997,0.003453125,1,0,1,0,6,-1,0,0,True,1,0,1,0,6,-1,0,0,True,2,1,1,0,6,-1,0,0,True,2,1,1,0,6,-1,0,0,True,2,1,1,0,6,-1,0,0,True
DAMIMAS_A21B_0303,train,21,4,0,0,0,0,0,0,21,10,8,0,0,0,1.0,0.0,0.008272758544190477,0.013745998698,0.004125922396,0,0,0,0,11,1,0,0,True,0,0,0,0,11,1,0,0,True,0,0,0,0,11,1,0,0,True,0,0,0,0,11,1,0,0,True,0,0,0,0,11,1,0,0,True
DAMIMAS_A21B_0304,test,18,4,0,0,0,1,1,1,9,4,3,8,4,2,0.5,0.4444444444444444,0.01605294156538889,0.0233077258333,0.0098160166406,0,0,1,0,5,1,4,0,True,0,0,1,0,5,1,4,0,True,0,0,1,0,5,1,4,0,True,0,0,1,0,5,1,4,0,True,0,0,1,0,5,1,4,0,True
DAMIMAS_A21B_0305,train,25,4,4,2,2,6,4,3,11,6,4,4,2,1,0.44,0.16,0.0066103945312799995,0.011377955312400004,0.0032722877604,2,0,4,0,6,0,3,1,True,2,0,3,-1,6,0,2,0,True,2,0,3,-1,6,0,2,0,True,2,0,3,-1,6,0,2,0,True,2,0,3,-1,6,0,2,0,True
DAMIMAS_A21B_0306,train,9,4,2,1,1,0,0,0,7,4,2,0,0,0,0.7777777777777778,0.0,0.00982638935188889,0.0154553134896,0.0039193129168,1,0,0,0,4,0,0,0,True,1,0,0,0,4,0,0,0,True,1,0,0,0,4,0,0,0,True,1,0,0,0,4,0,0,0,True,1,0,0,0,4,0,0,0,True
DAMIMAS_A21B_0307,train,14,4,3,1,1,1,1,1,10,5,3,0,0,0,0.7142857142857143,0.0,0.009520272451642858,0.015952799427,0.0037304503124999996,1,0,1,0,5,0,0,0,True,1,0,1,0,5,0,0,0,True,2,1,1,0,5,0,0,0,True,2,1,1,0,5,0,0,0,True,2,1,1,0,5,0,0,0,True
DAMIMAS_A21B_0308,val,15,4,2,1,1,2,1,1,6,3,2,5,3,2,0.4,0.3333333333333333,0.017657071388866668,0.027757900937599996,0.0100253914062,1,0,1,0,3,0,3,0,True,1,0,1,0,3,0,3,0,True,1,0,1,0,3,0,3,0,True,1,0,1,0,3,0,3,0,True,1,0,1,0,3,0,3,0,True
DAMIMAS_A21B_0309,train,18,4,5,1,2,2,2,1,8,4,2,3,2,1,0.4444444444444444,0.16666666666666666,0.013579131828722222,0.021863844661400005,0.0079374221094,3,2,1,-1,4,0,2,0,False,3,2,1,-1,4,0,2,0,False,3,2,1,-1,4,0,2,0,False,3,2,1,-1,4,0,2,0,False,3,2,1,-1,4,0,2,0,False
DAMIMAS_A21B_0310,train,20,4,3,1,1,0,0,0,17,9,5,0,0,0,0.85,0.0,0.00652592747395,0.0117934901302,0.0023559522395,2,1,0,0,9,0,0,0,True,2,1,0,0,9,0,0,0,True,2,1,0,0,9,0,0,0,True,2,1,0,0,9,0,0,0,True,2,1,0,0,9,0,0,0,True
DAMIMAS_A21B_0311,val,9,4,0,0,0,1,1,1,8,2,2,0,0,0,0.8888888888888888,0.0,0.006081160156222221,0.0098170245832,0.0038318622396,0,0,1,0,4,2,0,0,False,0,0,1,0,4,2,0,0,False,0,0,1,0,4,2,0,0,False,0,0,1,0,4,2,0,0,False,0,0,1,0,4,2,0,0,False
DAMIMAS_A21B_0312,train,18,4,0,0,0,2,1,1,12,6,4,4,2,1,0.6666666666666666,0.2222222222222222,0.011274076012722224,0.014884091406300001,0.0055442849478,0,0,1,0,6,0,2,0,True,0,0,1,0,6,0,2,0,True,0,0,1,0,6,0,2,0,True,0,0,1,0,6,0,2,0,True,0,0,1,0,6,0,2,0,True
DAMIMAS_A21B_0313,train,23,4,5,2,2,2,1,1,12,7,4,4,2,1,0.5217391304347826,0.17391304347826086,0.007721190557043478,0.0112815942186,0.0038730675,3,1,1,0,6,-1,2,0,True,3,1,1,0,6,-1,2,0,True,3,1,1,0,6,-1,2,0,True,3,1,1,0,6,-1,2,0,True,3,1,1,0,6,-1,2,0,True
DAMIMAS_A21B_0314,train,22,4,0,0,0,3,1,1,16,8,4,3,2,1,0.7272727272727273,0.13636363636363635,0.008359071709272727,0.0115967894532,0.003042951875,0,0,2,1,9,1,2,0,True,0,0,2,1,9,1,2,0,True,0,0,2,1,9,1,2,0,True,0,0,2,1,9,1,2,0,True,0,0,2,1,9,1,2,0,True
DAMIMAS_A21B_0315,train,25,4,2,1,1,11,8,4,12,7,4,0,0,0,0.48,0.0,0.01241432925,0.02192974125,0.004783219218800001,1,0,6,-2,6,-1,0,0,False,1,0,6,-2,6,-1,0,0,False,1,0,6,-2,6,-1,0,0,False,1,0,6,-2,6,-1,0,0,False,1,0,6,-2,6,-1,0,0,False
DAMIMAS_A21B_0316,train,24,4,2,1,1,4,2,1,12,6,5,6,4,2,0.5,0.25,0.013475176573333332,0.023156518359399993,0.007738409166700001,1,0,2,0,6,0,3,-1,True,1,0,2,0,6,0,3,-1,True,1,0,2,0,6,0,3,-1,True,1,0,2,0,6,0,3,-1,True,1,0,2,0,6,0,3,-1,True
DAMIMAS_A21B_0317,train,14,4,0,0,0,3,1,1,11,6,3,0,0,0,0.7857142857142857,0.0,0.009310889453142858,0.013810433411600001,0.0034370984634,0,0,2,1,6,0,0,0,True,0,0,2,1,6,0,0,0,True,0,0,2,1,6,0,0,0,True,0,0,2,1,6,0,0,0,True,0,0,2,1,6,0,0,0,True
DAMIMAS_A21B_0318,train,19,4,0,0,0,0,0,0,15,8,4,4,4,1,0.7894736842105263,0.21052631578947367,0.012906742461631579,0.021407280729199993,0.004595372291600001,0,0,0,0,8,0,2,-2,False,0,0,0,0,8,0,2,-2,False,0,0,0,0,8,0,2,-2,False,0,0,0,0,8,0,2,-2,False,0,0,0,0,8,0,2,-2,False
DAMIMAS_A21B_0319,train,15,4,0,0,0,5,2,2,10,4,3,0,0,0,0.6666666666666666,0.0,0.007250106822933334,0.0098621072396,0.0047843092188,0,0,3,1,5,1,0,0,True,0,0,3,1,5,1,0,0,True,0,0,3,1,5,1,0,0,True,0,0,3,1,5,1,0,0,True,0,0,3,1,5,1,0,0,True
DAMIMAS_A21B_0320,train,24,4,6,3,2,3,3,2,11,6,4,4,4,1,0.4583333333333333,0.16666666666666666,0.02410433054470833,0.0365471709375,0.014110089843700001,3,0,2,-1,6,0,2,-2,False,3,0,2,-1,6,0,2,-2,False,3,0,2,-1,6,0,2,-2,False,3,0,2,-1,6,0,2,-2,False,3,0,2,-1,6,0,2,-2,False
DAMIMAS_A21B_0321,test,21,4,5,2,2,4,4,2,11,6,3,1,1,1,0.5238095238095238,0.047619047619047616,0.01051156906,0.019029909375,0.004471015104,3,1,2,-2,6,0,1,0,False,3,1,2,-2,6,0,1,0,False,3,1,2,-2,6,0,1,0,False,3,1,2,-2,6,0,1,0,False,3,1,2,-2,6,0,1,0,False
DAMIMAS_A21B_0322,train,0,0,0,0,0,0,0,0,0,0,0,0,0,0,0.0,0.0,0.0,0.0,0.0,0,0,0,0,0,0,0,0,True,0,0,0,0,0,0,0,0,True,0,0,0,0,0,0,0,0,True,0,0,0,0,0,0,0,0,True,0,0,0,0,0,0,0,0,True
DAMIMAS_A21B_0323,test,13,4,0,0,0,0,0,0,13,3,4,0,0,0,1.0,0.0,0.013101776021615384,0.021741138750000007,0.008005355625,0,0,0,0,7,4,0,0,False,0,0,0,0,7,4,0,0,False,0,0,0,0,7,4,0,0,False,0,0,0,0,7,4,0,0,False,0,0,0,0,7,4,0,0,False
DAMIMAS_A21B_0324,train,14,4,0,0,0,0,0,0,14,6,4,0,0,0,1.0,0.0,0.019145208556571428,0.025422981562500002,0.0119024286459,0,0,0,0,7,1,0,0,True,0,0,0,0,7,1,0,0,True,0,0,0,0,7,1,0,0,True,0,0,0,0,7,1,0,0,True,0,0,0,0,7,1,0,0,True
DAMIMAS_A21B_0325,test,17,4,0,0,0,3,2,1,10,4,3,4,1,1,0.5882352941176471,0.23529411764705882,0.009791914966294118,0.012198222500000001,0.0060136860416,0,0,2,0,5,1,2,1,True,0,0,2,0,5,1,2,1,True,0,0,2,0,5,1,2,1,True,0,0,2,0,5,1,2,1,True,0,0,2,0,5,1,2,1,True
DAMIMAS_A21B_0326,train,10,4,0,0,0,0,0,0,7,5,3,3,2,1,0.7,0.3,0.0047555352083000005,0.0065039067968,0.0024093480207,0,0,0,0,4,-1,2,0,True,0,0,0,0,4,-1,2,0,True,0,0,0,0,4,-1,2,0,True,0,0,0,0,4,-1,2,0,True,0,0,0,0,4,-1,2,0,True
DAMIMAS_A21B_0327,train,12,4,3,1,1,1,1,1,8,5,3,0,0,0,0.6666666666666666,0.0,0.011079766558166665,0.0180329941146,0.007543223671799999,1,0,1,0,4,-1,0,0,True,1,0,1,0,4,-1,0,0,True,2,1,1,0,4,-1,0,0,True,2,1,1,0,4,-1,0,0,True,2,1,1,0,4,-1,0,0,True
DAMIMAS_A21B_0328,train,15,4,0,0,0,2,1,1,9,4,3,4,2,1,0.6,0.26666666666666666,0.021529802569466672,0.0383130707292,0.008586946875,0,0,1,0,5,1,2,0,True,0,0,1,0,5,1,2,0,True,0,0,1,0,5,1,2,0,True,0,0,1,0,5,1,2,0,True,0,0,1,0,5,1,2,0,True
DAMIMAS_A21B_0329,train,8,4,4,1,1,0,0,0,4,2,2,0,0,0,0.5,0.0,0.020442700553375,0.03102391125,0.0092603590884,2,1,0,0,2,0,0,0,True,2,1,0,0,2,0,0,0,True,2,1,0,0,2,0,0,0,True,2,1,0,0,2,0,0,0,True,2,1,0,0,2,0,0,0,True
DAMIMAS_A21B_0330,val,22,4,5,2,2,2,1,1,15,8,4,0,0,0,0.6818181818181818,0.0,0.009304348094227274,0.018004318125000012,0.0041440283854,3,1,1,0,8,0,0,0,True,3,1,1,0,8,0,0,0,True,3,1,1,0,8,0,0,0,True,3,1,1,0,8,0,0,0,True,3,1,1,0,8,0,0,0,True
DAMIMAS_A21B_0331,test,15,4,0,0,0,1,1,1,14,6,4,0,0,0,0.9333333333333333,0.0,0.008659830312466667,0.0139552009896,0.004903507239600001,0,0,1,0,7,1,0,0,True,0,0,1,0,7,1,0,0,True,0,0,1,0,7,1,0,0,True,0,0,1,0,7,1,0,0,True,0,0,1,0,7,1,0,0,True
DAMIMAS_A21B_0332,train,11,4,0,0,0,0,0,0,8,4,2,3,2,1,0.7272727272727273,0.2727272727272727,0.010113991974454546,0.0129329125,0.007187475,0,0,0,0,4,0,2,0,True,0,0,0,0,4,0,2,0,True,0,0,0,0,4,0,2,0,True,0,0,0,0,4,0,2,0,True,0,0,0,0,4,0,2,0,True
DAMIMAS_A21B_0333,train,8,4,2,1,1,2,1,1,4,2,2,0,0,0,0.5,0.0,0.015697949056,0.0239921016666,0.010775258437500001,1,0,1,0,2,0,0,0,True,1,0,1,0,2,0,0,0,True,1,0,1,0,2,0,0,0,True,1,0,1,0,2,0,0,0,True,1,0,1,0,2,0,0,0,True
DAMIMAS_A21B_0334,train,21,4,4,2,1,0,0,0,13,8,4,4,4,1,0.6190476190476191,0.19047619047619047,0.01658137586804762,0.026616174999999995,0.007656300000000001,2,0,0,0,7,-1,2,-2,False,2,0,0,0,7,-1,2,-2,False,2,0,0,0,7,-1,2,-2,False,2,0,0,0,7,-1,2,-2,False,2,0,0,0,7,-1,2,-2,False
DAMIMAS_A21B_0335,train,13,4,7,2,2,0,0,0,6,2,2,0,0,0,0.46153846153846156,0.0,0.012188618048846155,0.026609847239600005,0.005482114010400001,3,1,0,0,3,1,0,0,True,3,1,0,0,3,1,0,0,True,4,2,0,0,3,1,0,0,False,4,2,0,0,3,1,0,0,False,4,2,0,0,3,1,0,0,False
DAMIMAS_A21B_0336,train,22,4,5,1,2,0,0,0,12,6,4,5,4,2,0.5454545454545454,0.22727272727272727,0.027600782161454552,0.049180628020900015,0.013528789427100002,3,2,0,0,7,1,3,-1,False,3,2,0,0,7,1,3,-1,False,3,2,0,0,7,1,3,-1,False,3,2,0,0,7,1,3,-1,False,3,2,0,0,7,1,3,-1,False
DAMIMAS_A21B_0337,train,16,4,0,0,0,0,0,0,13,6,4,3,2,1,0.8125,0.1875,0.0182440212890625,0.0354459296875,0.007309988672,0,0,0,0,7,1,2,0,True,0,0,0,0,7,1,2,0,True,0,0,0,0,7,1,2,0,True,0,0,0,0,7,1,2,0,True,0,0,0,0,7,1,2,0,True
DAMIMAS_A21B_0338,val,19,4,0,0,0,0,0,0,12,7,4,7,4,3,0.631578947368421,0.3684210526315789,0.009093944449,0.017622780520799998,0.002842447604,0,0,0,0,6,-1,4,0,True,0,0,0,0,6,-1,4,0,True,0,0,0,0,6,-1,4,0,True,0,0,0,0,6,-1,4,0,True,0,0,0,0,6,-1,4,0,True
DAMIMAS_A21B_0339,train,13,4,5,2,2,5,3,3,3,3,2,0,0,0,0.23076923076923078,0.0,0.004832988882230769,0.0073242284896,0.0024902550000000002,2,0,3,0,2,-1,0,0,True,2,0,3,0,2,-1,0,0,True,3,1,3,0,2,-1,0,0,True,3,1,3,0,2,-1,0,0,True,3,1,3,0,2,-1,0,0,True
DAMIMAS_A21B_0340,train,7,4,2,1,1,3,1,1,2,1,1,0,0,0,0.2857142857142857,0.0,0.009768091257428571,0.015305711562400001,0.006102886250000001,1,0,2,1,1,0,0,0,True,1,0,2,1,1,0,0,0,True,1,0,2,1,1,0,0,0,True,1,0,2,1,1,0,0,0,True,1,0,2,1,1,0,0,0,True
DAMIMAS_A21B_0341,train,21,4,0,0,0,2,1,1,18,6,6,1,1,1,0.8571428571428571,0.047619047619047616,0.004587297445428571,0.007363285677,0.002278661979,0,0,1,0,9,3,1,0,False,0,0,1,0,9,3,1,0,False,0,0,1,0,9,3,1,0,False,0,0,1,0,9,3,1,0,False,0,0,1,0,9,3,1,0,False
DAMIMAS_A21B_0342,val,25,4,0,0,0,8,2,2,10,4,3,7,4,3,0.4,0.28,0.00312415228124,0.006175804375000002,0.00099316625,0,0,4,2,5,1,4,0,False,0,0,4,2,5,1,4,0,False,0,0,4,2,5,1,4,0,False,0,0,4,2,5,1,4,0,False,0,0,4,2,5,1,4,0,False
DAMIMAS_A21B_0343,train,18,4,0,0,0,9,3,3,9,4,3,0,0,0,0.5,0.0,0.005485120037611111,0.007136727031200001,0.0034332844531,0,0,5,2,5,1,0,0,False,0,0,5,2,5,1,0,0,False,0,0,5,2,5,1,0,0,False,0,0,5,2,5,1,0,0,False,0,0,5,2,5,1,0,0,False
DAMIMAS_A21B_0344,val,21,4,0,0,0,5,3,2,13,6,4,3,2,2,0.6190476190476191,0.14285714285714285,0.008933074392333335,0.012272161979,0.004762370052,0,0,3,0,7,1,2,0,True,0,0,3,0,7,1,2,0,True,0,0,3,0,7,1,2,0,True,0,0,3,0,7,1,2,0,True,0,0,3,0,7,1,2,0,True
DAMIMAS_A21B_0345,train,16,4,2,1,1,2,1,1,9,4,3,3,1,1,0.5625,0.1875,0.0044327279296875,0.0095068359375,0.001538109375,1,0,1,0,5,1,2,1,True,1,0,1,0,5,1,2,1,True,1,0,1,0,5,1,2,1,True,1,0,1,0,5,1,2,1,True,1,0,1,0,5,1,2,1,True
DAMIMAS_A21B_0346,test,23,4,3,1,1,2,1,1,13,6,4,5,2,2,0.5652173913043478,0.21739130434782608,0.006219536435695653,0.011381259687600002,0.0028411189584,2,1,1,0,7,1,3,1,True,2,1,1,0,7,1,3,1,True,2,1,1,0,7,1,3,1,True,2,1,1,0,7,1,3,1,True,2,1,1,0,7,1,3,1,True
DAMIMAS_A21B_0347,train,18,4,5,2,2,3,2,1,9,4,3,1,1,1,0.5,0.05555555555555555,0.008524212774888889,0.0130167405728,0.0042370656250000005,3,1,2,0,5,1,1,0,True,3,1,2,0,5,1,1,0,True,3,1,2,0,5,1,1,0,True,3,1,2,0,5,1,1,0,True,3,1,2,0,5,1,1,0,True
DAMIMAS_A21B_0348,test,23,4,6,2,2,0,0,0,8,4,3,9,7,3,0.34782608695652173,0.391304347826087,0.010693975803913043,0.015671849999999998,0.0048636332292,3,1,0,0,5,1,6,-1,True,3,1,0,0,4,0,5,-2,False,3,1,0,0,4,0,5,-2,False,3,1,0,0,4,0,5,-2,False,3,1,0,0,4,0,5,-2,False
DAMIMAS_A21B_0349,val,9,4,0,0,0,3,2,1,3,2,1,3,2,2,0.3333333333333333,0.3333333333333333,0.006019420341444445,0.008867158125,0.0027982146876,0,0,2,0,2,0,2,0,True,0,0,2,0,2,0,2,0,True,0,0,2,0,2,0,2,0,True,0,0,2,0,2,0,2,0,True,0,0,2,0,2,0,2,0,True
DAMIMAS_A21B_0350,train,10,3,3,1,1,2,2,1,5,3,2,0,0,0,0.5,0.0,0.006639887447899999,0.0101436622136,0.0021748791666,1,0,1,-1,3,0,0,0,True,1,0,1,-1,3,0,0,0,True,2,1,1,-1,3,0,0,0,True,2,1,1,-1,3,0,0,0,True,2,1,1,-1,3,0,0,0,True
DAMIMAS_A21B_0351,train,24,4,4,2,2,7,4,3,12,6,4,1,1,1,0.5,0.041666666666666664,0.004371779806875,0.0068776859114,0.0016592000522000002,2,0,4,0,6,0,1,0,True,2,0,4,0,6,0,1,0,True,2,0,4,0,6,0,1,0,True,2,0,4,0,6,0,1,0,True,2,0,4,0,6,0,1,0,True
DAMIMAS_A21B_0352,train,25,4,4,1,1,1,1,1,14,6,4,6,4,2,0.56,0.24,0.0099162201354,0.018230790052,0.004360512552000001,2,1,1,0,7,1,3,-1,True,2,1,1,0,7,1,3,-1,True,2,1,1,0,7,1,3,-1,True,2,1,1,0,7,1,3,-1,True,2,1,1,0,7,1,3,-1,True
DAMIMAS_A21B_0353,train,18,4,5,2,2,1,1,1,12,5,3,0,0,0,0.6666666666666666,0.0,0.006456064062499999,0.0097750312761,0.0032202257031,3,1,1,0,6,1,0,0,True,3,1,1,0,6,1,0,0,True,3,1,1,0,6,1,0,0,True,3,1,1,0,6,1,0,0,True,3,1,1,0,6,1,0,0,True
DAMIMAS_A21B_0354,train,32,4,2,1,1,2,1,1,28,16,8,0,0,0,0.875,0.0,0.0033194476155625,0.0059304154948,0.0010717968229999998,1,0,1,0,15,-1,0,0,True,1,0,1,0,16,0,0,0,True,1,0,1,0,16,0,0,0,True,1,0,1,0,15,-1,0,0,True,1,0,1,0,15,-1,0,0,True
DAMIMAS_A21B_0355,test,25,4,5,2,2,6,4,2,11,7,4,3,2,1,0.44,0.12,0.00410641331252,0.006469710520800001,0.0024599400000000003,3,1,4,0,6,-1,2,0,True,3,1,3,-1,6,-1,2,0,True,3,1,3,-1,6,-1,2,0,True,3,1,3,-1,6,-1,2,0,True,3,1,3,-1,6,-1,2,0,True
DAMIMAS_A21B_0356,train,19,4,2,1,1,8,3,3,6,3,2,3,2,1,0.3157894736842105,0.15789473684210525,0.010210603385421051,0.0145038219272,0.0065390625,1,0,4,1,3,0,2,0,True,1,0,4,1,3,0,2,0,True,1,0,4,1,3,0,2,0,True,1,0,4,1,3,0,2,0,True,1,0,4,1,3,0,2,0,True
DAMIMAS_A21B_0357,train,22,4,0,0,0,2,1,1,18,9,6,2,2,1,0.8181818181818182,0.09090909090909091,0.004476162985318182,0.007664316406100001,0.0020789528125000002,0,0,1,0,9,0,1,-1,True,0,0,1,0,9,0,1,-1,True,0,0,1,0,9,0,1,-1,True,0,0,1,0,9,0,1,-1,True,0,0,1,0,9,0,1,-1,True
DAMIMAS_A21B_0358,train,28,4,2,1,1,0,0,0,20,9,6,6,4,2,0.7142857142857143,0.21428571428571427,0.0048645602027499995,0.0075359746614,0.0020604840886,1,0,0,0,10,1,3,-1,True,1,0,0,0,11,2,3,-1,False,1,0,0,0,11,2,3,-1,False,1,0,0,0,10,1,3,-1,True,1,0,0,0,10,1,3,-1,True
DAMIMAS_A21B_0359,val,23,4,6,2,2,2,2,1,11,5,3,4,2,2,0.4782608695652174,0.17391304347826086,0.005758935756347826,0.0096442403646,0.0029358740624000003,3,1,1,-1,6,1,2,0,True,3,1,1,-1,6,1,2,0,True,3,1,1,-1,6,1,2,0,True,3,1,1,-1,6,1,2,0,True,3,1,1,-1,6,1,2,0,True
DAMIMAS_A21B_0360,train,30,4,6,3,3,6,2,2,8,4,3,10,6,4,0.26666666666666666,0.3333333333333333,0.0127580008507,0.017828442057300005,0.007757053125000001,3,0,3,1,4,0,6,0,True,3,0,3,1,4,0,6,0,True,3,0,3,1,4,0,6,0,True,3,0,3,1,4,0,5,-1,True,3,0,3,1,4,0,5,-1,True
DAMIMAS_A21B_0361,train,24,4,4,1,1,1,1,1,13,6,4,6,5,2,0.5416666666666666,0.25,0.010289400520833332,0.021025499374999996,0.0031564040364000004,2,1,1,0,7,1,3,-2,False,2,1,1,0,7,1,3,-2,False,2,1,1,0,7,1,3,-2,False,2,1,1,0,7,1,3,-2,False,2,1,1,0,7,1,3,-2,False
DAMIMAS_A21B_0362,train,26,4,0,0,0,0,0,0,23,5,6,3,2,1,0.8846153846153846,0.11538461538461539,0.005186638121,0.0099162071615,0.001374910677,0,0,0,0,12,7,2,0,False,0,0,0,0,13,8,2,0,False,0,0,0,0,13,8,2,0,False,0,0,0,0,12,7,2,0,False,0,0,0,0,12,7,2,0,False
DAMIMAS_A21B_0363,train,15,4,0,0,0,11,5,4,2,1,1,2,2,2,0.13333333333333333,0.13333333333333333,0.006651304687533333,0.009778897916799999,0.00406966375,0,0,6,1,1,0,2,0,True,0,0,6,1,1,0,2,0,True,0,0,6,1,1,0,1,-1,True,0,0,6,1,1,0,1,-1,True,0,0,6,1,1,0,2,0,True
DAMIMAS_A21B_0364,train,27,4,5,2,2,6,3,2,13,6,4,3,2,1,0.48148148148148145,0.1111111111111111,0.015442128616888888,0.022598941041600002,0.0083876623958,3,1,3,0,7,1,2,0,True,3,1,3,0,7,1,2,0,True,3,1,3,0,7,1,2,0,True,3,1,3,0,7,1,2,0,True,3,1,3,0,7,1,2,0,True
DAMIMAS_A21B_0365,train,27,4,4,2,2,3,2,2,16,9,5,4,3,2,0.5925925925925926,0.14814814814814814,0.006497206770814813,0.0115878534374,0.0028808625,2,0,2,0,9,0,2,-1,True,2,0,2,0,9,0,2,-1,True,2,0,2,0,9,0,2,-1,True,2,0,2,0,8,-1,2,-1,True,2,0,2,0,8,-1,2,-1,True
DAMIMAS_A21B_0366,train,15,4,0,0,0,0,0,0,12,5,4,3,2,1,0.8,0.2,0.005665633402800001,0.0090852482292,0.0028299265104,0,0,0,0,6,1,2,0,True,0,0,0,0,6,1,2,0,True,0,0,0,0,6,1,2,0,True,0,0,0,0,6,1,2,0,True,0,0,0,0,6,1,2,0,True
DAMIMAS_A21B_0367,train,19,4,0,0,0,8,4,3,9,6,3,2,2,1,0.47368421052631576,0.10526315789473684,0.004986459950631579,0.009480439999999998,0.0014194359896,0,0,4,0,5,-1,1,-1,True,0,0,4,0,5,-1,1,-1,True,0,0,4,0,5,-1,1,-1,True,0,0,4,0,5,-1,1,-1,True,0,0,4,0,5,-1,1,-1,True
DAMIMAS_A21B_0368,train,29,4,6,3,2,5,3,2,11,6,3,7,4,2,0.3793103448275862,0.2413793103448276,0.009350918130379311,0.0134064259896,0.0059609261458,3,0,3,0,7,1,5,1,True,3,0,3,0,6,0,4,0,True,3,0,3,0,6,0,4,0,True,3,0,3,0,6,0,4,0,True,3,0,3,0,6,0,4,0,True
DAMIMAS_A21B_0369,train,15,4,2,1,1,0,0,0,10,4,4,3,2,1,0.6666666666666666,0.2,0.006394203559,0.0106305530208,0.002857398125,1,0,0,0,5,1,2,0,True,1,0,0,0,5,1,2,0,True,1,0,0,0,5,1,2,0,True,1,0,0,0,5,1,2,0,True,1,0,0,0,5,1,2,0,True
DAMIMAS_A21B_0370,val,18,4,5,2,2,0,0,0,10,6,4,3,2,2,0.5555555555555556,0.16666666666666666,0.008062937528944443,0.0130509890625,0.0041020914063,3,1,0,0,5,-1,2,0,True,3,1,0,0,5,-1,2,0,True,3,1,0,0,5,-1,2,0,True,3,1,0,0,5,-1,2,0,True,3,1,0,0,5,-1,2,0,True
DAMIMAS_A21B_0371,train,21,4,2,1,1,6,3,2,13,7,4,0,0,0,0.6190476190476191,0.0,0.006568990389380953,0.010327208073,0.0026172,1,0,3,0,7,0,0,0,True,1,0,3,0,7,0,0,0,True,1,0,3,0,7,0,0,0,True,1,0,3,0,7,0,0,0,True,1,0,3,0,7,0,0,0,True
DAMIMAS_A21B_0372,val,19,4,3,2,1,4,2,1,9,5,3,3,3,1,0.47368421052631576,0.15789473684210525,0.008794752604157895,0.015196339479199999,0.00461867125,2,0,2,0,5,0,2,-1,True,2,0,2,0,5,0,2,-1,True,2,0,2,0,5,0,2,-1,True,2,0,2,0,5,0,2,-1,True,2,0,2,0,5,0,2,-1,True
DAMIMAS_A21B_0373,train,22,4,7,3,2,0,0,0,13,7,4,2,2,1,0.5909090909090909,0.09090909090909091,0.007394526846590908,0.011760406275900005,0.00333693,4,1,0,0,7,0,1,-1,True,4,1,0,0,7,0,1,-1,True,4,1,0,0,7,0,1,-1,True,4,1,0,0,7,0,1,-1,True,4,1,0,0,7,0,1,-1,True
DAMIMAS_A21B_0374,train,28,4,2,1,1,2,1,1,20,10,6,4,2,2,0.7142857142857143,0.14285714285714285,0.005060075381321428,0.0082319066928,0.0024435512761,1,0,1,0,10,0,2,0,True,1,0,1,0,11,1,2,0,True,1,0,1,0,11,1,2,0,True,1,0,1,0,10,0,2,0,True,1,0,1,0,10,0,2,0,True
DAMIMAS_A21B_0375,val,20,4,2,1,1,10,6,4,8,4,2,0,0,0,0.4,0.0,0.006677276002599999,0.0103323852084,0.0035200836197999998,1,0,5,-1,4,0,0,0,True,1,0,5,-1,4,0,0,0,True,1,0,5,-1,4,0,0,0,True,1,0,5,-1,4,0,0,0,True,1,0,5,-1,4,0,0,0,True
DAMIMAS_A21B_0376,train,19,4,2,1,1,0,0,0,14,7,4,3,2,1,0.7368421052631579,0.15789473684210525,0.007902626822947368,0.012514685208399996,0.0050750435935999995,1,0,0,0,7,0,2,0,True,1,0,0,0,7,0,2,0,True,1,0,0,0,7,0,2,0,True,1,0,0,0,7,0,2,0,True,1,0,0,0,7,0,2,0,True
DAMIMAS_A21B_0377,train,15,4,2,1,1,0,0,0,13,6,4,0,0,0,0.8666666666666667,0.0,0.005767954184066666,0.0089248419792,0.0029775198437999996,1,0,0,0,7,1,0,0,True,1,0,0,0,7,1,0,0,True,1,0,0,0,7,1,0,0,True,1,0,0,0,7,1,0,0,True,1,0,0,0,7,1,0,0,True
DAMIMAS_A21B_0378,test,27,4,6,3,2,2,1,1,15,8,5,4,3,3,0.5555555555555556,0.14814814814814814,0.006468845293222223,0.010325478229200002,0.0023189879688,3,0,1,0,8,0,3,0,True,3,0,1,0,8,0,3,0,True,3,0,1,0,8,0,2,-1,True,3,0,1,0,8,0,2,-1,True,3,0,1,0,8,0,3,0,True
DAMIMAS_A21B_0379,train,9,4,4,1,1,1,1,1,4,1,1,0,0,0,0.4444444444444444,0.0,0.005051004919000001,0.00661328125,0.0035470459896000004,2,1,1,0,2,1,0,0,True,2,1,1,0,2,1,0,0,True,2,1,1,0,2,1,0,0,True,2,1,1,0,2,1,0,0,True,2,1,1,0,2,1,0,0,True
DAMIMAS_A21B_0380,test,24,4,4,2,1,2,1,1,8,4,3,10,5,3,0.3333333333333333,0.4166666666666667,0.012164744433583332,0.016751215,0.0074120684636,2,0,1,0,4,0,5,0,True,2,0,1,0,4,0,5,0,True,2,0,1,0,4,0,5,0,True,2,0,1,0,4,0,5,0,True,2,0,1,0,4,0,5,0,True
DAMIMAS_A21B_0381,test,22,4,6,3,2,0,0,0,11,7,4,5,4,3,0.5,0.22727272727272727,0.007175733155772728,0.01407512625,0.0032481242448000004,3,0,0,0,6,-1,3,-1,True,3,0,0,0,6,-1,3,-1,True,3,0,0,0,6,-1,3,-1,True,3,0,0,0,6,-1,3,-1,True,3,0,0,0,6,-1,3,-1,True
DAMIMAS_A21B_0382,train,28,4,6,3,2,0,0,0,10,5,3,12,8,4,0.35714285714285715,0.42857142857142855,0.007376864099714287,0.010686776250000002,0.0039511722656,3,0,0,0,5,0,7,-1,True,3,0,0,0,5,0,7,-1,True,3,0,0,0,5,0,7,-1,True,3,0,0,0,5,0,6,-2,False,3,0,0,0,5,0,6,-2,False
DAMIMAS_A21B_0383,train,24,4,4,2,2,10,6,3,6,4,3,4,2,2,0.25,0.16666666666666666,0.0061123374999999995,0.0103869740625,0.0031590149478,2,0,6,0,3,-1,3,1,True,2,0,5,-1,3,-1,2,0,True,2,0,5,-1,3,-1,2,0,True,2,0,5,-1,3,-1,2,0,True,2,0,5,-1,3,-1,2,0,True
DAMIMAS_A21B_0384,train,26,4,5,2,2,6,3,2,10,6,3,5,3,2,0.38461538461538464,0.19230769230769232,0.008489292247615386,0.013783704948,0.0041528428385,3,1,4,1,6,0,3,0,True,3,1,3,0,5,-1,3,0,True,3,1,3,0,5,-1,3,0,True,3,1,3,0,5,-1,3,0,True,3,1,3,0,5,-1,3,0,True
DAMIMAS_A21B_0385,test,26,4,2,1,1,3,2,1,15,9,5,6,4,2,0.5769230769230769,0.23076923076923078,0.006318643589730769,0.0084264875,0.0038574203124999997,1,0,2,0,8,-1,3,-1,True,1,0,2,0,8,-1,3,-1,True,1,0,2,0,8,-1,3,-1,True,1,0,2,0,8,-1,3,-1,True,1,0,2,0,8,-1,3,-1,True
DAMIMAS_A21B_0386,train,7,3,0,0,0,3,2,2,4,2,2,0,0,0,0.5714285714285714,0.0,0.009117504910714285,0.012659240625000002,0.0058317308854,0,0,2,0,2,0,0,0,True,0,0,2,0,2,0,0,0,True,0,0,2,0,2,0,0,0,True,0,0,2,0,2,0,0,0,True,0,0,2,0,2,0,0,0,True
DAMIMAS_A21B_0387,train,15,4,5,3,2,9,5,3,1,1,1,0,0,0,0.06666666666666667,0.0,0.007190586579866667,0.0104654907292,0.00321092,2,-1,5,0,1,0,0,0,True,2,-1,5,0,1,0,0,0,True,3,0,5,0,1,0,0,0,True,3,0,5,0,1,0,0,0,True,3,0,5,0,1,0,0,0,True
DAMIMAS_A21B_0388,val,20,4,3,1,1,0,0,0,13,4,4,4,2,1,0.65,0.2,0.010600261067700002,0.01622683687500001,0.0050181664323,2,1,0,0,7,3,2,0,False,2,1,0,0,7,3,2,0,False,2,1,0,0,7,3,2,0,False,2,1,0,0,7,3,2,0,False,2,1,0,0,7,3,2,0,False
DAMIMAS_A21B_0389,train,25,4,0,0,0,5,3,2,16,11,5,4,3,1,0.64,0.16,0.0042788498854,0.006524096197800002,0.0020638105207999996,0,0,3,0,8,-3,2,-1,False,0,0,3,0,8,-3,2,-1,False,0,0,3,0,8,-3,2,-1,False,0,0,3,0,8,-3,2,-1,False,0,0,3,0,8,-3,2,-1,False
DAMIMAS_A21B_0390,val,30,4,2,1,1,4,3,1,13,7,4,11,7,3,0.43333333333333335,0.36666666666666664,0.005255075668399999,0.008884443072900006,0.0018239106771,1,0,2,-1,7,0,6,-1,True,1,0,2,-1,7,0,6,-1,True,1,0,2,-1,7,0,6,-1,True,1,0,2,-1,7,0,6,-1,True,1,0,2,-1,7,0,6,-1,True
DAMIMAS_A21B_0391,val,16,4,4,2,1,11,7,3,1,1,1,0,0,0,0.0625,0.0,0.0073712230305625,0.011172269401,0.004895008724,2,0,6,-1,1,0,0,0,True,2,0,6,-1,1,0,0,0,True,2,0,6,-1,1,0,0,0,True,2,0,6,-1,1,0,0,0,True,2,0,6,-1,1,0,0,0,True
DAMIMAS_A21B_0392,val,24,4,3,2,1,10,5,3,6,3,2,5,3,2,0.25,0.20833333333333334,0.015490258897541666,0.022398911536399998,0.009131702604,2,0,6,1,3,0,3,0,True,2,0,5,0,3,0,3,0,True,2,0,5,0,3,0,3,0,True,2,0,5,0,3,0,3,0,True,2,0,5,0,3,0,3,0,True
DAMIMAS_A21B_0393,train,24,4,2,2,1,2,1,1,18,11,5,2,1,1,0.75,0.08333333333333333,0.007415033138000001,0.0122969104687,0.0030593172656,1,-1,1,0,10,-1,1,0,True,1,-1,1,0,10,-1,1,0,True,1,-1,1,0,10,-1,1,0,True,1,-1,1,0,10,-1,1,0,True,1,-1,1,0,10,-1,1,0,True
DAMIMAS_A21B_0394,train,24,4,4,2,2,0,0,0,13,7,5,7,4,2,0.5416666666666666,0.2916666666666667,0.00756406349825,0.014258952708299999,0.0029012877864000005,2,0,0,0,7,0,4,0,True,2,0,0,0,7,0,4,0,True,2,0,0,0,7,0,4,0,True,2,0,0,0,7,0,4,0,True,2,0,0,0,7,0,4,0,True
DAMIMAS_A21B_0395,train,21,4,6,3,2,10,7,4,5,4,2,0,0,0,0.23809523809523808,0.0,0.008447259883428574,0.013998954948,0.00476235,3,0,6,-1,3,-1,0,0,True,3,0,5,-2,3,-1,0,0,False,3,0,5,-2,3,-1,0,0,False,3,0,5,-2,3,-1,0,0,False,3,0,5,-2,3,-1,0,0,False
DAMIMAS_A21B_0396,train,25,4,6,3,2,5,3,2,10,6,3,4,4,2,0.4,0.16,0.01643262709376,0.0237908060418,0.0082919820312,3,0,3,0,6,0,3,-1,True,3,0,3,0,5,-1,2,-2,False,3,0,3,0,5,-1,2,-2,False,3,0,3,0,5,-1,2,-2,False,3,0,3,0,5,-1,2,-2,False
DAMIMAS_A21B_0397,train,19,4,2,1,1,4,2,2,9,6,3,4,2,2,0.47368421052631576,0.21052631578947367,0.009568554440789474,0.016281296458399992,0.0039156755208,1,0,2,0,5,-1,2,0,True,1,0,2,0,5,-1,2,0,True,1,0,2,0,5,-1,2,0,True,1,0,2,0,5,-1,2,0,True,1,0,2,0,5,-1,2,0,True
DAMIMAS_A21B_0398,val,25,4,5,2,2,2,1,1,14,10,4,4,3,1,0.56,0.16,0.007041011125000001,0.0133925309376,0.0026041564584000005,3,1,1,0,7,-3,2,-1,False,3,1,1,0,7,-3,2,-1,False,3,1,1,0,7,-3,2,-1,False,3,1,1,0,7,-3,2,-1,False,3,1,1,0,7,-3,2,-1,False
DAMIMAS_A21B_0399,train,17,4,7,3,2,6,3,2,3,3,2,1,1,1,0.17647058823529413,0.058823529411764705,0.007119291084529412,0.0130211405208,0.0030877084896,3,0,3,0,2,-1,1,0,True,3,0,3,0,2,-1,1,0,True,4,1,3,0,2,-1,1,0,True,4,1,3,0,2,-1,1,0,True,4,1,3,0,2,-1,1,0,True
DAMIMAS_A21B_0400,val,19,4,0,0,0,8,4,3,4,2,2,7,4,3,0.21052631578947367,0.3684210526315789,0.013181754851947369,0.0184433566666,0.0060947247916,0,0,4,0,2,0,4,0,True,0,0,4,0,2,0,4,0,True,0,0,4,0,2,0,4,0,True,0,0,4,0,2,0,4,0,True,0,0,4,0,2,0,4,0,True
DAMIMAS_A21B_0401,val,16,4,0,0,0,0,0,0,14,8,4,2,2,1,0.875,0.125,0.006175994417312499,0.009998806249999999,0.0028076325520000004,0,0,0,0,7,-1,1,-1,True,0,0,0,0,7,-1,1,-1,True,0,0,0,0,7,-1,1,-1,True,0,0,0,0,7,-1,1,-1,True,0,0,0,0,7,-1,1,-1,True
DAMIMAS_A21B_0402,test,18,4,0,0,0,1,1,1,13,8,5,4,2,1,0.7222222222222222,0.2222222222222222,0.007454391044555557,0.010829039765600002,0.004174709453099999,0,0,1,0,7,-1,2,0,True,0,0,1,0,7,-1,2,0,True,0,0,1,0,7,-1,2,0,True,0,0,1,0,7,-1,2,0,True,0,0,1,0,7,-1,2,0,True
DAMIMAS_A21B_0403,train,24,4,4,2,2,9,5,3,7,4,2,4,3,2,0.2916666666666667,0.16666666666666666,0.009631685405833333,0.0184428407031,0.0036173554688,2,0,5,0,4,0,3,0,True,2,0,5,0,4,0,2,-1,True,2,0,5,0,4,0,2,-1,True,2,0,5,0,4,0,2,-1,True,2,0,5,0,4,0,2,-1,True
DAMIMAS_A21B_0404,val,15,4,7,3,2,4,3,2,4,3,2,0,0,0,0.26666666666666666,0.0,0.0141933271702,0.023877050937599998,0.006738003073,3,0,2,-1,2,-1,0,0,True,3,0,2,-1,2,-1,0,0,True,4,1,2,-1,2,-1,0,0,True,4,1,2,-1,2,-1,0,0,True,4,1,2,-1,2,-1,0,0,True
DAMIMAS_A21B_0405,train,14,4,1,1,1,2,1,1,10,6,3,1,1,1,0.7142857142857143,0.07142857142857142,0.008796219159214287,0.013887663151100002,0.005136651536400001,1,0,1,0,5,-1,1,0,True,1,0,1,0,5,-1,1,0,True,1,0,1,0,5,-1,1,0,True,1,0,1,0,5,-1,1,0,True,1,0,1,0,5,-1,1,0,True
DAMIMAS_A21B_0406,train,17,4,2,1,1,0,0,0,11,6,4,4,3,2,0.6470588235294118,0.23529411764705882,0.00893628265929412,0.0159831021874,0.0052125905208,1,0,0,0,6,0,2,-1,True,1,0,0,0,6,0,2,-1,True,1,0,0,0,6,0,2,-1,True,1,0,0,0,6,0,2,-1,True,1,0,0,0,6,0,2,-1,True
DAMIMAS_A21B_0407,val,23,4,4,2,2,6,4,2,11,7,3,2,1,1,0.4782608695652174,0.08695652173913043,0.005944851981391305,0.0103997170832,0.0023951931250000003,2,0,3,-1,6,-1,1,0,True,2,0,3,-1,6,-1,1,0,True,2,0,3,-1,6,-1,1,0,True,2,0,3,-1,6,-1,1,0,True,2,0,3,-1,6,-1,1,0,True
DAMIMAS_A21B_0408,train,21,4,5,2,2,9,6,3,7,3,2,0,0,0,0.3333333333333333,0.0,0.00833826160709524,0.014070638802000001,0.0049479375,3,1,5,-1,4,1,0,0,True,3,1,5,-1,4,1,0,0,True,3,1,5,-1,4,1,0,0,True,3,1,5,-1,4,1,0,0,True,3,1,5,-1,4,1,0,0,True
DAMIMAS_A21B_0409,test,16,4,6,3,2,0,0,0,10,6,3,0,0,0,0.625,0.0,0.00651810625,0.011551953125,0.002176916276,3,0,0,0,5,-1,0,0,True,3,0,0,0,5,-1,0,0,True,3,0,0,0,5,-1,0,0,True,3,0,0,0,5,-1,0,0,True,3,0,0,0,5,-1,0,0,True
DAMIMAS_A21B_0410,train,31,4,5,2,2,2,1,1,21,13,6,3,2,1,0.6774193548387096,0.0967741935483871,0.007893444161612903,0.011743221875000001,0.003670240104,3,1,1,0,11,-2,2,0,False,3,1,1,0,12,-1,2,0,True,3,1,1,0,12,-1,2,0,True,3,1,1,0,11,-2,2,0,False,3,1,1,0,11,-2,2,0,False
DAMIMAS_A21B_0411,test,22,4,5,2,2,7,4,3,10,5,3,0,0,0,0.45454545454545453,0.0,0.005838629900590909,0.009302053437500003,0.0029739881511,3,1,4,0,5,0,0,0,True,3,1,4,0,5,0,0,0,True,3,1,4,0,5,0,0,0,True,3,1,4,0,5,0,0,0,True,3,1,4,0,5,0,0,0,True
DAMIMAS_A21B_0412,train,16,4,2,1,1,9,5,4,5,2,2,0,0,0,0.3125,0.0,0.0109651533203125,0.019881935677,0.0044563609375,1,0,5,0,3,1,0,0,True,1,0,5,0,3,1,0,0,True,1,0,5,0,3,1,0,0,True,1,0,5,0,3,1,0,0,True,1,0,5,0,3,1,0,0,True
DAMIMAS_A21B_0413,train,26,4,2,1,1,4,2,2,16,9,5,4,3,2,0.6153846153846154,0.15384615384615385,0.008551904356961538,0.013937104948,0.0027384528645,1,0,2,0,9,0,2,-1,True,1,0,2,0,9,0,2,-1,True,1,0,2,0,9,0,2,-1,True,1,0,2,0,9,0,2,-1,True,1,0,2,0,9,0,2,-1,True
DAMIMAS_A21B_0414,train,14,4,0,0,0,0,0,0,14,5,4,0,0,0,1.0,0.0,0.009496103757428572,0.013542372031300001,0.0028156802864,0,0,0,0,7,2,0,0,False,0,0,0,0,7,2,0,0,False,0,0,0,0,7,2,0,0,False,0,0,0,0,7,2,0,0,False,0,0,0,0,7,2,0,0,False
DAMIMAS_A21B_0415,val,22,4,2,1,1,7,4,2,11,5,3,2,1,1,0.5,0.09090909090909091,0.011153602438454546,0.016035577109300002,0.005324526875,1,0,4,0,6,1,1,0,True,1,0,4,0,6,1,1,0,True,1,0,4,0,6,1,1,0,True,1,0,4,0,6,1,1,0,True,1,0,4,0,6,1,1,0,True
DAMIMAS_A21B_0416,train,25,4,3,2,2,8,4,3,10,5,3,4,3,1,0.4,0.16,0.01828797481248,0.0284854134896,0.009330713020800002,2,0,5,1,6,1,3,0,True,2,0,4,0,5,0,2,-1,True,2,0,4,0,5,0,2,-1,True,2,0,4,0,5,0,2,-1,True,2,0,4,0,5,0,2,-1,True
DAMIMAS_A21B_0417,val,25,4,4,2,2,4,2,2,12,7,4,5,3,2,0.48,0.2,0.00968064631248,0.018267092552,0.003135758281200001,2,0,2,0,6,-1,3,0,True,2,0,2,0,6,-1,3,0,True,2,0,2,0,6,-1,3,0,True,2,0,2,0,6,-1,3,0,True,2,0,2,0,6,-1,3,0,True
DAMIMAS_A21B_0418,train,27,4,0,0,0,2,1,1,13,7,4,12,8,4,0.48148148148148145,0.4444444444444444,0.007523479263111111,0.0134255090104,0.0028960229688,0,0,1,0,7,0,7,-1,True,0,0,1,0,7,0,7,-1,True,0,0,1,0,7,0,7,-1,True,0,0,1,0,7,0,6,-2,False,0,0,1,0,7,0,6,-2,False
DAMIMAS_A21B_0419,test,23,4,0,0,0,8,4,2,12,6,3,3,2,1,0.5217391304347826,0.13043478260869565,0.012113990206086956,0.0172038203646,0.006092611302,0,0,4,0,6,0,2,0,True,0,0,4,0,6,0,2,0,True,0,0,4,0,6,0,2,0,True,0,0,4,0,6,0,2,0,True,0,0,4,0,6,0,2,0,True
DAMIMAS_A21B_0420,val,6,4,0,0,0,2,1,1,4,1,1,0,0,0,0.6666666666666666,0.0,0.0233213046875,0.026669513802,0.0201286446615,0,0,1,0,2,1,0,0,True,0,0,1,0,2,1,0,0,True,0,0,1,0,2,1,0,0,True,0,0,1,0,2,1,0,0,True,0,0,1,0,2,1,0,0,True
DAMIMAS_A21B_0421,train,0,0,0,0,0,0,0,0,0,0,0,0,0,0,0.0,0.0,0.0,0.0,0.0,0,0,0,0,0,0,0,0,True,0,0,0,0,0,0,0,0,True,0,0,0,0,0,0,0,0,True,0,0,0,0,0,0,0,0,True,0,0,0,0,0,0,0,0,True
DAMIMAS_A21B_0422,val,21,4,3,2,1,0,0,0,10,5,3,8,4,2,0.47619047619047616,0.38095238095238093,0.010356332874523809,0.020856075,0.005480138802,2,0,0,0,5,0,4,0,True,2,0,0,0,5,0,4,0,True,2,0,0,0,5,0,4,0,True,2,0,0,0,5,0,4,0,True,2,0,0,0,5,0,4,0,True
DAMIMAS_A21B_0423,train,23,4,4,2,2,9,5,3,7,5,2,3,2,1,0.30434782608695654,0.13043478260869565,0.007369830095086957,0.014324633437600003,0.0029848570832,2,0,5,0,4,-1,2,0,True,2,0,5,0,4,-1,2,0,True,2,0,5,0,4,-1,2,0,True,2,0,5,0,4,-1,2,0,True,2,0,5,0,4,-1,2,0,True
DAMIMAS_A21B_0424,train,15,4,6,3,2,4,2,2,5,3,2,0,0,0,0.3333333333333333,0.0,0.016018991840266665,0.020790729791599998,0.009751976875,3,0,2,0,3,0,0,0,True,3,0,2,0,3,0,0,0,True,3,0,2,0,3,0,0,0,True,3,0,2,0,3,0,0,0,True,3,0,2,0,3,0,0,0,True
DAMIMAS_A21B_0425,train,20,4,0,0,0,4,3,2,14,8,4,2,1,1,0.7,0.1,0.006193732513,0.010986334687500003,0.0027175135677,0,0,2,-1,7,-1,1,0,True,0,0,2,-1,7,-1,1,0,True,0,0,2,-1,7,-1,1,0,True,0,0,2,-1,7,-1,1,0,True,0,0,2,-1,7,-1,1,0,True
DAMIMAS_A21B_0426,train,17,4,0,0,0,0,0,0,14,8,4,3,2,1,0.8235294117647058,0.17647058823529413,0.011722383379294118,0.01590496125,0.005704413958399999,0,0,0,0,8,0,2,0,True,0,0,0,0,8,0,2,0,True,0,0,0,0,8,0,2,0,True,0,0,0,0,8,0,2,0,True,0,0,0,0,8,0,2,0,True
DAMIMAS_A21B_0427,train,26,4,1,1,1,15,8,4,9,5,3,1,1,1,0.34615384615384615,0.038461538461538464,0.008707215965538462,0.013259227474000001,0.004708656900999999,1,0,8,0,5,0,1,0,True,1,0,8,0,5,0,1,0,True,1,0,8,0,5,0,1,0,True,1,0,8,0,5,0,1,0,True,1,0,8,0,5,0,1,0,True
DAMIMAS_A21B_0428,val,27,4,6,3,2,5,3,2,9,5,3,7,4,3,0.3333333333333333,0.25925925925925924,0.01532309100114815,0.0253678692708,0.007540680156199999,3,0,3,0,5,0,5,1,True,3,0,3,0,5,0,4,0,True,3,0,3,0,5,0,4,0,True,3,0,3,0,5,0,4,0,True,3,0,3,0,5,0,4,0,True
DAMIMAS_A21B_0429,train,36,4,5,3,2,6,4,3,18,10,5,7,5,3,0.5,0.19444444444444445,0.010731177307583335,0.0202185065105,0.002700179427,3,0,4,0,10,0,4,-1,True,3,0,3,-1,11,1,4,-1,True,3,0,3,-1,11,1,4,-1,True,3,0,3,-1,10,0,4,-1,True,3,0,3,-1,10,0,4,-1,True
DAMIMAS_A21B_0430,train,22,4,0,0,0,2,1,1,14,10,4,6,5,3,0.6363636363636364,0.2727272727272727,0.004358649408136364,0.007409402630200005,0.0023319748958999997,0,0,1,0,7,-3,3,-2,False,0,0,1,0,7,-3,3,-2,False,0,0,1,0,7,-3,3,-2,False,0,0,1,0,7,-3,3,-2,False,0,0,1,0,7,-3,3,-2,False
DAMIMAS_A21B_0431,train,17,4,0,0,0,4,2,2,13,8,5,0,0,0,0.7647058823529411,0.0,0.005248546446058823,0.0072553668750000005,0.0031438671354,0,0,2,0,7,-1,0,0,True,0,0,2,0,7,-1,0,0,True,0,0,2,0,7,-1,0,0,True,0,0,2,0,7,-1,0,0,True,0,0,2,0,7,-1,0,0,True
DAMIMAS_A21B_0432,test,15,4,0,0,0,5,2,2,9,5,3,1,1,1,0.6,0.06666666666666667,0.005700256579866667,0.0074120785937999995,0.00410808,0,0,3,1,5,0,1,0,True,0,0,3,1,5,0,1,0,True,0,0,3,1,5,0,1,0,True,0,0,3,1,5,0,1,0,True,0,0,3,1,5,0,1,0,True
DAMIMAS_A21B_0433,train,20,4,4,2,2,2,1,1,14,8,4,0,0,0,0.7,0.0,0.0063872409114499994,0.01050702153630001,0.0019399546875,2,0,1,0,7,-1,0,0,True,2,0,1,0,7,-1,0,0,True,2,0,1,0,7,-1,0,0,True,2,0,1,0,7,-1,0,0,True,2,0,1,0,7,-1,0,0,True
DAMIMAS_A21B_0434,train,24,4,0,0,0,5,2,2,16,9,5,3,3,2,0.6666666666666666,0.125,0.0039104249782916664,0.0068698578906,0.0019060650261,0,0,3,1,8,-1,2,-1,True,0,0,3,1,8,-1,2,-1,True,0,0,3,1,8,-1,2,-1,True,0,0,3,1,8,-1,2,-1,True,0,0,3,1,8,-1,2,-1,True
DAMIMAS_A21B_0435,train,17,4,5,2,2,5,3,2,7,4,3,0,0,0,0.4117647058823529,0.0,0.004619099433235294,0.006343773750000001,0.0030558129688,2,0,3,0,4,0,0,0,True,2,0,3,0,4,0,0,0,True,3,1,3,0,4,0,0,0,True,3,1,3,0,4,0,0,0,True,3,1,3,0,4,0,0,0,True
DAMIMAS_A21B_0436,train,22,4,3,1,1,7,4,3,7,4,2,5,4,2,0.3181818181818182,0.22727272727272727,0.007089335108909091,0.0098159697657,0.0038737679948000004,2,1,4,0,4,0,3,-1,True,2,1,4,0,4,0,3,-1,True,2,1,4,0,4,0,3,-1,True,2,1,4,0,4,0,3,-1,True,2,1,4,0,4,0,3,-1,True
DAMIMAS_A21B_0437,train,27,4,6,3,2,3,3,1,12,8,5,6,5,2,0.4444444444444444,0.2222222222222222,0.0059502557388148155,0.009384775000000007,0.0014993542707999999,3,0,2,-1,7,-1,4,-1,True,3,0,2,-1,6,-2,3,-2,False,3,0,2,-1,6,-2,3,-2,False,3,0,2,-1,6,-2,3,-2,False,3,0,2,-1,6,-2,3,-2,False
DAMIMAS_A21B_0438,val,27,4,0,0,0,0,0,0,14,8,4,13,9,4,0.5185185185185185,0.48148148148148145,0.005030711159333334,0.009149755416600002,0.0016569112500000001,0,0,0,0,7,-1,7,-2,False,0,0,0,0,7,-1,7,-2,False,0,0,0,0,7,-1,7,-2,False,0,0,0,0,7,-1,7,-2,False,0,0,0,0,7,-1,7,-2,False
DAMIMAS_A21B_0439,train,10,4,2,1,1,7,4,3,1,1,1,0,0,0,0.1,0.0,0.0050269454948,0.006910953906399999,0.0035942249999999995,1,0,4,0,1,0,0,0,True,1,0,4,0,1,0,0,0,True,1,0,4,0,1,0,0,0,True,1,0,4,0,1,0,0,0,True,1,0,4,0,1,0,0,0,True
DAMIMAS_A21B_0440,train,23,4,0,0,0,6,4,2,11,8,4,6,4,2,0.4782608695652174,0.2608695652173913,0.006179027139956521,0.008718008541800002,0.0038444222396,0,0,3,-1,6,-2,3,-1,False,0,0,3,-1,6,-2,3,-1,False,0,0,3,-1,6,-2,3,-1,False,0,0,3,-1,6,-2,3,-1,False,0,0,3,-1,6,-2,3,-1,False
DAMIMAS_A21B_0441,train,21,4,2,1,1,6,4,3,11,7,4,2,2,1,0.5238095238095238,0.09523809523809523,0.004279059660190475,0.006339564323,0.0015625125,1,0,3,-1,6,-1,1,-1,True,1,0,3,-1,6,-1,1,-1,True,1,0,3,-1,6,-1,1,-1,True,1,0,3,-1,6,-1,1,-1,True,1,0,3,-1,6,-1,1,-1,True
DAMIMAS_A21B_0442,test,23,4,0,0,0,2,1,1,10,7,4,11,7,3,0.43478260869565216,0.4782608695652174,0.0023727629189130434,0.0037008319792,0.0009078927604,0,0,1,0,5,-2,6,-1,False,0,0,1,0,5,-2,6,-1,False,0,0,1,0,5,-2,6,-1,False,0,0,1,0,5,-2,6,-1,False,0,0,1,0,5,-2,6,-1,False
DAMIMAS_A21B_0443,train,21,4,2,1,1,9,6,4,7,5,2,3,2,1,0.3333333333333333,0.14285714285714285,0.003569682589285714,0.004871402604,0.002199707552,1,0,5,-1,4,-1,2,0,True,1,0,5,-1,4,-1,2,0,True,1,0,5,-1,4,-1,2,0,True,1,0,5,-1,4,-1,2,0,True,1,0,5,-1,4,-1,2,0,True
DAMIMAS_A21B_0444,test,17,4,4,2,2,0,0,0,8,5,3,5,3,2,0.47058823529411764,0.29411764705882354,0.006544219485294119,0.010126499218800001,0.0027099959376,2,0,0,0,4,-1,3,0,True,2,0,0,0,4,-1,3,0,True,2,0,0,0,4,-1,3,0,True,2,0,0,0,4,-1,3,0,True,2,0,0,0,4,-1,3,0,True
DAMIMAS_A21B_0445,train,19,4,5,2,2,2,1,1,7,4,2,5,4,2,0.3684210526315789,0.2631578947368421,0.004132398807578947,0.005999714739600001,0.0016764596876,3,1,1,0,4,0,3,-1,True,3,1,1,0,4,0,3,-1,True,3,1,1,0,4,0,3,-1,True,3,1,1,0,4,0,3,-1,True,3,1,1,0,4,0,3,-1,True
DAMIMAS_A21B_0446,train,19,4,5,2,2,2,1,1,11,7,3,1,1,1,0.5789473684210527,0.05263157894736842,0.0062897093475789475,0.010719444479199999,0.0028654204687999997,3,1,1,0,6,-1,1,0,True,3,1,1,0,6,-1,1,0,True,3,1,1,0,6,-1,1,0,True,3,1,1,0,6,-1,1,0,True,3,1,1,0,6,-1,1,0,True
DAMIMAS_A21B_0447,train,23,4,0,0,0,10,7,3,9,7,3,4,3,1,0.391304347826087,0.17391304347826086,0.003604401120956522,0.0053058676564,0.0023329994792,0,0,5,-2,5,-2,2,-1,False,0,0,5,-2,5,-2,2,-1,False,0,0,5,-2,5,-2,2,-1,False,0,0,5,-2,5,-2,2,-1,False,0,0,5,-2,5,-2,2,-1,False
DAMIMAS_A21B_0448,train,18,4,2,1,1,5,3,2,7,5,3,4,3,2,0.3888888888888889,0.2222222222222222,0.007381123061333335,0.010276601067599998,0.0051875578386,1,0,3,0,4,-1,2,-1,True,1,0,3,0,4,-1,2,-1,True,1,0,3,0,4,-1,2,-1,True,1,0,3,0,4,-1,2,-1,True,1,0,3,0,4,-1,2,-1,True
DAMIMAS_A21B_0449,test,23,4,0,0,0,4,2,2,18,11,6,1,1,1,0.782608695652174,0.043478260869565216,0.002969749275347826,0.0050468925000000005,0.0011878171354,0,0,2,0,9,-2,1,0,False,0,0,2,0,9,-2,1,0,False,0,0,2,0,9,-2,1,0,False,0,0,2,0,9,-2,1,0,False,0,0,2,0,9,-2,1,0,False
DAMIMAS_A21B_0450,train,25,4,3,1,1,1,1,1,10,7,3,11,7,4,0.4,0.44,0.00420898603124,0.006957510781200002,0.0019734827604,2,1,1,0,5,-2,6,-1,False,2,1,1,0,5,-2,6,-1,False,2,1,1,0,5,-2,6,-1,False,2,1,1,0,5,-2,6,-1,False,2,1,1,0,5,-2,6,-1,False
DAMIMAS_A21B_0451,train,17,4,2,1,1,9,4,3,4,3,2,2,1,1,0.23529411764705882,0.11764705882352941,0.005712173284294118,0.007863284427,0.0031526605208,1,0,5,1,2,-1,1,0,True,1,0,5,1,2,-1,1,0,True,1,0,5,1,2,-1,1,0,True,1,0,5,1,2,-1,1,0,True,1,0,5,1,2,-1,1,0,True
DAMIMAS_A21B_0452,train,22,4,8,4,2,1,1,1,4,3,2,9,6,3,0.18181818181818182,0.4090909090909091,0.008912731676136364,0.011817677187500002,0.005370095,4,0,1,0,2,-1,6,0,True,4,0,1,0,2,-1,5,-1,True,4,0,1,0,2,-1,5,-1,True,4,0,1,0,2,-1,5,-1,True,4,0,1,0,2,-1,5,-1,True
DAMIMAS_A21B_0453,train,19,4,4,2,2,2,1,1,10,5,3,3,1,1,0.5263157894736842,0.15789473684210525,0.00608956075931579,0.010039050364599999,0.0025009904686,2,0,1,0,5,0,2,1,True,2,0,1,0,5,0,2,1,True,2,0,1,0,5,0,2,1,True,2,0,1,0,5,0,2,1,True,2,0,1,0,5,0,2,1,True
DAMIMAS_A21B_0454,train,23,4,0,0,0,5,2,2,6,4,3,12,8,4,0.2608695652173913,0.5217391304347826,0.006776986447043479,0.0102603704688,0.0030678509896000005,0,0,3,1,3,-1,7,-1,True,0,0,3,1,3,-1,7,-1,True,0,0,3,1,3,-1,7,-1,True,0,0,3,1,3,-1,6,-2,False,0,0,3,1,3,-1,6,-2,False
DAMIMAS_A21B_0455,val,21,4,0,0,0,11,6,4,8,5,3,2,1,1,0.38095238095238093,0.09523809523809523,0.0052755238715238096,0.007627817448,0.0031209325520000003,0,0,6,0,4,-1,1,0,True,0,0,6,0,4,-1,1,0,True,0,0,6,0,4,-1,1,0,True,0,0,6,0,4,-1,1,0,True,0,0,6,0,4,-1,1,0,True
DAMIMAS_A21B_0456,test,21,4,4,2,1,3,2,2,8,4,3,6,3,2,0.38095238095238093,0.2857142857142857,0.007304352777761904,0.009570310677000001,0.005168498698,2,0,2,0,5,1,4,1,True,2,0,2,0,4,0,3,0,True,2,0,2,0,4,0,3,0,True,2,0,2,0,4,0,3,0,True,2,0,2,0,4,0,3,0,True
DAMIMAS_A21B_0457,train,27,4,4,2,2,5,3,2,13,8,4,5,4,2,0.48148148148148145,0.18518518518518517,0.005865314265037037,0.011429867395800002,0.0027750583332,2,0,3,0,7,-1,3,-1,True,2,0,3,0,7,-1,3,-1,True,2,0,3,0,7,-1,3,-1,True,2,0,3,0,7,-1,3,-1,True,2,0,3,0,7,-1,3,-1,True
DAMIMAS_A21B_0458,train,21,4,0,0,0,6,3,2,10,6,3,5,3,2,0.47619047619047616,0.23809523809523808,0.005635077963809523,0.008707736197999999,0.002954090104,0,0,3,0,5,-1,3,0,True,0,0,3,0,5,-1,3,0,True,0,0,3,0,5,-1,3,0,True,0,0,3,0,5,-1,3,0,True,0,0,3,0,5,-1,3,0,True
DAMIMAS_A21B_0459,train,18,4,7,3,2,7,3,2,4,2,2,0,0,0,0.2222222222222222,0.0,0.004721593749999999,0.0068511058853000005,0.0024932334636,4,1,4,1,2,0,0,0,True,4,1,4,1,2,0,0,0,True,4,1,4,1,2,0,0,0,True,4,1,4,1,2,0,0,0,True,4,1,4,1,2,0,0,0,True
DAMIMAS_A21B_0460,train,26,4,7,4,3,5,3,2,8,4,3,6,4,3,0.3076923076923077,0.23076923076923078,0.0072673319210769215,0.0097860552085,0.0047037765624999995,4,0,3,0,5,1,4,0,True,4,0,3,0,4,0,3,-1,True,4,0,3,0,4,0,3,-1,True,4,0,3,0,4,0,3,-1,True,4,0,3,0,4,0,3,-1,True
DAMIMAS_A21B_0461,val,18,4,0,0,0,5,3,2,13,8,4,0,0,0,0.7222222222222222,0.0,0.0026887106626111105,0.003940453125,0.001592280625,0,0,3,0,7,-1,0,0,True,0,0,3,0,7,-1,0,0,True,0,0,3,0,7,-1,0,0,True,0,0,3,0,7,-1,0,0,True,0,0,3,0,7,-1,0,0,True
DAMIMAS_A21B_0462,train,20,4,6,3,2,0,0,0,11,5,3,3,3,2,0.55,0.15,0.00389575494795,0.006048564843900001,0.0022213403646,3,0,0,0,6,1,2,-1,True,3,0,0,0,6,1,2,-1,True,3,0,0,0,6,1,2,-1,True,3,0,0,0,6,1,2,-1,True,3,0,0,0,6,1,2,-1,True
DAMIMAS_A21B_0463,train,20,4,3,1,1,9,5,3,7,4,3,1,1,1,0.35,0.05,0.0043759763802,0.0075774325782,0.0024751791145000003,2,1,5,0,4,0,1,0,True,2,1,5,0,4,0,1,0,True,2,1,5,0,4,0,1,0,True,2,1,5,0,4,0,1,0,True,2,1,5,0,4,0,1,0,True
DAMIMAS_A21B_0464,train,15,4,5,3,2,3,2,1,4,2,1,3,2,2,0.26666666666666666,0.2,0.0084333955382,0.0118183275,0.0056002495312000005,2,-1,2,0,2,0,2,0,True,2,-1,2,0,2,0,2,0,True,3,0,2,0,2,0,2,0,True,3,0,2,0,2,0,2,0,True,3,0,2,0,2,0,2,0,True
DAMIMAS_A21B_0465,train,13,4,5,2,2,3,1,1,4,3,2,1,1,1,0.3076923076923077,0.07692307692307693,0.006059499318923077,0.0092224454688,0.0017060809376,2,0,2,1,2,-1,1,0,True,2,0,2,1,2,-1,1,0,True,3,1,2,1,2,-1,1,0,True,3,1,2,1,2,-1,1,0,True,3,1,2,1,2,-1,1,0,True
DAMIMAS_A21B_0466,train,11,4,0,0,0,0,0,0,6,4,2,5,3,2,0.5454545454545454,0.45454545454545453,0.003156735961181818,0.004604456249999999,0.001300476823,0,0,0,0,3,-1,3,0,True,0,0,0,0,3,-1,3,0,True,0,0,0,0,3,-1,3,0,True,0,0,0,0,3,-1,3,0,True,0,0,0,0,3,-1,3,0,True
DAMIMAS_A21B_0467,train,17,4,4,2,1,4,3,2,8,5,3,1,1,1,0.47058823529411764,0.058823529411764705,0.004716190410529412,0.0064092073438,0.0032689075000000003,2,0,2,-1,4,-1,1,0,True,2,0,2,-1,4,-1,1,0,True,2,0,2,-1,4,-1,1,0,True,2,0,2,-1,4,-1,1,0,True,2,0,2,-1,4,-1,1,0,True
DAMIMAS_A21B_0468,train,20,4,5,3,2,4,2,2,4,3,2,7,5,2,0.2,0.35,0.0102208594271,0.015117487473799998,0.007096233515700001,3,0,2,0,2,-1,4,-1,True,3,0,2,0,2,-1,4,-1,True,3,0,2,0,2,-1,4,-1,True,3,0,2,0,2,-1,4,-1,True,3,0,2,0,2,-1,4,-1,True
DAMIMAS_A21B_0469,train,21,4,0,0,0,6,3,2,11,7,3,4,3,1,0.5238095238095238,0.19047619047619047,0.005720565501000001,0.009011989323,0.0020507549480000002,0,0,3,0,6,-1,2,-1,True,0,0,3,0,6,-1,2,-1,True,0,0,3,0,6,-1,2,-1,True,0,0,3,0,6,-1,2,-1,True,0,0,3,0,6,-1,2,-1,True
DAMIMAS_A21B_0470,train,22,4,7,3,2,1,1,1,10,5,4,4,2,1,0.45454545454545453,0.18181818181818182,0.003846061541181818,0.006322226145900001,0.0015962672916,4,1,1,0,5,0,2,0,True,4,1,1,0,5,0,2,0,True,4,1,1,0,5,0,2,0,True,4,1,1,0,5,0,2,0,True,4,1,1,0,5,0,2,0,True
DAMIMAS_A21B_0471,val,26,4,4,2,2,8,6,2,10,6,5,4,2,2,0.38461538461538464,0.15384615384615385,0.0054124474960000005,0.009241130338499999,0.00290366875,2,0,5,-1,6,0,3,1,True,2,0,4,-2,5,-1,2,0,False,2,0,4,-2,5,-1,2,0,False,2,0,4,-2,5,-1,2,0,False,2,0,4,-2,5,-1,2,0,False
DAMIMAS_A21B_0472,val,23,4,0,0,0,7,4,2,8,6,3,8,5,3,0.34782608695652173,0.34782608695652173,0.00863160113226087,0.0111591855208,0.005752229479199999,0,0,4,0,4,-2,4,-1,False,0,0,4,0,4,-2,4,-1,False,0,0,4,0,4,-2,4,-1,False,0,0,4,0,4,-2,4,-1,False,0,0,4,0,4,-2,4,-1,False
DAMIMAS_A21B_0473,train,11,4,3,1,1,3,2,1,5,3,2,0,0,0,0.45454545454545453,0.0,0.006328646780272728,0.0094531,0.001948271875,1,0,2,0,3,0,0,0,True,1,0,2,0,3,0,0,0,True,2,1,2,0,3,0,0,0,True,2,1,2,0,3,0,0,0,True,2,1,2,0,3,0,0,0,True
DAMIMAS_A21B_0474,train,21,4,4,2,1,5,3,2,4,2,1,8,5,4,0.19047619047619047,0.38095238095238093,0.003992746490571429,0.00809816875,0.0012890625,2,0,3,0,2,0,5,0,True,2,0,3,0,2,0,4,-1,True,2,0,3,0,2,0,4,-1,True,2,0,3,0,2,0,4,-1,True,2,0,3,0,2,0,4,-1,True
DAMIMAS_A21B_0475,test,20,4,0,0,0,11,7,3,6,4,2,3,2,1,0.3,0.15,0.00501068917965,0.0070409946875,0.0029934754427,0,0,6,-1,3,-1,2,0,True,0,0,6,-1,3,-1,2,0,True,0,0,6,-1,3,-1,2,0,True,0,0,6,-1,3,-1,2,0,True,0,0,6,-1,3,-1,2,0,True
DAMIMAS_A21B_0476,train,17,4,0,0,0,6,4,2,8,5,2,3,2,1,0.47058823529411764,0.17647058823529413,0.009179585937529412,0.0132242850522,0.0039804614062,0,0,3,-1,4,-1,2,0,True,0,0,3,-1,4,-1,2,0,True,0,0,3,-1,4,-1,2,0,True,0,0,3,-1,4,-1,2,0,True,0,0,3,-1,4,-1,2,0,True
DAMIMAS_A21B_0477,val,10,4,0,0,0,0,0,0,10,5,3,0,0,0,1.0,0.0,0.0050072471094,0.008550844374999996,0.0011659985157,0,0,0,0,5,0,0,0,True,0,0,0,0,5,0,0,0,True,0,0,0,0,5,0,0,0,True,0,0,0,0,5,0,0,0,True,0,0,0,0,5,0,0,0,True
DAMIMAS_A21B_0478,train,27,4,6,3,2,4,2,2,6,3,2,11,6,3,0.2222222222222222,0.4074074074074074,0.003710066907777778,0.005811693072800001,0.0019498639062,3,0,2,0,3,0,6,0,True,3,0,2,0,3,0,6,0,True,3,0,2,0,3,0,6,0,True,3,0,2,0,3,0,6,0,True,3,0,2,0,3,0,6,0,True
DAMIMAS_A21B_0479,val,21,4,2,1,1,9,4,3,7,3,3,3,2,1,0.3333333333333333,0.14285714285714285,0.005341909511428571,0.009287867448,0.0025960580729999998,1,0,5,1,4,1,2,0,True,1,0,5,1,4,1,2,0,True,1,0,5,1,4,1,2,0,True,1,0,5,1,4,1,2,0,True,1,0,5,1,4,1,2,0,True
DAMIMAS_A21B_0480,train,24,4,4,2,2,4,2,2,10,5,4,6,4,2,0.4166666666666667,0.25,0.007185846636291665,0.0108315782812,0.0044382075781,2,0,2,0,6,1,4,0,True,2,0,2,0,5,0,3,-1,True,2,0,2,0,5,0,3,-1,True,2,0,2,0,5,0,3,-1,True,2,0,2,0,5,0,3,-1,True
DAMIMAS_A21B_0481,train,13,4,2,1,1,4,2,2,6,3,2,1,1,1,0.46153846153846156,0.07692307692307693,0.0052913468349230774,0.0092089725,0.0023958430208,1,0,2,0,3,0,1,0,True,1,0,2,0,3,0,1,0,True,1,0,2,0,3,0,1,0,True,1,0,2,0,3,0,1,0,True,1,0,2,0,3,0,1,0,True
DAMIMAS_A21B_0482,train,23,4,2,1,1,6,3,2,6,4,2,9,5,4,0.2608695652173913,0.391304347826087,0.0037181561254347817,0.0060192119792,0.0018222575,1,0,3,0,3,-1,5,0,True,1,0,3,0,3,-1,5,0,True,1,0,3,0,3,-1,5,0,True,1,0,3,0,3,-1,5,0,True,1,0,3,0,3,-1,5,0,True
DAMIMAS_A21B_0483,train,20,4,4,2,2,9,5,3,5,3,3,2,2,1,0.25,0.1,0.0051280193229,0.0079032801823,0.0023885915364,2,0,5,0,3,0,1,-1,True,2,0,5,0,3,0,1,-1,True,2,0,5,0,3,0,1,-1,True,2,0,5,0,3,0,1,-1,True,2,0,5,0,3,0,1,-1,True
DAMIMAS_A21B_0484,train,18,4,2,1,1,8,4,3,3,2,2,5,3,2,0.16666666666666666,0.2777777777777778,0.031127154976833334,0.04881530182300001,0.0157634002603,1,0,4,0,2,0,3,0,True,1,0,4,0,2,0,3,0,True,1,0,4,0,2,0,3,0,True,1,0,4,0,2,0,3,0,True,1,0,4,0,2,0,3,0,True
DAMIMAS_A21B_0485,val,20,4,2,1,1,5,2,2,12,6,5,1,1,1,0.6,0.05,0.006304166289050001,0.0172148317186,0.0014460472915999998,1,0,3,1,6,0,1,0,True,1,0,3,1,6,0,1,0,True,1,0,3,1,6,0,1,0,True,1,0,3,1,6,0,1,0,True,1,0,3,1,6,0,1,0,True
DAMIMAS_A21B_0486,train,22,4,3,1,1,3,1,1,7,3,2,9,4,3,0.3181818181818182,0.4090909090909091,0.005114122999499999,0.009988261875000001,0.0016623738281999999,2,1,2,1,4,1,6,2,False,2,1,2,1,4,1,5,1,True,2,1,2,1,4,1,5,1,True,2,1,2,1,4,1,5,1,True,2,1,2,1,4,1,5,1,True
DAMIMAS_A21B_0487,train,20,4,0,0,0,7,3,2,11,5,3,2,1,1,0.55,0.1,0.0055608247265500005,0.0073737718489,0.0032761246875,0,0,4,1,6,1,1,0,True,0,0,4,1,6,1,1,0,True,0,0,4,1,6,1,1,0,True,0,0,4,1,6,1,1,0,True,0,0,4,1,6,1,1,0,True
DAMIMAS_A21B_0488,train,17,4,0,0,0,8,4,3,3,2,1,6,4,2,0.17647058823529413,0.35294117647058826,0.012725083348647059,0.018098939270800002,0.0091661738542,0,0,4,0,2,0,3,-1,True,0,0,4,0,2,0,3,-1,True,0,0,4,0,2,0,3,-1,True,0,0,4,0,2,0,3,-1,True,0,0,4,0,2,0,3,-1,True
DAMIMAS_A21B_0489,val,20,4,0,0,0,0,0,0,17,8,5,3,2,1,0.85,0.15,0.00474792595055,0.008824648697899999,0.0027405905729999997,0,0,0,0,9,1,2,0,True,0,0,0,0,9,1,2,0,True,0,0,0,0,9,1,2,0,True,0,0,0,0,9,1,2,0,True,0,0,0,0,9,1,2,0,True
DAMIMAS_A21B_0490,test,26,4,7,3,2,2,1,1,8,4,3,9,5,4,0.3076923076923077,0.34615384615384615,0.009850158032846152,0.016609297135500002,0.004997545052000001,4,1,1,0,5,1,6,1,True,4,1,1,0,4,0,5,0,True,4,1,1,0,4,0,5,0,True,4,1,1,0,4,0,5,0,True,4,1,1,0,4,0,5,0,True
DAMIMAS_A21B_0491,train,20,4,5,3,3,8,4,2,7,5,2,0,0,0,0.35,0.0,0.008060417877599998,0.0114228222657,0.0055354372136,3,0,5,1,4,-1,0,0,True,3,0,4,0,4,-1,0,0,True,3,0,4,0,4,-1,0,0,True,3,0,4,0,4,-1,0,0,True,3,0,4,0,4,-1,0,0,True
DAMIMAS_A21B_0492,test,19,4,3,2,1,5,3,2,5,4,3,6,4,2,0.2631578947368421,0.3157894736842105,0.01694567920778947,0.026283801927199993,0.010746120000000001,2,0,3,0,3,-1,4,0,True,2,0,3,0,3,-1,3,-1,True,2,0,3,0,3,-1,3,-1,True,2,0,3,0,3,-1,3,-1,True,2,0,3,0,3,-1,3,-1,True
DAMIMAS_A21B_0493,train,19,4,2,1,1,6,3,3,7,4,2,4,2,1,0.3684210526315789,0.21052631578947367,0.007965623752736843,0.0139883092708,0.0035986162499999997,1,0,3,0,4,0,2,0,True,1,0,3,0,4,0,2,0,True,1,0,3,0,4,0,2,0,True,1,0,3,0,4,0,2,0,True,1,0,3,0,4,0,2,0,True
DAMIMAS_A21B_0494,train,25,4,3,2,1,4,2,1,7,5,3,11,8,3,0.28,0.44,0.00841598929168,0.016371445520800006,0.0022797583334,2,0,2,0,4,-1,6,-2,False,2,0,2,0,4,-1,6,-2,False,2,0,2,0,4,-1,6,-2,False,2,0,2,0,4,-1,6,-2,False,2,0,2,0,4,-1,6,-2,False
DAMIMAS_A21B_0495,train,18,4,2,1,1,7,4,2,9,5,3,0,0,0,0.5,0.0,0.009137583188666667,0.012499959375000001,0.0061423340625,1,0,4,0,5,0,0,0,True,1,0,4,0,5,0,0,0,True,1,0,4,0,5,0,0,0,True,1,0,4,0,5,0,0,0,True,1,0,4,0,5,0,0,0,True
DAMIMAS_A21B_0496,train,19,4,3,2,1,6,4,2,3,2,1,7,4,3,0.15789473684210525,0.3684210526315789,0.009275577001105262,0.0137265335936,0.004298165,2,0,3,-1,2,0,4,0,True,2,0,3,-1,2,0,4,0,True,2,0,3,-1,2,0,4,0,True,2,0,3,-1,2,0,4,0,True,2,0,3,-1,2,0,4,0,True
DAMIMAS_A21B_0497,test,26,4,2,1,1,5,4,2,13,9,4,6,4,2,0.5,0.23076923076923078,0.005698868509615386,0.009019733723999999,0.0031685634115,1,0,3,-1,7,-2,3,-1,False,1,0,3,-1,7,-2,3,-1,False,1,0,3,-1,7,-2,3,-1,False,1,0,3,-1,7,-2,3,-1,False,1,0,3,-1,7,-2,3,-1,False
DAMIMAS_A21B_0498,train,28,4,8,4,2,1,1,1,6,4,2,13,8,4,0.21428571428571427,0.4642857142857143,0.005892888048749999,0.011247127083400001,0.0016745473437,4,0,1,0,3,-1,7,-1,True,4,0,1,0,3,-1,7,-1,True,4,0,1,0,3,-1,7,-1,True,4,0,1,0,3,-1,7,-1,True,4,0,1,0,3,-1,7,-1,True
DAMIMAS_A21B_0499,train,23,4,5,2,2,6,3,2,9,5,3,3,2,1,0.391304347826087,0.13043478260869565,0.008630081963347826,0.0129146896354,0.005833952499999999,3,1,3,0,5,0,2,0,True,3,1,3,0,5,0,2,0,True,3,1,3,0,5,0,2,0,True,3,1,3,0,5,0,2,0,True,3,1,3,0,5,0,2,0,True
DAMIMAS_A21B_0500,train,19,4,6,3,2,6,3,2,4,3,2,3,2,1,0.21052631578947367,0.15789473684210525,0.00884744628563158,0.0130078,0.0055929515104000006,3,0,3,0,2,-1,2,0,True,3,0,3,0,2,-1,2,0,True,3,0,3,0,2,-1,2,0,True,3,0,3,0,2,-1,2,0,True,3,0,3,0,2,-1,2,0,True
DAMIMAS_A21B_0501,train,25,4,4,2,1,5,2,2,11,6,4,5,2,2,0.44,0.2,0.0042760811145600005,0.008660851250000002,0.0012651527604000002,2,0,3,1,6,0,3,1,True,2,0,3,1,6,0,3,1,True,2,0,3,1,6,0,3,1,True,2,0,3,1,6,0,3,1,True,2,0,3,1,6,0,3,1,True
DAMIMAS_A21B_0502,train,28,4,0,0,0,7,3,3,10,5,4,11,6,3,0.35714285714285715,0.39285714285714285,0.0038632865141428573,0.0057484073178,0.0020742332031,0,0,4,1,5,0,6,0,True,0,0,4,1,5,0,6,0,True,0,0,4,1,5,0,6,0,True,0,0,4,1,5,0,6,0,True,0,0,4,1,5,0,6,0,True
DAMIMAS_A21B_0503,train,27,4,3,2,1,10,4,4,9,5,3,5,3,2,0.3333333333333333,0.18518518518518517,0.008940672174,0.014137193281200002,0.0048473007291999996,2,0,6,2,5,0,3,0,False,2,0,5,1,5,0,3,0,True,2,0,5,1,5,0,3,0,True,2,0,5,1,5,0,3,0,True,2,0,5,1,5,0,3,0,True
DAMIMAS_A21B_0504,val,22,4,2,1,1,8,4,2,6,3,2,6,3,2,0.2727272727272727,0.2727272727272727,0.014022015802545452,0.023302043437500006,0.005983483229100001,1,0,4,0,3,0,3,0,True,1,0,4,0,3,0,3,0,True,1,0,4,0,3,0,3,0,True,1,0,4,0,3,0,3,0,True,1,0,4,0,3,0,3,0,True
DAMIMAS_A21B_0505,test,21,4,2,1,1,0,0,0,11,6,3,8,5,3,0.5238095238095238,0.38095238095238093,0.008067272557047618,0.013601820573,0.0019775625,1,0,0,0,6,0,4,-1,True,1,0,0,0,6,0,4,-1,True,1,0,0,0,6,0,4,-1,True,1,0,0,0,6,0,4,-1,True,1,0,0,0,6,0,4,-1,True
DAMIMAS_A21B_0506,train,33,4,7,3,2,4,2,2,8,5,2,14,8,4,0.24242424242424243,0.42424242424242425,0.010115314583333335,0.0164671592708,0.0034784975,4,1,2,0,4,-1,9,1,True,4,1,2,0,4,-1,9,1,True,4,1,2,0,4,-1,9,1,True,4,1,2,0,4,-1,8,0,True,4,1,2,0,4,-1,8,0,True
DAMIMAS_A21B_0507,train,17,4,0,0,0,9,5,3,8,4,2,0,0,0,0.47058823529411764,0.0,0.009206256387882352,0.013379720052000001,0.005660964375,0,0,5,0,4,0,0,0,True,0,0,5,0,4,0,0,0,True,0,0,5,0,4,0,0,0,True,0,0,5,0,4,0,0,0,True,0,0,5,0,4,0,0,0,True
DAMIMAS_A21B_0508,train,22,4,1,1,1,11,6,4,8,5,3,2,2,1,0.36363636363636365,0.09090909090909091,0.010194984576181816,0.0117971142968,0.0077348910936,1,0,6,0,4,-1,1,-1,True,1,0,6,0,4,-1,1,-1,True,1,0,6,0,4,-1,1,-1,True,1,0,6,0,4,-1,1,-1,True,1,0,6,0,4,-1,1,-1,True
DAMIMAS_A21B_0509,train,17,4,2,1,1,3,2,1,9,5,3,3,2,1,0.5294117647058824,0.17647058823529413,0.007158495113352942,0.0140111077084,0.00397559125,1,0,2,0,5,0,2,0,True,1,0,2,0,5,0,2,0,True,1,0,2,0,5,0,2,0,True,1,0,2,0,5,0,2,0,True,1,0,2,0,5,0,2,0,True
DAMIMAS_A21B_0510,test,22,4,0,0,0,5,2,2,12,6,4,5,3,2,0.5454545454545454,0.22727272727272727,0.013510956451227274,0.0274746801302,0.0037114434375000002,0,0,3,1,7,1,3,0,True,0,0,3,1,7,1,3,0,True,0,0,3,1,7,1,3,0,True,0,0,3,1,7,1,3,0,True,0,0,3,1,7,1,3,0,True
DAMIMAS_A21B_0511,train,23,4,7,3,3,9,5,3,6,3,3,1,1,1,0.2608695652173913,0.043478260869565216,0.011761849739608697,0.022720730000000005,0.0042891954688,4,1,5,0,3,0,1,0,True,4,1,5,0,3,0,1,0,True,4,1,5,0,3,0,1,0,True,4,1,5,0,3,0,1,0,True,4,1,5,0,3,0,1,0,True
DAMIMAS_A21B_0512,val,25,4,3,1,1,6,3,2,9,5,4,7,4,3,0.36,0.28,0.011328482260400001,0.01689263625,0.0066582217188,2,1,4,1,5,0,4,0,True,2,1,3,0,5,0,4,0,True,2,1,3,0,5,0,4,0,True,2,1,3,0,5,0,4,0,True,2,1,3,0,5,0,4,0,True
DAMIMAS_A21B_0513,train,13,4,0,0,0,2,1,1,11,6,4,0,0,0,0.8461538461538461,0.0,0.008798143850153846,0.0166491369792,0.003922027708199999,0,0,1,0,6,0,0,0,True,0,0,1,0,6,0,0,0,True,0,0,1,0,6,0,0,0,True,0,0,1,0,6,0,0,0,True,0,0,1,0,6,0,0,0,True
DAMIMAS_A21B_0514,train,22,4,0,0,0,0,0,0,15,9,4,7,5,3,0.6818181818181818,0.3181818181818182,0.007777212855090909,0.013733614375000001,0.0034246201302000003,0,0,0,0,8,-1,4,-1,True,0,0,0,0,8,-1,4,-1,True,0,0,0,0,8,-1,4,-1,True,0,0,0,0,8,-1,4,-1,True,0,0,0,0,8,-1,4,-1,True
DAMIMAS_A21B_0515,train,24,4,4,2,2,8,4,2,9,5,3,3,2,1,0.375,0.125,0.009373896289041667,0.0148727634636,0.005506765,2,0,5,1,5,0,2,0,True,2,0,4,0,5,0,2,0,True,2,0,4,0,5,0,2,0,True,2,0,4,0,5,0,2,0,True,2,0,4,0,5,0,2,0,True
DAMIMAS_A21B_0516,val,14,4,2,1,1,4,2,2,4,2,2,4,2,1,0.2857142857142857,0.2857142857142857,0.010434046689000002,0.014159950651100001,0.0066902793228,1,0,2,0,2,0,2,0,True,1,0,2,0,2,0,2,0,True,1,0,2,0,2,0,2,0,True,1,0,2,0,2,0,2,0,True,1,0,2,0,2,0,2,0,True
DAMIMAS_A21B_0517,train,22,4,4,2,2,1,1,1,10,6,4,7,4,2,0.45454545454545453,0.3181818181818182,0.008636258877863635,0.013614254375000003,0.0034729097396,2,0,1,0,5,-1,4,0,True,2,0,1,0,5,-1,4,0,True,2,0,1,0,5,-1,4,0,True,2,0,1,0,5,-1,4,0,True,2,0,1,0,5,-1,4,0,True
DAMIMAS_A21B_0518,val,29,4,2,1,1,4,2,2,13,7,4,10,6,3,0.4482758620689655,0.3448275862068966,0.009719315741724138,0.013748792448,0.005213185885399999,1,0,2,0,7,0,6,0,True,1,0,2,0,7,0,6,0,True,1,0,2,0,7,0,6,0,True,1,0,2,0,7,0,5,-1,True,1,0,2,0,7,0,5,-1,True
DAMIMAS_A21B_0519,test,0,0,0,0,0,0,0,0,0,0,0,0,0,0,0.0,0.0,0.0,0.0,0.0,0,0,0,0,0,0,0,0,True,0,0,0,0,0,0,0,0,True,0,0,0,0,0,0,0,0,True,0,0,0,0,0,0,0,0,True,0,0,0,0,0,0,0,0,True
DAMIMAS_A21B_0520,train,16,4,5,2,2,4,2,2,4,2,1,3,2,1,0.25,0.1875,0.014849597200500001,0.021184128125,0.0075114296875000005,2,0,2,0,2,0,2,0,True,2,0,2,0,2,0,2,0,True,3,1,2,0,2,0,2,0,True,3,1,2,0,2,0,2,0,True,3,1,2,0,2,0,2,0,True
DAMIMAS_A21B_0521,val,17,4,2,1,1,5,3,2,4,2,2,6,3,2,0.23529411764705882,0.35294117647058826,0.009478433946117646,0.0175361779688,0.00238671,1,0,3,0,2,0,3,0,True,1,0,3,0,2,0,3,0,True,1,0,3,0,2,0,3,0,True,1,0,3,0,2,0,3,0,True,1,0,3,0,2,0,3,0,True
DAMIMAS_A21B_0522,train,16,4,0,0,0,8,6,3,5,3,2,3,2,2,0.3125,0.1875,0.007582606722,0.012068703776,0.0037597772135000004,0,0,4,-2,3,0,2,0,False,0,0,4,-2,3,0,2,0,False,0,0,4,-2,3,0,2,0,False,0,0,4,-2,3,0,2,0,False,0,0,4,-2,3,0,2,0,False
DAMIMAS_A21B_0523,train,23,4,4,2,2,12,8,4,5,3,2,2,1,1,0.21739130434782608,0.08695652173913043,0.007162868704695652,0.013590300625,0.0024782066146,2,0,7,-1,3,0,1,0,True,2,0,6,-2,3,0,1,0,False,2,0,6,-2,3,0,1,0,False,2,0,6,-2,3,0,1,0,False,2,0,6,-2,3,0,1,0,False
DAMIMAS_A21B_0524,train,22,4,4,2,2,4,2,2,6,3,2,8,6,4,0.2727272727272727,0.36363636363636365,0.01151518578359091,0.014366347447900003,0.0078992950259,2,0,2,0,3,0,5,-1,True,2,0,2,0,3,0,4,-2,False,2,0,2,0,3,0,4,-2,False,2,0,2,0,3,0,4,-2,False,2,0,2,0,3,0,4,-2,False
DAMIMAS_A21B_0525,test,13,4,2,1,1,3,2,2,8,5,3,0,0,0,0.6153846153846154,0.0,0.008559850060153846,0.0123209052084,0.0038004728646,1,0,2,0,4,-1,0,0,True,1,0,2,0,4,-1,0,0,True,1,0,2,0,4,-1,0,0,True,1,0,2,0,4,-1,0,0,True,1,0,2,0,4,-1,0,0,True
DAMIMAS_A21B_0526,train,21,4,0,0,0,1,1,1,19,10,5,1,1,1,0.9047619047619048,0.047619047619047616,0.007280109499,0.013404850521,0.0032193994789999998,0,0,1,0,10,0,1,0,True,0,0,1,0,10,0,1,0,True,0,0,1,0,10,0,1,0,True,0,0,1,0,10,0,1,0,True,0,0,1,0,10,0,1,0,True
DAMIMAS_A21B_0527,train,15,4,0,0,0,7,4,2,8,5,3,0,0,0,0.5333333333333333,0.0,0.0105342938368,0.0180306267708,0.005063138020800001,0,0,4,0,4,-1,0,0,True,0,0,4,0,4,-1,0,0,True,0,0,4,0,4,-1,0,0,True,0,0,4,0,4,-1,0,0,True,0,0,4,0,4,-1,0,0,True
DAMIMAS_A21B_0528,train,2,2,0,0,0,2,1,1,0,0,0,0,0,0,0.0,0.0,0.0167452178385,0.0170138175261,0.0164766181509,0,0,1,0,0,0,0,0,True,0,0,1,0,0,0,0,0,True,0,0,1,0,0,0,0,0,True,0,0,1,0,0,0,0,0,True,0,0,1,0,0,0,0,0,True
DAMIMAS_A21B_0529,train,17,4,0,0,0,0,0,0,11,7,3,6,3,2,0.6470588235294118,0.35294117647058826,0.011346479856,0.0170108234376,0.0043647340104,0,0,0,0,6,-1,3,0,True,0,0,0,0,6,-1,3,0,True,0,0,0,0,6,-1,3,0,True,0,0,0,0,6,-1,3,0,True,0,0,0,0,6,-1,3,0,True
DAMIMAS_A21B_0530,test,25,4,4,2,1,4,2,1,10,6,3,7,5,3,0.4,0.28,0.00977107322916,0.015018227500000002,0.0056261443228,2,0,2,0,6,0,4,-1,True,2,0,2,0,5,-1,4,-1,True,2,0,2,0,5,-1,4,-1,True,2,0,2,0,5,-1,4,-1,True,2,0,2,0,5,-1,4,-1,True
DAMIMAS_A21B_0531,train,27,4,4,2,2,9,5,3,11,5,3,3,2,1,0.4074074074074074,0.1111111111111111,0.008356303964111113,0.013694022031200005,0.0028474861980000003,2,0,5,0,7,2,2,0,False,2,0,5,0,6,1,2,0,True,2,0,5,0,6,1,2,0,True,2,0,5,0,6,1,2,0,True,2,0,5,0,6,1,2,0,True
DAMIMAS_A21B_0532,train,20,4,5,2,2,3,2,1,10,6,3,2,1,1,0.5,0.1,0.012453193802049999,0.018381765911400005,0.008650372838399999,3,1,2,0,5,-1,1,0,True,3,1,2,0,5,-1,1,0,True,3,1,2,0,5,-1,1,0,True,3,1,2,0,5,-1,1,0,True,3,1,2,0,5,-1,1,0,True
DAMIMAS_A21B_0533,val,22,4,1,1,1,4,2,2,12,7,4,5,3,2,0.5454545454545454,0.22727272727272727,0.00871381247631818,0.014854455000000003,0.0044071941407,1,0,2,0,6,-1,3,0,True,1,0,2,0,6,-1,3,0,True,1,0,2,0,6,-1,3,0,True,1,0,2,0,6,-1,3,0,True,1,0,2,0,6,-1,3,0,True
DAMIMAS_A21B_0534,train,19,4,3,1,1,2,1,1,8,4,3,6,3,2,0.42105263157894735,0.3157894736842105,0.009681421724210526,0.015517596041599998,0.0039547170314,2,1,1,0,4,0,4,1,True,2,1,1,0,4,0,3,0,True,2,1,1,0,4,0,3,0,True,2,1,1,0,4,0,3,0,True,2,1,1,0,4,0,3,0,True
DAMIMAS_A21B_0535,train,19,4,7,3,2,5,3,2,5,3,2,2,1,1,0.2631578947368421,0.10526315789473684,0.009787650781210527,0.015803578593599998,0.0042877792708,4,1,3,0,3,0,1,0,True,4,1,3,0,3,0,1,0,True,4,1,3,0,3,0,1,0,True,4,1,3,0,3,0,1,0,True,4,1,3,0,3,0,1,0,True
DAMIMAS_A21B_0536,test,17,4,4,2,2,3,2,1,6,4,2,4,2,2,0.35294117647058826,0.23529411764705882,0.014534941651352943,0.0218138814584,0.007604789999999999,2,0,2,0,3,-1,2,0,True,2,0,2,0,3,-1,2,0,True,2,0,2,0,3,-1,2,0,True,2,0,2,0,3,-1,2,0,True,2,0,2,0,3,-1,2,0,True
DAMIMAS_A21B_0537,val,17,4,3,1,1,1,1,1,12,6,3,1,1,1,0.7058823529411765,0.058823529411764705,0.008871883716294118,0.0134143472916,0.0044355254166,1,0,1,0,6,0,1,0,True,1,0,1,0,6,0,1,0,True,2,1,1,0,6,0,1,0,True,2,1,1,0,6,0,1,0,True,2,1,1,0,6,0,1,0,True
DAMIMAS_A21B_0538,train,24,4,0,0,0,4,2,2,11,6,4,9,5,3,0.4583333333333333,0.375,0.006898133691416668,0.0128607125,0.0035746015885999996,0,0,2,0,6,0,5,0,True,0,0,2,0,6,0,5,0,True,0,0,2,0,6,0,5,0,True,0,0,2,0,6,0,5,0,True,0,0,2,0,6,0,5,0,True
DAMIMAS_A21B_0539,train,28,4,7,4,2,6,3,2,11,5,3,4,3,1,0.39285714285714285,0.14285714285714285,0.006449028218000002,0.0106870135156,0.0031901368230000003,4,0,4,1,7,2,3,0,False,4,0,3,0,6,1,2,-1,True,4,0,3,0,6,1,2,-1,True,4,0,3,0,6,1,2,-1,True,4,0,3,0,6,1,2,-1,True
DAMIMAS_A21B_0540,train,18,4,7,3,2,0,0,0,6,3,2,5,3,2,0.3333333333333333,0.2777777777777778,0.012588709085666668,0.018509427161400003,0.0056379677344,4,1,0,0,3,0,3,0,True,4,1,0,0,3,0,3,0,True,4,1,0,0,3,0,3,0,True,4,1,0,0,3,0,3,0,True,4,1,0,0,3,0,3,0,True
DAMIMAS_A21B_0541,test,14,4,4,2,1,2,1,1,5,3,2,3,2,2,0.35714285714285715,0.21428571428571427,0.013062930133928568,0.019195335078100003,0.0059469866406,2,0,1,0,3,0,2,0,True,2,0,1,0,3,0,2,0,True,2,0,1,0,3,0,2,0,True,2,0,1,0,3,0,2,0,True,2,0,1,0,3,0,2,0,True
DAMIMAS_A21B_0542,train,25,4,4,2,2,3,2,1,10,5,3,8,4,3,0.4,0.32,0.00635638562496,0.0118759933332,0.0014682620312000002,2,0,2,0,6,1,5,1,True,2,0,2,0,5,0,4,0,True,2,0,2,0,5,0,4,0,True,2,0,2,0,5,0,4,0,True,2,0,2,0,5,0,4,0,True
DAMIMAS_A21B_0543,train,10,4,4,2,2,3,2,1,3,2,1,0,0,0,0.3,0.0,0.0095343405208,0.013772463359299998,0.005950865156399999,2,0,2,0,2,0,0,0,True,2,0,2,0,2,0,0,0,True,2,0,2,0,2,0,0,0,True,2,0,2,0,2,0,0,0,True,2,0,2,0,2,0,0,0,True
DAMIMAS_A21B_0544,train,23,4,4,2,1,6,3,2,4,3,1,9,5,3,0.17391304347826086,0.391304347826087,0.01196596844426087,0.0179680947916,0.0072629877084,2,0,3,0,2,-1,6,1,True,2,0,3,0,2,-1,5,0,True,2,0,3,0,2,-1,5,0,True,2,0,3,0,2,-1,5,0,True,2,0,3,0,2,-1,5,0,True
DAMIMAS_A21B_0545,train,23,4,2,1,1,0,0,0,20,9,6,1,1,1,0.8695652173913043,0.043478260869565216,0.009443898958347826,0.016871115,0.0033294347916,1,0,0,0,11,2,1,0,False,1,0,0,0,11,2,1,0,False,1,0,0,0,11,2,1,0,False,1,0,0,0,11,2,1,0,False,1,0,0,0,11,2,1,0,False
DAMIMAS_A21B_0546,test,28,4,4,2,2,6,4,2,12,7,4,6,4,2,0.42857142857142855,0.21428571428571427,0.00802627697175,0.014787810625,0.0034595372136,2,0,4,0,7,0,4,0,True,2,0,3,-1,6,-1,3,-1,True,2,0,3,-1,6,-1,3,-1,True,2,0,3,-1,6,-1,3,-1,True,2,0,3,-1,6,-1,3,-1,True
DAMIMAS_A21B_0547,val,24,4,2,1,1,11,5,4,11,6,4,0,0,0,0.4583333333333333,0.0,0.011368955696625,0.0159445297917,0.005826400260500001,1,0,6,1,6,0,0,0,True,1,0,6,1,6,0,0,0,True,1,0,6,1,6,0,0,0,True,1,0,6,1,6,0,0,0,True,1,0,6,1,6,0,0,0,True
DAMIMAS_A21B_0548,train,20,4,2,1,1,6,3,2,8,5,2,4,2,1,0.4,0.2,0.016003389401,0.020456549296800006,0.0105456810936,1,0,3,0,4,-1,2,0,True,1,0,3,0,4,-1,2,0,True,1,0,3,0,4,-1,2,0,True,1,0,3,0,4,-1,2,0,True,1,0,3,0,4,-1,2,0,True
DAMIMAS_A21B_0549,train,10,4,2,1,1,0,0,0,8,4,3,0,0,0,0.8,0.0,0.0088725738802,0.013685618750000001,0.0044506708593,1,0,0,0,4,0,0,0,True,1,0,0,0,4,0,0,0,True,1,0,0,0,4,0,0,0,True,1,0,0,0,4,0,0,0,True,1,0,0,0,4,0,0,0,True
DAMIMAS_A21B_0550,val,26,4,4,2,1,10,4,3,5,3,2,7,4,3,0.19230769230769232,0.2692307692307692,0.007280441436307692,0.0124613046875,0.0032568281249999997,2,0,6,2,3,0,4,0,False,2,0,5,1,3,0,4,0,True,2,0,5,1,3,0,4,0,True,2,0,5,1,3,0,4,0,True,2,0,5,1,3,0,4,0,True
DAMIMAS_A21B_0551,test,30,4,5,2,2,7,3,2,14,8,4,4,2,2,0.4666666666666667,0.13333333333333333,0.0116427533941,0.018789955677000005,0.0048787509114,3,1,4,1,8,0,2,0,True,3,1,4,1,8,0,2,0,True,3,1,4,1,8,0,2,0,True,3,1,4,1,7,-1,2,0,True,3,1,4,1,7,-1,2,0,True
DAMIMAS_A21B_0552,train,18,4,6,3,3,7,3,2,4,2,2,1,1,1,0.2222222222222222,0.05555555555555555,0.016886755367444446,0.024077236249999998,0.011229133124999999,3,0,4,1,2,0,1,0,True,3,0,4,1,2,0,1,0,True,3,0,4,1,2,0,1,0,True,3,0,4,1,2,0,1,0,True,3,0,4,1,2,0,1,0,True
DAMIMAS_A21B_0553,train,20,4,3,1,1,4,2,2,9,5,3,4,3,2,0.45,0.2,0.0101040072526,0.017536612552,0.0035200857552,2,1,2,0,5,0,2,-1,True,2,1,2,0,5,0,2,-1,True,2,1,2,0,5,0,2,-1,True,2,1,2,0,5,0,2,-1,True,2,1,2,0,5,0,2,-1,True
DAMIMAS_A21B_0554,test,30,4,4,2,2,5,3,2,12,7,3,9,6,3,0.4,0.3,0.0064313093837,0.0123934408073,0.0024074758592999997,2,0,3,0,7,0,6,0,True,2,0,3,0,6,-1,5,-1,True,2,0,3,0,6,-1,5,-1,True,2,0,3,0,6,-1,5,-1,True,2,0,3,0,6,-1,5,-1,True
DAMIMAS_A21B_0555,train,16,4,0,0,0,7,3,2,6,3,2,3,2,2,0.375,0.1875,0.0129986904296875,0.01837886875,0.006592994401,0,0,4,1,3,0,2,0,True,0,0,4,1,3,0,2,0,True,0,0,4,1,3,0,2,0,True,0,0,4,1,3,0,2,0,True,0,0,4,1,3,0,2,0,True
DAMIMAS_A21B_0556,val,24,4,4,2,2,8,4,3,8,4,3,4,3,1,0.3333333333333333,0.16666666666666666,0.012785313454833332,0.020590022135299996,0.007225129921899999,2,0,5,1,5,1,3,0,True,2,0,4,0,4,0,2,-1,True,2,0,4,0,4,0,2,-1,True,2,0,4,0,4,0,2,-1,True,2,0,4,0,4,0,2,-1,True
DAMIMAS_A21B_0557,val,22,4,3,1,1,2,1,1,11,6,4,6,4,2,0.5,0.2727272727272727,0.008437357398181817,0.018166925078200006,0.0011828625,2,1,1,0,6,0,3,-1,True,2,1,1,0,6,0,3,-1,True,2,1,1,0,6,0,3,-1,True,2,1,1,0,6,0,3,-1,True,2,1,1,0,6,0,3,-1,True
DAMIMAS_A21B_0558,train,23,4,0,0,0,11,4,3,7,4,2,5,3,2,0.30434782608695654,0.21739130434782608,0.007802881567043477,0.01189894,0.0040277119272,0,0,6,2,4,0,3,0,False,0,0,6,2,4,0,3,0,False,0,0,6,2,4,0,3,0,False,0,0,6,2,4,0,3,0,False,0,0,6,2,4,0,3,0,False
DAMIMAS_A21B_0559,train,9,4,0,0,0,0,0,0,0,0,0,9,8,4,0.0,1.0,0.008704319936333332,0.0113479269792,0.0059843716666,0,0,0,0,0,0,5,-3,False,0,0,0,0,0,0,5,-3,False,0,0,0,0,0,0,5,-3,False,0,0,0,0,0,0,5,-3,False,0,0,0,0,0,0,5,-3,False
DAMIMAS_A21B_0560,train,10,4,0,0,0,0,0,0,10,5,3,0,0,0,1.0,0.0,0.0175439398177,0.024904367552099998,0.011724067838600001,0,0,0,0,5,0,0,0,True,0,0,0,0,5,0,0,0,True,0,0,0,0,5,0,0,0,True,0,0,0,0,5,0,0,0,True,0,0,0,0,5,0,0,0,True
DAMIMAS_A21B_0561,train,24,4,2,1,1,4,2,2,14,9,4,4,3,2,0.5833333333333334,0.16666666666666666,0.009837519021291666,0.019610933723899996,0.0025048640366,1,0,2,0,8,-1,2,-1,True,1,0,2,0,8,-1,2,-1,True,1,0,2,0,8,-1,2,-1,True,1,0,2,0,8,-1,2,-1,True,1,0,2,0,8,-1,2,-1,True
DAMIMAS_A21B_0562,val,25,4,2,1,1,9,4,3,8,5,3,6,3,3,0.32,0.24,0.011143490625,0.02814850244800001,0.0030162443230000004,1,0,5,1,4,-1,3,0,True,1,0,5,1,4,-1,3,0,True,1,0,5,1,4,-1,3,0,True,1,0,5,1,4,-1,3,0,True,1,0,5,1,4,-1,3,0,True
DAMIMAS_A21B_0563,test,18,4,5,3,2,6,4,2,7,4,2,0,0,0,0.3888888888888889,0.0,0.012841196788166668,0.023419843489500006,0.0047030943749999995,3,0,3,-1,4,0,0,0,True,3,0,3,-1,4,0,0,0,True,3,0,3,-1,4,0,0,0,True,3,0,3,-1,4,0,0,0,True,3,0,3,-1,4,0,0,0,True
DAMIMAS_A21B_0564,train,21,4,6,4,2,3,2,1,9,6,3,3,2,1,0.42857142857142855,0.14285714285714285,0.015886613603666663,0.022644129948,0.010026128646,3,-1,2,0,5,-1,2,0,True,3,-1,2,0,5,-1,2,0,True,3,-1,2,0,5,-1,2,0,True,3,-1,2,0,5,-1,2,0,True,3,-1,2,0,5,-1,2,0,True
DAMIMAS_A21B_0565,train,19,4,0,0,0,0,0,0,14,8,4,5,4,2,0.7368421052631579,0.2631578947368421,0.013216959978052632,0.021098964583199997,0.00436851,0,0,0,0,8,0,3,-1,True,0,0,0,0,8,0,3,-1,True,0,0,0,0,8,0,3,-1,True,0,0,0,0,8,0,3,-1,True,0,0,0,0,8,0,3,-1,True
DAMIMAS_A21B_0566,train,27,4,0,0,0,13,6,4,10,5,3,4,2,2,0.37037037037037035,0.14814814814814814,0.010545944801296296,0.017842815000000005,0.0053623030208,0,0,7,1,5,0,2,0,True,0,0,7,1,5,0,2,0,True,0,0,7,1,5,0,2,0,True,0,0,7,1,5,0,2,0,True,0,0,7,1,5,0,2,0,True
DAMIMAS_A21B_0567,train,27,4,4,2,2,9,5,4,12,6,3,2,1,1,0.4444444444444444,0.07407407407407407,0.010208807446,0.0165038975,0.006735792448,2,0,5,0,7,1,1,0,True,2,0,5,0,6,0,1,0,True,2,0,5,0,6,0,1,0,True,2,0,5,0,6,0,1,0,True,2,0,5,0,6,0,1,0,True
DAMIMAS_A21B_0568,train,23,4,4,2,2,6,3,3,8,5,3,5,3,2,0.34782608695652173,0.21739130434782608,0.016758636548913044,0.0246442314062,0.0086312214584,2,0,3,0,5,0,3,0,True,2,0,3,0,4,-1,3,0,True,2,0,3,0,4,-1,3,0,True,2,0,3,0,4,-1,3,0,True,2,0,3,0,4,-1,3,0,True
DAMIMAS_A21B_0569,train,24,4,5,2,2,4,2,2,12,7,4,3,2,2,0.5,0.125,0.014801633051208333,0.030651655390599997,0.0038867328906,3,1,2,0,6,-1,2,0,True,3,1,2,0,6,-1,2,0,True,3,1,2,0,6,-1,2,0,True,3,1,2,0,6,-1,2,0,True,3,1,2,0,6,-1,2,0,True
DAMIMAS_A21B_0570,val,22,4,0,0,0,5,3,3,11,7,4,6,3,2,0.5,0.2727272727272727,0.013173079296863639,0.026530723880200006,0.0040056086718,0,0,3,0,6,-1,3,0,True,0,0,3,0,6,-1,3,0,True,0,0,3,0,6,-1,3,0,True,0,0,3,0,6,-1,3,0,True,0,0,3,0,6,-1,3,0,True
DAMIMAS_A21B_0571,train,24,4,6,3,2,7,6,2,9,5,3,2,1,1,0.375,0.08333333333333333,0.017873658333375,0.0293596040364,0.0087650371614,3,0,4,-2,5,0,1,0,False,3,0,4,-2,5,0,1,0,False,3,0,4,-2,5,0,1,0,False,3,0,4,-2,5,0,1,0,False,3,0,4,-2,5,0,1,0,False
DAMIMAS_A21B_0572,train,16,4,4,2,2,6,3,2,4,3,2,2,1,1,0.25,0.125,0.018337188981125,0.028399730599,0.011101088151,2,0,3,0,2,-1,1,0,True,2,0,3,0,2,-1,1,0,True,2,0,3,0,2,-1,1,0,True,2,0,3,0,2,-1,1,0,True,2,0,3,0,2,-1,1,0,True
DAMIMAS_A21B_0573,train,24,4,0,0,0,6,4,2,11,6,3,7,5,2,0.4583333333333333,0.2916666666666667,0.012434119227416668,0.018691738177,0.0048894072395,0,0,3,-1,6,0,4,-1,True,0,0,3,-1,6,0,4,-1,True,0,0,3,-1,6,0,4,-1,True,0,0,3,-1,6,0,4,-1,True,0,0,3,-1,6,0,4,-1,True
DAMIMAS_A21B_0574,train,13,4,0,0,0,1,1,1,8,4,2,4,2,1,0.6153846153846154,0.3076923076923077,0.022577926101769234,0.041934796875000006,0.010683079010399998,0,0,1,0,4,0,2,0,True,0,0,1,0,4,0,2,0,True,0,0,1,0,4,0,2,0,True,0,0,1,0,4,0,2,0,True,0,0,1,0,4,0,2,0,True
DAMIMAS_A21B_0575,train,28,4,6,3,2,8,4,3,11,6,4,3,2,1,0.39285714285714285,0.10714285714285714,0.014160123158464285,0.023570314427,0.004921882031200001,3,0,5,1,7,1,2,0,True,3,0,4,0,6,0,2,0,True,3,0,4,0,6,0,2,0,True,3,0,4,0,6,0,2,0,True,3,0,4,0,6,0,2,0,True
DAMIMAS_A21B_0576,train,25,4,5,3,2,6,4,2,12,6,4,2,1,1,0.48,0.08,0.02241457392708,0.033058585937400006,0.013753187448,3,0,3,-1,6,0,1,0,True,3,0,3,-1,6,0,1,0,True,3,0,3,-1,6,0,1,0,True,3,0,3,-1,6,0,1,0,True,3,0,3,-1,6,0,1,0,True
DAMIMAS_A21B_0577,train,15,4,6,3,2,0,0,0,6,4,2,3,2,1,0.4,0.2,0.015801792534733333,0.026903370520799996,0.005159187500000001,3,0,0,0,3,-1,2,0,True,3,0,0,0,3,-1,2,0,True,3,0,0,0,3,-1,2,0,True,3,0,0,0,3,-1,2,0,True,3,0,0,0,3,-1,2,0,True
DAMIMAS_A21B_0578,test,12,4,2,1,1,8,5,3,2,1,1,0,0,0,0.16666666666666666,0.0,0.010262977343749998,0.016365734531099997,0.004195783125000001,1,0,4,-1,1,0,0,0,True,1,0,4,-1,1,0,0,0,True,1,0,4,-1,1,0,0,0,True,1,0,4,-1,1,0,0,0,True,1,0,4,-1,1,0,0,0,True
DAMIMAS_A21B_0579,train,28,4,10,5,4,6,3,2,10,6,3,2,1,1,0.35714285714285715,0.07142857142857142,0.01108956201635714,0.0216474449739,0.0048062057292,5,0,4,1,6,0,1,0,True,5,0,3,0,5,-1,1,0,True,5,0,3,0,5,-1,1,0,True,5,0,3,0,5,-1,1,0,True,5,0,3,0,5,-1,1,0,True
DAMIMAS_A21B_0580,train,25,4,4,2,2,8,4,3,12,6,3,1,1,1,0.48,0.04,0.024199590281240003,0.030050087604000002,0.014599676458400001,2,0,4,0,6,0,1,0,True,2,0,4,0,6,0,1,0,True,2,0,4,0,6,0,1,0,True,2,0,4,0,6,0,1,0,True,2,0,4,0,6,0,1,0,True
DAMIMAS_A21B_0581,train,20,4,2,1,1,5,3,2,9,5,3,4,2,2,0.45,0.2,0.015615198919300003,0.02809835500000002,0.0044303993750000005,1,0,3,0,5,0,2,0,True,1,0,3,0,5,0,2,0,True,1,0,3,0,5,0,2,0,True,1,0,3,0,5,0,2,0,True,1,0,3,0,5,0,2,0,True
DAMIMAS_A21B_0582,train,26,4,4,2,1,10,6,3,9,5,3,3,2,2,0.34615384615384615,0.11538461538461539,0.013352032502,0.0201880053385,0.004489746875000001,2,0,6,0,5,0,2,0,True,2,0,5,-1,5,0,2,0,True,2,0,5,-1,5,0,2,0,True,2,0,5,-1,5,0,2,0,True,2,0,5,-1,5,0,2,0,True
DAMIMAS_A21B_0583,train,6,4,2,1,1,4,2,1,0,0,0,0,0,0,0.0,0.0,0.021415523741333334,0.030175857161499998,0.01516930625,1,0,2,0,0,0,0,0,True,1,0,2,0,0,0,0,0,True,1,0,2,0,0,0,0,0,True,1,0,2,0,0,0,0,0,True,1,0,2,0,0,0,0,0,True
DAMIMAS_A21B_0584,train,19,4,2,1,1,6,3,2,10,5,3,1,1,1,0.5263157894736842,0.05263157894736842,0.015219212595947364,0.022814074375,0.008935390416599999,1,0,3,0,5,0,1,0,True,1,0,3,0,5,0,1,0,True,1,0,3,0,5,0,1,0,True,1,0,3,0,5,0,1,0,True,1,0,3,0,5,0,1,0,True
DAMIMAS_A21B_0585,train,21,4,4,2,2,4,2,2,7,4,2,6,3,2,0.3333333333333333,0.2857142857142857,0.01586285249257143,0.025429774999999998,0.006088821875,2,0,2,0,4,0,4,1,True,2,0,2,0,4,0,3,0,True,2,0,2,0,4,0,3,0,True,2,0,2,0,4,0,3,0,True,2,0,2,0,4,0,3,0,True
DAMIMAS_A21B_0586,val,15,4,0,0,0,6,3,2,5,4,2,4,2,2,0.3333333333333333,0.26666666666666666,0.020811382083333333,0.0323989580208,0.007911095,0,0,3,0,3,-1,2,0,True,0,0,3,0,3,-1,2,0,True,0,0,3,0,3,-1,2,0,True,0,0,3,0,3,-1,2,0,True,0,0,3,0,3,-1,2,0,True
DAMIMAS_A21B_0587,train,5,4,5,3,2,0,0,0,0,0,0,0,0,0,0.0,0.0,0.0229594226042,0.0292045292188,0.0175699227084,2,-1,0,0,0,0,0,0,True,2,-1,0,0,0,0,0,0,True,3,0,0,0,0,0,0,0,True,3,0,0,0,0,0,0,0,True,3,0,0,0,0,0,0,0,True
DAMIMAS_A21B_0588,train,21,4,6,4,2,6,3,2,6,3,2,3,2,1,0.2857142857142857,0.14285714285714285,0.019035082031238097,0.02364750625,0.012899642448,3,-1,3,0,3,0,2,0,True,3,-1,3,0,3,0,2,0,True,3,-1,3,0,3,0,2,0,True,3,-1,3,0,3,0,2,0,True,3,-1,3,0,3,0,2,0,True
DAMIMAS_A21B_0589,train,25,4,2,1,1,4,2,2,17,10,5,2,1,1,0.68,0.08,0.018669151520839998,0.031171490468800002,0.0053251894792,1,0,2,0,9,-1,1,0,True,1,0,2,0,9,-1,1,0,True,1,0,2,0,9,-1,1,0,True,1,0,2,0,9,-1,1,0,True,1,0,2,0,9,-1,1,0,True
DAMIMAS_A21B_0590,train,23,4,8,4,2,4,2,1,6,4,2,5,4,2,0.2608695652173913,0.21739130434782608,0.01165654989808696,0.023139479166600002,0.0040937278646,4,0,2,0,3,-1,3,-1,True,4,0,2,0,3,-1,3,-1,True,4,0,2,0,3,-1,3,-1,True,4,0,2,0,3,-1,3,-1,True,4,0,2,0,3,-1,3,-1,True
DAMIMAS_A21B_0591,test,23,4,4,2,1,9,5,3,9,5,3,1,1,1,0.391304347826087,0.043478260869565216,0.018890588360478258,0.033528656770800004,0.0096852603124,2,0,5,0,5,0,1,0,True,2,0,5,0,5,0,1,0,True,2,0,5,0,5,0,1,0,True,2,0,5,0,5,0,1,0,True,2,0,5,0,5,0,1,0,True
DAMIMAS_A21B_0592,train,14,4,2,1,1,2,1,1,10,6,3,0,0,0,0.7142857142857143,0.0,0.026290253162214283,0.033090459453100005,0.0148692347397,1,0,1,0,5,-1,0,0,True,1,0,1,0,5,-1,0,0,True,1,0,1,0,5,-1,0,0,True,1,0,1,0,5,-1,0,0,True,1,0,1,0,5,-1,0,0,True
DAMIMAS_A21B_0593,val,5,4,0,0,0,0,0,0,2,1,1,3,2,2,0.4,0.6,0.012673541614599998,0.0223298209376,0.0040397526042,0,0,0,0,1,0,2,0,True,0,0,0,0,1,0,2,0,True,0,0,0,0,1,0,2,0,True,0,0,0,0,1,0,2,0,True,0,0,0,0,1,0,2,0,True
DAMIMAS_A21B_0594,train,25,4,7,4,2,8,5,2,6,3,2,4,3,2,0.24,0.16,0.01835527857292,0.037867668125000004,0.0063261877084,4,0,5,0,4,1,3,0,True,4,0,4,-1,3,0,2,-1,True,4,0,4,-1,3,0,2,-1,True,4,0,4,-1,3,0,2,-1,True,4,0,4,-1,3,0,2,-1,True
DAMIMAS_A21B_0595,val,24,4,5,3,2,8,4,2,11,6,3,0,0,0,0.4583333333333333,0.0,0.023298300119375,0.0380425857812,0.0109683344272,3,0,5,1,6,0,0,0,True,3,0,5,1,6,0,0,0,True,3,0,5,1,6,0,0,0,True,3,0,5,1,6,0,0,0,True,3,0,5,1,6,0,0,0,True
DAMIMAS_A21B_0596,train,23,4,0,0,0,4,2,1,14,8,4,5,4,2,0.6086956521739131,0.21739130434782608,0.03023447971013044,0.0583389665104,0.0107408885416,0,0,2,0,8,0,3,-1,True,0,0,2,0,8,0,3,-1,True,0,0,2,0,8,0,3,-1,True,0,0,2,0,8,0,3,-1,True,0,0,2,0,8,0,3,-1,True
DAMIMAS_A21B_0597,train,15,4,0,0,0,0,0,0,15,8,4,0,0,0,1.0,0.0,0.04048471647566666,0.07902398203120001,0.01412499875,0,0,0,0,8,0,0,0,True,0,0,0,0,8,0,0,0,True,0,0,0,0,8,0,0,0,True,0,0,0,0,8,0,0,0,True,0,0,0,0,8,0,0,0,True
DAMIMAS_A21B_0598,train,19,4,2,1,1,6,3,2,9,5,3,2,1,1,0.47368421052631576,0.10526315789473684,0.026850118516947366,0.04322271177079999,0.0117832130208,1,0,3,0,5,0,1,0,True,1,0,3,0,5,0,1,0,True,1,0,4,1,5,0,1,0,True,1,0,4,1,5,0,1,0,True,1,0,4,1,5,0,1,0,True
DAMIMAS_A21B_0599,train,24,4,6,3,2,6,4,2,10,6,4,2,2,1,0.4166666666666667,0.08333333333333333,0.02414583381075,0.039455503437500004,0.0107551228645,3,0,4,0,6,0,1,-1,True,3,0,3,-1,6,0,1,-1,True,3,0,3,-1,6,0,1,-1,True,3,0,3,-1,6,0,1,-1,True,3,0,3,-1,6,0,1,-1,True
DAMIMAS_A21B_0600,train,28,4,5,3,2,4,2,1,12,7,4,7,4,3,0.42857142857142855,0.25,0.027433161532749998,0.0468552732552,0.009321807187500001,3,0,2,0,7,0,5,1,True,3,0,2,0,7,0,4,0,True,3,0,2,0,7,0,4,0,True,3,0,2,0,7,0,4,0,True,3,0,2,0,7,0,4,0,True
DAMIMAS_A21B_0601,test,11,4,0,0,0,0,0,0,10,5,3,1,1,1,0.9090909090909091,0.09090909090909091,0.020366267211181822,0.035035698698,0.00609375,0,0,0,0,5,0,1,0,True,0,0,0,0,5,0,1,0,True,0,0,0,0,6,1,1,0,True,0,0,0,0,6,1,1,0,True,0,0,0,0,6,1,1,0,True
DAMIMAS_A21B_0602,train,26,4,7,4,2,7,4,2,8,5,3,4,3,1,0.3076923076923077,0.15384615384615385,0.014966716366192307,0.0270539859375,0.004658202213500001,4,0,4,0,5,0,3,0,True,4,0,4,0,4,-1,2,-1,True,4,0,4,0,4,-1,2,-1,True,4,0,4,0,4,-1,2,-1,True,4,0,4,0,4,-1,2,-1,True
DAMIMAS_A21B_0603,train,18,4,4,2,1,7,4,2,6,3,2,1,1,1,0.3333333333333333,0.05555555555555555,0.018606379166666666,0.026332650937500004,0.0084423241147,2,0,4,0,3,0,1,0,True,2,0,4,0,3,0,1,0,True,2,0,4,0,3,0,0,-1,True,2,0,4,0,3,0,0,-1,True,2,0,4,0,3,0,1,0,True
DAMIMAS_A21B_0604,train,12,4,0,0,0,6,3,2,4,2,2,2,1,1,0.3333333333333333,0.16666666666666666,0.01852734431425,0.028963950703199997,0.006912370312500001,0,0,3,0,2,0,1,0,True,0,0,3,0,2,0,1,0,True,0,0,3,0,2,0,1,0,True,0,0,3,0,2,0,1,0,True,0,0,3,0,2,0,1,0,True
DAMIMAS_A21B_0605,train,21,4,3,2,2,4,2,2,10,6,3,4,3,2,0.47619047619047616,0.19047619047619047,0.031103541790666673,0.05458984375,0.0155859,2,0,2,0,6,0,2,-1,True,2,0,2,0,6,0,2,-1,True,2,0,2,0,6,0,2,-1,True,2,0,2,0,6,0,2,-1,True,2,0,2,0,6,0,2,-1,True
DAMIMAS_A21B_0606,train,22,4,1,1,1,7,5,3,7,4,3,7,4,3,0.3181818181818182,0.3181818181818182,0.028839512322500004,0.04678718062500001,0.0142761748178,1,0,4,-1,4,0,4,0,True,1,0,4,-1,4,0,4,0,True,1,0,4,-1,4,0,4,0,True,1,0,4,-1,4,0,4,0,True,1,0,4,-1,4,0,4,0,True
DAMIMAS_A21B_0607,train,25,4,8,4,3,8,4,3,7,4,2,2,1,1,0.28,0.08,0.029396636572920003,0.05181126604160001,0.013471288958400003,4,0,5,1,4,0,1,0,True,4,0,5,1,4,0,1,0,True,5,1,5,1,4,0,1,0,True,5,1,5,1,4,0,1,0,True,5,1,5,1,4,0,1,0,True
DAMIMAS_A21B_0608,train,22,4,0,0,0,3,2,1,14,8,4,5,3,2,0.6363636363636364,0.22727272727272727,0.018151353267045457,0.03577875984360002,0.0042879606512,0,0,2,0,8,0,3,0,True,0,0,2,0,8,0,3,0,True,0,0,2,0,8,0,3,0,True,0,0,2,0,8,0,3,0,True,0,0,2,0,8,0,3,0,True
DAMIMAS_A21B_0609,val,19,4,2,1,1,4,2,2,8,5,3,5,3,2,0.42105263157894735,0.2631578947368421,0.02520324174889474,0.050275724479199986,0.006768196978999999,1,0,2,0,4,-1,3,0,True,1,0,2,0,4,-1,3,0,True,1,0,2,0,5,0,3,0,True,1,0,2,0,5,0,3,0,True,1,0,2,0,5,0,3,0,True
DAMIMAS_A21B_0610,train,20,4,0,0,0,11,6,4,6,4,2,3,2,1,0.3,0.15,0.029997656367199997,0.05628462348960001,0.010023282239600001,0,0,6,0,3,-1,2,0,True,0,0,6,0,3,-1,2,0,True,0,0,6,0,3,-1,2,0,True,0,0,6,0,3,-1,2,0,True,0,0,6,0,3,-1,2,0,True
DAMIMAS_A21B_0611,train,20,4,0,0,0,11,6,3,9,5,3,0,0,0,0.45,0.0,0.0184974083854,0.02573440875,0.010563321927100001,0,0,6,0,5,0,0,0,True,0,0,6,0,5,0,0,0,True,0,0,6,0,5,0,0,0,True,0,0,6,0,5,0,0,0,True,0,0,6,0,5,0,0,0,True
DAMIMAS_A21B_0612,val,14,4,0,0,0,1,1,1,13,8,4,0,0,0,0.9285714285714286,0.0,0.02677777682292857,0.03813495255220001,0.0125774042188,0,0,1,0,7,-1,0,0,True,0,0,1,0,7,-1,0,0,True,0,0,1,0,7,-1,0,0,True,0,0,1,0,7,-1,0,0,True,0,0,1,0,7,-1,0,0,True
DAMIMAS_A21B_0613,train,10,4,0,0,0,2,1,1,6,4,2,2,1,1,0.6,0.2,0.022477802499999998,0.035836571953199996,0.0105218642709,0,0,1,0,3,-1,1,0,True,0,0,1,0,3,-1,1,0,True,0,0,1,0,3,-1,1,0,True,0,0,1,0,3,-1,1,0,True,0,0,1,0,3,-1,1,0,True
DAMIMAS_A21B_0614,val,25,4,3,2,1,10,5,3,7,5,3,5,4,2,0.28,0.2,0.024967231229160003,0.038732522187599996,0.011850898125,2,0,6,1,4,-1,3,-1,True,2,0,6,1,4,-1,3,-1,True,2,0,6,1,4,-1,3,-1,True,2,0,6,1,4,-1,3,-1,True,2,0,6,1,4,-1,3,-1,True
DAMIMAS_A21B_0615,train,22,4,5,3,2,10,5,3,6,3,2,1,1,1,0.2727272727272727,0.045454545454545456,0.018629553811545452,0.032476740781400004,0.0064632498178,3,0,6,1,3,0,1,0,True,3,0,6,1,3,0,1,0,True,3,0,6,1,3,0,1,0,True,3,0,6,1,3,0,1,0,True,3,0,6,1,3,0,1,0,True
DAMIMAS_A21B_0616,test,22,4,4,2,1,4,2,1,9,5,3,5,4,2,0.4090909090909091,0.22727272727272727,0.027545712997181816,0.058468783073000026,0.0087052665104,2,0,2,0,5,0,3,-1,True,2,0,2,0,5,0,3,-1,True,2,0,2,0,5,0,3,-1,True,2,0,2,0,5,0,3,-1,True,2,0,2,0,5,0,3,-1,True
DAMIMAS_A21B_0617,train,21,4,5,3,2,5,3,2,9,5,3,2,1,1,0.42857142857142855,0.09523809523809523,0.02845360482390476,0.056503837499999994,0.007366523177,3,0,3,0,5,0,1,0,True,3,0,3,0,5,0,1,0,True,3,0,3,0,5,0,1,0,True,3,0,3,0,5,0,1,0,True,3,0,3,0,5,0,1,0,True
DAMIMAS_A21B_0618,test,17,4,6,3,2,6,4,2,4,2,1,1,1,1,0.23529411764705882,0.058823529411764705,0.02572768246017647,0.036435475,0.0148053857292,3,0,3,-1,2,0,1,0,True,3,0,3,-1,2,0,1,0,True,3,0,3,-1,2,0,1,0,True,3,0,3,-1,2,0,1,0,True,3,0,3,-1,2,0,1,0,True
DAMIMAS_A21B_0619,train,26,4,11,6,4,5,4,2,10,6,3,0,0,0,0.38461538461538464,0.0,0.018362556310115383,0.031038796875,0.007993583724,6,0,3,-1,6,0,0,0,True,6,0,3,-1,5,-1,0,0,True,6,0,3,-1,5,-1,0,0,True,6,0,3,-1,5,-1,0,0,True,6,0,3,-1,5,-1,0,0,True
DAMIMAS_A21B_0620,train,25,4,4,2,2,2,1,1,16,9,5,3,2,1,0.64,0.12,0.018152833781280003,0.0287679744792,0.0071529432292,2,0,1,0,9,0,2,0,True,2,0,1,0,9,0,2,0,True,2,0,1,0,9,0,2,0,True,2,0,1,0,9,0,2,0,True,2,0,1,0,9,0,2,0,True
DAMIMAS_A21B_0621,train,27,4,5,3,2,6,3,2,13,8,4,3,2,2,0.48148148148148145,0.1111111111111111,0.016008850241148148,0.032255063698000006,0.0041360560416,3,0,3,0,7,-1,2,0,True,3,0,3,0,7,-1,2,0,True,3,0,3,0,7,-1,2,0,True,3,0,3,0,7,-1,2,0,True,3,0,3,0,7,-1,2,0,True
DAMIMAS_A21B_0622,train,24,4,4,2,1,10,6,3,6,3,2,4,2,2,0.25,0.16666666666666666,0.010641212055124999,0.019249996796899996,0.0034287185937000005,2,0,6,0,3,0,3,1,True,2,0,5,-1,3,0,2,0,True,2,0,5,-1,3,0,2,0,True,2,0,5,-1,3,0,2,0,True,2,0,5,-1,3,0,2,0,True
DAMIMAS_A21B_0623,train,23,4,4,2,2,9,5,3,10,5,3,0,0,0,0.43478260869565216,0.0,0.019319775543478256,0.0326805798438,0.0094867429168,2,0,5,0,6,1,0,0,True,2,0,5,0,5,0,0,0,True,2,0,5,0,5,0,0,0,True,2,0,5,0,5,0,0,0,True,2,0,5,0,5,0,0,0,True
DAMIMAS_A21B_0624,train,23,4,6,3,2,1,1,1,12,8,4,4,2,2,0.5217391304347826,0.17391304347826086,0.018064904245913043,0.0377009489584,0.005897176458399999,3,0,1,0,6,-2,2,0,False,3,0,1,0,6,-2,2,0,False,3,0,1,0,6,-2,2,0,False,3,0,1,0,6,-2,2,0,False,3,0,1,0,6,-2,2,0,False
DAMIMAS_A21B_0625,train,27,4,0,0,0,5,3,2,16,9,5,6,3,2,0.5925925925925926,0.2222222222222222,0.016523977459518516,0.031673767968800004,0.0029132263541999997,0,0,3,0,9,0,3,0,True,0,0,3,0,9,0,3,0,True,0,0,3,0,9,0,3,0,True,0,0,3,0,9,0,3,0,True,0,0,3,0,9,0,3,0,True
DAMIMAS_A21B_0626,train,25,4,2,1,1,8,4,2,7,4,2,8,5,3,0.28,0.32,0.01863698953124,0.03815060307300001,0.005386038229199999,1,0,5,1,4,0,4,-1,True,1,0,5,1,4,0,4,-1,True,1,0,5,1,4,0,4,-1,True,1,0,5,1,4,0,4,-1,True,1,0,5,1,4,0,4,-1,True
DAMIMAS_A21B_0627,train,17,4,3,2,2,7,4,3,7,4,2,0,0,0,0.4117647058823529,0.0,0.022562861550235295,0.04290681625,0.0076546503646,1,-1,4,0,4,0,0,0,True,2,0,4,0,4,0,0,0,True,2,0,4,0,4,0,0,0,True,2,0,4,0,4,0,0,0,True,2,0,4,0,4,0,0,0,True
DAMIMAS_A21B_0628,train,22,4,0,0,0,4,2,1,12,7,4,6,3,2,0.5454545454545454,0.2727272727272727,0.018446152817227276,0.03501213877620001,0.006159200625,0,0,2,0,7,0,3,0,True,0,0,2,0,7,0,3,0,True,0,0,2,0,7,0,3,0,True,0,0,2,0,7,0,3,0,True,0,0,2,0,7,0,3,0,True
DAMIMAS_A21B_0629,train,18,4,4,2,1,0,0,0,12,6,4,2,1,1,0.6666666666666666,0.1111111111111111,0.03108690452833333,0.05811487125000001,0.007717018125000001,2,0,0,0,7,1,1,0,True,2,0,0,0,7,1,1,0,True,2,0,0,0,7,1,1,0,True,2,0,0,0,7,1,1,0,True,2,0,0,0,7,1,1,0,True
DAMIMAS_A21B_0630,train,23,4,2,1,1,9,5,3,6,3,2,6,3,2,0.2608695652173913,0.2608695652173913,0.023361038451086957,0.0376993545312,0.010422235,1,0,5,0,3,0,3,0,True,1,0,5,0,3,0,3,0,True,1,0,5,0,3,0,3,0,True,1,0,5,0,3,0,3,0,True,1,0,5,0,3,0,3,0,True
DAMIMAS_A21B_0631,train,10,4,0,0,0,5,3,2,5,3,2,0,0,0,0.5,0.0,0.015481910234399997,0.020861528437500002,0.0100478736198,0,0,3,0,3,0,0,0,True,0,0,3,0,3,0,0,0,True,0,0,3,0,3,0,0,0,True,0,0,3,0,3,0,0,0,True,0,0,3,0,3,0,0,0,True
DAMIMAS_A21B_0632,train,34,4,6,3,2,7,4,3,15,10,5,6,4,2,0.4411764705882353,0.17647058823529413,0.02276418331802941,0.043982407499999994,0.0068068940625,3,0,4,0,10,0,4,0,True,3,0,4,0,9,-1,3,-1,True,3,0,4,0,9,-1,3,-1,True,3,0,4,0,8,-2,3,-1,False,3,0,4,0,8,-2,3,-1,False
DAMIMAS_A21B_0633,test,4,3,0,0,0,0,0,0,4,2,2,0,0,0,1.0,0.0,0.02345333300775,0.0348507501042,0.0143482062759,0,0,0,0,2,0,0,0,True,0,0,0,0,2,0,0,0,True,0,0,0,0,2,0,0,0,True,0,0,0,0,2,0,0,0,True,0,0,0,0,2,0,0,0,True
DAMIMAS_A21B_0634,train,29,4,7,4,2,10,5,3,6,4,2,6,3,2,0.20689655172413793,0.20689655172413793,0.019939475457965514,0.036346500416599994,0.0090514191666,4,0,6,1,4,0,4,1,True,4,0,6,1,3,-1,3,0,True,4,0,6,1,3,-1,3,0,True,4,0,6,1,3,-1,3,0,True,4,0,6,1,3,-1,3,0,True
DAMIMAS_A21B_0635,train,29,4,6,3,2,11,7,3,7,5,3,5,3,2,0.2413793103448276,0.1724137931034483,0.022304573940379303,0.04007022,0.011394514583199998,3,0,7,0,4,-1,3,0,True,3,0,6,-1,4,-1,3,0,True,3,0,6,-1,4,-1,3,0,True,3,0,6,-1,4,-1,3,0,True,3,0,6,-1,4,-1,3,0,True
DAMIMAS_A21B_0636,test,19,4,0,0,0,2,1,1,13,7,4,4,3,2,0.6842105263157895,0.21052631578947367,0.03448209152957895,0.056508516875,0.0131227091146,0,0,1,0,7,0,2,-1,True,0,0,1,0,7,0,2,-1,True,0,0,1,0,8,1,2,-1,True,0,0,1,0,8,1,2,-1,True,0,0,1,0,8,1,2,-1,True
DAMIMAS_A21B_0637,train,8,4,3,2,1,0,0,0,3,2,1,2,1,1,0.375,0.25,0.021524367350249998,0.0349439465625,0.0087649602603,1,-1,0,0,2,0,1,0,True,1,-1,0,0,2,0,1,0,True,2,0,0,0,2,0,1,0,True,2,0,0,0,2,0,1,0,True,2,0,0,0,2,0,1,0,True
DAMIMAS_A21B_0638,train,21,4,7,4,2,6,3,2,6,4,2,2,1,1,0.2857142857142857,0.09523809523809523,0.023548375992047614,0.043883399999999996,0.007929739323,4,0,3,0,3,-1,1,0,True,4,0,3,0,3,-1,1,0,True,4,0,3,0,3,-1,1,0,True,4,0,3,0,3,-1,1,0,True,4,0,3,0,3,-1,1,0,True
DAMIMAS_A21B_0639,train,24,4,4,2,1,2,1,1,17,10,5,1,1,1,0.7083333333333334,0.041666666666666664,0.022443558973541666,0.04057604867189999,0.010323269817700001,2,0,1,0,9,-1,1,0,True,2,0,1,0,9,-1,1,0,True,2,0,1,0,9,-1,1,0,True,2,0,1,0,9,-1,1,0,True,2,0,1,0,9,-1,1,0,True
DAMIMAS_A21B_0640,test,25,4,2,1,1,5,3,2,14,7,4,4,3,2,0.56,0.16,0.023316108489600005,0.041414736875,0.0064306481250000005,1,0,3,0,8,1,2,-1,True,1,0,3,0,8,1,2,-1,True,1,0,3,0,8,1,2,-1,True,1,0,3,0,8,1,2,-1,True,1,0,3,0,8,1,2,-1,True
DAMIMAS_A21B_0641,train,26,4,6,3,2,5,3,2,9,5,3,6,4,2,0.34615384615384615,0.23076923076923078,0.03266972131407692,0.056900709375,0.011810286588500002,3,0,3,0,5,0,4,0,True,3,0,3,0,5,0,3,-1,True,3,0,3,0,5,0,3,-1,True,3,0,3,0,5,0,3,-1,True,3,0,3,0,5,0,3,-1,True
DAMIMAS_A21B_0642,test,14,4,2,1,1,2,1,1,6,3,3,4,3,2,0.42857142857142855,0.2857142857142857,0.04481861800592857,0.07720608859370001,0.020846004765599998,1,0,1,0,3,0,2,-1,True,1,0,1,0,3,0,2,-1,True,1,0,1,0,3,0,2,-1,True,1,0,1,0,3,0,2,-1,True,1,0,1,0,3,0,2,-1,True
DAMIMAS_A21B_0643,test,0,0,0,0,0,0,0,0,0,0,0,0,0,0,0.0,0.0,0.0,0.0,0.0,0,0,0,0,0,0,0,0,True,0,0,0,0,0,0,0,0,True,0,0,0,0,0,0,0,0,True,0,0,0,0,0,0,0,0,True,0,0,0,0,0,0,0,0,True
DAMIMAS_A21B_0644,train,23,4,0,0,0,3,2,1,14,7,4,6,3,2,0.6086956521739131,0.2608695652173913,0.03445948920969565,0.0490721179168,0.0135732433854,0,0,2,0,8,1,3,0,True,0,0,2,0,8,1,3,0,True,0,0,2,0,8,1,3,0,True,0,0,2,0,8,1,3,0,True,0,0,2,0,8,1,3,0,True
DAMIMAS_A21B_0645,train,13,4,0,0,0,0,0,0,10,5,3,3,2,1,0.7692307692307693,0.23076923076923078,0.029231883793999998,0.045838556979,0.0088547730208,0,0,0,0,5,0,2,0,True,0,0,0,0,5,0,2,0,True,0,0,0,0,6,1,2,0,True,0,0,0,0,6,1,2,0,True,0,0,0,0,6,1,2,0,True
DAMIMAS_A21B_0646,train,19,4,0,0,0,7,4,3,9,5,3,3,2,1,0.47368421052631576,0.15789473684210525,0.028727848451210528,0.042577801406399995,0.0111922266666,0,0,4,0,5,0,2,0,True,0,0,4,0,5,0,2,0,True,0,0,4,0,5,0,2,0,True,0,0,4,0,5,0,2,0,True,0,0,4,0,5,0,2,0,True
DAMIMAS_A21B_0647,train,19,4,0,0,0,7,4,3,12,7,4,0,0,0,0.631578947368421,0.0,0.030799887417736843,0.045031227864599996,0.012828105,0,0,4,0,7,0,0,0,True,0,0,4,0,7,0,0,0,True,0,0,4,0,7,0,0,0,True,0,0,4,0,7,0,0,0,True,0,0,4,0,7,0,0,0,True
DAMIMAS_A21B_0648,train,19,4,0,0,0,0,0,0,13,8,4,6,3,2,0.6842105263157895,0.3157894736842105,0.01755248041394737,0.033364734374999996,0.0065524144792,0,0,0,0,7,-1,3,0,True,0,0,0,0,7,-1,3,0,True,0,0,0,0,7,-1,3,0,True,0,0,0,0,7,-1,3,0,True,0,0,0,0,7,-1,3,0,True
DAMIMAS_A21B_0649,val,21,4,0,0,0,2,1,1,14,9,4,5,3,2,0.6666666666666666,0.23809523809523808,0.030007409213761903,0.057462545052,0.0062255625,0,0,1,0,8,-1,3,0,True,0,0,1,0,8,-1,3,0,True,0,0,1,0,8,-1,3,0,True,0,0,1,0,8,-1,3,0,True,0,0,1,0,8,-1,3,0,True
DAMIMAS_A21B_0650,train,20,4,4,2,1,3,2,1,9,6,4,4,3,2,0.45,0.2,0.007637315234350001,0.011551600807200003,0.0026703834375,2,0,2,0,5,-1,2,-1,True,2,0,2,0,5,-1,2,-1,True,2,0,2,0,5,-1,2,-1,True,2,0,2,0,5,-1,2,-1,True,2,0,2,0,5,-1,2,-1,True
DAMIMAS_A21B_0651,val,23,4,4,2,2,3,2,2,9,5,3,7,4,2,0.391304347826087,0.30434782608695654,0.011797256578347829,0.0185172827604,0.00658526375,2,0,2,0,5,0,4,0,True,2,0,2,0,5,0,4,0,True,2,0,2,0,5,0,4,0,True,2,0,2,0,5,0,4,0,True,2,0,2,0,5,0,4,0,True
DAMIMAS_A21B_0652,val,19,4,4,2,1,5,3,3,8,4,3,2,2,1,0.42105263157894735,0.10526315789473684,0.014540675205578949,0.0214906997396,0.0092688741666,2,0,3,0,4,0,1,-1,True,2,0,3,0,4,0,1,-1,True,2,0,3,0,4,0,1,-1,True,2,0,3,0,4,0,1,-1,True,2,0,3,0,4,0,1,-1,True
DAMIMAS_A21B_0653,train,20,4,4,2,2,2,1,1,9,6,3,5,3,2,0.45,0.25,0.01323986691405,0.022970623046800004,0.0068536823698,2,0,1,0,5,-1,3,0,True,2,0,1,0,5,-1,3,0,True,2,0,1,0,5,-1,3,0,True,2,0,1,0,5,-1,3,0,True,2,0,1,0,5,-1,3,0,True
DAMIMAS_A21B_0654,test,27,4,6,3,2,9,6,3,6,3,3,6,4,3,0.2222222222222222,0.2222222222222222,0.012969624864962963,0.021963922500000004,0.0047786125,3,0,5,-1,4,1,4,0,True,3,0,5,-1,3,0,3,-1,True,3,0,5,-1,3,0,3,-1,True,3,0,5,-1,3,0,3,-1,True,3,0,5,-1,3,0,3,-1,True
DAMIMAS_A21B_0655,train,20,4,4,2,1,2,1,1,11,7,3,3,2,1,0.55,0.15,0.01235629239585,0.021694054062500006,0.0062049992968000005,2,0,1,0,6,-1,2,0,True,2,0,1,0,6,-1,2,0,True,2,0,1,0,6,-1,2,0,True,2,0,1,0,6,-1,2,0,True,2,0,1,0,6,-1,2,0,True
DAMIMAS_A21B_0656,train,25,4,4,2,2,0,0,0,15,9,5,6,5,2,0.6,0.24,0.01595462433332,0.0322006945312,0.005871095000000001,2,0,0,0,8,-1,3,-2,False,2,0,0,0,8,-1,3,-2,False,2,0,0,0,8,-1,3,-2,False,2,0,0,0,8,-1,3,-2,False,2,0,0,0,8,-1,3,-2,False
DAMIMAS_A21B_0657,test,27,4,2,1,1,4,2,2,13,7,4,8,5,3,0.48148148148148145,0.2962962962962963,0.020375982465259252,0.03575017822920002,0.0073434294792,1,0,2,0,7,0,4,-1,True,1,0,2,0,7,0,4,-1,True,1,0,2,0,7,0,4,-1,True,1,0,2,0,7,0,4,-1,True,1,0,2,0,7,0,4,-1,True
DAMIMAS_A21B_0658,test,11,4,2,1,1,3,2,1,4,3,2,2,1,1,0.36363636363636365,0.18181818181818182,0.014208774597545454,0.023766263801999997,0.00416994375,1,0,2,0,2,-1,1,0,True,1,0,2,0,2,-1,1,0,True,1,0,2,0,2,-1,1,0,True,1,0,2,0,2,-1,1,0,True,1,0,2,0,2,-1,1,0,True
DAMIMAS_A21B_0659,train,22,4,2,1,1,2,1,1,15,8,4,3,2,2,0.6818181818181818,0.13636363636363635,0.010551109304,0.015484919271,0.0057459061457,1,0,1,0,8,0,2,0,True,1,0,1,0,8,0,2,0,True,1,0,1,0,8,0,2,0,True,1,0,1,0,8,0,2,0,True,1,0,1,0,8,0,2,0,True
DAMIMAS_A21B_0660,train,17,4,0,0,0,3,2,1,9,5,3,5,3,2,0.5294117647058824,0.29411764705882354,0.010381487775705883,0.017812524583200002,0.003016935,0,0,2,0,5,0,3,0,True,0,0,2,0,5,0,3,0,True,0,0,2,0,5,0,3,0,True,0,0,2,0,5,0,3,0,True,0,0,2,0,5,0,3,0,True
DAMIMAS_A21B_0661,train,23,4,2,1,1,4,2,2,13,8,4,4,3,1,0.5652173913043478,0.17391304347826086,0.014420687534,0.021178534531200003,0.006304721250000001,1,0,2,0,7,-1,2,-1,True,1,0,2,0,7,-1,2,-1,True,1,0,2,0,7,-1,2,-1,True,1,0,2,0,7,-1,2,-1,True,1,0,2,0,7,-1,2,-1,True
DAMIMAS_A21B_0662,val,5,4,0,0,0,0,0,0,1,1,1,4,2,1,0.2,0.8,0.0078322104166,0.011402691354,0.004939481250000001,0,0,0,0,1,0,2,0,True,0,0,0,0,1,0,2,0,True,0,0,0,0,1,0,2,0,True,0,0,0,0,1,0,2,0,True,0,0,0,0,1,0,2,0,True
DAMIMAS_A21B_0663,val,24,4,0,0,0,3,2,1,15,9,4,6,3,2,0.625,0.25,0.011222205436208332,0.018546531875,0.0069098980208,0,0,2,0,8,-1,3,0,True,0,0,2,0,8,-1,3,0,True,0,0,2,0,8,-1,3,0,True,0,0,2,0,8,-1,3,0,True,0,0,2,0,8,-1,3,0,True
DAMIMAS_A21B_0664,train,28,4,2,1,1,4,2,1,17,9,5,5,3,2,0.6071428571428571,0.17857142857142858,0.013217096316964288,0.021308573437500002,0.0035675454688,1,0,2,0,9,0,3,0,True,1,0,2,0,9,0,3,0,True,1,0,2,0,9,0,3,0,True,1,0,2,0,9,0,3,0,True,1,0,2,0,9,0,3,0,True
DAMIMAS_A21B_0665,train,24,4,6,3,2,5,3,2,11,6,4,2,1,1,0.4583333333333333,0.08333333333333333,0.008563673643708332,0.0167133746094,0.0032406436718999997,3,0,3,0,6,0,1,0,True,3,0,3,0,6,0,1,0,True,3,0,3,0,6,0,1,0,True,3,0,3,0,6,0,1,0,True,3,0,3,0,6,0,1,0,True
DAMIMAS_A21B_0666,train,12,4,0,0,0,0,0,0,7,4,3,5,3,2,0.5833333333333334,0.4166666666666667,0.0049093263455,0.0100451286198,0.001434792448,0,0,0,0,4,0,3,0,True,0,0,0,0,4,0,3,0,True,0,0,0,0,4,0,3,0,True,0,0,0,0,4,0,3,0,True,0,0,0,0,4,0,3,0,True
DAMIMAS_A21B_0667,train,19,4,4,2,2,2,1,1,9,6,3,4,2,2,0.47368421052631576,0.21052631578947367,0.01143429455868421,0.0207956294792,0.0050812110416,2,0,1,0,5,-1,2,0,True,2,0,1,0,5,-1,2,0,True,2,0,1,0,5,-1,2,0,True,2,0,1,0,5,-1,2,0,True,2,0,1,0,5,-1,2,0,True
DAMIMAS_A21B_0668,train,27,4,4,2,2,2,1,1,12,7,4,9,5,4,0.4444444444444444,0.3333333333333333,0.010284416820962964,0.020189366510400004,0.0034096426042,2,0,1,0,7,0,6,1,True,2,0,1,0,6,-1,5,0,True,2,0,1,0,6,-1,5,0,True,2,0,1,0,6,-1,5,0,True,2,0,1,0,6,-1,5,0,True
DAMIMAS_A21B_0669,train,29,4,5,3,2,2,1,1,18,9,5,4,3,1,0.6206896551724138,0.13793103448275862,0.012881171021896553,0.0260820385416,0.0035478435416000003,3,0,1,0,10,1,2,-1,True,3,0,1,0,10,1,2,-1,True,3,0,1,0,10,1,2,-1,True,3,0,1,0,10,1,2,-1,True,3,0,1,0,10,1,2,-1,True
DAMIMAS_A21B_0670,train,18,4,1,1,1,5,3,2,4,2,2,8,5,2,0.2222222222222222,0.4444444444444444,0.021494995688666665,0.0439424146875,0.004921868020800001,1,0,3,0,2,0,4,-1,True,1,0,3,0,2,0,4,-1,True,1,0,3,0,2,0,4,-1,True,1,0,3,0,2,0,4,-1,True,1,0,3,0,2,0,4,-1,True
DAMIMAS_A21B_0671,train,23,4,2,1,1,2,1,1,14,8,4,5,3,2,0.6086956521739131,0.21739130434782608,0.0273297521286087,0.0441289197916,0.014796725781199999,1,0,1,0,8,0,3,0,True,1,0,1,0,8,0,3,0,True,1,0,1,0,8,0,3,0,True,1,0,1,0,8,0,3,0,True,1,0,1,0,8,0,3,0,True
DAMIMAS_A21B_0672,test,24,4,2,1,1,3,2,1,11,6,3,8,4,2,0.4583333333333333,0.3333333333333333,0.01893525499133333,0.03131343481769999,0.007739938541600001,1,0,2,0,6,0,4,0,True,1,0,2,0,6,0,4,0,True,1,0,2,0,6,0,4,0,True,1,0,2,0,6,0,4,0,True,1,0,2,0,6,0,4,0,True
DAMIMAS_A21B_0673,train,23,4,4,2,1,2,1,1,14,7,4,3,2,1,0.6086956521739131,0.13043478260869565,0.021638088609608697,0.0404594463022,0.006489963177200001,2,0,1,0,8,1,2,0,True,2,0,1,0,8,1,2,0,True,2,0,1,0,8,1,2,0,True,2,0,1,0,8,1,2,0,True,2,0,1,0,8,1,2,0,True
DAMIMAS_A21B_0674,test,17,4,3,2,1,4,2,2,7,4,3,3,2,1,0.4117647058823529,0.17647058823529413,0.015700846277588235,0.025028892968800003,0.006678217031200001,1,-1,2,0,4,0,2,0,True,1,-1,2,0,4,0,2,0,True,2,0,2,0,4,0,2,0,True,2,0,2,0,4,0,2,0,True,2,0,2,0,4,0,2,0,True
DAMIMAS_A21B_0675,train,26,4,2,1,1,4,2,2,10,5,3,10,5,3,0.38461538461538464,0.38461538461538464,0.023689388080923076,0.043637377474000004,0.010323479687499998,1,0,2,0,6,1,6,1,True,1,0,2,0,6,1,6,1,True,1,0,2,0,6,1,6,1,True,1,0,2,0,6,1,6,1,True,1,0,2,0,6,1,6,1,True
DAMIMAS_A21B_0676,train,26,4,2,1,1,6,3,2,9,6,3,9,5,3,0.34615384615384615,0.34615384615384615,0.01925021904046154,0.033857108723999996,0.004680217448,1,0,3,0,5,-1,5,0,True,1,0,3,0,5,-1,5,0,True,1,0,3,0,5,-1,5,0,True,1,0,3,0,5,-1,5,0,True,1,0,3,0,5,-1,5,0,True
DAMIMAS_A21B_0677,train,26,4,4,2,1,4,2,2,9,5,3,9,5,3,0.34615384615384615,0.34615384615384615,0.02236803125,0.0447525421875,0.004919434375,2,0,2,0,5,0,6,1,True,2,0,2,0,5,0,5,0,True,2,0,2,0,5,0,5,0,True,2,0,2,0,5,0,5,0,True,2,0,2,0,5,0,5,0,True
DAMIMAS_A21B_0678,test,20,4,2,1,1,7,4,2,7,4,2,4,2,2,0.35,0.2,0.032935325950500006,0.06147248093750003,0.009166340885399998,1,0,4,0,4,0,2,0,True,1,0,4,0,4,0,2,0,True,1,0,4,0,4,0,2,0,True,1,0,4,0,4,0,2,0,True,1,0,4,0,4,0,2,0,True
DAMIMAS_A21B_0679,train,27,4,0,0,0,8,4,2,14,7,4,5,3,2,0.5185185185185185,0.18518518518518517,0.03114735014466667,0.05685978098960001,0.016575327968800003,0,0,5,1,8,1,3,0,True,0,0,5,1,8,1,3,0,True,0,0,5,1,8,1,3,0,True,0,0,5,1,8,1,3,0,True,0,0,5,1,8,1,3,0,True
DAMIMAS_A21B_0680,train,30,4,0,0,0,5,3,2,20,11,5,5,3,2,0.6666666666666666,0.16666666666666666,0.026274195260399997,0.039683343046800004,0.010037540130200001,0,0,3,0,11,0,3,0,True,0,0,3,0,11,0,3,0,True,0,0,3,0,11,0,3,0,True,0,0,3,0,11,0,3,0,True,0,0,3,0,11,0,3,0,True
DAMIMAS_A21B_0681,train,28,4,4,2,1,2,1,1,17,10,6,5,4,2,0.6071428571428571,0.17857142857142858,0.02872462134485714,0.0482654578647,0.0084875521614,2,0,1,0,10,0,3,-1,True,2,0,1,0,10,0,3,-1,True,2,0,1,0,10,0,3,-1,True,2,0,1,0,10,0,3,-1,True,2,0,1,0,10,0,3,-1,True
DAMIMAS_A21B_0682,val,25,4,6,3,2,4,2,2,5,3,2,10,5,3,0.2,0.4,0.022907387718759997,0.040511133489600004,0.007970685781199999,3,0,2,0,3,0,6,1,True,3,0,2,0,3,0,6,1,True,3,0,2,0,3,0,6,1,True,3,0,2,0,3,0,6,1,True,3,0,2,0,3,0,6,1,True
DAMIMAS_A21B_0683,val,29,4,4,2,1,4,2,1,12,7,3,9,5,3,0.41379310344827586,0.3103448275862069,0.035334900161620685,0.0580988607292,0.017128906250000003,2,0,2,0,7,0,6,1,True,2,0,2,0,7,0,5,0,True,2,0,2,0,7,0,5,0,True,2,0,2,0,7,0,5,0,True,2,0,2,0,7,0,5,0,True
DAMIMAS_A21B_0684,val,27,4,2,1,1,3,2,1,18,10,6,4,2,2,0.6666666666666666,0.14814814814814814,0.02558181365740741,0.05240554447920001,0.006447922291599999,1,0,2,0,10,0,2,0,True,1,0,2,0,10,0,2,0,True,1,0,2,0,10,0,2,0,True,1,0,2,0,10,0,2,0,True,1,0,2,0,10,0,2,0,True
DAMIMAS_A21B_0685,train,24,4,4,2,2,1,1,1,11,6,3,8,4,2,0.4583333333333333,0.3333333333333333,0.02291761553820833,0.0418033809116,0.006638823723900001,2,0,1,0,6,0,4,0,True,2,0,1,0,6,0,4,0,True,2,0,1,0,6,0,4,0,True,2,0,1,0,6,0,4,0,True,2,0,1,0,6,0,4,0,True
DAMIMAS_A21B_0686,train,24,4,6,3,2,4,2,1,10,6,3,4,2,1,0.4166666666666667,0.16666666666666666,0.023206544498708334,0.0359398947656,0.006751610338600001,3,0,2,0,6,0,3,1,True,3,0,2,0,6,0,2,0,True,4,1,2,0,6,0,2,0,True,4,1,2,0,6,0,2,0,True,4,1,2,0,6,0,2,0,True
DAMIMAS_A21B_0687,test,20,4,0,0,0,5,3,2,11,7,3,4,3,1,0.55,0.2,0.03900250101565,0.06186684437500001,0.016005449427,0,0,3,0,6,-1,2,-1,True,0,0,3,0,6,-1,2,-1,True,0,0,3,0,6,-1,2,-1,True,0,0,3,0,6,-1,2,-1,True,0,0,3,0,6,-1,2,-1,True
DAMIMAS_A21B_0688,train,24,4,3,2,1,2,1,1,14,8,4,5,4,2,0.5833333333333334,0.20833333333333334,0.036590086827250005,0.0615517337239,0.011329061979200004,2,0,1,0,8,0,3,-1,True,2,0,1,0,8,0,3,-1,True,2,0,1,0,8,0,3,-1,True,2,0,1,0,8,0,3,-1,True,2,0,1,0,8,0,3,-1,True
DAMIMAS_A21B_0689,train,24,4,0,0,0,8,4,3,9,5,3,7,5,2,0.375,0.2916666666666667,0.02385580047741667,0.044174754375,0.0068674881250000005,0,0,5,1,5,0,4,-1,True,0,0,5,1,5,0,4,-1,True,0,0,5,1,5,0,4,-1,True,0,0,5,1,5,0,4,-1,True,0,0,5,1,5,0,4,-1,True
DAMIMAS_A21B_0690,train,16,4,2,1,1,2,1,1,4,2,2,8,4,3,0.25,0.5,0.020798244108062497,0.0325830059895,0.007741712499999999,1,0,1,0,2,0,5,1,True,1,0,1,0,2,0,5,1,True,1,0,1,0,2,0,5,1,True,1,0,1,0,2,0,5,1,True,1,0,1,0,2,0,5,1,True
DAMIMAS_A21B_0691,train,20,4,0,0,0,4,2,1,12,7,4,4,3,2,0.6,0.2,0.027160900260400005,0.035360917864500005,0.014718750234299999,0,0,2,0,7,0,2,-1,True,0,0,2,0,7,0,2,-1,True,0,0,2,0,7,0,2,-1,True,0,0,2,0,7,0,2,-1,True,0,0,2,0,7,0,2,-1,True
DAMIMAS_A21B_0692,train,17,4,2,1,1,3,2,1,10,5,3,2,1,1,0.5882352941176471,0.11764705882352941,0.04228863177082353,0.0857566513542,0.0200400680208,1,0,2,0,6,1,1,0,True,1,0,2,0,6,1,1,0,True,1,0,2,0,6,1,1,0,True,1,0,2,0,6,1,1,0,True,1,0,2,0,6,1,1,0,True
DAMIMAS_A21B_0693,train,26,4,2,1,1,3,2,1,16,9,5,5,3,2,0.6153846153846154,0.19230769230769232,0.028150642397846152,0.0485321815105,0.0085416127605,1,0,2,0,9,0,3,0,True,1,0,2,0,9,0,3,0,True,1,0,2,0,9,0,3,0,True,1,0,2,0,9,0,3,0,True,1,0,2,0,9,0,3,0,True
DAMIMAS_A21B_0694,train,14,4,3,2,1,0,0,0,11,6,3,0,0,0,0.7857142857142857,0.0,0.014688233463571428,0.027418375807200003,0.0034902498438000003,1,-1,0,0,6,0,0,0,True,1,-1,0,0,6,0,0,0,True,2,0,0,0,6,0,0,0,True,2,0,0,0,6,0,0,0,True,2,0,0,0,6,0,0,0,True
DAMIMAS_A21B_0695,train,23,4,3,2,1,4,2,1,10,6,3,6,4,2,0.43478260869565216,0.2608695652173913,0.02580687798913044,0.0362573715104,0.013355422708399999,2,0,2,0,6,0,4,0,True,2,0,2,0,6,0,3,-1,True,2,0,2,0,6,0,3,-1,True,2,0,2,0,6,0,3,-1,True,2,0,2,0,6,0,3,-1,True
DAMIMAS_A21B_0696,train,21,4,0,0,0,2,1,1,14,7,4,5,3,2,0.6666666666666666,0.23809523809523808,0.022764971788190473,0.041284207552,0.0088542,0,0,1,0,8,1,3,0,True,0,0,1,0,8,1,3,0,True,0,0,1,0,8,1,3,0,True,0,0,1,0,8,1,3,0,True,0,0,1,0,8,1,3,0,True
DAMIMAS_A21B_0697,val,24,4,2,1,1,2,1,1,14,7,5,6,3,2,0.5833333333333334,0.25,0.019329577918833333,0.034080657343799996,0.0033033753906,1,0,1,0,8,1,3,0,True,1,0,1,0,8,1,3,0,True,1,0,1,0,8,1,3,0,True,1,0,1,0,8,1,3,0,True,1,0,1,0,8,1,3,0,True
DAMIMAS_A21B_0698,train,21,4,5,3,2,0,0,0,10,5,3,6,4,2,0.47619047619047616,0.2857142857142857,0.017941469779285717,0.038557990103999996,0.005471983854,3,0,0,0,6,1,3,-1,True,3,0,0,0,6,1,3,-1,True,3,0,0,0,6,1,3,-1,True,3,0,0,0,6,1,3,-1,True,3,0,0,0,6,1,3,-1,True
DAMIMAS_A21B_0699,train,19,4,0,0,0,3,2,1,9,5,3,7,5,2,0.47368421052631576,0.3684210526315789,0.027672055975894738,0.0459337309896,0.011738229999999999,0,0,2,0,5,0,4,-1,True,0,0,2,0,5,0,4,-1,True,0,0,2,0,5,0,4,-1,True,0,0,2,0,5,0,4,-1,True,0,0,2,0,5,0,4,-1,True
DAMIMAS_A21B_0700,train,20,4,6,3,2,4,2,2,5,3,2,5,3,2,0.25,0.25,0.026363438437499997,0.04753929679680001,0.0107911207032,3,0,2,0,3,0,3,0,True,3,0,2,0,3,0,3,0,True,3,0,2,0,3,0,3,0,True,3,0,2,0,3,0,3,0,True,3,0,2,0,3,0,3,0,True
DAMIMAS_A21B_0701,train,27,4,2,1,1,4,2,2,17,9,5,4,2,2,0.6296296296296297,0.14814814814814814,0.024859037962962963,0.0415664032812,0.011060529999999999,1,0,2,0,10,1,2,0,True,1,0,2,0,10,1,2,0,True,1,0,2,0,10,1,2,0,True,1,0,2,0,10,1,2,0,True,1,0,2,0,10,1,2,0,True
DAMIMAS_A21B_0702,train,18,4,2,1,1,0,0,0,12,5,4,4,2,2,0.6666666666666666,0.2222222222222222,0.020017350173611108,0.032041937812500004,0.0103140664583,1,0,0,0,7,2,2,0,False,1,0,0,0,7,2,2,0,False,1,0,0,0,7,2,2,0,False,1,0,0,0,7,2,2,0,False,1,0,0,0,7,2,2,0,False
DAMIMAS_A21B_0703,val,23,4,4,2,2,4,2,2,14,8,5,1,1,1,0.6086956521739131,0.043478260869565216,0.046072049467869566,0.0637944379168,0.029076755208399998,2,0,2,0,8,0,1,0,True,2,0,2,0,8,0,1,0,True,2,0,2,0,8,0,1,0,True,2,0,2,0,8,0,1,0,True,2,0,2,0,8,0,1,0,True
DAMIMAS_A21B_0704,unknown,26,4,0,0,0,6,3,3,13,6,5,7,4,3,0.5,0.2692307692307692,0.026183740554884618,0.048152701562500004,0.009229736328000001,0,0,3,0,8,2,4,0,False,0,0,4,1,7,1,4,0,True,0,0,4,1,7,1,4,0,True,0,0,4,1,7,1,4,0,True,0,0,4,1,7,1,4,0,True
DAMIMAS_A21B_0705,train,26,4,4,2,1,4,2,1,13,7,4,5,3,2,0.5,0.19230769230769232,0.026388816015615386,0.041413628125000004,0.007382407552,2,0,2,0,7,0,3,0,True,2,0,2,0,7,0,3,0,True,2,0,2,0,7,0,3,0,True,2,0,2,0,7,0,3,0,True,2,0,2,0,7,0,3,0,True
DAMIMAS_A21B_0706,test,24,4,6,3,2,0,0,0,10,5,3,8,4,3,0.4166666666666667,0.3333333333333333,0.021751163324625,0.0400632284114,0.009566772369799999,3,0,0,0,6,1,5,1,True,3,0,0,0,6,1,5,1,True,4,1,0,0,6,1,5,1,True,4,1,0,0,6,1,5,1,True,4,1,0,0,6,1,5,1,True
DAMIMAS_A21B_0707,train,26,4,0,0,0,4,2,1,19,10,5,3,2,1,0.7307692307692307,0.11538461538461539,0.03525186630611538,0.0650041727865,0.0138696459635,0,0,2,0,11,1,2,0,True,0,0,2,0,11,1,2,0,True,0,0,2,0,11,1,2,0,True,0,0,2,0,11,1,2,0,True,0,0,2,0,11,1,2,0,True
DAMIMAS_A21B_0708,val,28,4,3,1,1,3,2,1,15,7,4,7,4,2,0.5357142857142857,0.25,0.03663565867746428,0.068118263125,0.0084129693228,2,1,2,0,9,2,4,0,False,2,1,2,0,9,2,4,0,False,2,1,2,0,9,2,4,0,False,2,1,2,0,9,2,4,0,False,2,1,2,0,9,2,4,0,False
DAMIMAS_A21B_0709,train,27,4,6,3,2,4,2,2,10,6,3,7,4,2,0.37037037037037035,0.25925925925925924,0.030313764747296298,0.0538717597916,0.0116074135416,3,0,2,0,6,0,5,1,True,3,0,2,0,6,0,4,0,True,4,1,2,0,6,0,4,0,True,4,1,2,0,6,0,4,0,True,4,1,2,0,6,0,4,0,True
DAMIMAS_A21B_0710,train,25,4,6,3,2,5,2,2,10,5,3,4,2,2,0.4,0.16,0.02636391258336,0.044730627552,0.0100579194792,3,0,3,1,6,1,3,1,True,3,0,3,1,6,1,2,0,True,3,0,3,1,6,1,2,0,True,3,0,3,1,6,1,2,0,True,3,0,3,1,6,1,2,0,True
DAMIMAS_A21B_0711,train,23,4,4,2,1,5,2,2,10,6,4,4,2,1,0.43478260869565216,0.17391304347826086,0.026674551166217395,0.042575228750000006,0.01062890625,2,0,3,1,6,0,3,1,True,2,0,3,1,5,-1,2,0,True,2,0,3,1,5,-1,2,0,True,2,0,3,1,5,-1,2,0,True,2,0,3,1,5,-1,2,0,True
DAMIMAS_A21B_0712,test,24,4,2,1,1,4,2,1,15,7,5,3,2,1,0.625,0.125,0.025606495659708333,0.0442899875,0.0107724518489,1,0,2,0,8,1,2,0,True,1,0,2,0,8,1,2,0,True,1,0,2,0,8,1,2,0,True,1,0,2,0,8,1,2,0,True,1,0,2,0,8,1,2,0,True
DAMIMAS_A21B_0713,test,19,4,2,1,1,4,2,2,10,5,3,3,2,1,0.5263157894736842,0.15789473684210525,0.030760411718736846,0.0558866264584,0.00495896625,1,0,2,0,6,1,2,0,True,1,0,2,0,6,1,2,0,True,1,0,2,0,6,1,2,0,True,1,0,2,0,6,1,2,0,True,1,0,2,0,6,1,2,0,True
DAMIMAS_A21B_0714,train,26,4,0,0,0,6,3,2,10,5,4,10,6,4,0.38461538461538464,0.38461538461538464,0.012972691586538463,0.019754605077999997,0.005144430598999999,0,0,3,0,6,1,6,0,True,0,0,3,0,6,1,6,0,True,0,0,3,0,6,1,6,0,True,0,0,3,0,6,1,6,0,True,0,0,3,0,6,1,6,0,True
DAMIMAS_A21B_0715,train,26,4,4,2,1,4,2,1,14,7,4,4,2,2,0.5384615384615384,0.15384615384615385,0.027362022996807695,0.0465580252605,0.011233723176999999,2,0,2,0,8,1,2,0,True,2,0,2,0,8,1,2,0,True,2,0,2,0,8,1,2,0,True,2,0,2,0,8,1,2,0,True,2,0,2,0,8,1,2,0,True
DAMIMAS_A21B_0716,test,28,4,2,1,1,4,2,2,18,9,5,4,2,2,0.6428571428571429,0.14285714285714285,0.02991379287575,0.0519255828386,0.008243841744700001,1,0,2,0,10,1,2,0,True,1,0,2,0,10,1,2,0,True,1,0,2,0,10,1,2,0,True,1,0,2,0,10,1,2,0,True,1,0,2,0,10,1,2,0,True
DAMIMAS_A21B_0717,train,24,4,5,2,2,3,2,1,11,6,3,5,3,2,0.4583333333333333,0.20833333333333334,0.027182017849375,0.0440776719531,0.0101177759375,3,1,2,0,6,0,3,0,True,3,1,2,0,6,0,3,0,True,3,1,2,0,6,0,3,0,True,3,1,2,0,6,0,3,0,True,3,1,2,0,6,0,3,0,True
DAMIMAS_A21B_0718,test,25,4,6,3,2,4,2,2,8,4,3,7,4,2,0.32,0.28,0.02806475630208,0.049015626145800004,0.012990212708400001,3,0,2,0,5,1,4,0,True,3,0,2,0,5,1,4,0,True,4,1,2,0,5,1,4,0,True,4,1,2,0,5,1,4,0,True,4,1,2,0,5,1,4,0,True
DAMIMAS_A21B_0719,train,19,4,4,2,2,2,1,1,13,8,4,0,0,0,0.6842105263157895,0.0,0.03637884187226315,0.057537110260399996,0.0193705625,2,0,1,0,7,-1,0,0,True,2,0,1,0,7,-1,0,0,True,2,0,1,0,7,-1,0,0,True,2,0,1,0,7,-1,0,0,True,2,0,1,0,7,-1,0,0,True
DAMIMAS_A21B_0720,train,25,4,7,3,2,0,0,0,16,9,5,2,1,1,0.64,0.08,0.0275254907292,0.044007648437600015,0.010305341770800003,4,1,0,0,9,0,1,0,True,4,1,0,0,9,0,1,0,True,4,1,0,0,9,0,1,0,True,4,1,0,0,9,0,1,0,True,4,1,0,0,9,0,1,0,True
DAMIMAS_A21B_0721,train,28,4,4,2,2,3,2,1,18,9,5,3,2,1,0.6428571428571429,0.10714285714285714,0.03313429222471429,0.051854182161599996,0.0091441619792,2,0,2,0,10,1,2,0,True,2,0,2,0,10,1,2,0,True,2,0,2,0,10,1,2,0,True,2,0,2,0,10,1,2,0,True,2,0,2,0,10,1,2,0,True
DAMIMAS_A21B_0722,train,21,4,2,1,1,4,2,1,11,7,3,4,2,1,0.5238095238095238,0.19047619047619047,0.017480502889380953,0.034342445051999994,0.0057421875,1,0,2,0,6,-1,2,0,True,1,0,2,0,6,-1,2,0,True,1,0,2,0,6,-1,2,0,True,1,0,2,0,6,-1,2,0,True,1,0,2,0,6,-1,2,0,True
DAMIMAS_A21B_0723,train,36,4,4,2,2,9,4,3,14,7,4,9,4,3,0.3888888888888889,0.25,0.03516453674766667,0.05551764375,0.016727295052,2,0,6,2,9,2,6,2,False,2,0,5,1,8,1,5,1,True,2,0,5,1,8,1,5,1,True,2,0,5,1,8,1,5,1,True,2,0,5,1,8,1,5,1,True
DAMIMAS_A21B_0724,val,17,4,3,1,1,6,3,3,5,2,2,3,1,1,0.29411764705882354,0.17647058823529413,0.01759393049935294,0.03005274,0.006679682656200001,1,0,3,0,3,1,2,1,True,1,0,3,0,3,1,2,1,True,2,1,3,0,3,1,2,1,True,2,1,3,0,3,1,2,1,True,2,1,3,0,3,1,2,1,True
DAMIMAS_A21B_0725,val,12,4,0,0,0,4,2,1,7,4,3,1,1,1,0.5833333333333334,0.08333333333333333,0.037143695290833334,0.0543811643489,0.014906962395900001,0,0,2,0,4,0,1,0,True,0,0,2,0,4,0,1,0,True,0,0,2,0,4,0,1,0,True,0,0,2,0,4,0,1,0,True,0,0,2,0,4,0,1,0,True
DAMIMAS_A21B_0726,test,27,4,4,2,1,4,2,1,16,8,4,3,2,1,0.5925925925925926,0.1111111111111111,0.01762908773148148,0.03603618625000001,0.0056868110938,2,0,2,0,9,1,2,0,True,2,0,2,0,9,1,2,0,True,2,0,2,0,9,1,2,0,True,2,0,2,0,9,1,2,0,True,2,0,2,0,9,1,2,0,True
DAMIMAS_A21B_0727,test,32,4,6,3,2,2,1,1,19,10,6,5,3,2,0.59375,0.15625,0.0316205147216875,0.05587102710930002,0.014797503489600001,3,0,1,0,11,1,3,0,True,3,0,1,0,11,1,3,0,True,3,0,1,0,11,1,3,0,True,3,0,1,0,11,1,3,0,True,3,0,1,0,11,1,3,0,True
DAMIMAS_A21B_0728,train,28,4,4,2,1,4,2,2,12,6,4,8,4,2,0.42857142857142855,0.2857142857142857,0.023853987602285714,0.03940445059890001,0.0082576121094,2,0,2,0,7,1,5,1,True,2,0,2,0,7,1,4,0,True,2,0,2,0,7,1,4,0,True,2,0,2,0,7,1,4,0,True,2,0,2,0,7,1,4,0,True
DAMIMAS_A21B_0729,train,28,4,7,3,3,2,1,1,18,9,5,1,1,1,0.6428571428571429,0.03571428571428571,0.028170344633535713,0.05019360601560001,0.0107562177603,4,1,1,0,10,1,1,0,True,4,1,1,0,10,1,1,0,True,4,1,1,0,10,1,1,0,True,4,1,1,0,10,1,1,0,True,4,1,1,0,10,1,1,0,True
DAMIMAS_A21B_0730,train,16,4,4,2,2,4,2,2,6,3,2,2,1,1,0.375,0.125,0.0236453093261875,0.0494896265625,0.007659504426999999,2,0,2,0,3,0,1,0,True,2,0,2,0,3,0,1,0,True,2,0,2,0,3,0,1,0,True,2,0,2,0,3,0,1,0,True,2,0,2,0,3,0,1,0,True
DAMIMAS_A21B_0731,train,13,4,0,0,0,0,0,0,13,6,4,0,0,0,1.0,0.0,0.020424401562538462,0.0370374507812,0.0105273391666,0,0,0,0,7,1,0,0,True,0,0,0,0,7,1,0,0,True,0,0,0,0,7,1,0,0,True,0,0,0,0,7,1,0,0,True,0,0,0,0,7,1,0,0,True
DAMIMAS_A21B_0732,train,16,4,0,0,0,0,0,0,12,6,3,4,4,2,0.75,0.25,0.019742087923125,0.039194813151,0.006519760025999999,0,0,0,0,7,1,2,-2,False,0,0,0,0,7,1,2,-2,False,0,0,0,0,7,1,2,-2,False,0,0,0,0,7,1,2,-2,False,0,0,0,0,7,1,2,-2,False
DAMIMAS_A21B_0733,test,20,4,0,0,0,0,0,0,12,6,4,8,4,3,0.6,0.4,0.016633560872399998,0.02627491218750001,0.005377633802100001,0,0,0,0,7,1,5,1,True,0,0,0,0,7,1,5,1,True,0,0,0,0,7,1,5,1,True,0,0,0,0,7,1,5,1,True,0,0,0,0,7,1,5,1,True
DAMIMAS_A21B_0734,train,16,4,2,1,1,2,1,1,9,5,3,3,2,1,0.5625,0.1875,0.0109218361328125,0.018364683724,0.005283203125,1,0,1,0,5,0,2,0,True,1,0,1,0,5,0,2,0,True,1,0,1,0,5,0,2,0,True,1,0,1,0,5,0,2,0,True,1,0,1,0,5,0,2,0,True
DAMIMAS_A21B_0735,train,17,4,0,0,0,0,0,0,16,8,5,1,1,1,0.9411764705882353,0.058823529411764705,0.026504586029411765,0.0438770153124,0.0133132095834,0,0,0,0,9,1,1,0,True,0,0,0,0,9,1,1,0,True,0,0,0,0,9,1,1,0,True,0,0,0,0,9,1,1,0,True,0,0,0,0,9,1,1,0,True
DAMIMAS_A21B_0736,train,20,4,0,0,0,2,1,1,14,8,4,4,2,1,0.7,0.2,0.025898399127600003,0.041916875625,0.007103046562500001,0,0,1,0,8,0,2,0,True,0,0,1,0,8,0,2,0,True,0,0,1,0,8,0,2,0,True,0,0,1,0,8,0,2,0,True,0,0,1,0,8,0,2,0,True
DAMIMAS_A21B_0737,test,15,4,0,0,0,0,0,0,12,5,3,3,2,1,0.8,0.2,0.0194645150174,0.0360043101042,0.008982735573,0,0,0,0,7,2,2,0,False,0,0,0,0,7,2,2,0,False,0,0,0,0,7,2,2,0,False,0,0,0,0,7,2,2,0,False,0,0,0,0,7,2,2,0,False
DAMIMAS_A21B_0738,train,17,4,0,0,0,0,0,0,15,9,5,2,1,1,0.8823529411764706,0.11764705882352941,0.020161337883,0.0394434517188,0.0059023746876,0,0,0,0,8,-1,1,0,True,0,0,0,0,8,-1,1,0,True,0,0,0,0,8,-1,1,0,True,0,0,0,0,8,-1,1,0,True,0,0,0,0,8,-1,1,0,True
DAMIMAS_A21B_0739,train,21,4,0,0,0,0,0,0,14,7,5,7,4,2,0.6666666666666666,0.3333333333333333,0.02258620585319047,0.038576606250000006,0.0084595,0,0,0,0,8,1,4,0,True,0,0,0,0,8,1,4,0,True,0,0,0,0,8,1,4,0,True,0,0,0,0,8,1,4,0,True,0,0,0,0,8,1,4,0,True
DAMIMAS_A21B_0740,train,22,4,2,1,1,2,1,1,12,7,3,6,4,2,0.5454545454545454,0.2727272727272727,0.025860218832863633,0.04632307859390002,0.008348987031100001,1,0,1,0,7,0,3,-1,True,1,0,1,0,7,0,3,-1,True,1,0,1,0,7,0,3,-1,True,1,0,1,0,7,0,3,-1,True,1,0,1,0,7,0,3,-1,True
DAMIMAS_A21B_0741,train,26,4,2,1,1,5,2,2,13,6,4,6,3,2,0.5,0.23076923076923078,0.02056604796676923,0.037588625,0.0068115102865,1,0,3,1,7,1,3,0,True,1,0,3,1,7,1,3,0,True,1,0,3,1,7,1,3,0,True,1,0,3,1,7,1,3,0,True,1,0,3,1,7,1,3,0,True
DAMIMAS_A21B_0742,test,9,4,2,1,1,2,1,1,5,2,2,0,0,0,0.5555555555555556,0.0,0.007527785387777777,0.015752359687600002,0.00179038125,1,0,1,0,3,1,0,0,True,1,0,1,0,3,1,0,0,True,1,0,1,0,3,1,0,0,True,1,0,1,0,3,1,0,0,True,1,0,1,0,3,1,0,0,True
DAMIMAS_A21B_0743,val,14,4,0,0,0,0,0,0,7,4,2,7,5,2,0.5,0.5,0.007497259282,0.011441174375000002,0.0045587859116,0,0,0,0,4,0,4,-1,True,0,0,0,0,4,0,4,-1,True,0,0,0,0,4,0,4,-1,True,0,0,0,0,4,0,4,-1,True,0,0,0,0,4,0,4,-1,True
DAMIMAS_A21B_0744,test,13,4,0,0,0,4,2,2,9,5,3,0,0,0,0.6923076923076923,0.0,0.01664703465546154,0.025052616250000003,0.0088740525,0,0,2,0,5,0,0,0,True,0,0,2,0,5,0,0,0,True,0,0,2,0,5,0,0,0,True,0,0,2,0,5,0,0,0,True,0,0,2,0,5,0,0,0,True
DAMIMAS_A21B_0745,val,27,4,4,2,2,0,0,0,16,9,4,7,4,3,0.5925925925925926,0.25925925925925924,0.012270585320222224,0.023195349270800008,0.0031479420312,2,0,0,0,9,0,4,0,True,2,0,0,0,9,0,4,0,True,2,0,0,0,9,0,4,0,True,2,0,0,0,9,0,4,0,True,2,0,0,0,9,0,4,0,True
DAMIMAS_A21B_0746,train,22,4,2,1,1,4,2,2,10,6,3,6,3,2,0.45454545454545453,0.2727272727272727,0.01526318207859091,0.028532959375000007,0.0033914886459000004,1,0,2,0,5,-1,3,0,True,1,0,2,0,5,-1,3,0,True,1,0,2,0,5,-1,3,0,True,1,0,2,0,5,-1,3,0,True,1,0,2,0,5,-1,3,0,True
DAMIMAS_A21B_0747,train,32,4,0,0,0,7,3,2,16,8,4,9,4,3,0.5,0.28125,0.019259375992875,0.028937008828200005,0.0097989279948,0,0,4,1,9,1,5,1,True,0,0,4,1,9,1,5,1,True,0,0,4,1,9,1,5,1,True,0,0,4,1,9,1,5,1,True,0,0,4,1,9,1,5,1,True
DAMIMAS_A21B_0748,test,23,4,4,2,2,0,0,0,15,8,4,4,3,1,0.6521739130434783,0.17391304347826086,0.020104753340130434,0.0347999282292,0.0084770015104,2,0,0,0,8,0,2,-1,True,2,0,0,0,8,0,2,-1,True,2,0,0,0,8,0,2,-1,True,2,0,0,0,8,0,2,-1,True,2,0,0,0,8,0,2,-1,True
DAMIMAS_A21B_0749,test,26,4,4,2,2,4,2,2,13,7,4,5,3,2,0.5,0.19230769230769232,0.022017015665076918,0.0395548790365,0.004028343750000001,2,0,2,0,7,0,3,0,True,2,0,2,0,7,0,3,0,True,2,0,2,0,7,0,3,0,True,2,0,2,0,7,0,3,0,True,2,0,2,0,7,0,3,0,True
DAMIMAS_A21B_0750,train,12,4,0,0,0,0,0,0,10,5,3,2,1,1,0.8333333333333334,0.16666666666666666,0.012569456553833333,0.021316861875000002,0.00449705125,0,0,0,0,5,0,1,0,True,0,0,0,0,5,0,1,0,True,0,0,0,0,5,0,1,0,True,0,0,0,0,5,0,1,0,True,0,0,0,0,5,0,1,0,True
DAMIMAS_A21B_0751,train,23,4,4,2,1,5,2,2,13,6,4,1,1,1,0.5652173913043478,0.043478260869565216,0.02186231434556522,0.033038632239600005,0.014432347083399999,2,0,3,1,7,1,1,0,True,2,0,3,1,7,1,1,0,True,2,0,3,1,7,1,1,0,True,2,0,3,1,7,1,1,0,True,2,0,3,1,7,1,1,0,True
DAMIMAS_A21B_0752,train,13,4,3,1,1,2,1,1,8,4,3,0,0,0,0.6153846153846154,0.0,0.014557727343769231,0.02583209395840001,0.0069355004168,1,0,1,0,4,0,0,0,True,1,0,1,0,4,0,0,0,True,2,1,1,0,4,0,0,0,True,2,1,1,0,4,0,0,0,True,2,1,1,0,4,0,0,0,True
DAMIMAS_A21B_0753,train,17,4,3,1,1,2,1,1,12,6,4,0,0,0,0.7058823529411765,0.0,0.01663849926470588,0.0252414635938,0.0089125882812,1,0,1,0,6,0,0,0,True,1,0,1,0,6,0,0,0,True,2,1,1,0,6,0,0,0,True,2,1,1,0,6,0,0,0,True,2,1,1,0,6,0,0,0,True
DAMIMAS_A21B_0754,train,3,2,1,1,1,2,1,1,0,0,0,0,0,0,0.0,0.0,0.003685172916666667,0.0044751106250000006,0.003036303125,1,0,1,0,0,0,0,0,True,1,0,1,0,0,0,0,0,True,1,0,1,0,0,0,0,0,True,1,0,1,0,0,0,0,0,True,1,0,1,0,0,0,0,0,True
DAMIMAS_A21B_0755,train,18,4,3,1,1,2,1,1,9,5,3,4,2,2,0.5,0.2222222222222222,0.013630922251166668,0.0208617486459,0.0064216622656,2,1,1,0,5,0,2,0,True,2,1,1,0,5,0,2,0,True,2,1,1,0,5,0,2,0,True,2,1,1,0,5,0,2,0,True,2,1,1,0,5,0,2,0,True
DAMIMAS_A21B_0756,train,23,4,0,0,0,0,0,0,17,8,5,6,4,3,0.7391304347826086,0.2608695652173913,0.011400269519956522,0.016673251250000003,0.0054287,0,0,0,0,9,1,3,-1,True,0,0,0,0,9,1,3,-1,True,0,0,0,0,9,1,3,-1,True,0,0,0,0,9,1,3,-1,True,0,0,0,0,9,1,3,-1,True
DAMIMAS_A21B_0757,train,22,4,0,0,0,2,1,1,20,10,6,0,0,0,0.9090909090909091,0.0,0.008479812736727273,0.0163301351823,0.0025341733593000006,0,0,1,0,10,0,0,0,True,0,0,1,0,10,0,0,0,True,0,0,1,0,10,0,0,0,True,0,0,1,0,10,0,0,0,True,0,0,1,0,10,0,0,0,True
DAMIMAS_A21B_0758,train,10,4,2,1,1,6,3,2,0,0,0,2,2,1,0.0,0.2,0.009716961718700002,0.018883547551999995,0.0035794253645,1,0,3,0,0,0,1,-1,True,1,0,3,0,0,0,1,-1,True,1,0,3,0,0,0,1,-1,True,1,0,3,0,0,0,1,-1,True,1,0,3,0,0,0,1,-1,True
DAMIMAS_A21B_0759,val,21,4,0,0,0,0,0,0,14,6,4,7,5,3,0.6666666666666666,0.3333333333333333,0.017080865327380953,0.023657226301999998,0.007267277604000001,0,0,0,0,8,2,4,-1,False,0,0,0,0,8,2,4,-1,False,0,0,0,0,8,2,4,-1,False,0,0,0,0,8,2,4,-1,False,0,0,0,0,8,2,4,-1,False
DAMIMAS_A21B_0760,test,17,4,0,0,0,0,0,0,11,5,3,6,3,2,0.6470588235294118,0.35294117647058826,0.014498791789235292,0.0256311052084,0.0033880176042000005,0,0,0,0,6,1,3,0,True,0,0,0,0,6,1,3,0,True,0,0,0,0,6,1,3,0,True,0,0,0,0,6,1,3,0,True,0,0,0,0,6,1,3,0,True
DAMIMAS_A21B_0761,train,23,4,2,1,1,4,2,2,12,7,4,5,3,2,0.5217391304347826,0.21739130434782608,0.01587547874773913,0.025913408541600003,0.0075579866146,1,0,2,0,6,-1,3,0,True,1,0,2,0,6,-1,3,0,True,1,0,2,0,6,-1,3,0,True,1,0,2,0,6,-1,3,0,True,1,0,2,0,6,-1,3,0,True
DAMIMAS_A21B_0762,val,10,4,0,0,0,2,1,1,8,4,2,0,0,0,0.8,0.0,0.0062512282552,0.0102700271093,0.0012314255209000002,0,0,1,0,4,0,0,0,True,0,0,1,0,4,0,0,0,True,0,0,1,0,4,0,0,0,True,0,0,1,0,4,0,0,0,True,0,0,1,0,4,0,0,0,True
DAMIMAS_A21B_0763,train,3,3,0,0,0,0,0,0,3,1,1,0,0,0,1.0,0.0,0.013469503298666667,0.024114082031200003,0.0040561739064,0,0,0,0,1,0,0,0,True,0,0,0,0,1,0,0,0,True,0,0,0,0,2,1,0,0,True,0,0,0,0,2,1,0,0,True,0,0,0,0,2,1,0,0,True
DAMIMAS_A21B_0764,train,12,4,0,0,0,2,1,1,7,4,3,3,2,2,0.5833333333333334,0.25,0.007989924479166667,0.013158556875000003,0.0055220642968,0,0,1,0,4,0,2,0,True,0,0,1,0,4,0,2,0,True,0,0,1,0,4,0,2,0,True,0,0,1,0,4,0,2,0,True,0,0,1,0,4,0,2,0,True
DAMIMAS_A21B_0765,train,18,4,4,2,1,2,1,1,9,4,3,3,2,1,0.5,0.16666666666666666,0.012932494733777777,0.0293095209114,0.0030414816666,2,0,1,0,5,1,2,0,True,2,0,1,0,5,1,2,0,True,2,0,1,0,5,1,2,0,True,2,0,1,0,5,1,2,0,True,2,0,1,0,5,1,2,0,True
DAMIMAS_A21B_0766,train,14,4,2,1,1,2,1,1,6,3,2,4,2,1,0.42857142857142855,0.2857142857142857,0.007219636588571429,0.012482879505200006,0.0038286628386000002,1,0,1,0,3,0,2,0,True,1,0,1,0,3,0,2,0,True,1,0,1,0,3,0,2,0,True,1,0,1,0,3,0,2,0,True,1,0,1,0,3,0,2,0,True
DAMIMAS_A21B_0767,train,16,4,3,1,1,4,2,1,8,4,3,1,1,1,0.5,0.0625,0.012000434586562499,0.016381855078000003,0.007499187499999999,1,0,2,0,4,0,1,0,True,1,0,2,0,4,0,1,0,True,2,1,2,0,4,0,1,0,True,2,1,2,0,4,0,1,0,True,2,1,2,0,4,0,1,0,True
DAMIMAS_A21B_0768,train,16,4,5,2,2,2,1,1,9,5,3,0,0,0,0.5625,0.0,0.016515040787750002,0.0386292634115,0.007685546875000001,2,0,1,0,5,0,0,0,True,2,0,1,0,5,0,0,0,True,3,1,1,0,5,0,0,0,True,3,1,1,0,5,0,0,0,True,3,1,1,0,5,0,0,0,True
DAMIMAS_A21B_0769,train,26,4,0,0,0,2,1,1,18,10,6,6,4,2,0.6923076923076923,0.23076923076923078,0.01754657390823077,0.031493375651,0.0056421227865,0,0,1,0,10,0,3,-1,True,0,0,1,0,10,0,3,-1,True,0,0,1,0,10,0,3,-1,True,0,0,1,0,10,0,3,-1,True,0,0,1,0,10,0,3,-1,True
DAMIMAS_A21B_0770,train,19,4,0,0,0,3,2,1,12,7,4,4,2,2,0.631578947368421,0.21052631578947367,0.012300830276842104,0.023647247447999994,0.0042509729165999995,0,0,2,0,7,0,2,0,True,0,0,2,0,7,0,2,0,True,0,0,2,0,7,0,2,0,True,0,0,2,0,7,0,2,0,True,0,0,2,0,7,0,2,0,True
DAMIMAS_A21B_0771,val,15,4,0,0,0,7,3,2,7,4,2,1,1,1,0.4666666666666667,0.06666666666666667,0.0116441557118,0.0166282435416,0.00738672875,0,0,4,1,4,0,1,0,True,0,0,4,1,4,0,1,0,True,0,0,4,1,4,0,1,0,True,0,0,4,1,4,0,1,0,True,0,0,4,1,4,0,1,0,True
DAMIMAS_A21B_0772,train,9,4,5,2,2,0,0,0,4,2,1,0,0,0,0.4444444444444444,0.0,0.018253588049777777,0.0278207429168,0.009891769791599999,2,0,0,0,2,0,0,0,True,2,0,0,0,2,0,0,0,True,3,1,0,0,2,0,0,0,True,3,1,0,0,2,0,0,0,True,3,1,0,0,2,0,0,0,True
DAMIMAS_A21B_0773,train,16,4,3,1,1,2,1,1,10,5,3,1,1,1,0.625,0.0625,0.0134335412760625,0.0203706446615,0.006175926302,1,0,1,0,5,0,1,0,True,1,0,1,0,5,0,1,0,True,2,1,1,0,5,0,1,0,True,2,1,1,0,5,0,1,0,True,2,1,1,0,5,0,1,0,True
DAMIMAS_A21B_0774,train,8,4,1,1,1,1,1,1,6,6,2,0,0,0,0.75,0.0,0.00555022858075,0.0076157015625,0.0041442932813,1,0,1,0,3,-3,0,0,False,1,0,1,0,3,-3,0,0,False,1,0,1,0,3,-3,0,0,False,1,0,1,0,3,-3,0,0,False,1,0,1,0,3,-3,0,0,False
DAMIMAS_A21B_0775,val,17,4,0,0,0,5,2,2,12,7,4,0,0,0,0.7058823529411765,0.0,0.020260933134235295,0.0338665386458,0.012214176979199999,0,0,3,1,6,-1,0,0,True,0,0,3,1,6,-1,0,0,True,0,0,3,1,6,-1,0,0,True,0,0,3,1,6,-1,0,0,True,0,0,3,1,6,-1,0,0,True
DAMIMAS_A21B_0776,val,17,4,2,1,1,3,1,1,8,4,3,4,2,1,0.47058823529411764,0.23529411764705882,0.017606239246294116,0.029613620104200003,0.009251985,1,0,2,1,4,0,2,0,True,1,0,2,1,4,0,2,0,True,1,0,2,1,4,0,2,0,True,1,0,2,1,4,0,2,0,True,1,0,2,1,4,0,2,0,True
DAMIMAS_A21B_0777,train,18,4,6,2,2,0,0,0,6,3,2,6,3,2,0.3333333333333333,0.3333333333333333,0.011502335083944444,0.0204532220313,0.0054152419272,3,1,0,0,3,0,4,1,True,3,1,0,0,3,0,3,0,True,3,1,0,0,3,0,3,0,True,3,1,0,0,3,0,3,0,True,3,1,0,0,3,0,3,0,True
DAMIMAS_A21B_0778,test,9,4,0,0,0,0,0,0,5,5,2,4,3,2,0.5555555555555556,0.4444444444444444,0.004908951794,0.008271800781200002,0.001154969271,0,0,0,0,3,-2,2,-1,False,0,0,0,0,3,-2,2,-1,False,0,0,0,0,3,-2,2,-1,False,0,0,0,0,3,-2,2,-1,False,0,0,0,0,3,-2,2,-1,False
DAMIMAS_A21B_0779,train,14,4,3,1,1,3,1,1,8,4,2,0,0,0,0.5714285714285714,0.0,0.014409640234357144,0.021473095000000005,0.0081086539062,1,0,2,1,4,0,0,0,True,1,0,2,1,4,0,0,0,True,2,1,2,1,4,0,0,0,True,2,1,2,1,4,0,0,0,True,2,1,2,1,4,0,0,0,True
DAMIMAS_A21B_0780,train,7,4,0,0,0,0,0,0,1,1,1,6,4,2,0.14285714285714285,0.8571428571428571,0.003971363504428571,0.0083878607292,0.0015693405728,0,0,0,0,1,0,3,-1,True,0,0,0,0,1,0,3,-1,True,0,0,0,0,1,0,3,-1,True,0,0,0,0,1,0,3,-1,True,0,0,0,0,1,0,3,-1,True
DAMIMAS_A21B_0781,train,22,4,0,0,0,7,4,2,9,5,3,6,3,2,0.4090909090909091,0.2727272727272727,0.01035707694127273,0.0166495082814,0.0023293684634000003,0,0,4,0,5,0,3,0,True,0,0,4,0,5,0,3,0,True,0,0,4,0,5,0,3,0,True,0,0,4,0,5,0,3,0,True,0,0,4,0,5,0,3,0,True
DAMIMAS_A21B_0782,val,7,4,0,0,0,0,0,0,6,3,2,1,1,1,0.8571428571428571,0.14285714285714285,0.011327301227714286,0.016730446770800003,0.006131358698,0,0,0,0,3,0,1,0,True,0,0,0,0,3,0,1,0,True,0,0,0,0,3,0,1,0,True,0,0,0,0,3,0,1,0,True,0,0,0,0,3,0,1,0,True
DAMIMAS_A21B_0783,val,23,4,3,1,1,3,2,1,13,8,4,4,3,2,0.5652173913043478,0.17391304347826086,0.010601357472782607,0.020908692552000004,0.0047958827604,2,1,2,0,7,-1,2,-1,True,2,1,2,0,7,-1,2,-1,True,2,1,2,0,7,-1,2,-1,True,2,1,2,0,7,-1,2,-1,True,2,1,2,0,7,-1,2,-1,True
DAMIMAS_A21B_0784,train,13,4,0,0,0,6,3,2,6,4,2,1,1,1,0.46153846153846156,0.07692307692307693,0.010794149899846154,0.0159824864584,0.004026370260400001,0,0,3,0,3,-1,1,0,True,0,0,3,0,3,-1,1,0,True,0,0,3,0,3,-1,1,0,True,0,0,3,0,3,-1,1,0,True,0,0,3,0,3,-1,1,0,True
DAMIMAS_A21B_0785,train,14,4,0,0,0,4,2,2,10,4,3,0,0,0,0.7142857142857143,0.0,0.02139174278271428,0.0350931879426,0.012657686250000001,0,0,2,0,5,1,0,0,True,0,0,2,0,5,1,0,0,True,0,0,2,0,5,1,0,0,True,0,0,2,0,5,1,0,0,True,0,0,2,0,5,1,0,0,True
DAMIMAS_A21B_0786,val,6,4,2,1,1,2,1,1,2,1,1,0,0,0,0.3333333333333333,0.0,0.008158909288166668,0.012865828776000001,0.0047428528645,1,0,1,0,1,0,0,0,True,1,0,1,0,1,0,0,0,True,1,0,1,0,1,0,0,0,True,1,0,1,0,1,0,0,0,True,1,0,1,0,1,0,0,0,True
DAMIMAS_A21B_0787,val,12,4,0,0,0,5,3,2,7,4,2,0,0,0,0.5833333333333334,0.0,0.009976412630166668,0.015583003177000001,0.0072665553386,0,0,3,0,4,0,0,0,True,0,0,3,0,4,0,0,0,True,0,0,3,0,4,0,0,0,True,0,0,3,0,4,0,0,0,True,0,0,3,0,4,0,0,0,True
DAMIMAS_A21B_0788,train,21,4,0,0,0,2,1,1,14,7,4,5,3,2,0.6666666666666666,0.23809523809523808,0.015440485677095241,0.025292925,0.006791916146,0,0,1,0,8,1,3,0,True,0,0,1,0,8,1,3,0,True,0,0,1,0,8,1,3,0,True,0,0,1,0,8,1,3,0,True,0,0,1,0,8,1,3,0,True
DAMIMAS_A21B_0789,train,26,4,4,2,2,8,5,3,7,4,3,7,5,2,0.2692307692307692,0.2692307692307692,0.02259927533053846,0.037272572526,0.009597201562500001,2,0,5,0,4,0,4,-1,True,2,0,5,0,4,0,4,-1,True,2,0,5,0,4,0,4,-1,True,2,0,5,0,4,0,4,-1,True,2,0,5,0,4,0,4,-1,True
DAMIMAS_A21B_0790,train,15,4,4,2,2,0,0,0,11,6,4,0,0,0,0.7333333333333333,0.0,0.026997582708333336,0.04764064125,0.0108618532812,2,0,0,0,6,0,0,0,True,2,0,0,0,6,0,0,0,True,2,0,0,0,6,0,0,0,True,2,0,0,0,6,0,0,0,True,2,0,0,0,6,0,0,0,True
DAMIMAS_A21B_0791,test,9,4,0,0,0,2,1,1,7,4,2,0,0,0,0.7777777777777778,0.0,0.02300117265622222,0.027502972604000003,0.0165677348436,0,0,1,0,4,0,0,0,True,0,0,1,0,4,0,0,0,True,0,0,1,0,4,0,0,0,True,0,0,1,0,4,0,0,0,True,0,0,1,0,4,0,0,0,True
DAMIMAS_A21B_0792,train,22,4,0,0,0,6,3,2,14,7,4,2,2,2,0.6363636363636364,0.09090909090909091,0.024083864879272724,0.0424413493488,0.009051508984299999,0,0,3,0,8,1,2,0,True,0,0,3,0,8,1,2,0,True,0,0,3,0,8,1,1,-1,True,0,0,3,0,8,1,1,-1,True,0,0,3,0,8,1,2,0,True
DAMIMAS_A21B_0793,train,0,0,0,0,0,0,0,0,0,0,0,0,0,0,0.0,0.0,0.0,0.0,0.0,0,0,0,0,0,0,0,0,True,0,0,0,0,0,0,0,0,True,0,0,0,0,0,0,0,0,True,0,0,0,0,0,0,0,0,True,0,0,0,0,0,0,0,0,True
DAMIMAS_A21B_0794,val,20,4,0,0,0,4,2,1,16,9,5,0,0,0,0.8,0.0,0.026922286927099998,0.044278050208400005,0.0109475696875,0,0,2,0,9,0,0,0,True,0,0,2,0,9,0,0,0,True,0,0,2,0,9,0,0,0,True,0,0,2,0,9,0,0,0,True,0,0,2,0,9,0,0,0,True
DAMIMAS_A21B_0795,val,8,4,2,1,1,2,1,1,4,3,1,0,0,0,0.5,0.0,0.034387693522125,0.052187191875,0.0208363984375,1,0,1,0,2,-1,0,0,True,1,0,1,0,2,-1,0,0,True,1,0,1,0,2,-1,0,0,True,1,0,1,0,2,-1,0,0,True,1,0,1,0,2,-1,0,0,True
DAMIMAS_A21B_0796,val,13,4,0,0,0,0,0,0,11,5,3,2,1,1,0.8461538461538461,0.15384615384615385,0.032662537319692306,0.0443539863022,0.018803645677199998,0,0,0,0,6,1,1,0,True,0,0,0,0,6,1,1,0,True,0,0,0,0,6,1,1,0,True,0,0,0,0,6,1,1,0,True,0,0,0,0,6,1,1,0,True
DAMIMAS_A21B_0797,train,13,4,2,1,1,7,4,3,4,2,2,0,0,0,0.3076923076923077,0.0,0.019518373056923076,0.02956147447920001,0.010201226458400001,1,0,4,0,2,0,0,0,True,1,0,4,0,2,0,0,0,True,1,0,4,0,2,0,0,0,True,1,0,4,0,2,0,0,0,True,1,0,4,0,2,0,0,0,True
DAMIMAS_A21B_0798,train,14,4,2,1,1,5,2,2,7,4,3,0,0,0,0.5,0.0,0.037132464564714286,0.055220037161400004,0.0250831564844,1,0,3,1,4,0,0,0,True,1,0,3,1,4,0,0,0,True,1,0,3,1,4,0,0,0,True,1,0,3,1,4,0,0,0,True,1,0,3,1,4,0,0,0,True
DAMIMAS_A21B_0799,train,15,4,0,0,0,0,0,0,10,5,3,5,3,2,0.6666666666666666,0.3333333333333333,0.02696008612846667,0.03465881260419999,0.0181786808854,0,0,0,0,5,0,3,0,True,0,0,0,0,5,0,3,0,True,0,0,0,0,6,1,3,0,True,0,0,0,0,6,1,3,0,True,0,0,0,0,6,1,3,0,True
DAMIMAS_A21B_0800,train,17,4,0,0,0,5,2,2,7,5,3,5,3,2,0.4117647058823529,0.29411764705882354,0.019130255438117645,0.0442401345834,0.00389064,0,0,3,1,4,-1,3,0,True,0,0,3,1,4,-1,3,0,True,0,0,3,1,4,-1,3,0,True,0,0,3,1,4,-1,3,0,True,0,0,3,1,4,-1,3,0,True
DAMIMAS_A21B_0801,train,21,4,2,1,1,8,4,3,4,2,1,7,3,2,0.19047619047619047,0.3333333333333333,0.024576927108142854,0.04290031875,0.009265192447999998,1,0,4,0,2,0,4,1,True,1,0,4,0,2,0,4,1,True,1,0,4,0,2,0,4,1,True,1,0,4,0,2,0,4,1,True,1,0,4,0,2,0,4,1,True
DAMIMAS_A21B_0802,train,14,4,1,1,1,3,2,2,4,2,2,6,4,2,0.2857142857142857,0.42857142857142855,0.02817826733628572,0.038549599765600004,0.0203266770312,1,0,2,0,2,0,3,-1,True,1,0,2,0,2,0,3,-1,True,1,0,2,0,2,0,3,-1,True,1,0,2,0,2,0,3,-1,True,1,0,2,0,2,0,3,-1,True
DAMIMAS_A21B_0803,train,25,4,2,1,1,2,1,1,13,8,4,8,4,2,0.52,0.32,0.023874878374960003,0.04538505583320001,0.007685215208400001,1,0,1,0,7,-1,4,0,True,1,0,1,0,7,-1,4,0,True,1,0,1,0,7,-1,4,0,True,1,0,1,0,7,-1,4,0,True,1,0,1,0,7,-1,4,0,True
DAMIMAS_A21B_0804,train,17,4,2,1,1,4,2,2,9,5,3,2,1,1,0.5294117647058824,0.11764705882352941,0.012796416697294116,0.019450814635400004,0.0053740619792,1,0,2,0,5,0,1,0,True,1,0,2,0,5,0,1,0,True,1,0,2,0,5,0,1,0,True,1,0,2,0,5,0,1,0,True,1,0,2,0,5,0,1,0,True
DAMIMAS_A21B_0805,train,26,4,5,2,2,7,4,2,7,3,2,7,3,2,0.2692307692307692,0.2692307692307692,0.02530258697915385,0.038655225651000005,0.008831800390500001,3,1,4,0,4,1,4,1,True,3,1,4,0,4,1,4,1,True,3,1,4,0,4,1,4,1,True,3,1,4,0,4,1,4,1,True,3,1,4,0,4,1,4,1,True
DAMIMAS_A21B_0806,train,14,4,2,1,1,0,0,0,10,5,3,2,1,1,0.7142857142857143,0.14285714285714285,0.02649349635414286,0.0334899528906,0.0167341359114,1,0,0,0,5,0,1,0,True,1,0,0,0,5,0,1,0,True,1,0,0,0,5,0,1,0,True,1,0,0,0,5,0,1,0,True,1,0,0,0,5,0,1,0,True
DAMIMAS_A21B_0807,train,20,4,0,0,0,2,1,1,2,1,1,16,10,5,0.1,0.8,0.012159962890599998,0.017545650625000006,0.007104925494799999,0,0,1,0,1,0,9,-1,True,0,0,1,0,1,0,9,-1,True,0,0,1,0,1,0,9,-1,True,0,0,1,0,1,0,9,-1,True,0,0,1,0,1,0,9,-1,True
DAMIMAS_A21B_0808,unknown,22,4,5,2,2,3,1,1,6,3,2,8,4,3,0.2727272727272727,0.36363636363636365,0.021492844791636365,0.0395892380988,0.0049892129948,3,1,2,1,3,0,5,1,True,3,1,2,1,3,0,4,0,True,3,1,2,1,3,0,4,0,True,3,1,2,1,3,0,4,0,True,3,1,2,1,3,0,4,0,True
DAMIMAS_A21B_0809,unknown,24,4,5,2,2,4,2,2,12,6,4,3,2,2,0.5,0.125,0.02633748744575,0.048000169661399986,0.0100205691406,3,1,2,0,7,1,2,0,True,3,1,2,0,7,1,2,0,True,3,1,2,0,7,1,2,0,True,3,1,2,0,7,1,2,0,True,3,1,2,0,7,1,2,0,True
DAMIMAS_A21B_0810,unknown,46,8,3,1,1,5,1,1,29,8,4,9,4,2,0.6304347826086957,0.1956521739130435,0.012221239475782606,0.021003053124999997,0.006590936198,2,1,3,2,15,7,5,1,False,2,1,3,2,17,9,6,2,False,2,1,3,2,17,9,6,2,False,2,1,3,2,15,7,5,1,False,2,1,3,2,15,7,5,1,False
DAMIMAS_A21B_0811,unknown,48,8,9,2,2,3,1,1,36,14,5,0,0,0,0.75,0.0,0.007189701627583333,0.010362285000000002,0.0034575038281,5,3,2,1,19,5,0,0,False,5,3,2,1,22,8,0,0,False,5,3,2,1,21,7,0,0,False,5,3,2,1,19,5,0,0,False,5,3,2,1,19,5,0,0,False
DAMIMAS_A21B_0812,unknown,40,8,12,2,2,12,4,2,16,5,3,0,0,0,0.4,0.0,0.0129083367513,0.021391121562500004,0.0057267928125,7,5,8,4,11,6,0,0,False,6,4,7,3,9,4,0,0,False,6,4,7,3,9,4,0,0,False,6,4,7,3,8,3,0,0,False,6,4,7,3,8,3,0,0,False
DAMIMAS_A21B_0813,unknown,23,8,3,1,1,0,0,0,17,6,3,3,3,1,0.7391304347826086,0.13043478260869565,0.011461454177999998,0.016337871041599998,0.00702833375,2,1,0,0,9,3,2,-1,False,2,1,0,0,9,3,2,-1,False,2,1,0,0,9,3,2,-1,False,2,1,0,0,9,3,2,-1,False,2,1,0,0,9,3,2,-1,False
DAMIMAS_A21B_0814,test,24,8,0,0,0,0,0,0,21,6,4,3,1,1,0.875,0.125,0.016398486946625,0.026265163359399993,0.0097186970052,0,0,0,0,11,5,2,1,False,0,0,0,0,11,5,2,1,False,0,0,0,0,11,5,2,1,False,0,0,0,0,11,5,2,1,False,0,0,0,0,11,5,2,1,False
DAMIMAS_A21B_0815,train,51,8,5,1,1,9,2,2,34,9,5,3,2,1,0.6666666666666666,0.058823529411764705,0.011810781142784317,0.0214875875,0.004923559896,3,2,5,3,18,9,2,0,False,3,2,5,3,20,11,2,0,False,3,2,5,3,20,11,2,0,False,3,2,5,3,18,9,2,0,False,3,2,5,3,18,9,2,0,False
DAMIMAS_A21B_0816,train,45,8,5,1,1,13,4,3,26,13,6,1,1,1,0.5777777777777777,0.022222222222222223,0.011879758269688888,0.0203255420834,0.005562501927000001,3,2,8,4,16,3,1,0,False,3,2,8,4,16,3,1,0,False,3,2,8,4,16,3,1,0,False,3,2,7,3,14,1,1,0,False,3,2,7,3,14,1,1,0,False
DAMIMAS_A21B_0817,val,28,8,14,3,2,7,2,1,7,3,1,0,0,0,0.25,0.0,0.01673224432664286,0.0244233019011,0.009138059921900001,8,5,4,2,4,1,0,0,False,8,5,4,2,4,1,0,0,False,8,5,4,2,4,1,0,0,False,8,5,4,2,4,1,0,0,False,8,5,4,2,4,1,0,0,False
DAMIMAS_A21B_0818,train,40,8,0,0,0,18,4,3,22,6,4,0,0,0,0.55,0.0,0.01283991390625,0.018889621875,0.0067515030208999995,0,0,11,7,13,7,0,0,False,0,0,11,7,13,7,0,0,False,0,0,11,7,13,7,0,0,False,0,0,10,6,12,6,0,0,False,0,0,10,6,12,6,0,0,False
DAMIMAS_A21B_0819,train,44,8,0,0,0,9,2,2,32,11,6,3,3,2,0.7272727272727273,0.06818181818181818,0.012993596845409093,0.023073871875000006,0.0046249877344000006,0,0,5,3,17,6,2,-1,False,0,0,5,3,19,8,2,-1,False,0,0,5,3,19,8,2,-1,False,0,0,5,3,17,6,2,-1,False,0,0,5,3,17,6,2,-1,False
DAMIMAS_A21B_0820,train,47,8,0,0,0,12,2,2,35,8,5,0,0,0,0.7446808510638298,0.0,0.013756110261510638,0.023605647031199998,0.0061838917708,0,0,7,5,19,11,0,0,False,0,0,7,5,21,13,0,0,False,0,0,7,5,21,13,0,0,False,0,0,7,5,19,11,0,0,False,0,0,7,5,19,11,0,0,False
DAMIMAS_A21B_0821,val,23,8,9,2,2,5,2,2,8,4,3,1,1,1,0.34782608695652173,0.043478260869565216,0.02215819488226087,0.039196861458400005,0.007356797083200001,5,3,3,1,5,1,1,0,False,5,3,3,1,4,0,1,0,False,5,3,3,1,4,0,1,0,False,5,3,3,1,4,0,1,0,False,5,3,3,1,4,0,1,0,False
DAMIMAS_A21B_0822,test,38,8,4,1,1,3,1,1,31,10,5,0,0,0,0.8157894736842105,0.0,0.01149191083471053,0.016178731093800004,0.0075468295834,2,1,2,1,16,6,0,0,False,2,1,2,1,18,8,0,0,False,2,1,2,1,18,8,0,0,False,2,1,2,1,16,6,0,0,False,2,1,2,1,16,6,0,0,False
DAMIMAS_A21B_0823,train,57,8,8,2,2,5,1,1,37,9,6,7,2,2,0.6491228070175439,0.12280701754385964,0.011964853645859648,0.020647504999999997,0.0050331621876000005,4,2,3,2,20,11,4,2,False,4,2,3,2,22,13,4,2,False,4,2,3,2,22,13,4,2,False,4,2,3,2,20,11,4,2,False,4,2,3,2,20,11,4,2,False
DAMIMAS_A21B_0824,val,41,8,9,2,2,22,5,4,10,3,2,0,0,0,0.24390243902439024,0.0,0.016370136591707315,0.025142420052,0.007778362500000001,5,3,15,10,7,4,0,0,False,5,3,13,8,6,3,0,0,False,5,3,13,8,6,3,0,0,False,5,3,12,7,5,2,0,0,False,5,3,12,7,5,2,0,0,False
DAMIMAS_A21B_0825,val,29,8,7,2,2,0,0,0,18,7,3,4,3,2,0.6206896551724138,0.13793103448275862,0.014315347970551725,0.020999965,0.0075813166668,4,2,0,0,9,2,2,-1,False,4,2,0,0,10,3,2,-1,False,4,2,0,0,10,3,2,-1,False,4,2,0,0,9,2,2,-1,False,4,2,0,0,9,2,2,-1,False
DAMIMAS_A21B_0826,val,21,8,0,0,0,11,3,3,10,3,2,0,0,0,0.47619047619047616,0.0,0.015508258172142858,0.020079670573000002,0.011040071354,0,0,6,3,5,2,0,0,False,0,0,6,3,5,2,0,0,False,0,0,6,3,5,2,0,0,False,0,0,6,3,5,2,0,0,False,0,0,6,3,5,2,0,0,False
DAMIMAS_A21B_0827,train,45,8,5,1,1,4,1,1,31,8,5,5,5,2,0.6888888888888889,0.1111111111111111,0.011074146626155554,0.02116340375,0.0033325454688000002,3,2,2,1,16,8,3,-2,False,3,2,2,1,18,10,3,-2,False,3,2,2,1,18,10,3,-2,False,3,2,2,1,16,8,3,-2,False,3,2,2,1,16,8,3,-2,False
DAMIMAS_A21B_0828,train,49,8,5,2,1,22,6,4,22,8,4,0,0,0,0.4489795918367347,0.0,0.011261564402632653,0.0179335847916,0.0052097905728,3,1,15,9,15,7,0,0,False,3,1,13,7,13,5,0,0,False,3,1,13,7,13,5,0,0,False,3,1,12,6,12,4,0,0,False,3,1,12,6,12,4,0,0,False
DAMIMAS_A21B_0829,val,33,8,7,2,2,5,1,1,17,6,3,4,2,1,0.5151515151515151,0.12121212121212122,0.018202432970333332,0.025830685,0.009502758489600001,4,2,3,2,10,4,2,0,False,4,2,3,2,10,4,2,0,False,4,2,3,2,10,4,2,0,False,4,2,3,2,9,3,2,0,False,4,2,3,2,9,3,2,0,False
DAMIMAS_A21B_0830,train,34,8,13,3,2,7,2,1,14,6,3,0,0,0,0.4117647058823529,0.0,0.021006621453735292,0.031602308385299996,0.014080088125,7,4,4,2,9,3,0,0,False,7,4,4,2,8,2,0,0,False,7,4,4,2,8,2,0,0,False,7,4,4,2,7,1,0,0,False,7,4,4,2,7,1,0,0,False
DAMIMAS_A21B_0831,train,52,8,4,1,1,9,2,2,30,7,5,9,3,2,0.5769230769230769,0.17307692307692307,0.017452670442711538,0.029484745651199996,0.0052345816407,2,1,5,3,18,11,6,3,False,2,1,5,3,18,11,6,3,False,2,1,5,3,18,11,6,3,False,2,1,5,3,16,9,5,2,False,2,1,5,3,16,9,5,2,False
DAMIMAS_A21B_0832,train,37,8,0,0,0,16,4,3,18,5,3,3,1,1,0.4864864864864865,0.08108108108108109,0.01891200717202703,0.034750922239599996,0.0087565057812,0,0,9,5,11,6,2,1,False,0,0,9,5,11,6,2,1,False,0,0,9,5,11,6,2,1,False,0,0,9,5,10,5,2,1,False,0,0,9,5,10,5,2,1,False
DAMIMAS_A21B_0833,train,22,8,9,2,2,2,1,1,11,4,2,0,0,0,0.5,0.0,0.019084470620272728,0.025183350442700005,0.0112382994271,5,3,1,0,6,2,0,0,False,5,3,1,0,6,2,0,0,False,5,3,1,0,6,2,0,0,False,5,3,1,0,6,2,0,0,False,5,3,1,0,6,2,0,0,False
DAMIMAS_A21B_0834,train,46,8,3,1,1,19,6,3,15,5,3,9,3,2,0.32608695652173914,0.1956521739130435,0.015504694112304348,0.024825867577999997,0.00952226875,2,1,13,7,10,5,7,4,False,2,1,11,5,9,4,6,3,False,2,1,11,5,9,4,6,3,False,2,1,10,4,8,3,5,2,False,2,1,10,4,8,3,5,2,False
DAMIMAS_A21B_0835,train,43,8,0,0,0,0,0,0,37,15,6,6,4,2,0.8604651162790697,0.13953488372093023,0.015005896438930232,0.02785188744780001,0.004458184010400001,0,0,0,0,20,5,3,-1,False,0,0,0,0,22,7,3,-1,False,0,0,0,0,22,7,3,-1,False,0,0,0,0,20,5,3,-1,False,0,0,0,0,20,5,3,-1,False
DAMIMAS_A21B_0836,train,36,8,10,3,3,9,2,2,17,4,3,0,0,0,0.4722222222222222,0.0,0.013183958289944444,0.020255599348999998,0.0054678977865,5,2,5,3,10,6,0,0,False,5,2,5,3,10,6,0,0,False,5,2,5,3,10,6,0,0,False,5,2,5,3,9,5,0,0,False,5,2,5,3,9,5,0,0,False
DAMIMAS_A21B_0837,train,35,8,9,2,2,2,1,1,23,9,4,1,1,1,0.6571428571428571,0.02857142857142857,0.016571396190485716,0.027507385468800015,0.00528222875,5,3,1,0,12,3,1,0,False,5,3,1,0,13,4,1,0,False,5,3,1,0,13,4,1,0,False,5,3,1,0,12,3,1,0,False,5,3,1,0,12,3,1,0,False
DAMIMAS_A21B_0838,train,38,8,0,0,0,3,1,1,14,4,3,21,7,4,0.3684210526315789,0.5526315789473685,0.012933594250263159,0.0169447728386,0.008539282968700001,0,0,2,1,8,4,13,6,False,0,0,2,1,8,4,13,6,False,0,0,2,1,8,4,13,6,False,0,0,2,1,7,3,11,4,False,0,0,2,1,7,3,11,4,False
DAMIMAS_A21B_0839,val,35,8,5,1,1,6,1,1,23,6,4,1,1,1,0.6571428571428571,0.02857142857142857,0.012065208831857143,0.020963356875000002,0.003333672031200001,3,2,3,2,12,6,1,0,False,3,2,3,2,13,7,1,0,False,3,2,3,2,13,7,1,0,False,3,2,3,2,12,6,1,0,False,3,2,3,2,12,6,1,0,False
DAMIMAS_A21B_0840,train,45,8,8,2,2,22,7,3,15,6,3,0,0,0,0.3333333333333333,0.0,0.017520218825244446,0.026460618541600003,0.0068647854688,5,3,15,8,10,4,0,0,False,4,2,13,6,9,3,0,0,False,4,2,13,6,9,3,0,0,False,4,2,12,5,8,2,0,0,False,4,2,12,5,8,2,0,0,False
DAMIMAS_A21B_0841,train,22,8,8,3,2,0,0,0,10,4,2,4,2,1,0.45454545454545453,0.18181818181818182,0.010992468548818184,0.015161906744800002,0.007033688749999999,4,1,0,0,5,1,2,0,True,4,1,0,0,5,1,2,0,True,4,1,0,0,5,1,2,0,True,4,1,0,0,5,1,2,0,True,4,1,0,0,5,1,2,0,True
DAMIMAS_A21B_0842,train,46,8,8,2,2,8,3,2,22,7,4,8,2,1,0.4782608695652174,0.17391304347826086,0.019122354749782605,0.031429896875,0.008138465625,4,2,5,2,13,6,5,3,False,4,2,5,2,13,6,5,3,False,4,2,5,2,13,6,5,3,False,4,2,4,1,12,5,4,2,False,4,2,4,1,12,5,4,2,False
DAMIMAS_A21B_0843,test,34,8,0,0,0,5,1,1,24,9,4,5,3,2,0.7058823529411765,0.14705882352941177,0.005678018926147058,0.0101443158853,0.0023351418749999998,0,0,3,2,12,3,3,0,False,0,0,3,2,13,4,3,0,False,0,0,3,2,13,4,3,0,False,0,0,3,2,12,3,3,0,False,0,0,3,2,12,3,3,0,False
DAMIMAS_A21B_0844,unknown,45,8,4,1,1,14,4,2,23,9,5,4,2,1,0.5111111111111111,0.08888888888888889,0.013113660850711108,0.0229623270834,0.0047988042188,2,1,9,5,14,5,2,0,False,2,1,9,5,14,5,2,0,False,2,1,9,5,14,5,2,0,False,2,1,8,4,12,3,2,0,False,2,1,8,4,12,3,2,0,False
DAMIMAS_A21B_0845,val,20,8,4,1,1,0,0,0,7,3,2,9,4,3,0.35,0.45,0.017229214322899998,0.0244983275,0.0093478196354,2,1,0,0,4,1,5,1,True,2,1,0,0,4,1,5,1,True,2,1,0,0,4,1,5,1,True,2,1,0,0,4,1,5,1,True,2,1,0,0,4,1,5,1,True
DAMIMAS_A21B_0846,train,26,8,0,0,0,15,4,3,11,3,2,0,0,0,0.4230769230769231,0.0,0.02425137012219231,0.0362402678385,0.0151057765625,0,0,8,4,6,3,0,0,False,0,0,8,4,6,3,0,0,False,0,0,8,4,6,3,0,0,False,0,0,8,4,6,3,0,0,False,0,0,8,4,6,3,0,0,False
DAMIMAS_A21B_0847,test,44,8,5,1,1,9,4,2,29,10,5,1,1,1,0.6590909090909091,0.022727272727272728,0.011302659866250002,0.0197947661719,0.0030819496614000004,3,2,5,1,15,5,1,0,False,3,2,5,1,17,7,1,0,False,3,2,5,1,17,7,1,0,False,3,2,5,1,15,5,1,0,False,3,2,5,1,15,5,1,0,False
DAMIMAS_A21B_0848,val,25,8,0,0,0,6,1,1,19,4,3,0,0,0,0.76,0.0,0.0094564171354,0.013946290156200003,0.004534341875,0,0,3,2,10,6,0,0,False,0,0,3,2,10,6,0,0,False,0,0,3,2,10,6,0,0,False,0,0,3,2,10,6,0,0,False,0,0,3,2,10,6,0,0,False
DAMIMAS_A21B_0849,train,19,8,5,1,1,4,1,1,9,4,2,1,1,1,0.47368421052631576,0.05263157894736842,0.011557908251105264,0.019218457135399995,0.005361463489600001,3,2,2,1,5,1,1,0,False,3,2,2,1,5,1,1,0,False,3,2,2,1,5,1,1,0,False,3,2,2,1,5,1,1,0,False,3,2,2,1,5,1,1,0,False
DAMIMAS_A21B_0850,train,43,8,5,1,1,9,2,2,22,6,4,7,4,2,0.5116279069767442,0.16279069767441862,0.016203795603186043,0.02756248000000001,0.009802887031199999,3,2,5,3,13,7,4,0,False,3,2,5,3,13,7,4,0,False,3,2,5,3,13,7,4,0,False,3,2,5,3,12,6,4,0,False,3,2,5,3,12,6,4,0,False
DAMIMAS_A21B_0851,unknown,51,8,0,0,0,17,5,3,31,13,5,3,3,1,0.6078431372549019,0.058823529411764705,0.011062187816588236,0.018818359375,0.004120242448,0,0,9,4,16,3,2,-1,False,0,0,10,5,18,5,2,-1,False,0,0,10,5,18,5,2,-1,False,0,0,9,4,16,3,2,-1,False,0,0,9,4,16,3,2,-1,False
DAMIMAS_A21B_0852,train,14,8,4,2,1,10,3,2,0,0,0,0,0,0,0.0,0.0,0.010499445033500001,0.016458010650900003,0.006184266849099999,2,0,5,2,0,0,0,0,False,2,0,5,2,0,0,0,0,False,2,0,5,2,0,0,0,0,False,2,0,5,2,0,0,0,0,False,2,0,5,2,0,0,0,0,False
DAMIMAS_A21B_0853,unknown,31,8,7,2,1,6,2,1,17,8,3,1,1,1,0.5483870967741935,0.03225806451612903,0.012208424302741933,0.018474084375,0.006621954948,4,2,3,1,9,1,1,0,False,4,2,3,1,9,1,1,0,False,4,2,3,1,9,1,1,0,False,4,2,3,1,9,1,1,0,False,4,2,3,1,9,1,1,0,False
DAMIMAS_A21B_0854,unknown,44,8,11,3,2,10,3,2,15,5,3,8,4,2,0.3409090909090909,0.18181818181818182,0.015231098798522726,0.023346742213600002,0.0081190071355,7,4,7,4,10,5,6,2,False,6,3,6,3,9,4,5,1,False,6,3,6,3,9,4,5,1,False,6,3,5,2,8,3,4,0,False,6,3,5,2,8,3,4,0,False
LONSUM_A21A_0001,train,12,4,0,0,0,0,0,0,12,5,5,0,0,0,1.0,0.0,0.011106040928833334,0.0178498804689,0.004752683177,0,0,0,0,6,1,0,0,True,0,0,0,0,6,1,0,0,True,0,0,0,0,6,1,0,0,True,0,0,0,0,6,1,0,0,True,0,0,0,0,6,1,0,0,True
LONSUM_A21A_0002,test,13,4,0,0,0,9,4,3,4,2,1,0,0,0,0.3076923076923077,0.0,0.016870165985615387,0.027056595000000003,0.0086172379168,0,0,5,1,2,0,0,0,True,0,0,5,1,2,0,0,0,True,0,0,5,1,2,0,0,0,True,0,0,5,1,2,0,0,0,True,0,0,5,1,2,0,0,0,True
LONSUM_A21A_0003,val,15,4,0,0,0,0,0,0,7,4,3,8,6,4,0.4666666666666667,0.5333333333333333,0.007044644809000001,0.011090133645799999,0.00372951375,0,0,0,0,4,0,4,-2,False,0,0,0,0,4,0,4,-2,False,0,0,0,0,4,0,4,-2,False,0,0,0,0,4,0,4,-2,False,0,0,0,0,4,0,4,-2,False
LONSUM_A21A_0004,train,19,4,0,0,0,8,4,3,11,6,3,0,0,0,0.5789473684210527,0.0,0.005744083538947367,0.0094232485418,0.0027734199999999995,0,0,4,0,6,0,0,0,True,0,0,4,0,6,0,0,0,True,0,0,4,0,6,0,0,0,True,0,0,4,0,6,0,0,0,True,0,0,4,0,6,0,0,0,True
LONSUM_A21A_0005,train,11,4,0,0,0,0,0,0,9,5,4,2,2,1,0.8181818181818182,0.18181818181818182,0.003923190411909091,0.007332340103999999,0.0014282125,0,0,0,0,5,0,1,-1,True,0,0,0,0,5,0,1,-1,True,0,0,0,0,5,0,1,-1,True,0,0,0,0,5,0,1,-1,True,0,0,0,0,5,0,1,-1,True
LONSUM_A21A_0006,train,12,4,2,1,1,4,2,1,3,2,1,3,2,2,0.25,0.25,0.011736312543416666,0.0140316510939,0.0078508249218,1,0,2,0,2,0,2,0,True,1,0,2,0,2,0,2,0,True,1,0,2,0,2,0,2,0,True,1,0,2,0,2,0,2,0,True,1,0,2,0,2,0,2,0,True
LONSUM_A21A_0007,test,15,4,0,0,0,0,0,0,15,7,4,0,0,0,1.0,0.0,0.014734539704866666,0.025189105677,0.0073335240103999996,0,0,0,0,8,1,0,0,True,0,0,0,0,8,1,0,0,True,0,0,0,0,8,1,0,0,True,0,0,0,0,8,1,0,0,True,0,0,0,0,8,1,0,0,True
LONSUM_A21A_0008,val,3,3,0,0,0,0,0,0,3,2,1,0,0,0,1.0,0.0,0.009344644618,0.013968803750000001,0.0057161558332,0,0,0,0,1,-1,0,0,True,0,0,0,0,1,-1,0,0,True,0,0,0,0,2,0,0,0,True,0,0,0,0,2,0,0,0,True,0,0,0,0,2,0,0,0,True
LONSUM_A21A_0009,train,13,4,2,1,1,2,1,1,5,3,2,4,3,1,0.38461538461538464,0.3076923076923077,0.007297931790846152,0.0093361173436,0.004721951666799999,1,0,1,0,3,0,2,-1,True,1,0,1,0,3,0,2,-1,True,1,0,1,0,3,0,2,-1,True,1,0,1,0,3,0,2,-1,True,1,0,1,0,3,0,2,-1,True
LONSUM_A21A_0010,train,16,4,0,0,0,7,4,3,7,3,3,2,1,1,0.4375,0.125,0.0115337719238125,0.0161071959635,0.007327044401,0,0,4,0,4,1,1,0,True,0,0,4,0,4,1,1,0,True,0,0,4,0,4,1,1,0,True,0,0,4,0,4,1,1,0,True,0,0,4,0,4,1,1,0,True
LONSUM_A21A_0011,train,20,4,0,0,0,2,1,1,17,10,6,1,1,1,0.85,0.05,0.005076945885400001,0.007820152239500002,0.0017298801303,0,0,1,0,9,-1,1,0,True,0,0,1,0,9,-1,1,0,True,0,0,1,0,9,-1,1,0,True,0,0,1,0,9,-1,1,0,True,0,0,1,0,9,-1,1,0,True
LONSUM_A21A_0012,train,11,4,0,0,0,5,2,2,4,2,2,2,1,1,0.36363636363636365,0.18181818181818182,0.010741603243363635,0.015340278646,0.005133443749999999,0,0,3,1,2,0,1,0,True,0,0,3,1,2,0,1,0,True,0,0,3,1,2,0,1,0,True,0,0,3,1,2,0,1,0,True,0,0,3,1,2,0,1,0,True
LONSUM_A21A_0013,train,6,4,0,0,0,0,0,0,6,3,2,0,0,0,1.0,0.0,0.008703755425333332,0.011412746875,0.005517196875,0,0,0,0,3,0,0,0,True,0,0,0,0,3,0,0,0,True,0,0,0,0,3,0,0,0,True,0,0,0,0,3,0,0,0,True,0,0,0,0,3,0,0,0,True
LONSUM_A21A_0014,train,9,4,0,0,0,0,0,0,8,4,3,1,1,1,0.8888888888888888,0.1111111111111111,0.012284506799777778,0.015660769999999997,0.0091241768228,0,0,0,0,4,0,1,0,True,0,0,0,0,4,0,1,0,True,0,0,0,0,4,0,1,0,True,0,0,0,0,4,0,1,0,True,0,0,0,0,4,0,1,0,True
LONSUM_A21A_0015,train,17,4,0,0,0,0,0,0,13,6,4,4,3,2,0.7647058823529411,0.23529411764705882,0.0041484794883529415,0.008145680729200001,0.0019825955208,0,0,0,0,7,1,2,-1,True,0,0,0,0,7,1,2,-1,True,0,0,0,0,7,1,2,-1,True,0,0,0,0,7,1,2,-1,True,0,0,0,0,7,1,2,-1,True
LONSUM_A21A_0016,val,4,3,0,0,0,0,0,0,4,2,2,0,0,0,1.0,0.0,0.0134742996745,0.018392215625,0.006037680963600001,0,0,0,0,2,0,0,0,True,0,0,0,0,2,0,0,0,True,0,0,0,0,2,0,0,0,True,0,0,0,0,2,0,0,0,True,0,0,0,0,2,0,0,0,True
LONSUM_A21A_0017,train,5,4,0,0,0,0,0,0,5,2,2,0,0,0,1.0,0.0,0.0099801760938,0.013506231979200001,0.0057392669791999995,0,0,0,0,3,1,0,0,True,0,0,0,0,3,1,0,0,True,0,0,0,0,3,1,0,0,True,0,0,0,0,3,1,0,0,True,0,0,0,0,3,1,0,0,True
LONSUM_A21A_0018,val,12,4,0,0,0,5,2,2,6,3,2,1,1,1,0.5,0.08333333333333333,0.011089409722249999,0.0150097007032,0.0074954584116,0,0,3,1,3,0,1,0,True,0,0,3,1,3,0,1,0,True,0,0,3,1,3,0,1,0,True,0,0,3,1,3,0,1,0,True,0,0,3,1,3,0,1,0,True
LONSUM_A21A_0019,train,17,4,0,0,0,2,1,1,13,7,4,2,1,1,0.7647058823529411,0.11764705882352941,0.011150678890941177,0.0167487305208,0.0042949009374000004,0,0,1,0,7,0,1,0,True,0,0,1,0,7,0,1,0,True,0,0,1,0,7,0,1,0,True,0,0,1,0,7,0,1,0,True,0,0,1,0,7,0,1,0,True
LONSUM_A21A_0020,train,8,4,0,0,0,3,1,1,5,3,2,0,0,0,0.625,0.0,0.010118719433625,0.0139602725,0.0060622738802,0,0,2,1,3,0,0,0,True,0,0,2,1,3,0,0,0,True,0,0,2,1,3,0,0,0,True,0,0,2,1,3,0,0,0,True,0,0,2,1,3,0,0,0,True
LONSUM_A21A_0021,val,14,4,0,0,0,3,1,1,10,5,4,1,1,1,0.7142857142857143,0.07142857142857142,0.004159160081857143,0.005771476875000001,0.0023976030469000003,0,0,2,1,5,0,1,0,True,0,0,2,1,5,0,1,0,True,0,0,2,1,5,0,1,0,True,0,0,2,1,5,0,1,0,True,0,0,2,1,5,0,1,0,True
LONSUM_A21A_0022,train,8,3,0,0,0,6,3,3,2,2,1,0,0,0,0.25,0.0,0.00806335078125,0.010463543125,0.00617091375,0,0,3,0,1,-1,0,0,True,0,0,3,0,1,-1,0,0,True,0,0,3,0,1,-1,0,0,True,0,0,3,0,1,-1,0,0,True,0,0,3,0,1,-1,0,0,True
LONSUM_A21A_0023,train,16,4,0,0,0,0,0,0,16,8,5,0,0,0,1.0,0.0,0.0055011587890625,0.007232726172,0.003021253125,0,0,0,0,8,0,0,0,True,0,0,0,0,8,0,0,0,True,0,0,0,0,8,0,0,0,True,0,0,0,0,8,0,0,0,True,0,0,0,0,8,0,0,0,True
LONSUM_A21A_0024,train,5,4,0,0,0,0,0,0,4,1,1,1,1,1,0.8,0.2,0.007131347864600001,0.008999026302200001,0.0052075160416,0,0,0,0,2,1,1,0,True,0,0,0,0,2,1,1,0,True,0,0,0,0,2,1,1,0,True,0,0,0,0,2,1,1,0,True,0,0,0,0,2,1,1,0,True
LONSUM_A21A_0025,train,12,4,0,0,0,0,0,0,9,4,3,3,1,1,0.75,0.25,0.00790216161025,0.011113420625,0.0048539707552,0,0,0,0,5,1,2,1,True,0,0,0,0,5,1,2,1,True,0,0,0,0,5,1,2,1,True,0,0,0,0,5,1,2,1,True,0,0,0,0,5,1,2,1,True
LONSUM_A21A_0026,test,9,3,0,0,0,3,1,1,3,3,2,3,1,1,0.3333333333333333,0.3333333333333333,0.010263405816,0.015246705573000003,0.005985710885400001,0,0,2,1,2,-1,2,1,True,0,0,2,1,2,-1,2,1,True,0,0,2,1,2,-1,2,1,True,0,0,2,1,2,-1,2,1,True,0,0,2,1,2,-1,2,1,True
LONSUM_A21A_0027,train,21,4,0,0,0,0,0,0,11,5,3,10,4,3,0.5238095238095238,0.47619047619047616,0.008265512078380952,0.014705509896,0.003062332552,0,0,0,0,6,1,5,1,True,0,0,0,0,6,1,5,1,True,0,0,0,0,6,1,5,1,True,0,0,0,0,6,1,5,1,True,0,0,0,0,6,1,5,1,True
LONSUM_A21A_0028,test,18,4,0,0,0,1,1,1,15,8,4,2,1,1,0.8333333333333334,0.1111111111111111,0.0068198482205,0.0128275192448,0.0024981958855,0,0,1,0,8,0,1,0,True,0,0,1,0,8,0,1,0,True,0,0,1,0,8,0,1,0,True,0,0,1,0,8,0,1,0,True,0,0,1,0,8,0,1,0,True
LONSUM_A21A_0029,train,16,4,0,0,0,4,2,1,9,6,3,3,2,1,0.5625,0.1875,0.0054213972330625,0.0074585216145000004,0.0038451984375,0,0,2,0,5,-1,2,0,True,0,0,2,0,5,-1,2,0,True,0,0,2,0,5,-1,2,0,True,0,0,2,0,5,-1,2,0,True,0,0,2,0,5,-1,2,0,True
LONSUM_A21A_0030,train,3,3,0,0,0,3,1,1,0,0,0,0,0,0,0.0,0.0,0.007128392882000001,0.009619861666800001,0.00499609375,0,0,1,0,0,0,0,0,True,0,0,1,0,0,0,0,0,True,0,0,2,1,0,0,0,0,True,0,0,2,1,0,0,0,0,True,0,0,2,1,0,0,0,0,True
LONSUM_A21A_0031,train,16,4,0,0,0,3,1,1,13,6,4,0,0,0,0.8125,0.0,0.0074481156901250005,0.012416117447999999,0.003133151953,0,0,2,1,7,1,0,0,True,0,0,2,1,7,1,0,0,True,0,0,2,1,7,1,0,0,True,0,0,2,1,7,1,0,0,True,0,0,2,1,7,1,0,0,True
LONSUM_A21A_0032,train,2,2,0,0,0,0,0,0,2,1,1,0,0,0,1.0,0.0,0.0047049680989999995,0.0047593386198000005,0.004650597578199999,0,0,0,0,1,0,0,0,True,0,0,0,0,1,0,0,0,True,0,0,0,0,1,0,0,0,True,0,0,0,0,1,0,0,0,True,0,0,0,0,1,0,0,0,True
LONSUM_A21A_0033,train,10,4,0,0,0,0,0,0,8,3,3,2,1,1,0.8,0.2,0.0046610604948,0.0060019641666,0.0030853354689000002,0,0,0,0,4,1,1,0,True,0,0,0,0,4,1,1,0,True,0,0,0,0,4,1,1,0,True,0,0,0,0,4,1,1,0,True,0,0,0,0,4,1,1,0,True
LONSUM_A21A_0034,train,17,4,1,1,1,2,1,1,10,5,3,4,2,2,0.5882352941176471,0.23529411764705882,0.006231702833941177,0.008800329375,0.0041373740624,1,0,1,0,5,0,2,0,True,1,0,1,0,5,0,2,0,True,1,0,1,0,5,0,2,0,True,1,0,1,0,5,0,2,0,True,1,0,1,0,5,0,2,0,True
LONSUM_A21A_0035,train,16,4,0,0,0,0,0,0,14,6,4,2,1,1,0.875,0.125,0.0032051631185,0.005070372786500001,0.0012817643230000001,0,0,0,0,7,1,1,0,True,0,0,0,0,7,1,1,0,True,0,0,0,0,7,1,1,0,True,0,0,0,0,7,1,1,0,True,0,0,0,0,7,1,1,0,True
LONSUM_A21A_0036,train,15,4,0,0,0,3,1,1,12,6,4,0,0,0,0.8,0.0,0.0059805261631999986,0.009522975,0.002334174948,0,0,2,1,6,0,0,0,True,0,0,2,1,6,0,0,0,True,0,0,2,1,6,0,0,0,True,0,0,2,1,6,0,0,0,True,0,0,2,1,6,0,0,0,True
LONSUM_A21A_0037,train,5,4,0,0,0,0,0,0,0,0,0,5,2,2,0.0,1.0,0.0025279720834,0.0039918233334,0.0014130785938000002,0,0,0,0,0,0,3,1,True,0,0,0,0,0,0,3,1,True,0,0,0,0,0,0,3,1,True,0,0,0,0,0,0,3,1,True,0,0,0,0,0,0,3,1,True
LONSUM_A21A_0038,val,16,4,0,0,0,4,2,2,3,1,1,9,4,3,0.1875,0.5625,0.0072383297526250005,0.009013278776,0.004829076823,0,0,2,0,2,1,5,1,True,0,0,2,0,2,1,5,1,True,0,0,2,0,2,1,5,1,True,0,0,2,0,2,1,5,1,True,0,0,2,0,2,1,5,1,True
LONSUM_A21A_0039,train,12,4,0,0,0,0,0,0,12,7,4,0,0,0,1.0,0.0,0.009796487977416666,0.0143752039323,0.005504528619800001,0,0,0,0,6,-1,0,0,True,0,0,0,0,6,-1,0,0,True,0,0,0,0,6,-1,0,0,True,0,0,0,0,6,-1,0,0,True,0,0,0,0,6,-1,0,0,True
LONSUM_A21A_0040,train,10,4,0,0,0,0,0,0,10,4,3,0,0,0,1.0,0.0,0.0086709955729,0.0117714271354,0.0042771375,0,0,0,0,5,1,0,0,True,0,0,0,0,5,1,0,0,True,0,0,0,0,5,1,0,0,True,0,0,0,0,5,1,0,0,True,0,0,0,0,5,1,0,0,True
LONSUM_A21A_0041,train,6,4,0,0,0,0,0,0,6,3,2,0,0,0,1.0,0.0,0.0036330672743333328,0.0049828781249999995,0.0020979890624999997,0,0,0,0,3,0,0,0,True,0,0,0,0,3,0,0,0,True,0,0,0,0,3,0,0,0,True,0,0,0,0,3,0,0,0,True,0,0,0,0,3,0,0,0,True
LONSUM_A21A_0042,train,5,3,0,0,0,0,0,0,3,1,1,2,1,1,0.6,0.4,0.006882161249999999,0.0077177825,0.006057152291599999,0,0,0,0,2,1,1,0,True,0,0,0,0,2,1,1,0,True,0,0,0,0,2,1,1,0,True,0,0,0,0,2,1,1,0,True,0,0,0,0,2,1,1,0,True
LONSUM_A21A_0043,train,9,4,0,0,0,0,0,0,7,4,2,2,1,1,0.7777777777777778,0.2222222222222222,0.007433079311333333,0.0122089475,0.0020216702084,0,0,0,0,4,0,1,0,True,0,0,0,0,4,0,1,0,True,0,0,0,0,4,0,1,0,True,0,0,0,0,4,0,1,0,True,0,0,0,0,4,0,1,0,True
LONSUM_A21A_0044,train,16,4,0,0,0,2,1,1,14,8,5,0,0,0,0.875,0.0,0.007065980371125,0.010807652474,0.003148607552,0,0,1,0,7,-1,0,0,True,0,0,1,0,7,-1,0,0,True,0,0,1,0,7,-1,0,0,True,0,0,1,0,7,-1,0,0,True,0,0,1,0,7,-1,0,0,True
LONSUM_A21A_0045,train,12,4,3,1,1,3,1,1,6,4,3,0,0,0,0.5,0.0,0.005380523546,0.0079248501823,0.0037971938541000003,1,0,2,1,3,-1,0,0,True,1,0,2,1,3,-1,0,0,True,2,1,2,1,3,-1,0,0,True,2,1,2,1,3,-1,0,0,True,2,1,2,1,3,-1,0,0,True
LONSUM_A21A_0046,val,4,3,0,0,0,0,0,0,3,1,1,1,1,1,0.75,0.25,0.00495949205725,0.006800593906199999,0.0032077478125,0,0,0,0,2,1,1,0,True,0,0,0,0,2,1,1,0,True,0,0,0,0,2,1,1,0,True,0,0,0,0,2,1,1,0,True,0,0,0,0,2,1,1,0,True
LONSUM_A21A_0047,train,14,4,0,0,0,0,0,0,10,5,3,4,3,2,0.7142857142857143,0.2857142857142857,0.0044674781249999995,0.010112615755100004,0.0014174704688,0,0,0,0,5,0,2,-1,True,0,0,0,0,5,0,2,-1,True,0,0,0,0,5,0,2,-1,True,0,0,0,0,5,0,2,-1,True,0,0,0,0,5,0,2,-1,True
LONSUM_A21A_0048,train,15,4,0,0,0,6,2,2,9,4,4,0,0,0,0.6,0.0,0.006405115624999999,0.01231789875,0.0025107369792,0,0,3,1,5,1,0,0,True,0,0,3,1,5,1,0,0,True,0,0,3,1,5,1,0,0,True,0,0,3,1,5,1,0,0,True,0,0,3,1,5,1,0,0,True
LONSUM_A21A_0049,test,7,4,0,0,0,0,0,0,4,1,1,3,1,1,0.5714285714285714,0.42857142857142855,0.008733953236571428,0.0111370046876,0.006738305729,0,0,0,0,2,1,2,1,True,0,0,0,0,2,1,2,1,True,0,0,0,0,2,1,2,1,True,0,0,0,0,2,1,2,1,True,0,0,0,0,2,1,2,1,True
LONSUM_A21A_0050,train,19,4,0,0,0,8,4,3,7,3,3,4,2,2,0.3684210526315789,0.21052631578947367,0.006370401151315788,0.0076390112499999975,0.004716118125,0,0,4,0,4,1,2,0,True,0,0,4,0,4,1,2,0,True,0,0,4,0,4,1,2,0,True,0,0,4,0,4,1,2,0,True,0,0,4,0,4,1,2,0,True
LONSUM_A21A_0051,test,14,4,0,0,0,0,0,0,14,6,4,0,0,0,1.0,0.0,0.003618919438214286,0.005313731640600001,0.0020907240886,0,0,0,0,7,1,0,0,True,0,0,0,0,7,1,0,0,True,0,0,0,0,7,1,0,0,True,0,0,0,0,7,1,0,0,True,0,0,0,0,7,1,0,0,True
LONSUM_A21A_0052,train,8,4,0,0,0,0,0,0,8,4,3,0,0,0,1.0,0.0,0.008228251139375,0.013746125468799998,0.0046323192188,0,0,0,0,4,0,0,0,True,0,0,0,0,4,0,0,0,True,0,0,0,0,4,0,0,0,True,0,0,0,0,4,0,0,0,True,0,0,0,0,4,0,0,0,True
LONSUM_A21A_0053,test,12,4,2,1,1,1,1,1,7,3,2,2,1,1,0.5833333333333334,0.16666666666666666,0.007138865820333334,0.009244570625,0.0047822606250000005,1,0,1,0,4,1,1,0,True,1,0,1,0,4,1,1,0,True,1,0,1,0,4,1,1,0,True,1,0,1,0,4,1,1,0,True,1,0,1,0,4,1,1,0,True
LONSUM_A21A_0054,val,15,4,0,0,0,7,3,3,7,3,3,1,1,1,0.4666666666666667,0.06666666666666667,0.010639083385400002,0.0134734561458,0.0071972227084,0,0,4,1,4,1,1,0,True,0,0,4,1,4,1,1,0,True,0,0,4,1,4,1,1,0,True,0,0,4,1,4,1,1,0,True,0,0,4,1,4,1,1,0,True
LONSUM_A21A_0055,test,11,4,0,0,0,1,0,1,9,6,3,1,1,1,0.8181818181818182,0.09090909090909091,0.004527111411,0.007492649999999999,0.002351901302,0,0,1,1,5,-1,1,0,True,0,0,1,1,5,-1,1,0,True,0,0,1,1,5,-1,1,0,True,0,0,1,1,5,-1,1,0,True,0,0,1,1,5,-1,1,0,True
LONSUM_A21A_0056,train,13,4,0,0,0,0,0,0,13,7,4,0,0,0,1.0,0.0,0.00877559375,0.014708981041600002,0.0035455535416,0,0,0,0,7,0,0,0,True,0,0,0,0,7,0,0,0,True,0,0,0,0,7,0,0,0,True,0,0,0,0,7,0,0,0,True,0,0,0,0,7,0,0,0,True
LONSUM_A21A_0057,train,3,2,0,0,0,0,0,0,2,2,1,1,1,1,0.6666666666666666,0.3333333333333333,0.005842596007000001,0.008399487031400001,0.0037275451561999996,0,0,0,0,1,-1,1,0,True,0,0,0,0,1,-1,1,0,True,0,0,0,0,1,-1,1,0,True,0,0,0,0,1,-1,1,0,True,0,0,0,0,1,-1,1,0,True
LONSUM_A21A_0058,train,18,4,0,0,0,6,3,3,7,4,3,5,4,2,0.3888888888888889,0.2777777777777778,0.01481341222511111,0.025620408437500002,0.0091803326301,0,0,3,0,4,0,3,-1,True,0,0,3,0,4,0,3,-1,True,0,0,3,0,4,0,3,-1,True,0,0,3,0,4,0,3,-1,True,0,0,3,0,4,0,3,-1,True
LONSUM_A21A_0059,train,18,4,0,0,0,0,0,0,14,9,5,4,2,2,0.7777777777777778,0.2222222222222222,0.008807410098388889,0.016631600625,0.0028344624739,0,0,0,0,7,-2,2,0,False,0,0,0,0,7,-2,2,0,False,0,0,0,0,7,-2,2,0,False,0,0,0,0,7,-2,2,0,False,0,0,0,0,7,-2,2,0,False
LONSUM_A21A_0060,train,12,4,0,0,0,3,1,1,9,4,3,0,0,0,0.75,0.0,0.01980119210075,0.031464517317800006,0.010542208125,0,0,2,1,5,1,0,0,True,0,0,2,1,5,1,0,0,True,0,0,2,1,5,1,0,0,True,0,0,2,1,5,1,0,0,True,0,0,2,1,5,1,0,0,True
LONSUM_A21A_0061,val,11,4,3,1,1,0,0,0,8,5,3,0,0,0,0.7272727272727273,0.0,0.015130731912909092,0.022326573697999997,0.006699196875,1,0,0,0,4,-1,0,0,True,1,0,0,0,4,-1,0,0,True,2,1,0,0,4,-1,0,0,True,2,1,0,0,4,-1,0,0,True,2,1,0,0,4,-1,0,0,True
LONSUM_A21A_0062,val,14,4,0,0,0,6,3,2,6,4,2,2,2,1,0.42857142857142855,0.14285714285714285,0.018145522730642856,0.023842484062500002,0.0127864196094,0,0,3,0,3,-1,1,-1,True,0,0,3,0,3,-1,1,-1,True,0,0,3,0,3,-1,1,-1,True,0,0,3,0,3,-1,1,-1,True,0,0,3,0,3,-1,1,-1,True
LONSUM_A21A_0063,train,20,4,0,0,0,2,1,1,13,6,5,5,4,3,0.65,0.25,0.008424122539099998,0.0160928071875,0.0025647514584,0,0,1,0,7,1,3,-1,True,0,0,1,0,7,1,3,-1,True,0,0,1,0,7,1,3,-1,True,0,0,1,0,7,1,3,-1,True,0,0,1,0,7,1,3,-1,True
LONSUM_A21A_0064,train,7,4,2,1,1,0,0,0,5,4,2,0,0,0,0.7142857142857143,0.0,0.017911235305142856,0.029452865104200004,0.007229473854199999,1,0,0,0,3,-1,0,0,True,1,0,0,0,3,-1,0,0,True,1,0,0,0,3,-1,0,0,True,1,0,0,0,3,-1,0,0,True,1,0,0,0,3,-1,0,0,True
LONSUM_A21A_0065,train,13,4,0,0,0,0,0,0,10,5,3,3,3,2,0.7692307692307693,0.23076923076923078,0.013999661879000001,0.0205644801562,0.004893215,0,0,0,0,5,0,2,-1,True,0,0,0,0,5,0,2,-1,True,0,0,0,0,5,0,2,-1,True,0,0,0,0,5,0,2,-1,True,0,0,0,0,5,0,2,-1,True
LONSUM_A21A_0066,train,13,4,0,0,0,2,2,1,7,3,2,4,3,1,0.5384615384615384,0.3076923076923077,0.015447920733153847,0.019902825000000002,0.0123271875,0,0,1,-1,4,1,2,-1,True,0,0,1,-1,4,1,2,-1,True,0,0,1,-1,4,1,2,-1,True,0,0,1,-1,4,1,2,-1,True,0,0,1,-1,4,1,2,-1,True
LONSUM_A21A_0067,test,18,4,0,0,0,5,3,3,11,6,3,2,1,1,0.6111111111111112,0.1111111111111111,0.006165241999444445,0.013096340260500001,0.0016821917448,0,0,3,0,6,0,1,0,True,0,0,3,0,6,0,1,0,True,0,0,3,0,6,0,1,0,True,0,0,3,0,6,0,1,0,True,0,0,3,0,6,0,1,0,True
LONSUM_A21A_0068,train,17,4,0,0,0,4,2,2,13,7,5,0,0,0,0.7647058823529411,0.0,0.005870664368882353,0.008206385,0.0039476008854,0,0,2,0,7,0,0,0,True,0,0,2,0,7,0,0,0,True,0,0,2,0,7,0,0,0,True,0,0,2,0,7,0,0,0,True,0,0,2,0,7,0,0,0,True
LONSUM_A21A_0069,train,5,3,0,0,0,0,0,0,1,1,1,4,3,2,0.2,0.8,0.0051681284895999996,0.0059218725,0.004403303854200001,0,0,0,0,1,0,2,-1,True,0,0,0,0,1,0,2,-1,True,0,0,0,0,1,0,2,-1,True,0,0,0,0,1,0,2,-1,True,0,0,0,0,1,0,2,-1,True
LONSUM_A21A_0070,train,12,4,0,0,0,5,3,3,5,3,2,2,1,1,0.4166666666666667,0.16666666666666666,0.008656074783,0.0119354922657,0.0056609930991,0,0,3,0,3,0,1,0,True,0,0,3,0,3,0,1,0,True,0,0,3,0,3,0,1,0,True,0,0,3,0,3,0,1,0,True,0,0,3,0,3,0,1,0,True
LONSUM_A21A_0071,train,8,4,0,0,0,1,1,1,7,3,2,0,0,0,0.875,0.0,0.004554538997375,0.006288053828099999,0.0020029110156,0,0,1,0,4,1,0,0,True,0,0,1,0,4,1,0,0,True,0,0,1,0,4,1,0,0,True,0,0,1,0,4,1,0,0,True,0,0,1,0,4,1,0,0,True
LONSUM_A21A_0072,train,1,1,0,0,0,0,0,0,1,1,1,0,0,0,1.0,0.0,0.007488601302,0.007488601302,0.007488601302,0,0,0,0,1,0,0,0,True,0,0,0,0,1,0,0,0,True,0,0,0,0,1,0,0,0,True,0,0,0,0,1,0,0,0,True,0,0,0,0,1,0,0,0,True
LONSUM_A21A_0073,train,2,1,0,0,0,0,0,0,1,1,1,1,1,1,0.5,0.5,0.003424473828,0.0039505018488,0.0028984458072000003,0,0,0,0,1,0,1,0,True,0,0,0,0,1,0,1,0,True,0,0,0,0,1,0,1,0,True,0,0,0,0,1,0,1,0,True,0,0,0,0,1,0,1,0,True
LONSUM_A21A_0074,train,9,4,0,0,0,0,0,0,7,3,2,2,1,1,0.7777777777777778,0.2222222222222222,0.006054045486111111,0.0093502491146,0.004277307499999999,0,0,0,0,4,1,1,0,True,0,0,0,0,4,1,1,0,True,0,0,0,0,4,1,1,0,True,0,0,0,0,4,1,1,0,True,0,0,0,0,4,1,1,0,True
LONSUM_A21A_0075,train,11,4,0,0,0,0,0,0,10,6,3,1,1,1,0.9090909090909091,0.09090909090909091,0.0040887003788181815,0.0060090874999999995,0.001831078125,0,0,0,0,5,-1,1,0,True,0,0,0,0,5,-1,1,0,True,0,0,0,0,5,-1,1,0,True,0,0,0,0,5,-1,1,0,True,0,0,0,0,5,-1,1,0,True
LONSUM_A21A_0076,val,11,4,0,0,0,1,1,1,10,4,3,0,0,0,0.9090909090909091,0.0,0.010025075070999999,0.018906215625,0.0041699,0,0,1,0,5,1,0,0,True,0,0,1,0,5,1,0,0,True,0,0,1,0,5,1,0,0,True,0,0,1,0,5,1,0,0,True,0,0,1,0,5,1,0,0,True
LONSUM_A21A_0077,train,7,4,0,0,0,0,0,0,3,2,1,4,3,1,0.42857142857142855,0.5714285714285714,0.002940041889857143,0.004156266979200001,0.0017034519270000001,0,0,0,0,2,0,2,-1,True,0,0,0,0,2,0,2,-1,True,0,0,0,0,2,0,2,-1,True,0,0,0,0,2,0,2,-1,True,0,0,0,0,2,0,2,-1,True
LONSUM_A21A_0078,val,16,4,0,0,0,5,3,2,7,5,3,4,2,2,0.4375,0.25,0.0051655541829375,0.006875374088499999,0.003572176172,0,0,3,0,4,-1,2,0,True,0,0,3,0,4,-1,2,0,True,0,0,3,0,4,-1,2,0,True,0,0,3,0,4,-1,2,0,True,0,0,3,0,4,-1,2,0,True
LONSUM_A21A_0079,train,8,4,0,0,0,0,0,0,8,5,3,0,0,0,1.0,0.0,0.0020371528971249997,0.003225819687499999,0.0011467366405999999,0,0,0,0,4,-1,0,0,True,0,0,0,0,4,-1,0,0,True,0,0,0,0,4,-1,0,0,True,0,0,0,0,4,-1,0,0,True,0,0,0,0,4,-1,0,0,True
LONSUM_A21A_0080,train,5,3,0,0,0,0,0,0,5,3,2,0,0,0,1.0,0.0,0.0028206332291999996,0.0035771445311999998,0.0020299511459999997,0,0,0,0,3,0,0,0,True,0,0,0,0,3,0,0,0,True,0,0,0,0,3,0,0,0,True,0,0,0,0,3,0,0,0,True,0,0,0,0,3,0,0,0,True
LONSUM_A21A_0081,train,7,4,0,0,0,0,0,0,5,2,2,2,2,1,0.7142857142857143,0.2857142857142857,0.0026825054687142852,0.0034342313540000006,0.0020963330208,0,0,0,0,3,1,1,-1,True,0,0,0,0,3,1,1,-1,True,0,0,0,0,3,1,1,-1,True,0,0,0,0,3,1,1,-1,True,0,0,0,0,3,1,1,-1,True
LONSUM_A21A_0082,train,6,4,0,0,0,0,0,0,5,2,2,1,1,1,0.8333333333333334,0.16666666666666666,0.006792932465333333,0.009267563151,0.004562532422,0,0,0,0,3,1,1,0,True,0,0,0,0,3,1,1,0,True,0,0,0,0,3,1,1,0,True,0,0,0,0,3,1,1,0,True,0,0,0,0,3,1,1,0,True
LONSUM_A21A_0083,train,16,4,0,0,0,0,0,0,16,9,5,0,0,0,1.0,0.0,0.0031958460611875004,0.004852672786499999,0.0017268750000000001,0,0,0,0,8,-1,0,0,True,0,0,0,0,8,-1,0,0,True,0,0,0,0,8,-1,0,0,True,0,0,0,0,8,-1,0,0,True,0,0,0,0,8,-1,0,0,True
LONSUM_A21A_0084,test,4,3,0,0,0,0,0,0,4,3,2,0,0,0,1.0,0.0,0.0032495035807499997,0.0049962203386000005,0.0017850071875,0,0,0,0,2,-1,0,0,True,0,0,0,0,2,-1,0,0,True,0,0,0,0,2,-1,0,0,True,0,0,0,0,2,-1,0,0,True,0,0,0,0,2,-1,0,0,True
LONSUM_A21A_0085,train,2,2,0,0,0,0,0,0,1,1,1,1,1,1,0.5,0.5,0.0021968315105,0.0023215052605000002,0.0020721577605,0,0,0,0,1,0,1,0,True,0,0,0,0,1,0,1,0,True,0,0,0,0,1,0,1,0,True,0,0,0,0,1,0,1,0,True,0,0,0,0,1,0,1,0,True
LONSUM_A21A_0086,test,10,4,0,0,0,1,1,1,7,4,3,2,2,2,0.7,0.2,0.0104061583073,0.013557884374999999,0.0075021760935999994,0,0,1,0,4,0,2,0,True,0,0,1,0,4,0,2,0,True,0,0,1,0,4,0,1,-1,True,0,0,1,0,4,0,1,-1,True,0,0,1,0,4,0,2,0,True
LONSUM_A21A_0087,test,8,4,0,0,0,0,0,0,8,5,3,0,0,0,1.0,0.0,0.00544780641275,0.007017019114499999,0.0032198077863999997,0,0,0,0,4,-1,0,0,True,0,0,0,0,4,-1,0,0,True,0,0,0,0,4,-1,0,0,True,0,0,0,0,4,-1,0,0,True,0,0,0,0,4,-1,0,0,True
LONSUM_A21A_0088,train,18,4,0,0,0,7,4,2,11,7,4,0,0,0,0.6111111111111112,0.0,0.0034270608072777776,0.0052236435156,0.0011713890103000001,0,0,4,0,6,-1,0,0,True,0,0,4,0,6,-1,0,0,True,0,0,4,0,6,-1,0,0,True,0,0,4,0,6,-1,0,0,True,0,0,4,0,6,-1,0,0,True
LONSUM_A21A_0089,test,0,0,0,0,0,0,0,0,0,0,0,0,0,0,0.0,0.0,0.0,0.0,0.0,0,0,0,0,0,0,0,0,True,0,0,0,0,0,0,0,0,True,0,0,0,0,0,0,0,0,True,0,0,0,0,0,0,0,0,True,0,0,0,0,0,0,0,0,True
LONSUM_A21A_0090,train,10,4,0,0,0,0,0,0,7,3,2,3,2,2,0.7,0.3,0.009691645963499999,0.012074572213599997,0.0067997992968,0,0,0,0,4,1,2,0,True,0,0,0,0,4,1,2,0,True,0,0,0,0,4,1,2,0,True,0,0,0,0,4,1,2,0,True,0,0,0,0,4,1,2,0,True
LONSUM_A21A_0091,val,16,4,0,0,0,0,0,0,15,10,4,1,1,1,0.9375,0.0625,0.0023758406413125002,0.0038854712239999997,0.001088464974,0,0,0,0,8,-2,1,0,False,0,0,0,0,8,-2,1,0,False,0,0,0,0,8,-2,1,0,False,0,0,0,0,8,-2,1,0,False,0,0,0,0,8,-2,1,0,False
LONSUM_A21A_0092,train,12,4,0,0,0,0,0,0,12,8,4,0,0,0,1.0,0.0,0.0033866271267499995,0.0044679053646,0.00220672875,0,0,0,0,6,-2,0,0,False,0,0,0,0,6,-2,0,0,False,0,0,0,0,6,-2,0,0,False,0,0,0,0,6,-2,0,0,False,0,0,0,0,6,-2,0,0,False
LONSUM_A21A_0093,val,7,4,0,0,0,0,0,0,7,4,3,0,0,0,1.0,0.0,0.0031171066220000007,0.0038799209376000005,0.0021767603124,0,0,0,0,4,0,0,0,True,0,0,0,0,4,0,0,0,True,0,0,0,0,4,0,0,0,True,0,0,0,0,4,0,0,0,True,0,0,0,0,4,0,0,0,True
LONSUM_A21A_0094,test,12,4,2,1,1,1,1,1,8,4,3,1,1,1,0.6666666666666666,0.08333333333333333,0.00334749733075,0.0042223763282,0.002689441875,1,0,1,0,4,0,1,0,True,1,0,1,0,4,0,1,0,True,1,0,1,0,4,0,1,0,True,1,0,1,0,4,0,1,0,True,1,0,1,0,4,0,1,0,True
LONSUM_A21A_0095,train,12,4,0,0,0,0,0,0,10,5,3,2,2,1,0.8333333333333334,0.16666666666666666,0.0021737350477499997,0.0031364584896000003,0.001341792552,0,0,0,0,5,0,1,-1,True,0,0,0,0,5,0,1,-1,True,0,0,0,0,5,0,1,-1,True,0,0,0,0,5,0,1,-1,True,0,0,0,0,5,0,1,-1,True
LONSUM_A21A_0096,train,8,3,0,0,0,0,0,0,8,6,3,0,0,0,1.0,0.0,0.0036707425130000004,0.0055951920312,0.0019873168750000002,0,0,0,0,4,-2,0,0,False,0,0,0,0,4,-2,0,0,False,0,0,0,0,4,-2,0,0,False,0,0,0,0,4,-2,0,0,False,0,0,0,0,4,-2,0,0,False
LONSUM_A21A_0097,val,5,4,0,0,0,0,0,0,2,1,1,3,2,2,0.4,0.6,0.0030472058853999997,0.0035380773958,0.0026587059896,0,0,0,0,1,0,2,0,True,0,0,0,0,1,0,2,0,True,0,0,0,0,1,0,2,0,True,0,0,0,0,1,0,2,0,True,0,0,0,0,1,0,2,0,True
LONSUM_A21A_0098,train,9,4,0,0,0,4,2,2,3,1,1,2,1,1,0.3333333333333333,0.2222222222222222,0.007941244791666666,0.01048529,0.006421859999999999,0,0,2,0,2,1,1,0,True,0,0,2,0,2,1,1,0,True,0,0,2,0,2,1,1,0,True,0,0,2,0,2,1,1,0,True,0,0,2,0,2,1,1,0,True
LONSUM_A21A_0099,test,15,4,0,0,0,0,0,0,14,9,4,1,1,1,0.9333333333333333,0.06666666666666667,0.004219440572866667,0.0063531679166,0.0022791313020000003,0,0,0,0,7,-2,1,0,False,0,0,0,0,7,-2,1,0,False,0,0,0,0,7,-2,1,0,False,0,0,0,0,7,-2,1,0,False,0,0,0,0,7,-2,1,0,False
