{
  "tol_y": {
    "B1": 0.10847639999999996,
    "B2": 0.10770479999999995,
    "B3": 0.11945694999999998,
    "B4": 0.11581349999999999
  },
  "tol_area": {
    "B1": 0.1048428484594162,
    "B2": 0.10213761124850916,
    "B3": 0.09614060538817241,
    "B4": 0.08485469599688583
  },
  "side_pair_match_rates": {
    "0->1": 0.083853,
    "1->2": 0.088163,
    "2->3": 0.085709,
    "3->0": 0.07882
  },
  "n_links_per_class": {
    "B1": 287,
    "B2": 418,
    "B3": 910,
    "B4": 327
  }
}