dataset,files,v9_acc,v10_acc,v9_mae,v10_mae,delta_acc
json_22Apr,228,97.36842105263158,91.66666666666666,0.2532894736842105,0.28289473684210525,-5.701754385964918
json_28Apr,477,92.66247379454927,89.30817610062893,0.28983228511530396,0.30136268343815514,-3.354297693920344
json_30Apr,725,89.24137931034483,88.27586206896552,0.3275862068965517,0.33,-0.9655172413793025
