dataset,v9_acc,v10_acc,v9_mae,v10_mae,delta_acc
json_22Apr,69.23076923076923,83.21678321678321,0.6888111888111889,0.3968531468531469,13.986013986013987
json_28Apr,67.3913043478261,80.43478260869566,0.6622670807453416,0.406055900621118,13.043478260869563
json_30Apr,55.78231292517006,73.01587301587301,0.8424036281179138,0.49489795918367346,17.23356009070295
