{
  "best_config": {
    "T_y": 0.18,
    "T_s": 2.0,
    "lam_s": 0.3,
    "lam_adj": 0.0,
    "iou_intra": 0.5,
    "T_cost": 0.38794515416798353,
    "adjacent_only": false,
    "T_y_opp": 0.03,
    "mutual_best": false,
    "per_class_T_y": {
      "B3": 0.03
    }
  },
  "tune_metrics": {
    "n": 197,
    "pct_exact": 0.17766497461928935,
    "pct_within_1": 0.5482233502538071,
    "pct_within_2": 0.751269035532995,
    "mae_total": 1.7106598984771573
  },
  "tune_per_class_mae": {
    "B1": 0.3299492385786802,
    "B2": 0.6091370558375635,
    "B3": 1.0203045685279188,
    "B4": 0.5329949238578681
  },
  "test_metrics": {
    "n": 31,
    "pct_exact": 0.03225806451612903,
    "pct_within_1": 0.25806451612903225,
    "pct_within_2": 0.5806451612903226,
    "mae_total": 2.4838709677419355
  },
  "test_per_class_mae": {
    "B1": 0.3870967741935484,
    "B2": 0.6774193548387096,
    "B3": 1.4838709677419355,
    "B4": 0.7741935483870968
  }
}