{
  "best_config": {
    "T_y": 0.05,
    "T_s": 2.0,
    "lam_s": 0.0,
    "lam_adj": 0.08,
    "iou_intra": 0.5,
    "T_cost": 0.130001,
    "adjacent_only": false,
    "T_y_opp": 0.03,
    "mutual_best": false,
    "per_class_T_y": {}
  },
  "tune_metrics": {
    "n": 197,
    "pct_exact": 0.20304568527918782,
    "pct_within_1": 0.5482233502538071,
    "pct_within_2": 0.7461928934010152,
    "mae_total": 1.7106598984771573
  },
  "tune_per_class_mae": {
    "B1": 0.4365482233502538,
    "B2": 0.5279187817258884,
    "B3": 0.9441624365482234,
    "B4": 0.48223350253807107
  },
  "test_metrics": {
    "n": 31,
    "pct_exact": 0.1935483870967742,
    "pct_within_1": 0.3548387096774194,
    "pct_within_2": 0.5483870967741935,
    "mae_total": 2.4516129032258065
  },
  "test_per_class_mae": {
    "B1": 0.6129032258064516,
    "B2": 0.8064516129032258,
    "B3": 1.3548387096774193,
    "B4": 0.7096774193548387
  }
}