{
  "B1": {
    "mean": [
      0.04622712195121952,
      0.03852073914160995,
      0.2500816720257748,
      0.294830386759582
    ],
    "cov": [
      [
        0.0012746559043312292,
        0.00016478898725590858,
        0.0007257544654111226,
        -0.00010624437791446324
      ],
      [
        0.00016478898725590858,
        0.0011473486624305074,
        0.0012136813413608292,
        0.000298253390120431
      ],
      [
        0.0007257544654111226,
        0.0012136813413608292,
        0.05606075648686294,
        -0.0004077931567787559
      ],
      [
        -0.00010624437791446324,
        0.000298253390120431,
        -0.0004077931567787559,
        0.011263034372279965
      ]
    ],
    "inv_cov": [
      [
        804.0928559321864,
        -109.72036765631907,
        -7.960077983494381,
        10.202290764241127
      ],
      [
        -109.72036765631906,
        913.687623650819,
        -18.548770520445917,
        -25.901693585702112
      ],
      [
        -7.960077983494379,
        -18.548770520445913,
        18.350269263419122,
        1.0804934074784593
      ],
      [
        10.202290764241129,
        -25.901693585702116,
        1.0804934074784591,
        89.60727530573614
      ]
    ]
  },
  "B2": {
    "mean": [
      0.04194306937799042,
      0.036729931350994754,
      0.24375832354109161,
      0.3105910526315791
    ],
    "cov": [
      [
        0.0012680771277673575,
        4.426470577187476e-05,
        -0.00016571824664635628,
        -0.00011836462789814471
      ],
      [
        4.426470577187476e-05,
        0.0009706484748297135,
        -3.127200637800609e-05,
        0.00031259529639821433
      ],
      [
        -0.00016571824664635628,
        -3.127200637800609e-05,
        0.05560400269858263,
        -0.00048192537689477604
      ],
      [
        -0.00011836462789814471,
        0.00031259529639821433,
        -0.00048192537689477604,
        0.013216475024668684
      ]
    ],
    "inv_cov": [
      [
        791.0119958870034,
        -38.59889785452741,
        2.4058402273458515,
        8.084841815271028
      ],
      [
        -38.5988978545274,
        1040.0378748426194,
        0.25376865092839923,
        -24.935347266632153
      ],
      [
        2.405840227345852,
        0.2537686509283992,
        17.997452303046526,
        0.6718030688483575
      ],
      [
        8.08484181527103,
        -24.935347266632157,
        0.6718030688483575,
        76.34981253521757
      ]
    ]
  },
  "B3": {
    "mean": [
      0.04654573956043952,
      0.035918921591129686,
      0.285830596873216,
      0.27310466923076937
    ],
    "cov": [
      [
        0.0015155360544700503,
        -2.2885084098933352e-05,
        0.00044483702041994553,
        0.00010192592343301176
      ],
      [
        -2.2885084098933352e-05,
        0.0008436588024964371,
        0.0007055686301614231,
        0.0006039960863089079
      ],
      [
        0.00044483702041994553,
        0.0007055686301614231,
        0.07654370608168441,
        0.001110586383390483
      ],
      [
        0.00010192592343301176,
        0.0006039960863089079,
        0.001110586383390483,
        0.013155814995332712
      ]
    ],
    "inv_cov": [
      [
        661.7922624602116,
        25.56250028502955,
        -3.9951379310595807,
        -5.963635992322767
      ],
      [
        25.562500285029543,
        1235.0614904251267,
        -10.720718462468975,
        -55.995885038760385
      ],
      [
        -3.995137931059581,
        -10.720718462468973,
        13.195042608423822,
        -0.5907467181100912
      ],
      [
        -5.963635992322767,
        -55.99588503876039,
        -0.5907467181100913,
        78.67891272009628
      ]
    ]
  },
  "B4": {
    "mean": [
      0.044103030581039766,
      0.02941108243562943,
      0.3498899238479281,
      0.2508631192660549
    ],
    "cov": [
      [
        0.0012742117839070375,
        0.00011620151312053613,
        -0.0003085089844865,
        0.00029649435580922514
      ],
      [
        0.00011620151312053613,
        0.0007217511270802265,
        0.0006515897275134312,
        0.00039509868862025915
      ],
      [
        -0.0003085089844865,
        0.0006515897275134312,
        0.08313544463737177,
        0.0008451187866424639
      ],
      [
        0.00029649435580922514,
        0.00039509868862025915,
        0.0008451187866424639,
        0.010726867256326223
      ]
    ],
    "inv_cov": [
      [
        801.1777316743247,
        -122.88504351637673,
        4.118643353817706,
        -17.943141662109255
      ],
      [
        -122.88504351637673,
        1442.205589929036,
        -11.263126649808035,
        -48.836265336345726
      ],
      [
        4.118643353817707,
        -11.263126649808038,
        12.138786613863498,
        -0.65534739876354
      ],
      [
        -17.943141662109255,
        -48.83626533634573,
        -0.65534739876354,
        95.57021696280204
      ]
    ]
  }
}